ISO-10303-21;
HEADER;
FILE_DESCRIPTION (( 'STEP AP214' ),
    '1' );
FILE_NAME ('E99CD358-DDA1-4378-8042-C3014C22B72C.STEP',
    '2026-01-26T01:28:16',
    ( '' ),
    ( '' ),
    'SwSTEP 2.0',
    'SolidWorks 2022',
    '' );
FILE_SCHEMA (( 'AUTOMOTIVE_DESIGN' ));
ENDSEC;

DATA;
#1 = CARTESIAN_POINT ( 'NONE',  ( -35.54811990792612164, 7.258513140623236382, 1.472800000000075160 ) ) ;
#2 = ORIENTED_EDGE ( 'NONE', *, *, #5153, .F. ) ;
#3 = EDGE_LOOP ( 'NONE', ( #5942, #6091, #495, #6783 ) ) ;
#4 = CARTESIAN_POINT ( 'NONE',  ( -40.82731649811006491, -18.27734686654926577, -0.2449259450005609462 ) ) ;
#5 = ORIENTED_EDGE ( 'NONE', *, *, #2102, .T. ) ;
#6 = CARTESIAN_POINT ( 'NONE',  ( -33.37646990792612200, 6.890163140623288385, -3.530999999999923311 ) ) ;
#7 =( NAMED_UNIT ( * ) PLANE_ANGLE_UNIT ( ) SI_UNIT ( $, .RADIAN. ) );
#8 = SURFACE_SIDE_STYLE ('',( #5560 ) ) ;
#9 = DIRECTION ( 'NONE',  ( 0.0000000000000000000, 0.0000000000000000000, 1.000000000000000000 ) ) ;
#10 = VERTEX_POINT ( 'NONE', #138 ) ;
#11 = ORIENTED_EDGE ( 'NONE', *, *, #1633, .T. ) ;
#12 = ORIENTED_EDGE ( 'NONE', *, *, #7645, .T. ) ;
#13 = FACE_OUTER_BOUND ( 'NONE', #554, .T. ) ;
#14 = AXIS2_PLACEMENT_3D ( 'NONE', #3354, #873, #7516 ) ;
#15 = CARTESIAN_POINT ( 'NONE',  ( -28.82731649811005781, -18.27407675507290818, -0.2449113037486423394 ) ) ;
#16 = SURFACE_SIDE_STYLE ('',( #5355 ) ) ;
#17 = CARTESIAN_POINT ( 'NONE',  ( -32.11401384467409770, 6.032913140623286985, -3.530999999999936634 ) ) ;
#18 = CARTESIAN_POINT ( 'NONE',  ( -47.58039062757602267, -14.00398703403564049, 0.7150000000000003020 ) ) ;
#19 = CARTESIAN_POINT ( 'NONE',  ( -39.21211990792613022, 8.369713140623288083, -3.530999999999912209 ) ) ;
#20 = ORIENTED_EDGE ( 'NONE', *, *, #7585, .T. ) ;
#21 = PRESENTATION_LAYER_ASSIGNMENT (  '', '', ( #5810 ) ) ;
#22 = FILL_AREA_STYLE ('',( #3578 ) ) ;
#23 = VECTOR ( 'NONE', #2818, 1000.000000000000000 ) ;
#24 = CARTESIAN_POINT ( 'NONE',  ( -39.21211990792613022, 7.201313140623263997, -1.244999999999924167 ) ) ;
#25 = EDGE_CURVE ( 'NONE', #3213, #6109, #1874, .T. ) ;
#26 = SURFACE_SIDE_STYLE ('',( #627 ) ) ;
#27 =( GEOMETRIC_REPRESENTATION_CONTEXT ( 3 ) GLOBAL_UNCERTAINTY_ASSIGNED_CONTEXT ( ( #7408 ) ) GLOBAL_UNIT_ASSIGNED_CONTEXT ( ( #6553, #2924, #1117 ) ) REPRESENTATION_CONTEXT ( 'NONE', 'WORKASPACE' ) );
#28 = PLANE ( 'NONE',  #7337 ) ;
#29 = AXIS2_PLACEMENT_3D ( 'NONE', #24, #2399, #4849 ) ;
#30 = EDGE_CURVE ( 'NONE', #3424, #4765, #692, .T. ) ;
#31 = CARTESIAN_POINT ( 'NONE',  ( -34.06742597117768412, 7.048913140623040086, -3.530999999999925976 ) ) ;
#32 = ADVANCED_FACE ( 'NONE', ( #7338, #3735 ), #5530, .T. ) ;
#33 = DIRECTION ( 'NONE',  ( 0.0000000000000000000, 0.0000000000000000000, 1.000000000000000000 ) ) ;
#34 = ORIENTED_EDGE ( 'NONE', *, *, #3135, .F. ) ;
#35 = STYLED_ITEM ( 'NONE', ( #3795 ), #6996 ) ;
#36 = EDGE_CURVE ( 'NONE', #4124, #982, #2067, .T. ) ;
#37 = EDGE_CURVE ( 'NONE', #2984, #2398, #5760, .T. ) ;
#38 =( BOUNDED_CURVE ( )  B_SPLINE_CURVE ( 3, ( #4598, #1006, #887, #6897 ),
 .UNSPECIFIED., .F., .T. ) 
 B_SPLINE_CURVE_WITH_KNOTS ( ( 4, 4 ),
 ( 2.300140402883405201E-16, 1.570796326794896780 ),
 .UNSPECIFIED. ) 
 CURVE ( )  GEOMETRIC_REPRESENTATION_ITEM ( )  RATIONAL_B_SPLINE_CURVE ( ( 1.000000000000000000, 0.8047378541243649375, 0.8047378541243649375, 1.000000000000000000 ) ) 
 REPRESENTATION_ITEM ( '' )  );
#39 = CARTESIAN_POINT ( 'NONE',  ( -41.82731649811005781, -12.62398703403564149, 1.205000000000000071 ) ) ;
#40 = COLOUR_RGB ( '',0.0000000000000000000, 0.0000000000000000000, 0.0000000000000000000 ) ;
#41 = DIRECTION ( 'NONE',  ( 0.0000000000000000000, 0.0000000000000000000, -1.000000000000000000 ) ) ;
#42 = CARTESIAN_POINT ( 'NONE',  ( -34.65401384467411816, 8.369713140623074921, -3.530999999999914873 ) ) ;
#43 = DIRECTION ( 'NONE',  ( 0.0000000000000000000, -1.024442997624109662E-14, 1.000000000000000000 ) ) ;
#44 = FILL_AREA_STYLE ('',( #3057 ) ) ;
#45 = ADVANCED_FACE ( 'NONE', ( #5673 ), #3445, .F. ) ;
#46 = EDGE_CURVE ( 'NONE', #5366, #2585, #6417, .T. ) ;
#47 = VECTOR ( 'NONE', #7602, 1000.000000000000000 ) ;
#48 = FILL_AREA_STYLE_COLOUR ( '', #3055 ) ;
#49 = ORIENTED_EDGE ( 'NONE', *, *, #877, .F. ) ;
#50 = DIRECTION ( 'NONE',  ( 1.000000000000000000, 0.0000000000000000000, 0.0000000000000000000 ) ) ;
#51 = ORIENTED_EDGE ( 'NONE', *, *, #2895, .F. ) ;
#52 = CARTESIAN_POINT ( 'NONE',  ( -44.99448484683374261, -14.00398703403564049, 1.205000000000000071 ) ) ;
#53 = ORIENTED_EDGE ( 'NONE', *, *, #6619, .F. ) ;
#54 = CARTESIAN_POINT ( 'NONE',  ( -28.82731649811005781, -18.28388708950198804, -0.2449552275043975214 ) ) ;
#55 = MECHANICAL_DESIGN_GEOMETRIC_PRESENTATION_REPRESENTATION (  '', ( #5694 ), #7469 ) ;
#56 = MECHANICAL_DESIGN_GEOMETRIC_PRESENTATION_REPRESENTATION (  '', ( #1091 ), #1713 ) ;
#57 = CARTESIAN_POINT ( 'NONE',  ( -21.08039062757600846, -3.003987034035643600, -0.2449999999999997735 ) ) ;
#58 = CARTESIAN_POINT ( 'NONE',  ( -45.88039062757600561, -16.50398703403563871, -0.2449999999999997735 ) ) ;
#59 = VERTEX_POINT ( 'NONE', #4559 ) ;
#60 =( GEOMETRIC_REPRESENTATION_CONTEXT ( 3 ) GLOBAL_UNCERTAINTY_ASSIGNED_CONTEXT ( ( #6616 ) ) GLOBAL_UNIT_ASSIGNED_CONTEXT ( ( #1957, #773, #6863 ) ) REPRESENTATION_CONTEXT ( 'NONE', 'WORKASPACE' ) );
#61 = ORIENTED_EDGE ( 'NONE', *, *, #3798, .T. ) ;
#62 = MECHANICAL_DESIGN_GEOMETRIC_PRESENTATION_REPRESENTATION (  '', ( #2576 ), #2075 ) ;
#63 = DIRECTION ( 'NONE',  ( 0.0000000000000000000, -0.0000000000000000000, -1.000000000000000000 ) ) ;
#64 = EDGE_LOOP ( 'NONE', ( #4331, #5039, #1248, #2 ) ) ;
#65 = VECTOR ( 'NONE', #5051, 1000.000000000000000 ) ;
#66 = SURFACE_SIDE_STYLE ('',( #7105 ) ) ;
#67 = DIRECTION ( 'NONE',  ( 0.0000000000000000000, 0.0000000000000000000, -1.000000000000000000 ) ) ;
#68 = PRESENTATION_LAYER_ASSIGNMENT (  '', '', ( #317 ) ) ;
#69 = CARTESIAN_POINT ( 'NONE',  ( -28.82731649811004360, -18.27155679741174765, -0.3655902959306274735 ) ) ;
#70 = CARTESIAN_POINT ( 'NONE',  ( -32.75416990792612637, 6.890163140623347893, -9.372999999999926501 ) ) ;
#71 = FILL_AREA_STYLE_COLOUR ( '', #975 ) ;
#72 = AXIS2_PLACEMENT_3D ( 'NONE', #1743, #4164, #3480 ) ;
#73 = VECTOR ( 'NONE', #113, 1000.000000000000000 ) ;
#74 = CARTESIAN_POINT ( 'NONE',  ( -39.21211990792613022, 7.144113140623235658, 1.472800000000075604 ) ) ;
#75 = CARTESIAN_POINT ( 'NONE',  ( -30.83651990792612452, 7.512513140623237717, 1.218800000000079597 ) ) ;
#76 = EDGE_LOOP ( 'NONE', ( #1792, #523, #3166, #6269 ) ) ;
#77 = DIRECTION ( 'NONE',  ( -1.000000000000000000, -0.0000000000000000000, -0.0000000000000000000 ) ) ;
#78 = STYLED_ITEM ( 'NONE', ( #947 ), #1249 ) ;
#79 = SURFACE_STYLE_USAGE ( .BOTH. , #2364 ) ;
#80 =( GEOMETRIC_REPRESENTATION_CONTEXT ( 3 ) GLOBAL_UNCERTAINTY_ASSIGNED_CONTEXT ( ( #6214 ) ) GLOBAL_UNIT_ASSIGNED_CONTEXT ( ( #431, #4695, #392 ) ) REPRESENTATION_CONTEXT ( 'NONE', 'WORKASPACE' ) );
#81 = MECHANICAL_DESIGN_GEOMETRIC_PRESENTATION_REPRESENTATION (  '', ( #2469 ), #3108 ) ;
#82 = CARTESIAN_POINT ( 'NONE',  ( -35.81125966308334796, 7.407252895780579216, -9.372999999999919396 ) ) ;
#83 = CARTESIAN_POINT ( 'NONE',  ( -38.45646990792612030, 7.512463140623341751, -9.118999999999925166 ) ) ;
#84 = VECTOR ( 'NONE', #2611, 1000.000000000000000 ) ;
#85 = MECHANICAL_DESIGN_GEOMETRIC_PRESENTATION_REPRESENTATION (  '', ( #6102 ), #3603 ) ;
#86 = DIRECTION ( 'NONE',  ( 1.000000000000000000, 0.0000000000000000000, 0.0000000000000000000 ) ) ;
#87 = ORIENTED_EDGE ( 'NONE', *, *, #4822, .F. ) ;
#88 = CARTESIAN_POINT ( 'NONE',  ( -45.82731649811005781, -9.423987034035640420, -1.254999999999999893 ) ) ;
#89 = DIRECTION ( 'NONE',  ( 0.0000000000000000000, 0.0000000000000000000, 1.000000000000000000 ) ) ;
#90 = DIRECTION ( 'NONE',  ( 1.000000000000000000, 0.0000000000000000000, 0.0000000000000000000 ) ) ;
#91 = DIRECTION ( 'NONE',  ( -1.000000000000000000, 0.0000000000000000000, 0.0000000000000000000 ) ) ;
#92 = EDGE_CURVE ( 'NONE', #4506, #5326, #5837, .T. ) ;
#93 = FACE_OUTER_BOUND ( 'NONE', #6202, .T. ) ;
#94 = VERTEX_POINT ( 'NONE', #2872 ) ;
#95 = FACE_OUTER_BOUND ( 'NONE', #5576, .T. ) ;
#96 = ORIENTED_EDGE ( 'NONE', *, *, #1204, .F. ) ;
#97 = CARTESIAN_POINT ( 'NONE',  ( -42.40857906609147676, -14.00398703403564049, 1.205000000000000071 ) ) ;
#98 = ORIENTED_EDGE ( 'NONE', *, *, #917, .F. ) ;
#99 = UNCERTAINTY_MEASURE_WITH_UNIT (LENGTH_MEASURE( 1.000000000000000082E-05 ), #4488, 'distance_accuracy_value', 'NONE');
#100 = ADVANCED_FACE ( 'NONE', ( #2179, #4607 ), #7460, .T. ) ;
#101 = ADVANCED_FACE ( 'NONE', ( #6315 ), #6944, .F. ) ;
#102 = CARTESIAN_POINT ( 'NONE',  ( -31.03331990792612061, 8.369713140623263214, -1.244999999999917950 ) ) ;
#103 = CARTESIAN_POINT ( 'NONE',  ( -40.82734843295796168, -16.92798137956646443, 0.8003829443833530011 ) ) ;
#104 = SURFACE_STYLE_USAGE ( .BOTH. , #1393 ) ;
#105 = CARTESIAN_POINT ( 'NONE',  ( -41.82731649811006491, -11.62398703403563793, 1.215000000000000080 ) ) ;
#106 = SURFACE_SIDE_STYLE ('',( #7296 ) ) ;
#107 = VERTEX_POINT ( 'NONE', #3604 ) ;
#108 = ORIENTED_EDGE ( 'NONE', *, *, #1352, .T. ) ;
#109 =( GEOMETRIC_REPRESENTATION_CONTEXT ( 3 ) GLOBAL_UNCERTAINTY_ASSIGNED_CONTEXT ( ( #4368 ) ) GLOBAL_UNIT_ASSIGNED_CONTEXT ( ( #1024, #6429, #2190 ) ) REPRESENTATION_CONTEXT ( 'NONE', 'WORKASPACE' ) );
#110 = ORIENTED_EDGE ( 'NONE', *, *, #5661, .F. ) ;
#111 = ORIENTED_EDGE ( 'NONE', *, *, #5999, .F. ) ;
#112 = SURFACE_STYLE_USAGE ( .BOTH. , #3178 ) ;
#113 = DIRECTION ( 'NONE',  ( -1.000000000000000000, -0.0000000000000000000, -0.0000000000000000000 ) ) ;
#114 = CARTESIAN_POINT ( 'NONE',  ( -35.66246990792611626, 7.144163140623349229, -9.372999999999922949 ) ) ;
#115 = CARTESIAN_POINT ( 'NONE',  ( -30.46816990792611790, 7.201313140623347486, -9.118999999999921613 ) ) ;
#116 = EDGE_LOOP ( 'NONE', ( #5155, #2006, #5601, #3149 ) ) ;
#117 = LINE ( 'NONE', #6600, #3359 ) ;
#118 = PRESENTATION_STYLE_ASSIGNMENT (( #1264 ) ) ;
#119 =( NAMED_UNIT ( * ) PLANE_ANGLE_UNIT ( ) SI_UNIT ( $, .RADIAN. ) );
#120 = DIRECTION ( 'NONE',  ( 0.0000000000000000000, 0.0000000000000000000, 1.000000000000000000 ) ) ;
#121 = ORIENTED_EDGE ( 'NONE', *, *, #5713, .F. ) ;
#122 = SURFACE_SIDE_STYLE ('',( #3126 ) ) ;
#123 = CARTESIAN_POINT ( 'NONE',  ( -35.09731990792612066, 6.032913140623263892, -1.244999999999936158 ) ) ;
#124 = CARTESIAN_POINT ( 'NONE',  ( -45.82731649811005781, -13.42398703403564575, -1.254999999999999893 ) ) ;
#125 = AXIS2_PLACEMENT_3D ( 'NONE', #7662, #7100, #4059 ) ;
#126 = LINE ( 'NONE', #2529, #5941 ) ;
#127 = DIRECTION ( 'NONE',  ( -4.535567304416185492E-15, -2.618611004132350016E-15, 1.000000000000000000 ) ) ;
#128 = ORIENTED_EDGE ( 'NONE', *, *, #1150, .T. ) ;
#129 = LINE ( 'NONE', #7520, #6192 ) ;
#130 = CARTESIAN_POINT ( 'NONE',  ( -39.82267328534919670, -12.62398703403564326, 1.205000000000000071 ) ) ;
#131 = DIRECTION ( 'NONE',  ( 0.0000000000000000000, 1.000000000000000000, -0.0000000000000000000 ) ) ;
#132 = ADVANCED_FACE ( 'NONE', ( #600 ), #1129, .F. ) ;
#133 = FILL_AREA_STYLE ('',( #6066 ) ) ;
#134 = EDGE_CURVE ( 'NONE', #5006, #381, #658, .T. ) ;
#135 = EDGE_CURVE ( 'NONE', #2993, #831, #6021, .T. ) ;
#136 = ORIENTED_EDGE ( 'NONE', *, *, #2462, .F. ) ;
#137 = ORIENTED_EDGE ( 'NONE', *, *, #3330, .T. ) ;
#138 = CARTESIAN_POINT ( 'NONE',  ( -31.03331990792612061, 8.369713140623264991, -1.575199999999911560 ) ) ;
#139 = VERTEX_POINT ( 'NONE', #3636 ) ;
#140 = LINE ( 'NONE', #3253, #6839 ) ;
#141 = EDGE_CURVE ( 'NONE', #5779, #4557, #7659, .T. ) ;
#142 = EDGE_CURVE ( 'NONE', #4281, #3690, #3825, .T. ) ;
#143 = FILL_AREA_STYLE_COLOUR ( '', #5041 ) ;
#144 = PRESENTATION_LAYER_ASSIGNMENT (  '', '', ( #6931 ) ) ;
#145 = CARTESIAN_POINT ( 'NONE',  ( -35.66246990792611626, 7.201313140623347486, -9.118999999999921613 ) ) ;
#146 = CARTESIAN_POINT ( 'NONE',  ( -21.08039062757600846, -14.00398703403564049, 0.7150000000000003020 ) ) ;
#147 = EDGE_CURVE ( 'NONE', #5376, #4974, #1666, .T. ) ;
#148 = EDGE_LOOP ( 'NONE', ( #2656, #2097, #576, #5148 ) ) ;
#149 = CARTESIAN_POINT ( 'NONE',  ( -32.55731990792611441, 6.032913140623267445, -1.575199999999936429 ) ) ;
#150 = VERTEX_POINT ( 'NONE', #2343 ) ;
#151 = CARTESIAN_POINT ( 'NONE',  ( -23.78039062757601130, 7.056012965964359118, -1.264999999999999902 ) ) ;
#152 = CARTESIAN_POINT ( 'NONE',  ( -40.82734843295796168, -18.24566889786878576, -0.09758404293604464042 ) ) ;
#153 = CARTESIAN_POINT ( 'NONE',  ( -35.91646990792612115, 6.890163140623287497, -9.372999999999919396 ) ) ;
#154 = PRESENTATION_STYLE_ASSIGNMENT (( #3088 ) ) ;
#155 = AXIS2_PLACEMENT_3D ( 'NONE', #3080, #5508, #1371 ) ;
#156 = CARTESIAN_POINT ( 'NONE',  ( -40.82731649811009333, -16.56412639562964628, -1.249386187268214154 ) ) ;
#157 = EDGE_LOOP ( 'NONE', ( #3134, #1380, #2004, #5881 ) ) ;
#158 = LINE ( 'NONE', #2526, #694 ) ;
#159 = AXIS2_PLACEMENT_3D ( 'NONE', #7276, #7230, #4272 ) ;
#160 = PLANE ( 'NONE',  #4982 ) ;
#161 = CARTESIAN_POINT ( 'NONE',  ( -30.58251990792611963, 7.144113140623235658, 1.472800000000075604 ) ) ;
#162 = VECTOR ( 'NONE', #3581, 1000.000000000000000 ) ;
#163 = AXIS2_PLACEMENT_3D ( 'NONE', #3974, #891, #5631 ) ;
#164 = DIRECTION ( 'NONE',  ( 0.0000000000000000000, 1.000000000000000000, 0.0000000000000000000 ) ) ;
#165 = PRESENTATION_LAYER_ASSIGNMENT (  '', '', ( #294 ) ) ;
#166 = ORIENTED_EDGE ( 'NONE', *, *, #4009, .T. ) ;
#167 = FACE_OUTER_BOUND ( 'NONE', #1372, .T. ) ;
#168 = ORIENTED_EDGE ( 'NONE', *, *, #6422, .T. ) ;
#169 = UNCERTAINTY_MEASURE_WITH_UNIT (LENGTH_MEASURE( 1.000000000000000082E-05 ), #5628, 'distance_accuracy_value', 'NONE');
#170 = LINE ( 'NONE', #2573, #4851 ) ;
#171 = MECHANICAL_DESIGN_GEOMETRIC_PRESENTATION_REPRESENTATION (  '', ( #35 ), #2432 ) ;
#172 = STYLED_ITEM ( 'NONE', ( #2728 ), #6294 ) ;
#173 = CARTESIAN_POINT ( 'NONE',  ( -41.82731649811005781, -18.30398703403564653, -1.245000000000000107 ) ) ;
#174 = PLANE ( 'NONE',  #4905 ) ;
#175 = CARTESIAN_POINT ( 'NONE',  ( -22.78039062757601130, -16.50398703403563871, -1.264999999999999902 ) ) ;
#176 = EDGE_LOOP ( 'NONE', ( #809, #6171, #1765, #11 ) ) ;
#177 = ORIENTED_EDGE ( 'NONE', *, *, #1199, .F. ) ;
#178 = AXIS2_PLACEMENT_3D ( 'NONE', #4634, #479, #7755 ) ;
#179 = ORIENTED_EDGE ( 'NONE', *, *, #1541, .T. ) ;
#180 = ORIENTED_EDGE ( 'NONE', *, *, #7195, .F. ) ;
#181 = VECTOR ( 'NONE', #991, 1000.000000000000000 ) ;
#182 = DIRECTION ( 'NONE',  ( 1.000000000000000000, 0.0000000000000000000, 0.0000000000000000000 ) ) ;
#183 = DIRECTION ( 'NONE',  ( 1.000000000000000000, 0.0000000000000000000, 0.0000000000000000000 ) ) ;
#184 = ADVANCED_FACE ( 'NONE', ( #640 ), #7165, .F. ) ;
#185 = CARTESIAN_POINT ( 'NONE',  ( -28.82731649811004360, -16.56412639562964273, -1.249386187268214154 ) ) ;
#186 = AXIS2_PLACEMENT_3D ( 'NONE', #594, #6097, #3720 ) ;
#188 = EDGE_CURVE ( 'NONE', #7551, #363, #4936, .T. ) ;
#187 = MECHANICAL_DESIGN_GEOMETRIC_PRESENTATION_REPRESENTATION (  '', ( #6974 ), #3988 ) ;
#189 = SURFACE_STYLE_FILL_AREA ( #3779 ) ;
#190 = ORIENTED_EDGE ( 'NONE', *, *, #5814, .F. ) ;
#191 = CARTESIAN_POINT ( 'NONE',  ( -29.82734586157200241, -14.00398703403564049, 1.209999965707260872 ) ) ;
#192 = CARTESIAN_POINT ( 'NONE',  ( -40.82734843295796168, -16.92352698751271234, 0.7916228591975321693 ) ) ;
#193 = MECHANICAL_DESIGN_GEOMETRIC_PRESENTATION_REPRESENTATION (  '', ( #317 ), #4979 ) ;
#194 = ADVANCED_FACE ( 'NONE', ( #2262 ), #525, .F. ) ;
#195 = EDGE_CURVE ( 'NONE', #2068, #7339, #6462, .T. ) ;
#196 = VECTOR ( 'NONE', #6967, 1000.000000000000000 ) ;
#197 = FACE_OUTER_BOUND ( 'NONE', #3774, .T. ) ;
#198 = CARTESIAN_POINT ( 'NONE',  ( -30.46816990792611790, 7.201313140623350151, -9.372999999999922949 ) ) ;
#199 = CARTESIAN_POINT ( 'NONE',  ( -38.20251990792611707, 7.144113140623235658, 1.472800000000075604 ) ) ;
#200 = AXIS2_PLACEMENT_3D ( 'NONE', #3634, #4207, #677 ) ;
#201 = VECTOR ( 'NONE', #5267, 1000.000000000000000 ) ;
#202 = ORIENTED_EDGE ( 'NONE', *, *, #4255, .T. ) ;
#203 = CARTESIAN_POINT ( 'NONE',  ( -28.82731649811005781, -17.05636897394360219, -1.250249856270432947 ) ) ;
#204 = PRESENTATION_STYLE_ASSIGNMENT (( #714 ) ) ;
#205 = CIRCLE ( 'NONE', #5976, 0.5000000000000004441 ) ;
#206 = PLANE ( 'NONE',  #6564 ) ;
#207 =( NAMED_UNIT ( * ) PLANE_ANGLE_UNIT ( ) SI_UNIT ( $, .RADIAN. ) );
#208 = LINE ( 'NONE', #243, #84 ) ;
#209 = PRESENTATION_LAYER_ASSIGNMENT (  '', '', ( #6997 ) ) ;
#210 = ORIENTED_EDGE ( 'NONE', *, *, #4953, .F. ) ;
#211 = ORIENTED_EDGE ( 'NONE', *, *, #4112, .T. ) ;
#212 = CARTESIAN_POINT ( 'NONE',  ( -40.82734843295796168, -17.35233244112356488, 0.6628850845770686284 ) ) ;
#213 = CARTESIAN_POINT ( 'NONE',  ( -37.83416990792611756, 7.512463140623350633, -9.372999999999919396 ) ) ;
#214 = CARTESIAN_POINT ( 'NONE',  ( -38.20246990792612252, 7.144163140623349229, -9.372999999999922949 ) ) ;
#215 = VERTEX_POINT ( 'NONE', #5910 ) ;
#216 = EDGE_LOOP ( 'NONE', ( #6572, #1514, #2760, #7137 ) ) ;
#217 = ORIENTED_EDGE ( 'NONE', *, *, #7688, .T. ) ;
#218 = CYLINDRICAL_SURFACE ( 'NONE', #3458, 0.5000000000000004441 ) ;
#219 =( NAMED_UNIT ( * ) SI_UNIT ( $, .STERADIAN. ) SOLID_ANGLE_UNIT ( ) );
#220 = CARTESIAN_POINT ( 'NONE',  ( -21.78039062757600774, 7.056012965964359118, -1.264999999999999902 ) ) ;
#221 = CYLINDRICAL_SURFACE ( 'NONE', #5422, 1.000000000000000888 ) ;
#222 =( NAMED_UNIT ( * ) SI_UNIT ( $, .STERADIAN. ) SOLID_ANGLE_UNIT ( ) );
#223 = ORIENTED_EDGE ( 'NONE', *, *, #3663, .F. ) ;
#224 = LINE ( 'NONE', #5042, #1540 ) ;
#225 = CARTESIAN_POINT ( 'NONE',  ( -28.82731649811005781, -15.56870022452160818, 1.095715338311892939 ) ) ;
#226 = ADVANCED_FACE ( 'NONE', ( #2901 ), #7689, .F. ) ;
#227 = PLANE ( 'NONE',  #5609 ) ;
#228 = EDGE_CURVE ( 'NONE', #852, #982, #4985, .T. ) ;
#229 = DIRECTION ( 'NONE',  ( 1.000000000000000000, 0.0000000000000000000, -0.0000000000000000000 ) ) ;
#230 = EDGE_CURVE ( 'NONE', #5047, #2068, #129, .T. ) ;
#231 = ORIENTED_EDGE ( 'NONE', *, *, #4946, .F. ) ;
#232 = EDGE_CURVE ( 'NONE', #2341, #2584, #6790, .T. ) ;
#233 = LINE ( 'NONE', #5545, #2220 ) ;
#234 = ORIENTED_EDGE ( 'NONE', *, *, #6718, .F. ) ;
#235 = UNCERTAINTY_MEASURE_WITH_UNIT (LENGTH_MEASURE( 1.000000000000000082E-05 ), #2326, 'distance_accuracy_value', 'NONE');
#236 = LINE ( 'NONE', #6254, #65 ) ;
#237 = CARTESIAN_POINT ( 'NONE',  ( -29.82736094035740138, -14.00398703403564227, 1.215000000000000080 ) ) ;
#238 = ADVANCED_FACE ( 'NONE', ( #167 ), #1275, .F. ) ;
#239 = DIRECTION ( 'NONE',  ( 1.000000000000000000, 0.0000000000000000000, 0.0000000000000000000 ) ) ;
#240 = CARTESIAN_POINT ( 'NONE',  ( -37.83416990792611756, 7.512463140623287572, -3.530999999999924643 ) ) ;
#241 = FILL_AREA_STYLE ('',( #4544 ) ) ;
#242 =( NAMED_UNIT ( * ) SI_UNIT ( $, .STERADIAN. ) SOLID_ANGLE_UNIT ( ) );
#243 = CARTESIAN_POINT ( 'NONE',  ( -23.55039062757601087, -8.053987034035651860, 1.265000000000000124 ) ) ;
#244 = ORIENTED_EDGE ( 'NONE', *, *, #7010, .T. ) ;
#245 = MECHANICAL_DESIGN_GEOMETRIC_PRESENTATION_REPRESENTATION (  '', ( #2899 ), #3150 ) ;
#246 = ORIENTED_EDGE ( 'NONE', *, *, #3087, .F. ) ;
#247 = FACE_BOUND ( 'NONE', #4475, .T. ) ;
#248 = CARTESIAN_POINT ( 'NONE',  ( -24.58039062757600846, -16.50398703403563871, -1.245000000000000107 ) ) ;
#249 = CARTESIAN_POINT ( 'NONE',  ( -35.91646990792612115, 7.512463140623350633, -9.372999999999919396 ) ) ;
#250 = FACE_OUTER_BOUND ( 'NONE', #1128, .T. ) ;
#251 = CARTESIAN_POINT ( 'NONE',  ( -31.82071990792610805, 6.540913140622660826, -1.244999999999931051 ) ) ;
#252 = LINE ( 'NONE', #2654, #385 ) ;
#253 = CARTESIAN_POINT ( 'NONE',  ( -39.21211990792613022, 7.258513140623235493, 1.472800000000076714 ) ) ;
#254 = VERTEX_POINT ( 'NONE', #4938 ) ;
#255 = ORIENTED_EDGE ( 'NONE', *, *, #7253, .T. ) ;
#256 = ORIENTED_EDGE ( 'NONE', *, *, #3323, .F. ) ;
#257 = ORIENTED_EDGE ( 'NONE', *, *, #4872, .T. ) ;
#258 = FACE_OUTER_BOUND ( 'NONE', #3633, .T. ) ;
#259 = LINE ( 'NONE', #3738, #2200 ) ;
#260 = FACE_OUTER_BOUND ( 'NONE', #325, .T. ) ;
#261 = PLANE ( 'NONE',  #4426 ) ;
#262 = AXIS2_PLACEMENT_3D ( 'NONE', #115, #7307, #1370 ) ;
#263 = EDGE_LOOP ( 'NONE', ( #5787, #7616, #177, #4948 ) ) ;
#264 = CARTESIAN_POINT ( 'NONE',  ( -28.82731649811005781, -16.92352698751271234, 0.7916228591975321693 ) ) ;
#265 = COLOUR_RGB ( '',1.000000000000000000, 0.5019607843137254832, 0.0000000000000000000 ) ;
#266 = SURFACE_STYLE_FILL_AREA ( #6207 ) ;
#267 = DIRECTION ( 'NONE',  ( 0.0000000000000000000, 0.0000000000000000000, 1.000000000000000000 ) ) ;
#268 = CARTESIAN_POINT ( 'NONE',  ( -39.21211990792613022, 6.032913140623263892, -1.244999999999936158 ) ) ;
#269 = ORIENTED_EDGE ( 'NONE', *, *, #4247, .F. ) ;
#270 = CARTESIAN_POINT ( 'NONE',  ( -40.82731649811009333, -18.16430169093150226, -0.6570559913331650570 ) ) ;
#271 = ORIENTED_EDGE ( 'NONE', *, *, #5440, .T. ) ;
#272 = ADVANCED_FACE ( 'NONE', ( #2121 ), #7328, .F. ) ;
#273 = CARTESIAN_POINT ( 'NONE',  ( -40.94731649811006235, -18.28136185513362477, -0.3668299596730744683 ) ) ;
#274 = LINE ( 'NONE', #1497, #3985 ) ;
#275 = CARTESIAN_POINT ( 'NONE',  ( -28.82731649811006136, -17.89567592258572404, -0.9547890766329637513 ) ) ;
#276 = ADVANCED_FACE ( 'NONE', ( #7256 ), #4290, .T. ) ;
#277 = SURFACE_STYLE_FILL_AREA ( #794 ) ;
#278 = ADVANCED_FACE ( 'NONE', ( #5492 ), #1316, .T. ) ;
#279 = ADVANCED_FACE ( 'NONE', ( #4699 ), #3425, .F. ) ;
#280 = CARTESIAN_POINT ( 'NONE',  ( -40.82734843295796168, -14.00398703413909907, 1.194547135019942807 ) ) ;
#281 = VERTEX_POINT ( 'NONE', #1614 ) ;
#282 = COLOUR_RGB ( '',0.0000000000000000000, 0.0000000000000000000, 0.0000000000000000000 ) ;
#283 = ORIENTED_EDGE ( 'NONE', *, *, #7598, .T. ) ;
#284 = DIRECTION ( 'NONE',  ( 0.0000000000000000000, 0.0000000000000000000, -1.000000000000000000 ) ) ;
#285 = STYLED_ITEM ( 'NONE', ( #374 ), #32 ) ;
#286 = CARTESIAN_POINT ( 'NONE',  ( -32.55731990792611441, 8.369713140623266767, -1.575199999999917999 ) ) ;
#287 = CARTESIAN_POINT ( 'NONE',  ( -47.58039062757602267, -10.24398703403564248, 0.7150000000000003020 ) ) ;
#288 = EDGE_CURVE ( 'NONE', #2742, #1282, #439, .T. ) ;
#289 = EDGE_CURVE ( 'NONE', #3433, #3347, #7706, .T. ) ;
#290 = SURFACE_STYLE_USAGE ( .BOTH. , #5668 ) ;
#291 = CARTESIAN_POINT ( 'NONE',  ( -36.11331990792611890, 6.032913140623274550, -1.244999999999936158 ) ) ;
#292 = AXIS2_PLACEMENT_3D ( 'NONE', #5205, #6444, #7752 ) ;
#293 = LINE ( 'NONE', #3851, #4785 ) ;
#294 = STYLED_ITEM ( 'NONE', ( #4275 ), #379 ) ;
#295 = VERTEX_POINT ( 'NONE', #2278 ) ;
#296 = EDGE_LOOP ( 'NONE', ( #6120, #4055, #1664, #246 ) ) ;
#297 =( NAMED_UNIT ( * ) PLANE_ANGLE_UNIT ( ) SI_UNIT ( $, .RADIAN. ) );
#298 = ORIENTED_EDGE ( 'NONE', *, *, #7063, .T. ) ;
#299 = CARTESIAN_POINT ( 'NONE',  ( -28.82731649811006136, -17.83264710389341801, 0.3756754925351361574 ) ) ;
#300 = CARTESIAN_POINT ( 'NONE',  ( -39.21211990792613022, 8.369713140623263214, -1.244999999999917950 ) ) ;
#301 = AXIS2_PLACEMENT_3D ( 'NONE', #5698, #6969, #5096 ) ;
#302 = SURFACE_SIDE_STYLE ('',( #943 ) ) ;
#303 = DIRECTION ( 'NONE',  ( -0.0000000000000000000, -1.047444401652940007E-14, 1.000000000000000000 ) ) ;
#304 = LINE ( 'NONE', #7467, #7794 ) ;
#305 = VECTOR ( 'NONE', #4312, 1000.000000000000000 ) ;
#306 = AXIS2_PLACEMENT_3D ( 'NONE', #4105, #6474, #6325 ) ;
#307 = ORIENTED_EDGE ( 'NONE', *, *, #46, .F. ) ;
#308 = LINE ( 'NONE', #5772, #3572 ) ;
#309 = FACE_OUTER_BOUND ( 'NONE', #1628, .T. ) ;
#310 = VECTOR ( 'NONE', #1270, 1000.000000000000000 ) ;
#311 = VECTOR ( 'NONE', #888, 1000.000000000000000 ) ;
#312 = LINE ( 'NONE', #6248, #2355 ) ;
#313 = DIRECTION ( 'NONE',  ( -0.0000000000000000000, -0.0000000000000000000, -1.000000000000000000 ) ) ;
#314 = DIRECTION ( 'NONE',  ( 0.8665316060966603562, -0.4991222051116763758, 0.0000000000000000000 ) ) ;
#315 = ORIENTED_EDGE ( 'NONE', *, *, #2689, .F. ) ;
#316 = LINE ( 'NONE', #6124, #6733 ) ;
#317 = STYLED_ITEM ( 'NONE', ( #5982 ), #972 ) ;
#318 = ORIENTED_EDGE ( 'NONE', *, *, #5951, .F. ) ;
#319 = VECTOR ( 'NONE', #3574, 1000.000000000000000 ) ;
#320 = CARTESIAN_POINT ( 'NONE',  ( -29.82736094035740138, -15.29564772441671394, 1.209947844275661488 ) ) ;
#321 = CARTESIAN_POINT ( 'NONE',  ( -28.82731649811006136, -18.11334830678238461, -0.7435084826342410746 ) ) ;
#322 =( NAMED_UNIT ( * ) SI_UNIT ( $, .STERADIAN. ) SOLID_ANGLE_UNIT ( ) );
#323 = CARTESIAN_POINT ( 'NONE',  ( -22.78039062757601130, 7.056012965964359118, -1.264999999999999902 ) ) ;
#324 = SURFACE_SIDE_STYLE ('',( #882 ) ) ;
#325 = EDGE_LOOP ( 'NONE', ( #1130, #6415, #1251, #2351 ) ) ;
#326 = FILL_AREA_STYLE ('',( #5065 ) ) ;
#327 = ADVANCED_FACE ( 'NONE', ( #7553 ), #4741, .F. ) ;
#328 = CARTESIAN_POINT ( 'NONE',  ( -33.37646990792611490, 6.890163140623350557, -9.267789755157156861 ) ) ;
#329 = PRESENTATION_STYLE_ASSIGNMENT (( #6899 ) ) ;
#330 = DIRECTION ( 'NONE',  ( -1.000000000000000000, -0.0000000000000000000, -0.0000000000000000000 ) ) ;
#331 = VECTOR ( 'NONE', #4160, 1000.000000000000000 ) ;
#332 = FILL_AREA_STYLE ('',( #5670 ) ) ;
#333 = EDGE_LOOP ( 'NONE', ( #1336, #3691, #565, #5718 ) ) ;
#334 = ADVANCED_FACE ( 'NONE', ( #2761 ), #4037, .T. ) ;
#335 = ORIENTED_EDGE ( 'NONE', *, *, #758, .F. ) ;
#336 = ADVANCED_FACE ( 'NONE', ( #4310, #2518 ), #1178, .F. ) ;
#337 =( NAMED_UNIT ( * ) SI_UNIT ( $, .STERADIAN. ) SOLID_ANGLE_UNIT ( ) );
#338 = ORIENTED_EDGE ( 'NONE', *, *, #5305, .F. ) ;
#339 = UNCERTAINTY_MEASURE_WITH_UNIT (LENGTH_MEASURE( 1.000000000000000082E-05 ), #5433, 'distance_accuracy_value', 'NONE');
#340 = CARTESIAN_POINT ( 'NONE',  ( -38.45646990792611319, 7.512463140623350633, -9.372999999999919396 ) ) ;
#341 = SURFACE_STYLE_USAGE ( .BOTH. , #302 ) ;
#342 = CARTESIAN_POINT ( 'NONE',  ( -35.29416990792612552, 7.512463140623350633, -9.372999999999919396 ) ) ;
#343 = CARTESIAN_POINT ( 'NONE',  ( -33.12251990792611878, 7.201313140623236464, 1.472800000000076048 ) ) ;
#344 = ORIENTED_EDGE ( 'NONE', *, *, #1974, .T. ) ;
#345 = FILL_AREA_STYLE_COLOUR ( '', #7490 ) ;
#346 = ORIENTED_EDGE ( 'NONE', *, *, #2156, .F. ) ;
#347 = VECTOR ( 'NONE', #6795, 1000.000000000000000 ) ;
#348 = FACE_OUTER_BOUND ( 'NONE', #2331, .T. ) ;
#349 = CARTESIAN_POINT ( 'NONE',  ( -45.11039062757600249, -8.053987034035651860, 1.265000000000000124 ) ) ;
#350 = PLANE ( 'NONE',  #7754 ) ;
#351 = CARTESIAN_POINT ( 'NONE',  ( -45.82731649811005781, -9.423987034035642196, -1.254999999999999893 ) ) ;
#352 = FACE_OUTER_BOUND ( 'NONE', #1750, .T. ) ;
#353 = CARTESIAN_POINT ( 'NONE',  ( -29.82731649811006491, -12.62398703403564149, 1.215000000000000080 ) ) ;
#354 = VERTEX_POINT ( 'NONE', #3533 ) ;
#355 = CARTESIAN_POINT ( 'NONE',  ( -32.55731990792611441, 8.369713140623266767, -1.575199999999911782 ) ) ;
#356 = ORIENTED_EDGE ( 'NONE', *, *, #3964, .T. ) ;
#357 = DIRECTION ( 'NONE',  ( 1.000000000000000000, 0.0000000000000000000, 0.0000000000000000000 ) ) ;
#358 = DIRECTION ( 'NONE',  ( 0.0000000000000000000, -1.024442997624095463E-14, 1.000000000000000000 ) ) ;
#359 = DIRECTION ( 'NONE',  ( -1.313388458492434460E-15, -0.0000000000000000000, -1.000000000000000000 ) ) ;
#360 = CARTESIAN_POINT ( 'NONE',  ( -30.73125966308335322, 7.407252895780580992, -9.372999999999922949 ) ) ;
#361 = LINE ( 'NONE', #6504, #3441 ) ;
#362 = CARTESIAN_POINT ( 'NONE',  ( -35.60039062757600448, 7.206012965964358585, -0.2449999999999997735 ) ) ;
#363 = VERTEX_POINT ( 'NONE', #3706 ) ;
#364 = ORIENTED_EDGE ( 'NONE', *, *, #4249, .T. ) ;
#365 =( NAMED_UNIT ( * ) PLANE_ANGLE_UNIT ( ) SI_UNIT ( $, .RADIAN. ) );
#366 = LINE ( 'NONE', #5174, #311 ) ;
#367 = DIRECTION ( 'NONE',  ( 0.8660254037844292707, 0.5000000000000162093, 5.237222008264868849E-15 ) ) ;
#368 = DIRECTION ( 'NONE',  ( 1.000000000000000000, -0.0000000000000000000, 0.0000000000000000000 ) ) ;
#369 = CARTESIAN_POINT ( 'NONE',  ( -39.21211990792613022, 6.032913140623286985, -3.530999999999936634 ) ) ;
#370 = DIRECTION ( 'NONE',  ( -0.0000000000000000000, -0.0000000000000000000, -1.000000000000000000 ) ) ;
#371 = SURFACE_SIDE_STYLE ('',( #5756 ) ) ;
#372 = VERTEX_POINT ( 'NONE', #7311 ) ;
#373 = ORIENTED_EDGE ( 'NONE', *, *, #135, .T. ) ;
#374 = PRESENTATION_STYLE_ASSIGNMENT (( #772 ) ) ;
#375 = EDGE_LOOP ( 'NONE', ( #5878, #4691, #2186, #4755 ) ) ;
#376 = VECTOR ( 'NONE', #5345, 999.9999999999998863 ) ;
#377 = ADVANCED_FACE ( 'NONE', ( #1925 ), #6510, .F. ) ;
#378 = DIRECTION ( 'NONE',  ( -0.0000000000000000000, -0.0000000000000000000, -1.000000000000000000 ) ) ;
#379 = ADVANCED_FACE ( 'NONE', ( #586 ), #3044, .F. ) ;
#380 = DIRECTION ( 'NONE',  ( 0.0000000000000000000, 1.047444401652940007E-14, -1.000000000000000000 ) ) ;
#381 = VERTEX_POINT ( 'NONE', #3008 ) ;
#382 = LINE ( 'NONE', #2107, #6851 ) ;
#383 = ORIENTED_EDGE ( 'NONE', *, *, #1205, .T. ) ;
#384 = ADVANCED_FACE ( 'NONE', ( #7784 ), #4809, .F. ) ;
#385 = VECTOR ( 'NONE', #3934, 1000.000000000000000 ) ;
#386 = ADVANCED_FACE ( 'NONE', ( #4347 ), #1693, .T. ) ;
#387 = DIRECTION ( 'NONE',  ( 0.4991222051116760428, 0.8665316060966605782, -0.0000000000000000000 ) ) ;
#388 = CARTESIAN_POINT ( 'NONE',  ( -40.82734843295796168, -14.00398703413909907, 1.194547135019942807 ) ) ;
#389 = ADVANCED_FACE ( 'NONE', ( #6204 ), #2667, .F. ) ;
#390 = ADVANCED_FACE ( 'NONE', ( #309 ), #3826, .F. ) ;
#391 = COLOUR_RGB ( '',1.000000000000000000, 1.000000000000000000, 1.000000000000000000 ) ;
#392 =( NAMED_UNIT ( * ) SI_UNIT ( $, .STERADIAN. ) SOLID_ANGLE_UNIT ( ) );
#393 =( NAMED_UNIT ( * ) PLANE_ANGLE_UNIT ( ) SI_UNIT ( $, .RADIAN. ) );
#394 = ORIENTED_EDGE ( 'NONE', *, *, #3538, .F. ) ;
#395 =( LENGTH_UNIT ( ) NAMED_UNIT ( * ) SI_UNIT ( .MILLI., .METRE. ) );
#396 = ORIENTED_EDGE ( 'NONE', *, *, #2158, .F. ) ;
#397 = DIRECTION ( 'NONE',  ( 0.0000000000000000000, 0.0000000000000000000, 1.000000000000000000 ) ) ;
#398 = FACE_OUTER_BOUND ( 'NONE', #676, .T. ) ;
#399 = CARTESIAN_POINT ( 'NONE',  ( -28.82731649811006136, -18.17279833390455224, -0.6621407731115727113 ) ) ;
#400 = LINE ( 'NONE', #5893, #6238 ) ;
#401 =( NAMED_UNIT ( * ) SI_UNIT ( $, .STERADIAN. ) SOLID_ANGLE_UNIT ( ) );
#402 = PRESENTATION_LAYER_ASSIGNMENT (  '', '', ( #4808 ) ) ;
#403 = DIRECTION ( 'NONE',  ( 0.0000000000000000000, 0.0000000000000000000, 1.000000000000000000 ) ) ;
#404 = ORIENTED_EDGE ( 'NONE', *, *, #1062, .T. ) ;
#405 = ORIENTED_EDGE ( 'NONE', *, *, #4254, .F. ) ;
#406 = UNCERTAINTY_MEASURE_WITH_UNIT (LENGTH_MEASURE( 1.000000000000000082E-05 ), #2489, 'distance_accuracy_value', 'NONE');
#407 = CARTESIAN_POINT ( 'NONE',  ( -21.08039062757600846, -14.00398703403564227, 0.8783333333333335213 ) ) ;
#408 = LINE ( 'NONE', #5216, #2323 ) ;
#409 = FACE_OUTER_BOUND ( 'NONE', #1241, .T. ) ;
#410 = DIRECTION ( 'NONE',  ( -0.0000000000000000000, -0.0000000000000000000, -1.000000000000000000 ) ) ;
#411 = FILL_AREA_STYLE_COLOUR ( '', #7581 ) ;
#412 = ORIENTED_EDGE ( 'NONE', *, *, #4946, .T. ) ;
#413 = VERTEX_POINT ( 'NONE', #3301 ) ;
#414 = SURFACE_STYLE_FILL_AREA ( #6388 ) ;
#415 = ORIENTED_EDGE ( 'NONE', *, *, #5724, .T. ) ;
#416 = LINE ( 'NONE', #5801, #1074 ) ;
#417 = AXIS2_PLACEMENT_3D ( 'NONE', #6404, #1616, #7147 ) ;
#418 = MECHANICAL_DESIGN_GEOMETRIC_PRESENTATION_REPRESENTATION (  '', ( #4208 ), #1799 ) ;
#419 = CARTESIAN_POINT ( 'NONE',  ( -35.54816990792612330, 7.144163140623349229, -9.372999999999921172 ) ) ;
#420 = DIRECTION ( 'NONE',  ( 0.0000000000000000000, 0.0000000000000000000, -1.000000000000000000 ) ) ;
#421 = DIRECTION ( 'NONE',  ( 0.0000000000000000000, 0.0000000000000000000, 1.000000000000000000 ) ) ;
#422 = ORIENTED_EDGE ( 'NONE', *, *, #3920, .F. ) ;
#423 = AXIS2_PLACEMENT_3D ( 'NONE', #1652, #7708, #4075 ) ;
#424 = VECTOR ( 'NONE', #7201, 1000.000000000000000 ) ;
#425 = LINE ( 'NONE', #2111, #1988 ) ;
#426 = PRESENTATION_LAYER_ASSIGNMENT (  '', '', ( #2302 ) ) ;
#427 = CARTESIAN_POINT ( 'NONE',  ( -39.21211990792613022, 8.369713140623263214, -1.244999999999911955 ) ) ;
#428 = CARTESIAN_POINT ( 'NONE',  ( -40.94731649811006235, -17.69795780918340000, -1.051763686027078482 ) ) ;
#429 = STYLED_ITEM ( 'NONE', ( #7141 ), #7024 ) ;
#430 = STYLED_ITEM ( 'NONE', ( #2450 ), #6246 ) ;
#431 =( LENGTH_UNIT ( ) NAMED_UNIT ( * ) SI_UNIT ( .MILLI., .METRE. ) );
#432 = EDGE_CURVE ( 'NONE', #3890, #2418, #3783, .T. ) ;
#433 = CARTESIAN_POINT ( 'NONE',  ( -37.19401384467411020, 8.369713140623277425, -3.530999999999912209 ) ) ;
#434 = ORIENTED_EDGE ( 'NONE', *, *, #4262, .T. ) ;
#435 = DIRECTION ( 'NONE',  ( -0.0000000000000000000, -1.000000000000000000, -1.047444401652940007E-14 ) ) ;
#436 = EDGE_CURVE ( 'NONE', #3670, #5072, #3745, .T. ) ;
#437 = ORIENTED_EDGE ( 'NONE', *, *, #870, .F. ) ;
#438 = ADVANCED_FACE ( 'NONE', ( #6158 ), #783, .F. ) ;
#439 = LINE ( 'NONE', #1690, #4216 ) ;
#440 = PRESENTATION_LAYER_ASSIGNMENT (  '', '', ( #810 ) ) ;
#441 = VECTOR ( 'NONE', #7513, 1000.000000000000000 ) ;
#442 = PLANE ( 'NONE',  #1457 ) ;
#443 = LINE ( 'NONE', #4155, #4582 ) ;
#444 = CIRCLE ( 'NONE', #6458, 1.800000000000002931 ) ;
#445 = CARTESIAN_POINT ( 'NONE',  ( -45.11039062757600249, 3.166012965964347003, 1.265000000000000124 ) ) ;
#446 =( BOUNDED_CURVE ( )  B_SPLINE_CURVE ( 3, ( #6333, #1532, #1108, #4627 ),
 .UNSPECIFIED., .F., .F. ) 
 B_SPLINE_CURVE_WITH_KNOTS ( ( 4, 4 ),
 ( 1.570796326794896558, 3.141592653589796225 ),
 .UNSPECIFIED. ) 
 CURVE ( )  GEOMETRIC_REPRESENTATION_ITEM ( )  RATIONAL_B_SPLINE_CURVE ( ( 1.000000000000000000, 0.8047378541243643824, 0.8047378541243643824, 1.000000000000000000 ) ) 
 REPRESENTATION_ITEM ( '' )  );
#447 = VECTOR ( 'NONE', #6746, 1000.000000000000000 ) ;
#448 = DIRECTION ( 'NONE',  ( -1.000000000000000000, 0.0000000000000000000, -0.0000000000000000000 ) ) ;
#449 = ORIENTED_EDGE ( 'NONE', *, *, #2745, .F. ) ;
#450 = ORIENTED_EDGE ( 'NONE', *, *, #5611, .T. ) ;
#451 = DIRECTION ( 'NONE',  ( 0.0000000000000000000, 0.0000000000000000000, 1.000000000000000000 ) ) ;
#452 = SURFACE_SIDE_STYLE ('',( #5751 ) ) ;
#453 = CARTESIAN_POINT ( 'NONE',  ( -35.81130966308334962, 6.995323385466003963, 1.472800000000072940 ) ) ;
#454 = VECTOR ( 'NONE', #89, 1000.000000000000000 ) ;
#455 = AXIS2_PLACEMENT_3D ( 'NONE', #836, #4428, #6926 ) ;
#456 =( NAMED_UNIT ( * ) PLANE_ANGLE_UNIT ( ) SI_UNIT ( $, .RADIAN. ) );
#457 = DIRECTION ( 'NONE',  ( 1.000000000000000000, 0.0000000000000000000, 0.0000000000000000000 ) ) ;
#458 = ORIENTED_EDGE ( 'NONE', *, *, #1883, .F. ) ;
#459 = ORIENTED_EDGE ( 'NONE', *, *, #4674, .T. ) ;
#460 = CARTESIAN_POINT ( 'NONE',  ( -39.21211990792613022, 6.032913140623324288, -3.530999999999936634 ) ) ;
#461 = ORIENTED_EDGE ( 'NONE', *, *, #1443, .F. ) ;
#462 = CARTESIAN_POINT ( 'NONE',  ( -39.21211990792613022, 8.369713140623003866, -3.530999999999912209 ) ) ;
#463 = VECTOR ( 'NONE', #448, 1000.000000000000000 ) ;
#464 = DIRECTION ( 'NONE',  ( 1.000000000000000000, 0.0000000000000000000, 0.0000000000000000000 ) ) ;
#465 = FILL_AREA_STYLE ('',( #4725 ) ) ;
#466 = ORIENTED_EDGE ( 'NONE', *, *, #5203, .T. ) ;
#467 = ORIENTED_EDGE ( 'NONE', *, *, #2637, .F. ) ;
#468 =( LENGTH_UNIT ( ) NAMED_UNIT ( * ) SI_UNIT ( .MILLI., .METRE. ) );
#469 = FILL_AREA_STYLE_COLOUR ( '', #2468 ) ;
#470 = FACE_BOUND ( 'NONE', #375, .T. ) ;
#471 = EDGE_LOOP ( 'NONE', ( #6334, #2898, #1098, #7221 ) ) ;
#472 = PRESENTATION_STYLE_ASSIGNMENT (( #7636 ) ) ;
#473 = EDGE_CURVE ( 'NONE', #1483, #7551, #5398, .T. ) ;
#474 = FACE_OUTER_BOUND ( 'NONE', #5778, .T. ) ;
#475 = LINE ( 'NONE', #2889, #6694 ) ;
#476 = EDGE_CURVE ( 'NONE', #2516, #5317, #2233, .T. ) ;
#477 = PRESENTATION_LAYER_ASSIGNMENT (  '', '', ( #3004 ) ) ;
#478 = DIRECTION ( 'NONE',  ( 1.000000000000000000, 0.0000000000000000000, 0.0000000000000000000 ) ) ;
#479 = DIRECTION ( 'NONE',  ( 0.0000000000000000000, 0.0000000000000000000, 1.000000000000000000 ) ) ;
#480 = EDGE_CURVE ( 'NONE', #3061, #4806, #3349, .T. ) ;
#481 = CARTESIAN_POINT ( 'NONE',  ( -30.21411990792612201, 6.890113140623236987, 1.367589755157307074 ) ) ;
#482 = ADVANCED_FACE ( 'NONE', ( #1564 ), #5313, .F. ) ;
#483 = DIRECTION ( 'NONE',  ( 1.000000000000000000, 0.0000000000000000000, 0.0000000000000000000 ) ) ;
#484 = VERTEX_POINT ( 'NONE', #1100 ) ;
#485 = EDGE_CURVE ( 'NONE', #5633, #5047, #5846, .T. ) ;
#486 = EDGE_CURVE ( 'NONE', #1107, #4124, #3495, .T. ) ;
#487 = ORIENTED_EDGE ( 'NONE', *, *, #5706, .T. ) ;
#488 = UNCERTAINTY_MEASURE_WITH_UNIT (LENGTH_MEASURE( 1.000000000000000082E-05 ), #6898, 'distance_accuracy_value', 'NONE');
#489 = CARTESIAN_POINT ( 'NONE',  ( -35.29416990792612552, 7.512463140623287572, -3.530999999999924643 ) ) ;
#490 = FACE_OUTER_BOUND ( 'NONE', #7128, .T. ) ;
#491 = CARTESIAN_POINT ( 'NONE',  ( -35.91651990792611571, 6.890113140623240540, 1.367589755157307296 ) ) ;
#492 = COLOUR_RGB ( '',1.000000000000000000, 1.000000000000000000, 1.000000000000000000 ) ;
#493 = PLANE ( 'NONE',  #3191 ) ;
#494 = CARTESIAN_POINT ( 'NONE',  ( -45.88039062757600561, 7.056012965964359118, -1.245000000000000107 ) ) ;
#495 = ORIENTED_EDGE ( 'NONE', *, *, #4255, .F. ) ;
#496 = ORIENTED_EDGE ( 'NONE', *, *, #3468, .T. ) ;
#497 = DIRECTION ( 'NONE',  ( -0.5000000000000024425, 0.8660254037844372643, 8.871936606718224421E-15 ) ) ;
#498 = EDGE_LOOP ( 'NONE', ( #874, #3744, #668, #422 ) ) ;
#499 = CARTESIAN_POINT ( 'NONE',  ( -40.82734843295796168, -18.28388708950198804, -0.2449552275043975214 ) ) ;
#500 = B_SPLINE_SURFACE_WITH_KNOTS ( 'NONE', 1, 3, ( 
 ( #237, #320, #5133, #2201 ),
 ( #3314, #7522, #5695, #6843 ) ),
 .UNSPECIFIED., .F., .F., .F.,
 ( 2, 2 ),
 ( 4, 4 ),
 ( 0.0000000000000000000, 1.000000000000000000 ),
 ( 0.0000000000000000000, 1.000000000000000000 ),
 .UNSPECIFIED. ) ;
#501 = PLANE ( 'NONE',  #4770 ) ;
#502 = SURFACE_SIDE_STYLE ('',( #4733 ) ) ;
#503 = PRESENTATION_LAYER_ASSIGNMENT (  '', '', ( #5283 ) ) ;
#504 = PLANE ( 'NONE',  #3595 ) ;
#505 =( GEOMETRIC_REPRESENTATION_CONTEXT ( 3 ) GLOBAL_UNCERTAINTY_ASSIGNED_CONTEXT ( ( #3302 ) ) GLOBAL_UNIT_ASSIGNED_CONTEXT ( ( #3942, #1517, #5726 ) ) REPRESENTATION_CONTEXT ( 'NONE', 'WORKASPACE' ) );
#506 = DIRECTION ( 'NONE',  ( 0.0000000000000000000, 0.0000000000000000000, 1.000000000000000000 ) ) ;
#507 = VERTEX_POINT ( 'NONE', #4656 ) ;
#508 = CARTESIAN_POINT ( 'NONE',  ( -45.88039062757600561, 7.056012965964359118, -1.264999999999999902 ) ) ;
#509 = CARTESIAN_POINT ( 'NONE',  ( -34.33039062757600846, -14.00398703403564049, 1.215000000000000080 ) ) ;
#510 = LINE ( 'NONE', #2922, #4502 ) ;
#511 = DIRECTION ( 'NONE',  ( 0.0000000000000000000, -0.0000000000000000000, -1.000000000000000000 ) ) ;
#512 = DIRECTION ( 'NONE',  ( 1.000000000000000000, 0.0000000000000000000, 0.0000000000000000000 ) ) ;
#513 = ADVANCED_FACE ( 'NONE', ( #6431 ), #949, .T. ) ;
#514 = DIRECTION ( 'NONE',  ( -0.0000000000000000000, 1.000000000000000000, 0.0000000000000000000 ) ) ;
#515 = ORIENTED_EDGE ( 'NONE', *, *, #1678, .T. ) ;
#516 = CARTESIAN_POINT ( 'NONE',  ( -47.58039062757602267, 5.256012965964356631, -0.2449999999999997735 ) ) ;
#517 = ADVANCED_FACE ( 'NONE', ( #6665 ), #5461, .T. ) ;
#518 = CARTESIAN_POINT ( 'NONE',  ( -29.82736094035740138, -18.29409031937256103, -0.2464335406786998528 ) ) ;
#519 = VECTOR ( 'NONE', #5499, 1000.000000000000000 ) ;
#520 = ADVANCED_FACE ( 'NONE', ( #1797 ), #7030, .T. ) ;
#521 = FILL_AREA_STYLE ('',( #4647 ) ) ;
#522 = ORIENTED_EDGE ( 'NONE', *, *, #3610, .F. ) ;
#523 = ORIENTED_EDGE ( 'NONE', *, *, #3505, .T. ) ;
#524 = AXIS2_PLACEMENT_3D ( 'NONE', #2221, #1085, #2897 ) ;
#525 = PLANE ( 'NONE',  #7574 ) ;
#526 = ORIENTED_EDGE ( 'NONE', *, *, #3610, .T. ) ;
#527 = EDGE_CURVE ( 'NONE', #3396, #484, #6073, .T. ) ;
#528 = ADVANCED_FACE ( 'NONE', ( #3112 ), #5919, .F. ) ;
#529 = CARTESIAN_POINT ( 'NONE',  ( -39.82267328534919670, -18.13414632975169383, 0.8895037257659451635 ) ) ;
#530 =( NAMED_UNIT ( * ) PLANE_ANGLE_UNIT ( ) SI_UNIT ( $, .RADIAN. ) );
#531 = LINE ( 'NONE', #2950, #376 ) ;
#532 = VECTOR ( 'NONE', #2078, 1000.000000000000000 ) ;
#533 = DIRECTION ( 'NONE',  ( 0.0000000000000000000, 0.0000000000000000000, 1.000000000000000000 ) ) ;
#534 = ORIENTED_EDGE ( 'NONE', *, *, #5067, .T. ) ;
#535 = ORIENTED_EDGE ( 'NONE', *, *, #232, .F. ) ;
#536 = CARTESIAN_POINT ( 'NONE',  ( -30.21416990792612722, 7.512463140623347968, -9.118999999999918060 ) ) ;
#537 = AXIS2_PLACEMENT_3D ( 'NONE', #31, #4854, #786 ) ;
#538 = DIRECTION ( 'NONE',  ( -0.0000000000000000000, 1.000000000000000000, 1.047444401652940007E-14 ) ) ;
#539 = LINE ( 'NONE', #4146, #5723 ) ;
#540 = AXIS2_PLACEMENT_3D ( 'NONE', #6903, #1513, #3939 ) ;
#541 =( NAMED_UNIT ( * ) PLANE_ANGLE_UNIT ( ) SI_UNIT ( $, .RADIAN. ) );
#542 = PLANE ( 'NONE',  #1088 ) ;
#543 = DIRECTION ( 'NONE',  ( 0.0000000000000000000, 1.047444401652940007E-14, -1.000000000000000000 ) ) ;
#544 = CARTESIAN_POINT ( 'NONE',  ( -22.78039062757601130, -16.50398703403563871, -1.264999999999999902 ) ) ;
#545 = ORIENTED_EDGE ( 'NONE', *, *, #607, .F. ) ;
#546 = DIRECTION ( 'NONE',  ( 0.0000000000000000000, 1.000000000000000000, -0.0000000000000000000 ) ) ;
#547 = MECHANICAL_DESIGN_GEOMETRIC_PRESENTATION_REPRESENTATION (  '', ( #2956 ), #6575 ) ;
#548 =( BOUNDED_CURVE ( )  B_SPLINE_CURVE ( 3, ( #214, #4405, #804, #1394 ),
 .UNSPECIFIED., .F., .T. ) 
 B_SPLINE_CURVE_WITH_KNOTS ( ( 4, 4 ),
 ( 1.570796326794896780, 3.141592653589776241 ),
 .UNSPECIFIED. ) 
 CURVE ( )  GEOMETRIC_REPRESENTATION_ITEM ( )  RATIONAL_B_SPLINE_CURVE ( ( 1.000000000000000000, 0.8047378541243690453, 0.8047378541243690453, 1.000000000000000000 ) ) 
 REPRESENTATION_ITEM ( '' )  );
#549 = CARTESIAN_POINT ( 'NONE',  ( -39.21211990792613022, 7.144163140623346564, -9.118999999999921613 ) ) ;
#550 = SURFACE_STYLE_USAGE ( .BOTH. , #3429 ) ;
#551 = FILL_AREA_STYLE_COLOUR ( '', #1543 ) ;
#552 = COLOUR_RGB ( '',0.0000000000000000000, 0.007843137254901960675, 0.3098039215686274606 ) ;
#553 = SURFACE_SIDE_STYLE ('',( #6684 ) ) ;
#554 = EDGE_LOOP ( 'NONE', ( #4799, #3414, #693 ) ) ;
#555 = CARTESIAN_POINT ( 'NONE',  ( -30.83646990792612641, 6.890163140623288385, -3.530999999999926864 ) ) ;
#556 = LINE ( 'NONE', #6560, #4356 ) ;
#557 = LINE ( 'NONE', #2976, #2199 ) ;
#558 = COLOUR_RGB ( '',1.000000000000000000, 0.5019607843137254832, 0.0000000000000000000 ) ;
#559 = CARTESIAN_POINT ( 'NONE',  ( -47.08039062757600846, -9.643987034035646388, 1.255000000000000115 ) ) ;
#560 =( NAMED_UNIT ( * ) SI_UNIT ( $, .STERADIAN. ) SOLID_ANGLE_UNIT ( ) );
#561 = VECTOR ( 'NONE', #5629, 1000.000000000000000 ) ;
#562 = VECTOR ( 'NONE', #1230, 1000.000000000000000 ) ;
#563 =( LENGTH_UNIT ( ) NAMED_UNIT ( * ) SI_UNIT ( .MILLI., .METRE. ) );
#564 = ORIENTED_EDGE ( 'NONE', *, *, #7396, .T. ) ;
#565 = ORIENTED_EDGE ( 'NONE', *, *, #4016, .T. ) ;
#566 = CARTESIAN_POINT ( 'NONE',  ( -22.78039062757601130, -16.50398703403563871, -0.2449999999999997735 ) ) ;
#567 = ORIENTED_EDGE ( 'NONE', *, *, #5814, .T. ) ;
#568 = CARTESIAN_POINT ( 'NONE',  ( -35.09731990792612066, 8.369713140623266767, -1.575199999999923994 ) ) ;
#569 = DIRECTION ( 'NONE',  ( 1.000000000000000000, 0.0000000000000000000, 0.0000000000000000000 ) ) ;
#570 = CARTESIAN_POINT ( 'NONE',  ( -37.83411990792612301, 6.890113140623239651, 1.218800000000072270 ) ) ;
#571 = VECTOR ( 'NONE', #3946, 1000.000000000000000 ) ;
#572 = EDGE_CURVE ( 'NONE', #2700, #2510, #2312, .T. ) ;
#573 =( NAMED_UNIT ( * ) SI_UNIT ( $, .STERADIAN. ) SOLID_ANGLE_UNIT ( ) );
#574 = ADVANCED_FACE ( 'NONE', ( #13 ), #2425, .F. ) ;
#575 = ORIENTED_EDGE ( 'NONE', *, *, #5056, .T. ) ;
#576 = ORIENTED_EDGE ( 'NONE', *, *, #4353, .F. ) ;
#577 = FACE_OUTER_BOUND ( 'NONE', #5800, .T. ) ;
#578 = FILL_AREA_STYLE_COLOUR ( '', #6464 ) ;
#579 = CARTESIAN_POINT ( 'NONE',  ( -47.68039062757600988, -16.50398703403563871, -1.264999999999999902 ) ) ;
#580 = CIRCLE ( 'NONE', #6991, 1.000000000000000888 ) ;
#581 = STYLED_ITEM ( 'NONE', ( #1001 ), #5392 ) ;
#582 = SURFACE_STYLE_USAGE ( .BOTH. , #1172 ) ;
#583 =( LENGTH_UNIT ( ) NAMED_UNIT ( * ) SI_UNIT ( .MILLI., .METRE. ) );
#584 = ORIENTED_EDGE ( 'NONE', *, *, #4200, .T. ) ;
#585 = LINE ( 'NONE', #7232, #4597 ) ;
#586 = FACE_OUTER_BOUND ( 'NONE', #1563, .T. ) ;
#587 = PRESENTATION_STYLE_ASSIGNMENT (( #5399 ) ) ;
#588 = STYLED_ITEM ( 'NONE', ( #4687 ), #5767 ) ;
#589 = DIRECTION ( 'NONE',  ( 0.0000000000000000000, 1.000000000000000000, 1.047444401652940007E-14 ) ) ;
#590 = DIRECTION ( 'NONE',  ( -1.000000000000000000, 0.0000000000000000000, -0.0000000000000000000 ) ) ;
#591 = ORIENTED_EDGE ( 'NONE', *, *, #6809, .T. ) ;
#592 = DIRECTION ( 'NONE',  ( 0.0000000000000000000, 1.024442997624095463E-14, -1.000000000000000000 ) ) ;
#593 = FILL_AREA_STYLE ('',( #4753 ) ) ;
#594 = CARTESIAN_POINT ( 'NONE',  ( -34.65401384467411816, 7.353713140623290734, -3.530999999999923311 ) ) ;
#595 = MECHANICAL_DESIGN_GEOMETRIC_PRESENTATION_REPRESENTATION (  '', ( #7521 ), #861 ) ;
#596 = CARTESIAN_POINT ( 'NONE',  ( -35.29411990792612386, 7.512513140623233276, 1.367589755157312181 ) ) ;
#597 = ORIENTED_EDGE ( 'NONE', *, *, #6189, .F. ) ;
#598 = SURFACE_SIDE_STYLE ('',( #3600 ) ) ;
#599 = EDGE_LOOP ( 'NONE', ( #2621, #3389, #7627, #6902 ) ) ;
#600 = FACE_OUTER_BOUND ( 'NONE', #471, .T. ) ;
#601 = EDGE_LOOP ( 'NONE', ( #3491, #2472, #6148, #968 ) ) ;
#602 = CARTESIAN_POINT ( 'NONE',  ( -47.58039062757602267, -14.00398703403564227, 1.194547135025485929 ) ) ;
#603 = DIRECTION ( 'NONE',  ( 0.0000000000000000000, 0.0000000000000000000, 1.000000000000000000 ) ) ;
#604 = FACE_BOUND ( 'NONE', #1210, .T. ) ;
#605 = EDGE_LOOP ( 'NONE', ( #7773, #1555, #7074, #2042 ) ) ;
#606 = ORIENTED_EDGE ( 'NONE', *, *, #3330, .F. ) ;
#607 = EDGE_CURVE ( 'NONE', #3142, #6904, #4490, .T. ) ;
#608 = LINE ( 'NONE', #3494, #1120 ) ;
#609 = EDGE_LOOP ( 'NONE', ( #7511, #7004, #5671, #5993 ) ) ;
#610 = CARTESIAN_POINT ( 'NONE',  ( -35.91651990792611571, 6.890113140623235211, 1.472800000000072718 ) ) ;
#611 = EDGE_CURVE ( 'NONE', #2516, #4134, #5556, .T. ) ;
#612 = EDGE_CURVE ( 'NONE', #2753, #3499, #140, .T. ) ;
#613 = DIRECTION ( 'NONE',  ( 1.000000000000000000, 1.801374326040298222E-16, -0.0000000000000000000 ) ) ;
#614 = CARTESIAN_POINT ( 'NONE',  ( -34.33039062757600846, -11.62398703403563793, 1.205000000000000071 ) ) ;
#615 = CARTESIAN_POINT ( 'NONE',  ( -37.63731990792611981, 6.032913140623263892, -1.244999999999936158 ) ) ;
#616 = EDGE_CURVE ( 'NONE', #4273, #2418, #2604, .T. ) ;
#617 = EDGE_CURVE ( 'NONE', #6583, #5592, #6236, .T. ) ;
#618 = DIRECTION ( 'NONE',  ( 0.0000000000000000000, 0.0000000000000000000, 1.000000000000000000 ) ) ;
#619 = ORIENTED_EDGE ( 'NONE', *, *, #4345, .T. ) ;
#620 = VECTOR ( 'NONE', #1559, 1000.000000000000000 ) ;
#621 = SURFACE_STYLE_FILL_AREA ( #22 ) ;
#622 = DIRECTION ( 'NONE',  ( 0.0000000000000000000, 0.0000000000000000000, 1.000000000000000000 ) ) ;
#623 = ADVANCED_FACE ( 'NONE', ( #2545 ), #218, .F. ) ;
#624 = B_SPLINE_SURFACE_WITH_KNOTS ( 'NONE', 1, 3, ( 
 ( #499, #6738, #5028, #6175, #3137, #212, #103, #3065, #1318, #802 ),
 ( #54, #1946, #5557, #3803, #4439, #5595, #6808, #3766, #4404, #2500 ) ),
 .UNSPECIFIED., .F., .F., .F.,
 ( 2, 2 ),
 ( 4, 2, 2, 2, 4 ),
 ( 0.0000000000000000000, 1.000000000000000000 ),
 ( 0.0000000000000000000, 0.1250000000000000000, 0.2500000000000000000, 0.5000000000000000000, 1.000000000000000000 ),
 .UNSPECIFIED. ) ;
#625 = ADVANCED_FACE ( 'NONE', ( #258 ), #6273, .T. ) ;
#626 = UNCERTAINTY_MEASURE_WITH_UNIT (LENGTH_MEASURE( 1.000000000000000082E-05 ), #2867, 'distance_accuracy_value', 'NONE');
#627 = SURFACE_STYLE_FILL_AREA ( #1263 ) ;
#628 = VECTOR ( 'NONE', #5145, 1000.000000000000000 ) ;
#629 = CARTESIAN_POINT ( 'NONE',  ( -38.45651990792611485, 7.512513140623268804, 1.472800000000072718 ) ) ;
#630 = CARTESIAN_POINT ( 'NONE',  ( -40.82731649811006491, -17.05521404066708513, -1.240305603012645363 ) ) ;
#631 = VERTEX_POINT ( 'NONE', #2587 ) ;
#632 =( GEOMETRIC_REPRESENTATION_CONTEXT ( 3 ) GLOBAL_UNCERTAINTY_ASSIGNED_CONTEXT ( ( #3891 ) ) GLOBAL_UNIT_ASSIGNED_CONTEXT ( ( #583, #1762, #4149 ) ) REPRESENTATION_CONTEXT ( 'NONE', 'WORKASPACE' ) );
#633 =( NAMED_UNIT ( * ) PLANE_ANGLE_UNIT ( ) SI_UNIT ( $, .RADIAN. ) );
#634 = CARTESIAN_POINT ( 'NONE',  ( -30.58251990792611963, 7.258513140623235493, 1.472800000000076714 ) ) ;
#635 = LINE ( 'NONE', #1978, #6353 ) ;
#636 = DIRECTION ( 'NONE',  ( 0.0000000000000000000, 0.0000000000000000000, 1.000000000000000000 ) ) ;
#637 = DIRECTION ( 'NONE',  ( 0.5000000000000197620, 0.8660254037844272723, 0.0000000000000000000 ) ) ;
#638 = ORIENTED_EDGE ( 'NONE', *, *, #5653, .T. ) ;
#639 = ORIENTED_EDGE ( 'NONE', *, *, #665, .T. ) ;
#640 = FACE_OUTER_BOUND ( 'NONE', #599, .T. ) ;
#641 = VERTEX_POINT ( 'NONE', #1330 ) ;
#642 = CARTESIAN_POINT ( 'NONE',  ( -35.29411990792612386, 7.512513140623237717, 1.472800000000079601 ) ) ;
#643 =( NAMED_UNIT ( * ) PLANE_ANGLE_UNIT ( ) SI_UNIT ( $, .RADIAN. ) );
#644 = CARTESIAN_POINT ( 'NONE',  ( -40.82734843295796168, -14.00398703403564227, 1.191331310114619679 ) ) ;
#645 =( LENGTH_UNIT ( ) NAMED_UNIT ( * ) SI_UNIT ( .MILLI., .METRE. ) );
#646 = COLOUR_RGB ( '',0.0000000000000000000, 0.0000000000000000000, 0.0000000000000000000 ) ;
#647 = ORIENTED_EDGE ( 'NONE', *, *, #7449, .T. ) ;
#648 = CARTESIAN_POINT ( 'NONE',  ( -47.08039062757600846, 4.756012965964352190, 1.255000000000000115 ) ) ;
#649 = EDGE_LOOP ( 'NONE', ( #2613, #3231, #7426, #51 ) ) ;
#650 = CARTESIAN_POINT ( 'NONE',  ( -35.29411990792612386, 7.512513140623236829, 1.218800000000075823 ) ) ;
#651 = PRESENTATION_LAYER_ASSIGNMENT (  '', '', ( #6941 ) ) ;
#652 = CARTESIAN_POINT ( 'NONE',  ( -30.58251990792611963, 7.258513140623235493, 1.472800000000076714 ) ) ;
#653 = DIRECTION ( 'NONE',  ( 0.0000000000000000000, 1.000000000000000000, 1.047444401652940007E-14 ) ) ;
#654 = PLANE ( 'NONE',  #2864 ) ;
#655 = CARTESIAN_POINT ( 'NONE',  ( -20.98039062757601059, -16.50398703403563871, -1.264999999999999902 ) ) ;
#656 = VERTEX_POINT ( 'NONE', #2625 ) ;
#657 = LINE ( 'NONE', #1292, #2548 ) ;
#658 = CIRCLE ( 'NONE', #6947, 1.799999999999999600 ) ;
#659 = EDGE_CURVE ( 'NONE', #1875, #1710, #3713, .T. ) ;
#660 = CYLINDRICAL_SURFACE ( 'NONE', #3363, 0.2540000000000007807 ) ;
#661 = COLOUR_RGB ( '',0.0000000000000000000, 0.0000000000000000000, 0.0000000000000000000 ) ;
#662 = CARTESIAN_POINT ( 'NONE',  ( -30.21411990792612556, 6.890113140623267185, -1.575199999999923994 ) ) ;
#663 = MECHANICAL_DESIGN_GEOMETRIC_PRESENTATION_REPRESENTATION (  '', ( #5206 ), #2678 ) ;
#664 = SURFACE_SIDE_STYLE ('',( #708 ) ) ;
#665 = EDGE_CURVE ( 'NONE', #10, #6780, #5603, .T. ) ;
#666 = EDGE_CURVE ( 'NONE', #2180, #3799, #984, .T. ) ;
#667 = DIRECTION ( 'NONE',  ( 0.0000000000000000000, 1.000000000000000000, 0.0000000000000000000 ) ) ;
#668 = ORIENTED_EDGE ( 'NONE', *, *, #3267, .T. ) ;
#669 = AXIS2_PLACEMENT_3D ( 'NONE', #145, #653, #2551 ) ;
#670 = CARTESIAN_POINT ( 'NONE',  ( -34.36071990792593311, 6.540913140623151989, -3.530999999999936634 ) ) ;
#671 = LINE ( 'NONE', #7398, #2079 ) ;
#672 = CARTESIAN_POINT ( 'NONE',  ( -29.45851990792611730, 6.032913140623263892, -1.244999999999930163 ) ) ;
#673 = CARTESIAN_POINT ( 'NONE',  ( -30.21416990792612722, 7.512463140623350633, -9.372999999999919396 ) ) ;
#674 = MECHANICAL_DESIGN_GEOMETRIC_PRESENTATION_REPRESENTATION (  '', ( #2187 ), #1686 ) ;
#675 = CARTESIAN_POINT ( 'NONE',  ( -35.29411990792612386, 7.512513140623236829, 1.218800000000075823 ) ) ;
#676 = EDGE_LOOP ( 'NONE', ( #3681, #7765, #5798, #2085 ) ) ;
#677 = DIRECTION ( 'NONE',  ( 1.000000000000000000, 0.0000000000000000000, 0.0000000000000000000 ) ) ;
#678 = ORIENTED_EDGE ( 'NONE', *, *, #7063, .F. ) ;
#679 = SURFACE_STYLE_USAGE ( .BOTH. , #3311 ) ;
#680 = ORIENTED_EDGE ( 'NONE', *, *, #3876, .T. ) ;
#681 = CARTESIAN_POINT ( 'NONE',  ( -47.68039062757600988, 7.056012965964359118, -1.264999999999999902 ) ) ;
#682 =( NAMED_UNIT ( * ) SI_UNIT ( $, .STERADIAN. ) SOLID_ANGLE_UNIT ( ) );
#683 = VECTOR ( 'NONE', #6551, 1000.000000000000000 ) ;
#684 = VECTOR ( 'NONE', #7622, 1000.000000000000000 ) ;
#685 = AXIS2_PLACEMENT_3D ( 'NONE', #2266, #569, #7059 ) ;
#686 = FACE_OUTER_BOUND ( 'NONE', #3258, .T. ) ;
#687 = SURFACE_SIDE_STYLE ('',( #731 ) ) ;
#688 = DIRECTION ( 'NONE',  ( 1.801374326040298222E-16, -1.000000000000000000, 0.0000000000000000000 ) ) ;
#689 = EDGE_LOOP ( 'NONE', ( #5909, #2064, #4053, #3031, #4180, #12, #6252, #1399, #298, #7679 ) ) ;
#690 = AXIS2_PLACEMENT_3D ( 'NONE', #4783, #3592, #1125 ) ;
#691 = VERTEX_POINT ( 'NONE', #6359 ) ;
#692 = LINE ( 'NONE', #6706, #3952 ) ;
#693 = ORIENTED_EDGE ( 'NONE', *, *, #1256, .T. ) ;
#694 = VECTOR ( 'NONE', #1267, 1000.000000000000000 ) ;
#695 = CARTESIAN_POINT ( 'NONE',  ( -39.21211990792613022, 8.369713140623263214, -1.244999999999911955 ) ) ;
#696 = LINE ( 'NONE', #5426, #3524 ) ;
#697 = SURFACE_STYLE_FILL_AREA ( #3698 ) ;
#698 = AXIS2_PLACEMENT_3D ( 'NONE', #1817, #1232, #751 ) ;
#699 = LINE ( 'NONE', #74, #3926 ) ;
#700 = EDGE_LOOP ( 'NONE', ( #5172, #4836, #1063, #3132, #4519, #7435, #5412, #4791, #1655, #2225 ) ) ;
#701 = DIRECTION ( 'NONE',  ( -1.000000000000000000, 0.0000000000000000000, 0.0000000000000000000 ) ) ;
#702 = MECHANICAL_DESIGN_GEOMETRIC_PRESENTATION_REPRESENTATION (  '', ( #4122 ), #1331 ) ;
#703 = PRESENTATION_STYLE_ASSIGNMENT (( #6083 ) ) ;
#704 = AXIS2_PLACEMENT_3D ( 'NONE', #340, #7534, #4562 ) ;
#705 = CARTESIAN_POINT ( 'NONE',  ( -45.88039062757600561, -18.30398703403564298, -1.245000000000000107 ) ) ;
#706 = PLANE ( 'NONE',  #1183 ) ;
#707 = VECTOR ( 'NONE', #1467, 1000.000000000000000 ) ;
#708 = SURFACE_STYLE_FILL_AREA ( #4928 ) ;
#709 = ORIENTED_EDGE ( 'NONE', *, *, #6913, .F. ) ;
#710 = EDGE_CURVE ( 'NONE', #852, #3987, #416, .T. ) ;
#711 = UNCERTAINTY_MEASURE_WITH_UNIT (LENGTH_MEASURE( 1.000000000000000082E-05 ), #1103, 'distance_accuracy_value', 'NONE');
#712 = DIRECTION ( 'NONE',  ( 1.000000000000000000, 0.0000000000000000000, 0.0000000000000000000 ) ) ;
#713 = VECTOR ( 'NONE', #5616, 1000.000000000000000 ) ;
#714 = SURFACE_STYLE_USAGE ( .BOTH. , #750 ) ;
#715 = DIRECTION ( 'NONE',  ( 1.000000000000000000, 0.0000000000000000000, 0.0000000000000000000 ) ) ;
#716 = MECHANICAL_DESIGN_GEOMETRIC_PRESENTATION_REPRESENTATION (  '', ( #1345 ), #4259 ) ;
#717 = EDGE_CURVE ( 'NONE', #5185, #863, #2780, .T. ) ;
#718 = EDGE_CURVE ( 'NONE', #4006, #6029, #4609, .T. ) ;
#719 = CARTESIAN_POINT ( 'NONE',  ( -38.14039062757601073, 7.206012965964358585, -1.245000000000000107 ) ) ;
#720 = CARTESIAN_POINT ( 'NONE',  ( -44.88039062757600561, -16.50398703403563871, -0.2349999999999997369 ) ) ;
#721 = EDGE_CURVE ( 'NONE', #2785, #2263, #7025, .T. ) ;
#722 = EDGE_CURVE ( 'NONE', #1014, #7771, #7069, .T. ) ;
#723 = VERTEX_POINT ( 'NONE', #568 ) ;
#724 = FILL_AREA_STYLE ('',( #3724 ) ) ;
#725 = VERTEX_POINT ( 'NONE', #2297 ) ;
#726 = UNCERTAINTY_MEASURE_WITH_UNIT (LENGTH_MEASURE( 1.000000000000000082E-05 ), #746, 'distance_accuracy_value', 'NONE');
#727 = DIRECTION ( 'NONE',  ( -1.000000000000000000, -0.0000000000000000000, -0.0000000000000000000 ) ) ;
#728 = EDGE_CURVE ( 'NONE', #2797, #3645, #7258, .T. ) ;
#729 = CIRCLE ( 'NONE', #5137, 0.5000000000000004441 ) ;
#730 = PRESENTATION_STYLE_ASSIGNMENT (( #104 ) ) ;
#731 = SURFACE_STYLE_FILL_AREA ( #133 ) ;
#732 = FACE_OUTER_BOUND ( 'NONE', #7415, .T. ) ;
#733 = ORIENTED_EDGE ( 'NONE', *, *, #717, .T. ) ;
#734 = ORIENTED_EDGE ( 'NONE', *, *, #1577, .T. ) ;
#735 = COLOUR_RGB ( '',0.0000000000000000000, 0.0000000000000000000, 0.0000000000000000000 ) ;
#736 = VERTEX_POINT ( 'NONE', #4718 ) ;
#737 = ORIENTED_EDGE ( 'NONE', *, *, #1017, .T. ) ;
#738 =( LENGTH_UNIT ( ) NAMED_UNIT ( * ) SI_UNIT ( .MILLI., .METRE. ) );
#739 = FACE_OUTER_BOUND ( 'NONE', #6235, .T. ) ;
#740 = DIRECTION ( 'NONE',  ( 6.566942292462172298E-16, 0.0000000000000000000, -1.000000000000000000 ) ) ;
#741 = SURFACE_SIDE_STYLE ('',( #189 ) ) ;
#742 = VERTEX_POINT ( 'NONE', #6617 ) ;
#743 = LINE ( 'NONE', #2555, #3834 ) ;
#744 = CARTESIAN_POINT ( 'NONE',  ( -40.82734843295796168, -18.17589249420970887, 0.03398883565037071758 ) ) ;
#745 =( NAMED_UNIT ( * ) SI_UNIT ( $, .STERADIAN. ) SOLID_ANGLE_UNIT ( ) );
#746 =( LENGTH_UNIT ( ) NAMED_UNIT ( * ) SI_UNIT ( .MILLI., .METRE. ) );
#747 = DIRECTION ( 'NONE',  ( -0.0000000000000000000, -1.047444401652940007E-14, 1.000000000000000000 ) ) ;
#748 = ORIENTED_EDGE ( 'NONE', *, *, #6434, .T. ) ;
#749 = CARTESIAN_POINT ( 'NONE',  ( -38.14039062757601073, 7.206012965964358585, -0.2449999999999997735 ) ) ;
#750 = SURFACE_SIDE_STYLE ('',( #3672 ) ) ;
#751 = DIRECTION ( 'NONE',  ( 1.000000000000000000, 0.0000000000000000000, -0.0000000000000000000 ) ) ;
#752 = CIRCLE ( 'NONE', #7780, 1.800000000000002931 ) ;
#753 = FACE_OUTER_BOUND ( 'NONE', #7480, .T. ) ;
#754 = CARTESIAN_POINT ( 'NONE',  ( -38.08811990792612079, 7.201313140623236464, 1.472800000000073606 ) ) ;
#755 = ADVANCED_FACE ( 'NONE', ( #7212 ), #2985, .F. ) ;
#756 = CIRCLE ( 'NONE', #5784, 1.799999999999999600 ) ;
#757 = CARTESIAN_POINT ( 'NONE',  ( -45.11039062757600249, -8.053987034035651860, 1.265000000000000124 ) ) ;
#758 = EDGE_CURVE ( 'NONE', #4244, #3800, #7096, .T. ) ;
#759 = ORIENTED_EDGE ( 'NONE', *, *, #611, .T. ) ;
#760 = CARTESIAN_POINT ( 'NONE',  ( -47.58039062757602267, -14.00398703403564049, 1.205000000000000071 ) ) ;
#761 = EDGE_LOOP ( 'NONE', ( #234, #850, #6302, #3268 ) ) ;
#762 = FACE_OUTER_BOUND ( 'NONE', #7103, .T. ) ;
#763 = CARTESIAN_POINT ( 'NONE',  ( -21.78039062757600774, 7.056012965964359118, -1.245000000000000107 ) ) ;
#764 = COLOUR_RGB ( '',1.000000000000000000, 1.000000000000000000, 1.000000000000000000 ) ;
#765 = EDGE_CURVE ( 'NONE', #5384, #7031, #5378, .T. ) ;
#766 = FACE_OUTER_BOUND ( 'NONE', #7023, .T. ) ;
#767 = CARTESIAN_POINT ( 'NONE',  ( -22.78039062757601130, -16.50398703403563871, -1.245000000000000107 ) ) ;
#768 = ORIENTED_EDGE ( 'NONE', *, *, #2501, .F. ) ;
#769 = EDGE_CURVE ( 'NONE', #1412, #5771, #7446, .T. ) ;
#770 = VERTEX_POINT ( 'NONE', #130 ) ;
#771 = ADVANCED_FACE ( 'NONE', ( #762 ), #6225, .T. ) ;
#772 = SURFACE_STYLE_USAGE ( .BOTH. , #1366 ) ;
#773 =( NAMED_UNIT ( * ) PLANE_ANGLE_UNIT ( ) SI_UNIT ( $, .RADIAN. ) );
#774 = LINE ( 'NONE', #3180, #4857 ) ;
#775 = LINE ( 'NONE', #3034, #5532 ) ;
#776 = COLOUR_RGB ( '',0.6470588235294117974, 0.6196078431372549211, 0.5882352941176470784 ) ;
#777 = SURFACE_SIDE_STYLE ('',( #697 ) ) ;
#778 = DIRECTION ( 'NONE',  ( -1.000000000000000000, -0.0000000000000000000, -0.0000000000000000000 ) ) ;
#779 = CARTESIAN_POINT ( 'NONE',  ( -41.82731649811005781, -12.62398703403564149, 1.215000000000000080 ) ) ;
#780 = ORIENTED_EDGE ( 'NONE', *, *, #3226, .F. ) ;
#781 = SURFACE_STYLE_FILL_AREA ( #6157 ) ;
#782 = PRESENTATION_LAYER_ASSIGNMENT (  '', '', ( #4563 ) ) ;
#783 = CYLINDRICAL_SURFACE ( 'NONE', #946, 1.000000000000000888 ) ;
#784 = DIRECTION ( 'NONE',  ( 0.0000000000000000000, -1.047444401652940007E-14, 1.000000000000000000 ) ) ;
#785 = DIRECTION ( 'NONE',  ( 0.0000000000000000000, 0.0000000000000000000, 1.000000000000000000 ) ) ;
#786 = DIRECTION ( 'NONE',  ( -0.5000000000000003331, -0.8660254037844383745, 0.0000000000000000000 ) ) ;
#787 = VECTOR ( 'NONE', #7347, 1000.000000000000000 ) ;
#788 =( GEOMETRIC_REPRESENTATION_CONTEXT ( 3 ) GLOBAL_UNCERTAINTY_ASSIGNED_CONTEXT ( ( #5593 ) ) GLOBAL_UNIT_ASSIGNED_CONTEXT ( ( #1337, #2517, #4923 ) ) REPRESENTATION_CONTEXT ( 'NONE', 'WORKASPACE' ) );
#789 = LINE ( 'NONE', #914, #1723 ) ;
#790 = EDGE_LOOP ( 'NONE', ( #7501, #3678, #4297, #6472 ) ) ;
#791 = CARTESIAN_POINT ( 'NONE',  ( -40.82731649811006491, -18.17279833390455224, -0.6621407731115727113 ) ) ;
#792 = FACE_BOUND ( 'NONE', #5887, .T. ) ;
#793 = CARTESIAN_POINT ( 'NONE',  ( -20.98039062757600703, -16.50398703403563871, -0.2449999999999997735 ) ) ;
#794 = FILL_AREA_STYLE ('',( #5657 ) ) ;
#795 = DIRECTION ( 'NONE',  ( -1.000000000000000000, 0.0000000000000000000, 0.0000000000000000000 ) ) ;
#796 = VECTOR ( 'NONE', #5328, 1000.000000000000000 ) ;
#797 = AXIS2_PLACEMENT_3D ( 'NONE', #2530, #4787, #3759 ) ;
#798 = VERTEX_POINT ( 'NONE', #248 ) ;
#799 = VECTOR ( 'NONE', #7039, 1000.000000000000000 ) ;
#800 = ORIENTED_EDGE ( 'NONE', *, *, #6000, .F. ) ;
#801 = UNCERTAINTY_MEASURE_WITH_UNIT (LENGTH_MEASURE( 1.000000000000000082E-05 ), #5215, 'distance_accuracy_value', 'NONE');
#802 = CARTESIAN_POINT ( 'NONE',  ( -40.82734843295796168, -14.00157464219462256, 1.194676362168962447 ) ) ;
#803 = DIRECTION ( 'NONE',  ( 0.0000000000000000000, -1.000000000000000000, -1.047444401652940007E-14 ) ) ;
#804 = CARTESIAN_POINT ( 'NONE',  ( -38.45646990792612030, 6.890163140623352334, -9.267789755157160414 ) ) ;
#805 = AXIS2_PLACEMENT_3D ( 'NONE', #3621, #1731, #2363 ) ;
#806 = DIRECTION ( 'NONE',  ( 1.000000000000000000, 0.0000000000000000000, 0.0000000000000000000 ) ) ;
#807 = LINE ( 'NONE', #6268, #5309 ) ;
#808 = VERTEX_POINT ( 'NONE', #102 ) ;
#809 = ORIENTED_EDGE ( 'NONE', *, *, #6195, .T. ) ;
#810 = STYLED_ITEM ( 'NONE', ( #6309 ), #6672 ) ;
#811 = EDGE_CURVE ( 'NONE', #1597, #5450, #2650, .T. ) ;
#812 = ORIENTED_EDGE ( 'NONE', *, *, #1727, .F. ) ;
#813 = VERTEX_POINT ( 'NONE', #681 ) ;
#814 = DIRECTION ( 'NONE',  ( -0.0000000000000000000, -0.0000000000000000000, -1.000000000000000000 ) ) ;
#815 = ADVANCED_FACE ( 'NONE', ( #7293 ), #1906, .F. ) ;
#816 = EDGE_CURVE ( 'NONE', #2585, #5049, #366, .T. ) ;
#817 = DIRECTION ( 'NONE',  ( -1.000000000000000000, 0.0000000000000000000, -0.0000000000000000000 ) ) ;
#818 = EDGE_CURVE ( 'NONE', #7380, #2797, #2862, .T. ) ;
#819 = COLOUR_RGB ( '',0.0000000000000000000, 0.0000000000000000000, 0.0000000000000000000 ) ;
#820 = DIRECTION ( 'NONE',  ( 0.0000000000000000000, 0.0000000000000000000, 1.000000000000000000 ) ) ;
#821 = VERTEX_POINT ( 'NONE', #3399 ) ;
#822 = PLANE ( 'NONE',  #159 ) ;
#823 = ORIENTED_EDGE ( 'NONE', *, *, #6037, .T. ) ;
#824 = EDGE_CURVE ( 'NONE', #2509, #3347, #3436, .T. ) ;
#825 = SURFACE_SIDE_STYLE ('',( #6831 ) ) ;
#826 = VECTOR ( 'NONE', #2123, 1000.000000000000000 ) ;
#827 = CIRCLE ( 'NONE', #5232, 1.000000000000000888 ) ;
#828 = CARTESIAN_POINT ( 'NONE',  ( -21.58039062757600846, -9.643987034035646388, 1.255000000000000115 ) ) ;
#829 =( LENGTH_UNIT ( ) NAMED_UNIT ( * ) SI_UNIT ( .MILLI., .METRE. ) );
#830 = FACE_OUTER_BOUND ( 'NONE', #157, .T. ) ;
#831 = VERTEX_POINT ( 'NONE', #6263 ) ;
#832 = STYLED_ITEM ( 'NONE', ( #1761 ), #5250 ) ;
#833 = DIRECTION ( 'NONE',  ( 0.0000000000000000000, 1.000000000000000000, 1.047444401652940007E-14 ) ) ;
#834 = VERTEX_POINT ( 'NONE', #286 ) ;
#835 = FACE_OUTER_BOUND ( 'NONE', #649, .T. ) ;
#836 = CARTESIAN_POINT ( 'NONE',  ( -45.88039062757600561, 7.056012965964359118, -1.264999999999999902 ) ) ;
#837 = CARTESIAN_POINT ( 'NONE',  ( -45.11039062757600249, 3.166012965964347003, 1.265000000000000124 ) ) ;
#838 =( NAMED_UNIT ( * ) SI_UNIT ( $, .STERADIAN. ) SOLID_ANGLE_UNIT ( ) );
#839 = FILL_AREA_STYLE ('',( #4546 ) ) ;
#840 = VECTOR ( 'NONE', #2442, 1000.000000000000000 ) ;
#841 = ORIENTED_EDGE ( 'NONE', *, *, #7539, .F. ) ;
#842 = VECTOR ( 'NONE', #1341, 1000.000000000000000 ) ;
#843 = VERTEX_POINT ( 'NONE', #2808 ) ;
#844 = CARTESIAN_POINT ( 'NONE',  ( -35.10039062757600448, 7.206012965964358585, -1.266000000000000014 ) ) ;
#845 = DIRECTION ( 'NONE',  ( 1.000000000000000000, 0.0000000000000000000, 0.0000000000000000000 ) ) ;
#846 = CARTESIAN_POINT ( 'NONE',  ( -38.45651990792611485, 6.890113140623235211, -1.575199999999927325 ) ) ;
#847 = COLOUR_RGB ( '',0.0000000000000000000, 0.5019607843137254832, 1.000000000000000000 ) ;
#848 = DIRECTION ( 'NONE',  ( 1.000000000000000000, -0.0000000000000000000, 0.0000000000000000000 ) ) ;
#849 = ORIENTED_EDGE ( 'NONE', *, *, #2990, .T. ) ;
#850 = ORIENTED_EDGE ( 'NONE', *, *, #3372, .T. ) ;
#851 = ORIENTED_EDGE ( 'NONE', *, *, #1435, .T. ) ;
#852 = VERTEX_POINT ( 'NONE', #2691 ) ;
#853 = DIRECTION ( 'NONE',  ( 0.0000000000000000000, 0.0000000000000000000, 1.000000000000000000 ) ) ;
#854 = AXIS2_PLACEMENT_3D ( 'NONE', #6658, #4903, #3684 ) ;
#855 =( BOUNDED_CURVE ( )  B_SPLINE_CURVE ( 3, ( #1039, #4672, #1741, #7049 ),
 .UNSPECIFIED., .F., .T. ) 
 B_SPLINE_CURVE_WITH_KNOTS ( ( 4, 4 ),
 ( 1.570796326794896780, 3.141592653589803330 ),
 .UNSPECIFIED. ) 
 CURVE ( )  GEOMETRIC_REPRESENTATION_ITEM ( )  RATIONAL_B_SPLINE_CURVE ( ( 1.000000000000000000, 0.8047378541243626060, 0.8047378541243626060, 1.000000000000000000 ) ) 
 REPRESENTATION_ITEM ( '' )  );
#856 = LINE ( 'NONE', #5604, #7785 ) ;
#857 = DIRECTION ( 'NONE',  ( -1.000000000000000000, 0.0000000000000000000, 0.0000000000000000000 ) ) ;
#858 = SURFACE_STYLE_FILL_AREA ( #2707 ) ;
#859 = ORIENTED_EDGE ( 'NONE', *, *, #2895, .T. ) ;
#860 = EDGE_CURVE ( 'NONE', #2096, #1951, #5104, .T. ) ;
#861 =( GEOMETRIC_REPRESENTATION_CONTEXT ( 3 ) GLOBAL_UNCERTAINTY_ASSIGNED_CONTEXT ( ( #2054 ) ) GLOBAL_UNIT_ASSIGNED_CONTEXT ( ( #1758, #2996, #5995 ) ) REPRESENTATION_CONTEXT ( 'NONE', 'WORKASPACE' ) );
#862 =( NAMED_UNIT ( * ) PLANE_ANGLE_UNIT ( ) SI_UNIT ( $, .RADIAN. ) );
#863 = VERTEX_POINT ( 'NONE', #4550 ) ;
#864 = CARTESIAN_POINT ( 'NONE',  ( -33.15913172202133552, -14.00398703403564227, 1.205000000000000071 ) ) ;
#865 = ADVANCED_FACE ( 'NONE', ( #6936 ), #7491, .F. ) ;
#866 = EDGE_CURVE ( 'NONE', #1107, #3968, #408, .T. ) ;
#867 = CARTESIAN_POINT ( 'NONE',  ( -40.82734843295796168, -17.83264710389341801, 0.3756754925351361574 ) ) ;
#868 = PRESENTATION_LAYER_ASSIGNMENT (  '', '', ( #1744 ) ) ;
#869 = CARTESIAN_POINT ( 'NONE',  ( -38.20246990792612252, 7.144163140623349229, -9.372999999999922949 ) ) ;
#870 = EDGE_CURVE ( 'NONE', #363, #6303, #3695, .T. ) ;
#871 = CARTESIAN_POINT ( 'NONE',  ( -32.11401384467409770, 6.032913140623263892, -1.244999999999935048 ) ) ;
#872 = DIRECTION ( 'NONE',  ( 0.0000000000000000000, 0.0000000000000000000, 1.000000000000000000 ) ) ;
#873 = DIRECTION ( 'NONE',  ( 0.0000000000000000000, 1.047444401652940007E-14, -1.000000000000000000 ) ) ;
#874 = ORIENTED_EDGE ( 'NONE', *, *, #1831, .F. ) ;
#875 = EDGE_CURVE ( 'NONE', #7673, #6057, #3341, .T. ) ;
#876 = ORIENTED_EDGE ( 'NONE', *, *, #3811, .F. ) ;
#877 = EDGE_CURVE ( 'NONE', #2966, #2424, #556, .T. ) ;
#878 = CARTESIAN_POINT ( 'NONE',  ( -40.94731649811006235, -18.11334830678238461, -0.7435084826342410746 ) ) ;
#879 = CARTESIAN_POINT ( 'NONE',  ( -30.58246990792611797, 7.201313140623347486, -9.118999999999921613 ) ) ;
#880 = DIRECTION ( 'NONE',  ( 0.0000000000000000000, 0.0000000000000000000, 1.000000000000000000 ) ) ;
#881 = FACE_OUTER_BOUND ( 'NONE', #1440, .T. ) ;
#882 = SURFACE_STYLE_FILL_AREA ( #839 ) ;
#883 = ORIENTED_EDGE ( 'NONE', *, *, #6761, .F. ) ;
#884 = PRESENTATION_LAYER_ASSIGNMENT (  '', '', ( #7536 ) ) ;
#885 = ORIENTED_EDGE ( 'NONE', *, *, #3226, .T. ) ;
#886 = UNCERTAINTY_MEASURE_WITH_UNIT (LENGTH_MEASURE( 1.000000000000000082E-05 ), #1891, 'distance_accuracy_value', 'NONE');
#887 = CARTESIAN_POINT ( 'NONE',  ( -32.85933015276888369, 6.995323385466001298, 1.472800000000072940 ) ) ;
#888 = DIRECTION ( 'NONE',  ( 1.000000000000000000, -0.0000000000000000000, 0.0000000000000000000 ) ) ;
#889 = DIRECTION ( 'NONE',  ( -0.0000000000000000000, -0.0000000000000000000, 1.000000000000000000 ) ) ;
#890 = LINE ( 'NONE', #4601, #3370 ) ;
#891 = DIRECTION ( 'NONE',  ( -1.000000000000000000, 0.0000000000000000000, 0.0000000000000000000 ) ) ;
#892 = VECTOR ( 'NONE', #5765, 1000.000000000000000 ) ;
#893 = DIRECTION ( 'NONE',  ( 1.000000000000000000, -0.0000000000000000000, 0.0000000000000000000 ) ) ;
#894 = ORIENTED_EDGE ( 'NONE', *, *, #4008, .F. ) ;
#895 = EDGE_LOOP ( 'NONE', ( #5634, #2091, #110, #7517 ) ) ;
#896 = CARTESIAN_POINT ( 'NONE',  ( -32.75411990792613182, 7.512513140623235053, -1.575199999999920664 ) ) ;
#897 = VERTEX_POINT ( 'NONE', #5405 ) ;
#898 = CARTESIAN_POINT ( 'NONE',  ( -22.78039062757601130, -16.50398703403563871, -1.264999999999999902 ) ) ;
#899 = DIRECTION ( 'NONE',  ( 1.000000000000000000, -0.0000000000000000000, 0.0000000000000000000 ) ) ;
#900 = DIRECTION ( 'NONE',  ( 0.8665316060966600231, 0.4991222051116768754, 0.0000000000000000000 ) ) ;
#901 = PLANE ( 'NONE',  #6534 ) ;
#902 = STYLED_ITEM ( 'NONE', ( #2033 ), #2834 ) ;
#903 = FACE_OUTER_BOUND ( 'NONE', #6164, .T. ) ;
#904 = ORIENTED_EDGE ( 'NONE', *, *, #2990, .F. ) ;
#905 =( NAMED_UNIT ( * ) SI_UNIT ( $, .STERADIAN. ) SOLID_ANGLE_UNIT ( ) );
#906 = DIRECTION ( 'NONE',  ( 0.0000000000000000000, -1.047444401652940007E-14, 1.000000000000000000 ) ) ;
#907 = AXIS2_PLACEMENT_3D ( 'NONE', #7064, #1673, #4097 ) ;
#908 = LINE ( 'NONE', #7514, #3236 ) ;
#909 = DIRECTION ( 'NONE',  ( 0.0000000000000000000, 1.047444401652940007E-14, -1.000000000000000000 ) ) ;
#910 = CARTESIAN_POINT ( 'NONE',  ( -20.98039062757600703, -18.30398703403564298, -1.245000000000000107 ) ) ;
#911 = DIRECTION ( 'NONE',  ( 1.000000000000000000, 1.299418334065024133E-16, -0.0000000000000000000 ) ) ;
#912 = ORIENTED_EDGE ( 'NONE', *, *, #6380, .T. ) ;
#913 = VECTOR ( 'NONE', #2237, 1000.000000000000000 ) ;
#914 = CARTESIAN_POINT ( 'NONE',  ( -21.08039062757600846, -14.00398703403564227, 1.205000000000000071 ) ) ;
#915 = ORIENTED_EDGE ( 'NONE', *, *, #5342, .T. ) ;
#916 = FILL_AREA_STYLE_COLOUR ( '', #7325 ) ;
#917 = EDGE_CURVE ( 'NONE', #7607, #2993, #5026, .T. ) ;
#918 = CARTESIAN_POINT ( 'NONE',  ( -38.45651990792611485, 7.512513140623235053, 1.472800000000079601 ) ) ;
#919 = CARTESIAN_POINT ( 'NONE',  ( -30.21416990792612367, 6.890163140623349669, -9.118999999999921613 ) ) ;
#920 = CARTESIAN_POINT ( 'NONE',  ( -38.08816990792612245, 7.201313140623347486, -9.118999999999921613 ) ) ;
#921 = VECTOR ( 'NONE', #6751, 1000.000000000000000 ) ;
#922 = ADVANCED_FACE ( 'NONE', ( #1187 ), #1079, .F. ) ;
#923 = ORIENTED_EDGE ( 'NONE', *, *, #572, .T. ) ;
#924 =( GEOMETRIC_REPRESENTATION_CONTEXT ( 3 ) GLOBAL_UNCERTAINTY_ASSIGNED_CONTEXT ( ( #3726 ) ) GLOBAL_UNIT_ASSIGNED_CONTEXT ( ( #2629, #862, #3868 ) ) REPRESENTATION_CONTEXT ( 'NONE', 'WORKASPACE' ) );
#925 = PRESENTATION_LAYER_ASSIGNMENT (  '', '', ( #4208 ) ) ;
#926 = FACE_OUTER_BOUND ( 'NONE', #2230, .T. ) ;
#927 = CYLINDRICAL_SURFACE ( 'NONE', #5379, 1.000000000000000888 ) ;
#928 = DIRECTION ( 'NONE',  ( 0.4999999999999998890, -0.8660254037844387076, 0.0000000000000000000 ) ) ;
#929 = AXIS2_PLACEMENT_3D ( 'NONE', #4127, #2373, #5872 ) ;
#930 = LINE ( 'NONE', #1432, #5773 ) ;
#931 = AXIS2_PLACEMENT_3D ( 'NONE', #6596, #622, #4887 ) ;
#932 = CARTESIAN_POINT ( 'NONE',  ( -34.06742597117762017, 8.369713140622978997, -1.244999999999911955 ) ) ;
#933 = ORIENTED_EDGE ( 'NONE', *, *, #3407, .F. ) ;
#934 = ORIENTED_EDGE ( 'NONE', *, *, #3418, .T. ) ;
#935 = ADVANCED_BREP_SHAPE_REPRESENTATION ( 'E99CD358-DDA1-4378-8042-C3014C22B72C', ( #6996, #6927, #4277, #1644, #4669 ), #505 ) ;
#936 = DIRECTION ( 'NONE',  ( 0.0000000000000000000, 0.0000000000000000000, 1.000000000000000000 ) ) ;
#937 = ORIENTED_EDGE ( 'NONE', *, *, #5611, .F. ) ;
#938 = VECTOR ( 'NONE', #4769, 1000.000000000000000 ) ;
#939 = CARTESIAN_POINT ( 'NONE',  ( -28.82731649811006136, -18.24566889786878576, -0.09758404293604464042 ) ) ;
#940 = PLANE ( 'NONE',  #704 ) ;
#941 = AXIS2_PLACEMENT_3D ( 'NONE', #5833, #2865, #7090 ) ;
#942 = COLOUR_RGB ( '',1.000000000000000000, 0.5019607843137254832, 0.0000000000000000000 ) ;
#943 = SURFACE_STYLE_FILL_AREA ( #7422 ) ;
#944 = CARTESIAN_POINT ( 'NONE',  ( -47.68039062757600988, -3.003987034035643600, -1.245000000000000107 ) ) ;
#945 = CARTESIAN_POINT ( 'NONE',  ( -30.83651990792612452, 6.890113140623235211, -1.575199999999927325 ) ) ;
#946 = AXIS2_PLACEMENT_3D ( 'NONE', #2755, #5159, #3456 ) ;
#947 = PRESENTATION_STYLE_ASSIGNMENT (( #4567 ) ) ;
#948 = ORIENTED_EDGE ( 'NONE', *, *, #4908, .T. ) ;
#949 = PLANE ( 'NONE',  #3202 ) ;
#950 = VECTOR ( 'NONE', #6609, 1000.000000000000000 ) ;
#951 = CARTESIAN_POINT ( 'NONE',  ( -32.75416990792612637, 7.512463140623346192, -9.267789755157151532 ) ) ;
#952 = VECTOR ( 'NONE', #2651, 1000.000000000000000 ) ;
#953 = CARTESIAN_POINT ( 'NONE',  ( -34.36071990792594733, 6.540913140623156430, -3.530999999999931305 ) ) ;
#954 = CARTESIAN_POINT ( 'NONE',  ( -39.21211990792613022, 7.144163140623349229, -9.372999999999922949 ) ) ;
#955 = ORIENTED_EDGE ( 'NONE', *, *, #473, .T. ) ;
#956 = CARTESIAN_POINT ( 'NONE',  ( -39.21211990792613022, 8.369713140623288083, -3.530999999999912209 ) ) ;
#957 = VERTEX_POINT ( 'NONE', #2333 ) ;
#958 = PRESENTATION_LAYER_ASSIGNMENT (  '', '', ( #4487 ) ) ;
#959 = CARTESIAN_POINT ( 'NONE',  ( -32.75411990792613182, 7.512513140623235053, 1.472800000000079601 ) ) ;
#960 = CARTESIAN_POINT ( 'NONE',  ( -45.88039062757600561, -16.50398703403563871, -1.264999999999999902 ) ) ;
#961 = FILL_AREA_STYLE_COLOUR ( '', #5728 ) ;
#962 = DIRECTION ( 'NONE',  ( 0.0000000000000000000, 1.000000000000000000, 0.0000000000000000000 ) ) ;
#963 = STYLED_ITEM ( 'NONE', ( #3018 ), #1301 ) ;
#964 =( NAMED_UNIT ( * ) SI_UNIT ( $, .STERADIAN. ) SOLID_ANGLE_UNIT ( ) );
#965 = ADVANCED_FACE ( 'NONE', ( #4752 ), #7758, .T. ) ;
#966 = SURFACE_SIDE_STYLE ('',( #5210 ) ) ;
#967 = EDGE_LOOP ( 'NONE', ( #5460, #4539, #7418 ) ) ;
#968 = ORIENTED_EDGE ( 'NONE', *, *, #5054, .F. ) ;
#969 = UNCERTAINTY_MEASURE_WITH_UNIT (LENGTH_MEASURE( 1.000000000000000082E-05 ), #7772, 'distance_accuracy_value', 'NONE');
#970 = FACE_BOUND ( 'NONE', #3475, .T. ) ;
#971 = AXIS2_PLACEMENT_3D ( 'NONE', #1501, #5702, #2127 ) ;
#972 = ADVANCED_FACE ( 'NONE', ( #490 ), #7681, .T. ) ;
#973 = EDGE_CURVE ( 'NONE', #2785, #1274, #7088, .T. ) ;
#974 = CARTESIAN_POINT ( 'NONE',  ( -30.21411990792612556, 7.512513140623235053, 1.218800000000072270 ) ) ;
#975 = COLOUR_RGB ( '',0.0000000000000000000, 0.0000000000000000000, 0.0000000000000000000 ) ;
#976 = CARTESIAN_POINT ( 'NONE',  ( -31.82071990792587712, 7.861713140623442619, -3.530999999999914873 ) ) ;
#977 = DIRECTION ( 'NONE',  ( 0.0000000000000000000, 1.047444401652940007E-14, -1.000000000000000000 ) ) ;
#978 = ADVANCED_FACE ( 'NONE', ( #6492 ), #3513, .F. ) ;
#979 = VECTOR ( 'NONE', #2886, 1000.000000000000000 ) ;
#980 = ORIENTED_EDGE ( 'NONE', *, *, #616, .F. ) ;
#981 = ORIENTED_EDGE ( 'NONE', *, *, #1582, .T. ) ;
#982 = VERTEX_POINT ( 'NONE', #1308 ) ;
#983 = DIRECTION ( 'NONE',  ( 1.000000000000000000, 0.0000000000000000000, 0.0000000000000000000 ) ) ;
#984 = B_SPLINE_CURVE_WITH_KNOTS ( 'NONE', 3,
 ( #3775, #7419, #5762, #3293, #4561, #299, #3982, #3447, #939, #2098 ),
 .UNSPECIFIED., .F., .F.,
 ( 4, 2, 2, 2, 4 ),
 ( 0.0000000000000000000, 0.002356328343072088514, 0.003537878884999706708, 0.004128654155963515371, 0.004719429426927324901 ),
 .UNSPECIFIED. ) ;
#985 = FILL_AREA_STYLE ('',( #7466 ) ) ;
#986 = DIRECTION ( 'NONE',  ( 1.000000000000000000, 0.0000000000000000000, -0.0000000000000000000 ) ) ;
#987 = EDGE_LOOP ( 'NONE', ( #823, #1561 ) ) ;
#988 = ORIENTED_EDGE ( 'NONE', *, *, #6766, .T. ) ;
#989 = COLOUR_RGB ( '',1.000000000000000000, 0.5019607843137254832, 0.0000000000000000000 ) ;
#990 = DIRECTION ( 'NONE',  ( 0.0000000000000000000, 0.0000000000000000000, 1.000000000000000000 ) ) ;
#991 = DIRECTION ( 'NONE',  ( -0.0000000000000000000, -0.0000000000000000000, -1.000000000000000000 ) ) ;
#992 = SURFACE_STYLE_FILL_AREA ( #6367 ) ;
#993 = CARTESIAN_POINT ( 'NONE',  ( -32.75416990792612637, 6.890163140623350557, -9.267789755157156861 ) ) ;
#994 = PLANE ( 'NONE',  #14 ) ;
#995 = ORIENTED_EDGE ( 'NONE', *, *, #1192, .T. ) ;
#996 = FILL_AREA_STYLE_COLOUR ( '', #2602 ) ;
#997 = ORIENTED_EDGE ( 'NONE', *, *, #5286, .F. ) ;
#998 = FILL_AREA_STYLE_COLOUR ( '', #40 ) ;
#999 = CARTESIAN_POINT ( 'NONE',  ( -33.37646990792612200, 6.890163140623347893, -9.118999999999925166 ) ) ;
#1000 = DIRECTION ( 'NONE',  ( 1.000000000000000000, 0.0000000000000000000, 0.0000000000000000000 ) ) ;
#1001 = PRESENTATION_STYLE_ASSIGNMENT (( #7601 ) ) ;
#1002 = CARTESIAN_POINT ( 'NONE',  ( -30.58246990792611797, 7.258463140623347520, -9.372999999999922949 ) ) ;
#1003 = FACE_OUTER_BOUND ( 'NONE', #7211, .T. ) ;
#1004 = ORIENTED_EDGE ( 'NONE', *, *, #6352, .F. ) ;
#1005 = ORIENTED_EDGE ( 'NONE', *, *, #6088, .T. ) ;
#1006 = CARTESIAN_POINT ( 'NONE',  ( -32.75411990792612471, 6.890113140623238763, 1.367589755157305964 ) ) ;
#1007 = LINE ( 'NONE', #249, #6713 ) ;
#1008 = CARTESIAN_POINT ( 'NONE',  ( -35.09731990792612066, 8.369713140623266767, -1.244999999999936158 ) ) ;
#1009 = DIRECTION ( 'NONE',  ( 1.000000000000000000, 0.0000000000000000000, 0.0000000000000000000 ) ) ;
#1010 = FILL_AREA_STYLE_COLOUR ( '', #3154 ) ;
#1011 =( NAMED_UNIT ( * ) PLANE_ANGLE_UNIT ( ) SI_UNIT ( $, .RADIAN. ) );
#1012 = ORIENTED_EDGE ( 'NONE', *, *, #1830, .F. ) ;
#1013 = AXIS2_PLACEMENT_3D ( 'NONE', #3564, #3526, #1789 ) ;
#1014 = VERTEX_POINT ( 'NONE', #3234 ) ;
#1015 = ORIENTED_EDGE ( 'NONE', *, *, #2462, .T. ) ;
#1016 = EDGE_CURVE ( 'NONE', #6862, #7438, #6689, .T. ) ;
#1017 = EDGE_CURVE ( 'NONE', #4847, #3347, #671, .T. ) ;
#1018 = CYLINDRICAL_SURFACE ( 'NONE', #3938, 0.2540000000000007807 ) ;
#1019 = EDGE_CURVE ( 'NONE', #831, #7380, #1939, .T. ) ;
#1020 = ORIENTED_EDGE ( 'NONE', *, *, #7732, .T. ) ;
#1021 = DIRECTION ( 'NONE',  ( 0.0000000000000000000, -0.0000000000000000000, 1.000000000000000000 ) ) ;
#1022 = ORIENTED_EDGE ( 'NONE', *, *, #1733, .F. ) ;
#1023 = CIRCLE ( 'NONE', #4308, 1.000000000000000888 ) ;
#1024 =( LENGTH_UNIT ( ) NAMED_UNIT ( * ) SI_UNIT ( .MILLI., .METRE. ) );
#1025 = CARTESIAN_POINT ( 'NONE',  ( -28.82731649811005781, -17.89567592258572404, -0.9547890766329637513 ) ) ;
#1026 = AXIS2_PLACEMENT_3D ( 'NONE', #5679, #820, #3219 ) ;
#1027 = LINE ( 'NONE', #5922, #6597 ) ;
#1028 = DIRECTION ( 'NONE',  ( 0.4999999999999998890, -0.8660254037844387076, 0.0000000000000000000 ) ) ;
#1029 = ORIENTED_EDGE ( 'NONE', *, *, #3510, .F. ) ;
#1030 = ORIENTED_EDGE ( 'NONE', *, *, #7396, .F. ) ;
#1031 = DIRECTION ( 'NONE',  ( 1.000000000000000000, 0.0000000000000000000, -0.0000000000000000000 ) ) ;
#1032 = CARTESIAN_POINT ( 'NONE',  ( -34.33039062757600846, -3.003987034035643600, -0.2449999999999997735 ) ) ;
#1033 = CARTESIAN_POINT ( 'NONE',  ( -41.82731649811005781, -12.62398703403564149, 1.215000000000000080 ) ) ;
#1034 = CYLINDRICAL_SURFACE ( 'NONE', #2475, 0.2540000000000007807 ) ;
#1035 = LINE ( 'NONE', #1698, #683 ) ;
#1036 = AXIS2_PLACEMENT_3D ( 'NONE', #494, #1747, #2258 ) ;
#1037 = ORIENTED_EDGE ( 'NONE', *, *, #4008, .T. ) ;
#1038 = UNCERTAINTY_MEASURE_WITH_UNIT (LENGTH_MEASURE( 1.000000000000000082E-05 ), #4451, 'distance_accuracy_value', 'NONE');
#1039 = CARTESIAN_POINT ( 'NONE',  ( -30.46816990792611790, 7.144163140623349229, -9.372999999999922949 ) ) ;
#1040 = AXIS2_PLACEMENT_3D ( 'NONE', #3518, #457, #4754 ) ;
#1041 = LINE ( 'NONE', #4012, #2322 ) ;
#1042 = VECTOR ( 'NONE', #314, 1000.000000000000000 ) ;
#1043 = EDGE_LOOP ( 'NONE', ( #800, #6199, #3750, #404 ) ) ;
#1044 = CLOSED_SHELL ( 'NONE', ( #7300, #482, #5112, #7107, #3312, #5250, #7359, #3652, #513, #1385, #278, #3511, #3549, #5853, #132, #194, #1151, #528, #3274, #5613, #5160, #4818, #4864, #2842, #3608, #6340, #5346, #7144, #6672, #7604, #1301, #6816, #2941, #4400, #7454, #4117, #2934, #4493, #7140, #4810, #7507, #5903, #3092, #2019, #5487, #390, #7207, #6180, #7110, #379, #815, #4386, #5387, #1868, #6916, #5769, #2109, #4433, #2790, #2645, #5391, #7024, #2542, #4680, #5477, #2401, #6769, #5764, #6678, #6724, #7255, #4635, #5570, #3607, #965, #6427, #2265, #1067, #4723, #3317, #1119, #5298, #2748, #6385, #101, #4020, #3905, #1254, #336, #3261, #3461, #6045, #978, #865, #1927, #922, #6139, #5660, #334, #1118, #2690, #3136, #2850, #6197, #1627, #4242, #45, #771, #2749, #7600, #5297, #2695 ) ) ;
#1045 = ORIENTED_EDGE ( 'NONE', *, *, #4815, .T. ) ;
#1046 = DIRECTION ( 'NONE',  ( -0.0000000000000000000, 1.000000000000000000, 0.0000000000000000000 ) ) ;
#1047 = VERTEX_POINT ( 'NONE', #3754 ) ;
#1048 = UNCERTAINTY_MEASURE_WITH_UNIT (LENGTH_MEASURE( 1.000000000000000082E-05 ), #7429, 'distance_accuracy_value', 'NONE');
#1049 = DIRECTION ( 'NONE',  ( 0.0000000000000000000, -1.047444401652940007E-14, 1.000000000000000000 ) ) ;
#1050 = DIRECTION ( 'NONE',  ( -0.0000000000000000000, -1.000000000000000000, -0.0000000000000000000 ) ) ;
#1051 =( NAMED_UNIT ( * ) PLANE_ANGLE_UNIT ( ) SI_UNIT ( $, .RADIAN. ) );
#1052 = ORIENTED_EDGE ( 'NONE', *, *, #3186, .F. ) ;
#1053 = ADVANCED_FACE ( 'NONE', ( #4931, #2447, #4284, #1350, #792, #3791, #7244, #1860 ), #6094, .F. ) ;
#1054 =( GEOMETRIC_REPRESENTATION_CONTEXT ( 3 ) GLOBAL_UNCERTAINTY_ASSIGNED_CONTEXT ( ( #3167 ) ) GLOBAL_UNIT_ASSIGNED_CONTEXT ( ( #6007, #2400, #1806 ) ) REPRESENTATION_CONTEXT ( 'NONE', 'WORKASPACE' ) );
#1055 = MECHANICAL_DESIGN_GEOMETRIC_PRESENTATION_REPRESENTATION (  '', ( #6327 ), #5573 ) ;
#1056 = CARTESIAN_POINT ( 'NONE',  ( -40.82734843295796168, -15.57286989362894758, 1.104876692066879995 ) ) ;
#1057 = PRESENTATION_STYLE_ASSIGNMENT (( #1349 ) ) ;
#1058 = EDGE_CURVE ( 'NONE', #2096, #6025, #5204, .T. ) ;
#1059 = AXIS2_PLACEMENT_3D ( 'NONE', #5482, #795, #6647 ) ;
#1060 = DIRECTION ( 'NONE',  ( 0.0000000000000000000, 1.000000000000000000, -0.0000000000000000000 ) ) ;
#1061 = DIRECTION ( 'NONE',  ( -1.309225264888156130E-16, 1.000000000000000000, 0.0000000000000000000 ) ) ;
#1062 = EDGE_CURVE ( 'NONE', #1159, #5366, #4584, .T. ) ;
#1063 = ORIENTED_EDGE ( 'NONE', *, *, #1391, .T. ) ;
#1064 = CARTESIAN_POINT ( 'NONE',  ( -33.57331990792611975, 6.032913140623267445, -1.575199999999936429 ) ) ;
#1065 =( GEOMETRIC_REPRESENTATION_CONTEXT ( 3 ) GLOBAL_UNCERTAINTY_ASSIGNED_CONTEXT ( ( #4126 ) ) GLOBAL_UNIT_ASSIGNED_CONTEXT ( ( #7358, #5542, #2559 ) ) REPRESENTATION_CONTEXT ( 'NONE', 'WORKASPACE' ) );
#1066 = PRODUCT ( 'E99CD358-DDA1-4378-8042-C3014C22B72C', 'E99CD358-DDA1-4378-8042-C3014C22B72C', '', ( #2822 ) ) ;
#1067 = ADVANCED_FACE ( 'NONE', ( #2087 ), #4540, .F. ) ;
#1068 = DIRECTION ( 'NONE',  ( 1.000000000000000000, 0.0000000000000000000, 0.0000000000000000000 ) ) ;
#1069 = LINE ( 'NONE', #5822, #1298 ) ;
#1070 = VECTOR ( 'NONE', #6618, 1000.000000000000000 ) ;
#1071 = CARTESIAN_POINT ( 'NONE',  ( -39.21211990792613022, 7.144163140623346564, -9.118999999999921613 ) ) ;
#1072 = DIRECTION ( 'NONE',  ( 0.0000000000000000000, -1.024442997624095463E-14, 1.000000000000000000 ) ) ;
#1073 = CARTESIAN_POINT ( 'NONE',  ( -40.82731649811006491, -16.29878424680376980, -1.245105634841087827 ) ) ;
#1074 = VECTOR ( 'NONE', #4521, 1000.000000000000000 ) ;
#1075 = VECTOR ( 'NONE', #6842, 1000.000000000000000 ) ;
#1076 = ORIENTED_EDGE ( 'NONE', *, *, #7200, .F. ) ;
#1077 = ORIENTED_EDGE ( 'NONE', *, *, #2703, .F. ) ;
#1078 = LINE ( 'NONE', #3478, #3560 ) ;
#1079 = PLANE ( 'NONE',  #7486 ) ;
#1080 = PLANE ( 'NONE',  #72 ) ;
#1081 = MECHANICAL_DESIGN_GEOMETRIC_PRESENTATION_REPRESENTATION (  '', ( #1700 ), #5473 ) ;
#1082 = COLOUR_RGB ( '',0.0000000000000000000, 0.007843137254901960675, 0.3098039215686274606 ) ;
#1083 = DIRECTION ( 'NONE',  ( 0.0000000000000000000, 0.0000000000000000000, 1.000000000000000000 ) ) ;
#1084 = DIRECTION ( 'NONE',  ( -0.0000000000000000000, -1.000000000000000000, -0.0000000000000000000 ) ) ;
#1085 = DIRECTION ( 'NONE',  ( 0.0000000000000000000, 0.0000000000000000000, 1.000000000000000000 ) ) ;
#1086 = VERTEX_POINT ( 'NONE', #2676 ) ;
#1087 = ORIENTED_EDGE ( 'NONE', *, *, #6761, .T. ) ;
#1088 = AXIS2_PLACEMENT_3D ( 'NONE', #7071, #1685, #4110 ) ;
#1089 = CARTESIAN_POINT ( 'NONE',  ( -32.75416990792612637, 7.512463140623350633, -9.372999999999919396 ) ) ;
#1090 = ORIENTED_EDGE ( 'NONE', *, *, #3135, .T. ) ;
#1091 = STYLED_ITEM ( 'NONE', ( #1515 ), #4480 ) ;
#1092 = CARTESIAN_POINT ( 'NONE',  ( -28.82731649811007202, -18.18510063209038208, 0.03766094568891640432 ) ) ;
#1093 = CARTESIAN_POINT ( 'NONE',  ( -22.78039062757601130, 7.056012965964359118, -1.264999999999999902 ) ) ;
#1094 = CARTESIAN_POINT ( 'NONE',  ( -32.75411990792613182, 6.890113140623235211, 1.472800000000072718 ) ) ;
#1095 = MECHANICAL_DESIGN_GEOMETRIC_PRESENTATION_REPRESENTATION (  '', ( #3601 ), #7496 ) ;
#1096 = FACE_BOUND ( 'NONE', #1863, .T. ) ;
#1097 = PRESENTATION_LAYER_ASSIGNMENT (  '', '', ( #581 ) ) ;
#1098 = ORIENTED_EDGE ( 'NONE', *, *, #5050, .T. ) ;
#1099 = ORIENTED_EDGE ( 'NONE', *, *, #2890, .T. ) ;
#1100 = CARTESIAN_POINT ( 'NONE',  ( -30.01731990792611526, 8.369713140623264991, -1.244999999999911955 ) ) ;
#1101 = DIRECTION ( 'NONE',  ( 1.000000000000000000, -0.0000000000000000000, 0.0000000000000000000 ) ) ;
#1102 = ADVANCED_FACE ( 'NONE', ( #1575 ), #500, .T. ) ;
#1103 =( LENGTH_UNIT ( ) NAMED_UNIT ( * ) SI_UNIT ( .MILLI., .METRE. ) );
#1104 = LINE ( 'NONE', #2882, #2209 ) ;
#1105 = CARTESIAN_POINT ( 'NONE',  ( -47.58039062757602267, -10.24398703403564603, -0.2449999999999998845 ) ) ;
#1106 = EDGE_CURVE ( 'NONE', #4101, #5602, #5743, .T. ) ;
#1107 = VERTEX_POINT ( 'NONE', #6403 ) ;
#1108 = CARTESIAN_POINT ( 'NONE',  ( -35.29411990792612386, 6.890113140623238763, 1.367589755157305520 ) ) ;
#1109 = CARTESIAN_POINT ( 'NONE',  ( -29.45851990792611730, 8.369713140623288083, -3.530999999999912209 ) ) ;
#1110 = CYLINDRICAL_SURFACE ( 'NONE', #7738, 0.5000000000000004441 ) ;
#1111 = DIRECTION ( 'NONE',  ( -1.000000000000000000, 0.0000000000000000000, -0.0000000000000000000 ) ) ;
#1112 = MECHANICAL_DESIGN_GEOMETRIC_PRESENTATION_REPRESENTATION (  '', ( #7757 ), #3887 ) ;
#1113 = EDGE_CURVE ( 'NONE', #94, #1282, #2723, .T. ) ;
#1114 =( BOUNDED_CURVE ( )  B_SPLINE_CURVE ( 3, ( #1895, #3094, #6728, #4361 ),
 .UNSPECIFIED., .F., .T. ) 
 B_SPLINE_CURVE_WITH_KNOTS ( ( 4, 4 ),
 ( 1.570796326794894782, 3.141592653589769135 ),
 .UNSPECIFIED. ) 
 CURVE ( )  GEOMETRIC_REPRESENTATION_ITEM ( )  RATIONAL_B_SPLINE_CURVE ( ( 1.000000000000000000, 0.8047378541243702665, 0.8047378541243702665, 1.000000000000000000 ) ) 
 REPRESENTATION_ITEM ( '' )  );
#1115 =( NAMED_UNIT ( * ) SI_UNIT ( $, .STERADIAN. ) SOLID_ANGLE_UNIT ( ) );
#1116 = DIRECTION ( 'NONE',  ( 0.0000000000000000000, 0.0000000000000000000, -1.000000000000000000 ) ) ;
#1117 =( NAMED_UNIT ( * ) SI_UNIT ( $, .STERADIAN. ) SOLID_ANGLE_UNIT ( ) );
#1118 = ADVANCED_FACE ( 'NONE', ( #1534 ), #1615, .F. ) ;
#1119 = ADVANCED_FACE ( 'NONE', ( #398 ), #4629, .T. ) ;
#1120 = VECTOR ( 'NONE', #6473, 1000.000000000000000 ) ;
#1121 = CARTESIAN_POINT ( 'NONE',  ( -34.06742597117768412, 6.032913140623324288, -3.530999999999931305 ) ) ;
#1122 = ORIENTED_EDGE ( 'NONE', *, *, #3043, .T. ) ;
#1123 = UNCERTAINTY_MEASURE_WITH_UNIT (LENGTH_MEASURE( 1.000000000000000082E-05 ), #3746, 'distance_accuracy_value', 'NONE');
#1124 = CARTESIAN_POINT ( 'NONE',  ( -45.82731649811005781, -9.423987034035640420, -1.254999999999999893 ) ) ;
#1125 = DIRECTION ( 'NONE',  ( 0.0000000000000000000, 0.0000000000000000000, -1.000000000000000000 ) ) ;
#1126 = SURFACE_STYLE_FILL_AREA ( #1153 ) ;
#1127 = ORIENTED_EDGE ( 'NONE', *, *, #7509, .T. ) ;
#1128 = EDGE_LOOP ( 'NONE', ( #5519, #3241, #5263, #7209 ) ) ;
#1129 = PLANE ( 'NONE',  #6552 ) ;
#1130 = ORIENTED_EDGE ( 'NONE', *, *, #5382, .T. ) ;
#1131 = LINE ( 'NONE', #602, #4863 ) ;
#1132 = LINE ( 'NONE', #5912, #3752 ) ;
#1133 = DIRECTION ( 'NONE',  ( -0.0000000000000000000, -0.0000000000000000000, -1.000000000000000000 ) ) ;
#1134 = LINE ( 'NONE', #5347, #3168 ) ;
#1135 = ORIENTED_EDGE ( 'NONE', *, *, #5015, .T. ) ;
#1136 = ORIENTED_EDGE ( 'NONE', *, *, #718, .T. ) ;
#1137 = DIRECTION ( 'NONE',  ( 0.0000000000000000000, 0.0000000000000000000, 1.000000000000000000 ) ) ;
#1138 = VECTOR ( 'NONE', #6659, 1000.000000000000000 ) ;
#1139 = FACE_OUTER_BOUND ( 'NONE', #5689, .T. ) ;
#1140 =( NAMED_UNIT ( * ) PLANE_ANGLE_UNIT ( ) SI_UNIT ( $, .RADIAN. ) );
#1141 = EDGE_LOOP ( 'NONE', ( #4839, #780, #7703, #7405 ) ) ;
#1142 = DIRECTION ( 'NONE',  ( 0.0000000000000000000, -1.000000000000000000, -1.047444401652940007E-14 ) ) ;
#1143 = CARTESIAN_POINT ( 'NONE',  ( -40.82731649811006491, -18.27155679741174765, -0.3655902959306274735 ) ) ;
#1144 = EDGE_CURVE ( 'NONE', #2198, #2398, #7421, .T. ) ;
#1145 = FACE_OUTER_BOUND ( 'NONE', #6426, .T. ) ;
#1146 = ORIENTED_EDGE ( 'NONE', *, *, #4058, .T. ) ;
#1147 = CARTESIAN_POINT ( 'NONE',  ( -30.46811990792611979, 7.258513140623235493, 1.472800000000077159 ) ) ;
#1148 = CARTESIAN_POINT ( 'NONE',  ( -40.82734843295796168, -14.00398703482844098, 1.184899675086708237 ) ) ;
#1149 = LINE ( 'NONE', #3545, #2713 ) ;
#1150 = EDGE_CURVE ( 'NONE', #5948, #5555, #2046, .T. ) ;
#1151 = ADVANCED_FACE ( 'NONE', ( #6255 ), #3959, .T. ) ;
#1152 = CARTESIAN_POINT ( 'NONE',  ( -35.54811990792612164, 7.201313140623239129, 1.218800000000076267 ) ) ;
#1153 = FILL_AREA_STYLE ('',( #2172 ) ) ;
#1154 = CARTESIAN_POINT ( 'NONE',  ( -23.82731649811006136, -13.42398703403564575, -1.254999999999999893 ) ) ;
#1155 = ORIENTED_EDGE ( 'NONE', *, *, #4351, .T. ) ;
#1156 = ORIENTED_EDGE ( 'NONE', *, *, #1530, .T. ) ;
#1157 = MECHANICAL_DESIGN_GEOMETRIC_PRESENTATION_REPRESENTATION (  '', ( #4563 ), #3809 ) ;
#1158 = DIRECTION ( 'NONE',  ( 0.0000000000000000000, 1.047444401652940007E-14, -1.000000000000000000 ) ) ;
#1159 = VERTEX_POINT ( 'NONE', #6890 ) ;
#1160 = DIRECTION ( 'NONE',  ( 0.0000000000000000000, 1.000000000000000000, -0.0000000000000000000 ) ) ;
#1161 = DIRECTION ( 'NONE',  ( 1.000000000000000000, 0.0000000000000000000, 0.0000000000000000000 ) ) ;
#1162 = AXIS2_PLACEMENT_3D ( 'NONE', #3300, #5682, #3948 ) ;
#1163 = CARTESIAN_POINT ( 'NONE',  ( -33.06039062757600533, 7.206012965964358585, -1.245000000000000107 ) ) ;
#1164 = VERTEX_POINT ( 'NONE', #2762 ) ;
#1165 = ORIENTED_EDGE ( 'NONE', *, *, #5050, .F. ) ;
#1166 = LINE ( 'NONE', #648, #2751 ) ;
#1167 = ORIENTED_EDGE ( 'NONE', *, *, #816, .T. ) ;
#1168 = PRESENTATION_LAYER_ASSIGNMENT (  '', '', ( #4702 ) ) ;
#1169 =( NAMED_UNIT ( * ) PLANE_ANGLE_UNIT ( ) SI_UNIT ( $, .RADIAN. ) );
#1170 = LINE ( 'NONE', #6031, #4737 ) ;
#1171 =( GEOMETRIC_REPRESENTATION_CONTEXT ( 3 ) GLOBAL_UNCERTAINTY_ASSIGNED_CONTEXT ( ( #99 ) ) GLOBAL_UNIT_ASSIGNED_CONTEXT ( ( #4488, #297, #7502 ) ) REPRESENTATION_CONTEXT ( 'NONE', 'WORKASPACE' ) );
#1172 = SURFACE_SIDE_STYLE ('',( #4882 ) ) ;
#1173 = DIRECTION ( 'NONE',  ( -1.000000000000000000, 0.0000000000000000000, -0.0000000000000000000 ) ) ;
#1174 = CIRCLE ( 'NONE', #6344, 1.000000000000000888 ) ;
#1175 = PRESENTATION_LAYER_ASSIGNMENT (  '', '', ( #2048 ) ) ;
#1176 = ORIENTED_EDGE ( 'NONE', *, *, #1732, .F. ) ;
#1177 = CARTESIAN_POINT ( 'NONE',  ( -36.90071990792588252, 7.861713140623429297, -1.244999999999917506 ) ) ;
#1178 = PLANE ( 'NONE',  #6058 ) ;
#1179 = PRESENTATION_LAYER_ASSIGNMENT (  '', '', ( #429 ) ) ;
#1180 = DIRECTION ( 'NONE',  ( -0.0000000000000000000, -1.047444401652940007E-14, 1.000000000000000000 ) ) ;
#1181 = DIRECTION ( 'NONE',  ( 0.0000000000000000000, -1.047444401652940007E-14, 1.000000000000000000 ) ) ;
#1182 = CARTESIAN_POINT ( 'NONE',  ( -36.60742597117811670, 6.032913140623324288, -3.530999999999936634 ) ) ;
#1183 = AXIS2_PLACEMENT_3D ( 'NONE', #351, #7392, #3304 ) ;
#1184 = CARTESIAN_POINT ( 'NONE',  ( -30.58246990792611797, 7.258463140623347520, -9.372999999999922949 ) ) ;
#1185 = ORIENTED_EDGE ( 'NONE', *, *, #4734, .F. ) ;
#1186 =( NAMED_UNIT ( * ) SI_UNIT ( $, .STERADIAN. ) SOLID_ANGLE_UNIT ( ) );
#1187 = FACE_OUTER_BOUND ( 'NONE', #6570, .T. ) ;
#1188 = CARTESIAN_POINT ( 'NONE',  ( -34.06742597117768412, 6.032913140623324288, -3.530999999999936634 ) ) ;
#1189 =( GEOMETRIC_REPRESENTATION_CONTEXT ( 3 ) GLOBAL_UNCERTAINTY_ASSIGNED_CONTEXT ( ( #4749 ) ) GLOBAL_UNIT_ASSIGNED_CONTEXT ( ( #4862, #1861, #560 ) ) REPRESENTATION_CONTEXT ( 'NONE', 'WORKASPACE' ) );
#1190 =( GEOMETRIC_REPRESENTATION_CONTEXT ( 3 ) GLOBAL_UNCERTAINTY_ASSIGNED_CONTEXT ( ( #2459 ) ) GLOBAL_UNIT_ASSIGNED_CONTEXT ( ( #1506, #2214, #1471 ) ) REPRESENTATION_CONTEXT ( 'NONE', 'WORKASPACE' ) );
#1191 = CYLINDRICAL_SURFACE ( 'NONE', #4971, 0.2539999999999972835 ) ;
#1192 = EDGE_CURVE ( 'NONE', #4114, #3090, #3273, .T. ) ;
#1193 = AXIS2_PLACEMENT_3D ( 'NONE', #3883, #5847, #1608 ) ;
#1194 = CARTESIAN_POINT ( 'NONE',  ( -38.20251990792611707, 7.258513140623235493, 1.472800000000076714 ) ) ;
#1195 = ORIENTED_EDGE ( 'NONE', *, *, #6913, .T. ) ;
#1196 = FILL_AREA_STYLE_COLOUR ( '', #3350 ) ;
#1197 = EDGE_CURVE ( 'NONE', #1757, #5761, #274, .T. ) ;
#1198 = EDGE_LOOP ( 'NONE', ( #7176, #5111, #4668, #7620 ) ) ;
#1199 = EDGE_CURVE ( 'NONE', #3071, #94, #4118, .T. ) ;
#1200 = CARTESIAN_POINT ( 'NONE',  ( -23.82731649811006136, -3.003987034035643600, -1.245000000000000107 ) ) ;
#1201 = ORIENTED_EDGE ( 'NONE', *, *, #6176, .T. ) ;
#1202 = LINE ( 'NONE', #4831, #4103 ) ;
#1203 = CIRCLE ( 'NONE', #5589, 0.5000000000000004441 ) ;
#1204 = EDGE_CURVE ( 'NONE', #4511, #6211, #5859, .T. ) ;
#1205 = EDGE_CURVE ( 'NONE', #2089, #4806, #4663, .T. ) ;
#1206 = CARTESIAN_POINT ( 'NONE',  ( -37.83411990792611590, 6.890113140623238763, 1.367589755157305964 ) ) ;
#1207 = PRESENTATION_LAYER_ASSIGNMENT (  '', '', ( #963 ) ) ;
#1208 = EDGE_LOOP ( 'NONE', ( #5113, #4560, #2623, #283 ) ) ;
#1209 = ADVANCED_FACE ( 'NONE', ( #6485 ), #1110, .F. ) ;
#1210 = EDGE_LOOP ( 'NONE', ( #1450, #1087, #3204, #7559 ) ) ;
#1211 = ADVANCED_FACE ( 'NONE', ( #474 ), #442, .F. ) ;
#1212 = SURFACE_STYLE_FILL_AREA ( #6541 ) ;
#1213 = ORIENTED_EDGE ( 'NONE', *, *, #3329, .T. ) ;
#1214 = CARTESIAN_POINT ( 'NONE',  ( -29.82736094035740138, -14.00398703403564227, 1.205000000000000071 ) ) ;
#1215 = LINE ( 'NONE', #1798, #2330 ) ;
#1216 = DIRECTION ( 'NONE',  ( -1.000000000000000000, -0.0000000000000000000, -0.0000000000000000000 ) ) ;
#1217 = CARTESIAN_POINT ( 'NONE',  ( -47.58039062757602267, 5.256012965964357520, -0.2449999999999997735 ) ) ;
#1218 =( GEOMETRIC_REPRESENTATION_CONTEXT ( 3 ) GLOBAL_UNCERTAINTY_ASSIGNED_CONTEXT ( ( #5665 ) ) GLOBAL_UNIT_ASSIGNED_CONTEXT ( ( #4042, #4667, #2891 ) ) REPRESENTATION_CONTEXT ( 'NONE', 'WORKASPACE' ) );
#1219 = ORIENTED_EDGE ( 'NONE', *, *, #3757, .F. ) ;
#1220 = CARTESIAN_POINT ( 'NONE',  ( -32.11401384467411191, 8.369713140623277425, -3.530999999999912209 ) ) ;
#1221 =( NAMED_UNIT ( * ) PLANE_ANGLE_UNIT ( ) SI_UNIT ( $, .RADIAN. ) );
#1222 = SURFACE_STYLE_USAGE ( .BOTH. , #6599 ) ;
#1223 = DIRECTION ( 'NONE',  ( 1.000000000000000000, 0.0000000000000000000, 0.0000000000000000000 ) ) ;
#1224 = AXIS2_PLACEMENT_3D ( 'NONE', #5344, #7061, #2988 ) ;
#1225 = CARTESIAN_POINT ( 'NONE',  ( -29.82736094035740138, -18.30398703403564653, -0.2450000000000046585 ) ) ;
#1226 = CARTESIAN_POINT ( 'NONE',  ( -40.82731649811006491, -17.89028266360343267, -0.9463040803828748349 ) ) ;
#1227 = CARTESIAN_POINT ( 'NONE',  ( -23.55039062757601087, -8.053987034035651860, 1.265000000000000124 ) ) ;
#1228 = ORIENTED_EDGE ( 'NONE', *, *, #7543, .F. ) ;
#1229 = AXIS2_PLACEMENT_3D ( 'NONE', #2171, #5793, #2810 ) ;
#1230 = DIRECTION ( 'NONE',  ( 4.535567304416304610E-15, 2.618611004132556304E-15, -1.000000000000000000 ) ) ;
#1231 =( NAMED_UNIT ( * ) PLANE_ANGLE_UNIT ( ) SI_UNIT ( $, .RADIAN. ) );
#1232 = DIRECTION ( 'NONE',  ( 0.0000000000000000000, 0.0000000000000000000, 1.000000000000000000 ) ) ;
#1233 = DIRECTION ( 'NONE',  ( 0.0000000000000000000, -1.047444401652940007E-14, 1.000000000000000000 ) ) ;
#1234 = FACE_OUTER_BOUND ( 'NONE', #3110, .T. ) ;
#1235 = PRESENTATION_LAYER_ASSIGNMENT (  '', '', ( #7521 ) ) ;
#1236 = DIRECTION ( 'NONE',  ( 1.000000000000000000, 0.0000000000000000000, -0.0000000000000000000 ) ) ;
#1237 = VERTEX_POINT ( 'NONE', #7470 ) ;
#1238 = CARTESIAN_POINT ( 'NONE',  ( -36.60742597117811670, 6.032913140623324288, -3.530999999999936634 ) ) ;
#1239 = ORIENTED_EDGE ( 'NONE', *, *, #5868, .T. ) ;
#1240 = CARTESIAN_POINT ( 'NONE',  ( -22.78039062757601130, 7.056012965964359118, -0.2449999999999997735 ) ) ;
#1241 = EDGE_LOOP ( 'NONE', ( #53, #1730, #6232, #5458 ) ) ;
#1242 = CARTESIAN_POINT ( 'NONE',  ( -23.82731649811006136, -9.423987034035643973, -1.245000000000000107 ) ) ;
#1243 =( LENGTH_UNIT ( ) NAMED_UNIT ( * ) SI_UNIT ( .MILLI., .METRE. ) );
#1244 = CARTESIAN_POINT ( 'NONE',  ( -47.68039062757600988, -16.50398703403563871, -1.264999999999999902 ) ) ;
#1245 =( BOUNDED_CURVE ( )  B_SPLINE_CURVE ( 3, ( #1840, #7742, #7698, #2310 ),
 .UNSPECIFIED., .F., .T. ) 
 B_SPLINE_CURVE_WITH_KNOTS ( ( 4, 4 ),
 ( 0.0000000000000000000, 1.570796326794896558 ),
 .UNSPECIFIED. ) 
 CURVE ( )  GEOMETRIC_REPRESENTATION_ITEM ( )  RATIONAL_B_SPLINE_CURVE ( ( 1.000000000000000000, 0.8047378541243649375, 0.8047378541243649375, 1.000000000000000000 ) ) 
 REPRESENTATION_ITEM ( '' )  );
#1246 = CARTESIAN_POINT ( 'NONE',  ( -32.11401384467411901, 8.369713140623288083, -3.530999999999912209 ) ) ;
#1247 = EDGE_LOOP ( 'NONE', ( #6136, #1993 ) ) ;
#1248 = ORIENTED_EDGE ( 'NONE', *, *, #7191, .T. ) ;
#1249 = ADVANCED_FACE ( 'NONE', ( #903 ), #5731, .T. ) ;
#1250 =( NAMED_UNIT ( * ) PLANE_ANGLE_UNIT ( ) SI_UNIT ( $, .RADIAN. ) );
#1251 = ORIENTED_EDGE ( 'NONE', *, *, #611, .F. ) ;
#1252 = SURFACE_STYLE_USAGE ( .BOTH. , #66 ) ;
#1253 = FILL_AREA_STYLE_COLOUR ( '', #7355 ) ;
#1254 = ADVANCED_FACE ( 'NONE', ( #3553 ), #3906, .T. ) ;
#1255 = FILL_AREA_STYLE ('',( #143 ) ) ;
#1256 = EDGE_CURVE ( 'NONE', #6012, #4436, #5680, .T. ) ;
#1257 = FACE_OUTER_BOUND ( 'NONE', #4301, .T. ) ;
#1258 =( LENGTH_UNIT ( ) NAMED_UNIT ( * ) SI_UNIT ( .MILLI., .METRE. ) );
#1259 = EDGE_LOOP ( 'NONE', ( #515, #6134, #3289, #2918 ) ) ;
#1260 = VECTOR ( 'NONE', #7506, 1000.000000000000000 ) ;
#1261 =( NAMED_UNIT ( * ) PLANE_ANGLE_UNIT ( ) SI_UNIT ( $, .RADIAN. ) );
#1262 = FILL_AREA_STYLE ('',( #3082 ) ) ;
#1263 = FILL_AREA_STYLE ('',( #3046 ) ) ;
#1264 = SURFACE_STYLE_USAGE ( .BOTH. , #4812 ) ;
#1265 = FACE_OUTER_BOUND ( 'NONE', #176, .T. ) ;
#1266 = ORIENTED_EDGE ( 'NONE', *, *, #4676, .T. ) ;
#1267 = DIRECTION ( 'NONE',  ( -0.0000000000000000000, -0.0000000000000000000, 1.000000000000000000 ) ) ;
#1268 =( LENGTH_UNIT ( ) NAMED_UNIT ( * ) SI_UNIT ( .MILLI., .METRE. ) );
#1269 =( NAMED_UNIT ( * ) PLANE_ANGLE_UNIT ( ) SI_UNIT ( $, .RADIAN. ) );
#1270 = DIRECTION ( 'NONE',  ( 0.0000000000000000000, 1.000000000000000000, 1.047444401652940007E-14 ) ) ;
#1271 = CARTESIAN_POINT ( 'NONE',  ( -29.45851990792611730, 6.032913140623286985, -1.244999999999911955 ) ) ;
#1272 = ORIENTED_EDGE ( 'NONE', *, *, #3653, .T. ) ;
#1273 = FILL_AREA_STYLE ('',( #1196 ) ) ;
#1274 = VERTEX_POINT ( 'NONE', #7129 ) ;
#1275 = PLANE ( 'NONE',  #6558 ) ;
#1276 = ORIENTED_EDGE ( 'NONE', *, *, #6631, .F. ) ;
#1277 = CARTESIAN_POINT ( 'NONE',  ( -47.58039062757602267, -14.00398703403564227, -0.2449999999999997735 ) ) ;
#1278 = CARTESIAN_POINT ( 'NONE',  ( -30.83651990792612452, 7.512513140623267915, -1.575199999999920664 ) ) ;
#1279 = DIRECTION ( 'NONE',  ( 0.0000000000000000000, 0.0000000000000000000, 1.000000000000000000 ) ) ;
#1280 = CIRCLE ( 'NONE', #1036, 1.000000000000000888 ) ;
#1281 = ORIENTED_EDGE ( 'NONE', *, *, #5960, .F. ) ;
#1282 = VERTEX_POINT ( 'NONE', #3382 ) ;
#1283 = DIRECTION ( 'NONE',  ( -0.0000000000000000000, -1.000000000000000000, -0.0000000000000000000 ) ) ;
#1284 = EDGE_LOOP ( 'NONE', ( #4698, #4616, #7155, #564, #4650, #894 ) ) ;
#1285 = DIRECTION ( 'NONE',  ( 1.000000000000000000, 0.0000000000000000000, 0.0000000000000000000 ) ) ;
#1286 = CARTESIAN_POINT ( 'NONE',  ( -37.63731990792611981, 6.032913140623263892, -1.244999999999930163 ) ) ;
#1287 = PRESENTATION_STYLE_ASSIGNMENT (( #2590 ) ) ;
#1288 = EDGE_CURVE ( 'NONE', #5092, #6886, #7628, .T. ) ;
#1289 = FACE_OUTER_BOUND ( 'NONE', #1992, .T. ) ;
#1290 = EDGE_CURVE ( 'NONE', #5181, #2742, #382, .T. ) ;
#1291 = CARTESIAN_POINT ( 'NONE',  ( -28.82731649811005781, -18.27407675507290818, -0.2449113037486423394 ) ) ;
#1292 = CARTESIAN_POINT ( 'NONE',  ( -45.82731649811005781, -13.42398703403564575, -1.254999999999999893 ) ) ;
#1293 = COLOUR_RGB ( '',0.0000000000000000000, 0.5019607843137254832, 1.000000000000000000 ) ;
#1294 = EDGE_CURVE ( 'NONE', #4006, #295, #4526, .T. ) ;
#1295 = ADVANCED_FACE ( 'NONE', ( #7578 ), #6321, .F. ) ;
#1296 = SURFACE_SIDE_STYLE ('',( #1886 ) ) ;
#1297 = PLANE ( 'NONE',  #5247 ) ;
#1298 = VECTOR ( 'NONE', #5243, 1000.000000000000000 ) ;
#1299 = EDGE_CURVE ( 'NONE', #281, #6904, #6651, .T. ) ;
#1300 = DIRECTION ( 'NONE',  ( 1.000000000000000000, -0.0000000000000000000, 0.0000000000000000000 ) ) ;
#1301 = ADVANCED_FACE ( 'NONE', ( #1783 ), #7763, .T. ) ;
#1302 = CARTESIAN_POINT ( 'NONE',  ( -38.35130966308334877, 6.995323385466003963, 1.472800000000072940 ) ) ;
#1303 = CARTESIAN_POINT ( 'NONE',  ( -36.11331990792611890, 6.032913140623267445, -1.575199999999911782 ) ) ;
#1304 = EDGE_LOOP ( 'NONE', ( #5421, #7250, #6950, #7370 ) ) ;
#1305 = PRESENTATION_LAYER_ASSIGNMENT (  '', '', ( #6327 ) ) ;
#1306 = VECTOR ( 'NONE', #5022, 1000.000000000000000 ) ;
#1307 = DIRECTION ( 'NONE',  ( 0.0000000000000000000, -1.000000000000000000, -1.047444401652940007E-14 ) ) ;
#1308 = CARTESIAN_POINT ( 'NONE',  ( -32.75411990792613182, 6.890113140623267185, -1.575199999999923994 ) ) ;
#1309 = CARTESIAN_POINT ( 'NONE',  ( -31.03331990792612061, 6.032913140623267445, -1.244999999999936158 ) ) ;
#1310 = CARTESIAN_POINT ( 'NONE',  ( -20.98039062757600703, -18.30398703403564298, -1.245000000000000107 ) ) ;
#1311 = PRESENTATION_STYLE_ASSIGNMENT (( #5483 ) ) ;
#1312 = MECHANICAL_DESIGN_GEOMETRIC_PRESENTATION_REPRESENTATION (  '', ( #4966 ), #4842 ) ;
#1313 = CARTESIAN_POINT ( 'NONE',  ( -37.83416990792612467, 7.512463140623346192, -9.267789755157151532 ) ) ;
#1314 = PRESENTATION_STYLE_ASSIGNMENT (( #1901 ) ) ;
#1315 = ORIENTED_EDGE ( 'NONE', *, *, #5610, .T. ) ;
#1316 = PLANE ( 'NONE',  #2815 ) ;
#1317 = EDGE_LOOP ( 'NONE', ( #2136, #2051, #6568, #535, #2743, #4670 ) ) ;
#1318 = CARTESIAN_POINT ( 'NONE',  ( -40.82734843295796168, -14.55623890451565927, 1.164972024612541235 ) ) ;
#1319 = VECTOR ( 'NONE', #7330, 1000.000000000000000 ) ;
#1320 = DIRECTION ( 'NONE',  ( -6.226573854905984859E-17, 1.000000000000000000, 0.0000000000000000000 ) ) ;
#1321 = PLANE ( 'NONE',  #3265 ) ;
#1322 = CARTESIAN_POINT ( 'NONE',  ( -38.20251990792611707, 7.258513140623235493, 1.472800000000076714 ) ) ;
#1323 = ORIENTED_EDGE ( 'NONE', *, *, #4016, .F. ) ;
#1324 = PRESENTATION_LAYER_ASSIGNMENT (  '', '', ( #1700 ) ) ;
#1325 = ORIENTED_EDGE ( 'NONE', *, *, #5304, .F. ) ;
#1326 = VECTOR ( 'NONE', #3718, 1000.000000000000000 ) ;
#1327 = DIRECTION ( 'NONE',  ( 0.0000000000000000000, 0.0000000000000000000, 1.000000000000000000 ) ) ;
#1328 = ORIENTED_EDGE ( 'NONE', *, *, #3042, .F. ) ;
#1329 = VECTOR ( 'NONE', #7139, 1000.000000000000000 ) ;
#1330 = CARTESIAN_POINT ( 'NONE',  ( -34.06742597117758464, 8.369713140623147751, -3.530999999999914873 ) ) ;
#1331 =( GEOMETRIC_REPRESENTATION_CONTEXT ( 3 ) GLOBAL_UNCERTAINTY_ASSIGNED_CONTEXT ( ( #2770 ) ) GLOBAL_UNIT_ASSIGNED_CONTEXT ( ( #7252, #7323, #5451 ) ) REPRESENTATION_CONTEXT ( 'NONE', 'WORKASPACE' ) );
#1332 = CARTESIAN_POINT ( 'NONE',  ( -27.82731649811005781, -3.003987034035643600, -1.245000000000000107 ) ) ;
#1333 =( NAMED_UNIT ( * ) PLANE_ANGLE_UNIT ( ) SI_UNIT ( $, .RADIAN. ) );
#1334 = CARTESIAN_POINT ( 'NONE',  ( -24.58039062757600846, -16.50398703403563871, -1.264999999999999902 ) ) ;
#1335 = FILL_AREA_STYLE_COLOUR ( '', #282 ) ;
#1336 = ORIENTED_EDGE ( 'NONE', *, *, #3263, .F. ) ;
#1337 =( LENGTH_UNIT ( ) NAMED_UNIT ( * ) SI_UNIT ( .MILLI., .METRE. ) );
#1338 = CARTESIAN_POINT ( 'NONE',  ( -28.82731649811005781, -17.34713668424583943, 0.6544084639867290276 ) ) ;
#1339 = PRESENTATION_LAYER_ASSIGNMENT (  '', '', ( #1844 ) ) ;
#1340 = EDGE_CURVE ( 'NONE', #7540, #6211, #6595, .T. ) ;
#1341 = DIRECTION ( 'NONE',  ( 0.0000000000000000000, 0.0000000000000000000, -1.000000000000000000 ) ) ;
#1342 = VECTOR ( 'NONE', #2371, 1000.000000000000000 ) ;
#1343 = EDGE_CURVE ( 'NONE', #5651, #7254, #6019, .T. ) ;
#1344 = CARTESIAN_POINT ( 'NONE',  ( -30.21411990792612556, 7.512513140623235053, 1.472800000000079601 ) ) ;
#1345 = STYLED_ITEM ( 'NONE', ( #587 ), #5570 ) ;
#1346 = EDGE_LOOP ( 'NONE', ( #1965, #373, #4677, #1912 ) ) ;
#1347 = EDGE_CURVE ( 'NONE', #1424, #2585, #6732, .T. ) ;
#1348 = UNCERTAINTY_MEASURE_WITH_UNIT (LENGTH_MEASURE( 1.000000000000000082E-05 ), #5967, 'distance_accuracy_value', 'NONE');
#1349 = SURFACE_STYLE_USAGE ( .BOTH. , #122 ) ;
#1350 = FACE_BOUND ( 'NONE', #987, .T. ) ;
#1351 = CARTESIAN_POINT ( 'NONE',  ( -27.82731649811005781, -18.30398703403564298, -0.2449999999999997735 ) ) ;
#1352 = EDGE_CURVE ( 'NONE', #6389, #6752, #3060, .T. ) ;
#1353 = VECTOR ( 'NONE', #5084, 1000.000000000000000 ) ;
#1354 = DIRECTION ( 'NONE',  ( 0.0000000000000000000, 0.0000000000000000000, 1.000000000000000000 ) ) ;
#1355 = ORIENTED_EDGE ( 'NONE', *, *, #3002, .F. ) ;
#1356 = EDGE_LOOP ( 'NONE', ( #3339, #6984, #3732, #1872 ) ) ;
#1357 = UNCERTAINTY_MEASURE_WITH_UNIT (LENGTH_MEASURE( 1.000000000000000082E-05 ), #7280, 'distance_accuracy_value', 'NONE');
#1358 = FILL_AREA_STYLE_COLOUR ( '', #2833 ) ;
#1359 =( LENGTH_UNIT ( ) NAMED_UNIT ( * ) SI_UNIT ( .MILLI., .METRE. ) );
#1360 = AXIS2_PLACEMENT_3D ( 'NONE', #7333, #7262, #5524 ) ;
#1361 =( BOUNDED_CURVE ( )  B_SPLINE_CURVE ( 3, ( #7158, #453, #491, #6455 ),
 .UNSPECIFIED., .F., .T. ) 
 B_SPLINE_CURVE_WITH_KNOTS ( ( 4, 4 ),
 ( 1.570796326794896558, 3.141592653589782902 ),
 .UNSPECIFIED. ) 
 CURVE ( )  GEOMETRIC_REPRESENTATION_ITEM ( )  RATIONAL_B_SPLINE_CURVE ( ( 1.000000000000000000, 0.8047378541243672689, 0.8047378541243672689, 1.000000000000000000 ) ) 
 REPRESENTATION_ITEM ( '' )  );
#1362 = PRESENTATION_STYLE_ASSIGNMENT (( #6740 ) ) ;
#1363 = CARTESIAN_POINT ( 'NONE',  ( -32.11401384467411191, 7.048913140622083517, -3.530999999999936634 ) ) ;
#1364 = ORIENTED_EDGE ( 'NONE', *, *, #3557, .T. ) ;
#1365 = ORIENTED_EDGE ( 'NONE', *, *, #5713, .T. ) ;
#1366 = SURFACE_SIDE_STYLE ('',( #6744 ) ) ;
#1367 = ORIENTED_EDGE ( 'NONE', *, *, #4685, .F. ) ;
#1368 = PLANE ( 'NONE',  #3455 ) ;
#1369 = DIRECTION ( 'NONE',  ( 0.0000000000000000000, 1.000000000000000000, 0.0000000000000000000 ) ) ;
#1370 = DIRECTION ( 'NONE',  ( 0.0000000000000000000, 1.024442997624095463E-14, -1.000000000000000000 ) ) ;
#1371 = DIRECTION ( 'NONE',  ( 1.000000000000000000, 0.0000000000000000000, 0.0000000000000000000 ) ) ;
#1372 = EDGE_LOOP ( 'NONE', ( #2196, #7664, #2732, #338 ) ) ;
#1373 = PLANE ( 'NONE',  #3546 ) ;
#1374 = CARTESIAN_POINT ( 'NONE',  ( -40.82734843295796168, -13.99920798140031053, 1.185155673769936469 ) ) ;
#1375 = CARTESIAN_POINT ( 'NONE',  ( -34.36071990792585495, 7.861713140623140639, -3.530999999999912209 ) ) ;
#1376 = DIRECTION ( 'NONE',  ( -0.0000000000000000000, -0.0000000000000000000, 1.000000000000000000 ) ) ;
#1377 = CARTESIAN_POINT ( 'NONE',  ( -34.65401384467418211, 6.032913140623315407, -3.530999999999933969 ) ) ;
#1378 = PRESENTATION_LAYER_ASSIGNMENT (  '', '', ( #2899 ) ) ;
#1379 = LINE ( 'NONE', #6163, #5126 ) ;
#1380 = ORIENTED_EDGE ( 'NONE', *, *, #7497, .F. ) ;
#1381 = DIRECTION ( 'NONE',  ( 1.000000000000000000, 0.0000000000000000000, 0.0000000000000000000 ) ) ;
#1382 = SURFACE_STYLE_USAGE ( .BOTH. , #3792 ) ;
#1383 = CARTESIAN_POINT ( 'NONE',  ( -21.58039062757600846, -9.643987034035646388, 1.255000000000000115 ) ) ;
#1384 = SURFACE_STYLE_USAGE ( .BOTH. , #3238 ) ;
#1385 = ADVANCED_FACE ( 'NONE', ( #95 ), #3763, .T. ) ;
#1386 = AXIS2_PLACEMENT_3D ( 'NONE', #4483, #3897, #6267 ) ;
#1387 = CARTESIAN_POINT ( 'NONE',  ( -33.37646990792612200, 7.512463140623287572, -3.530999999999921535 ) ) ;
#1388 = ORIENTED_EDGE ( 'NONE', *, *, #7018, .T. ) ;
#1389 = ORIENTED_EDGE ( 'NONE', *, *, #2739, .F. ) ;
#1390 = ADVANCED_FACE ( 'NONE', ( #3240 ), #6133, .F. ) ;
#1391 = EDGE_CURVE ( 'NONE', #107, #897, #1982, .T. ) ;
#1392 = SURFACE_STYLE_USAGE ( .BOTH. , #2017 ) ;
#1393 = SURFACE_SIDE_STYLE ('',( #2021 ) ) ;
#1394 = CARTESIAN_POINT ( 'NONE',  ( -38.45646990792611319, 6.890163140623321247, -9.118999999999928718 ) ) ;
#1395 = CARTESIAN_POINT ( 'NONE',  ( -34.33039062757600846, 9.556012965964352901, -1.245000000000000107 ) ) ;
#1396 = ORIENTED_EDGE ( 'NONE', *, *, #6182, .F. ) ;
#1397 = VERTEX_POINT ( 'NONE', #4983 ) ;
#1398 = EDGE_LOOP ( 'NONE', ( #3997, #5467 ) ) ;
#1399 = ORIENTED_EDGE ( 'NONE', *, *, #4776, .T. ) ;
#1400 = CARTESIAN_POINT ( 'NONE',  ( -35.54816990792612330, 7.258463140623347520, -9.372999999999921172 ) ) ;
#1401 = DIRECTION ( 'NONE',  ( 1.000000000000000000, 0.0000000000000000000, 0.0000000000000000000 ) ) ;
#1402 = CARTESIAN_POINT ( 'NONE',  ( -28.82731649811004360, -17.89028266360343267, -0.9463040803828748349 ) ) ;
#1403 = SURFACE_SIDE_STYLE ('',( #4380 ) ) ;
#1404 = CARTESIAN_POINT ( 'NONE',  ( -23.78039062757601130, -16.50398703403563871, -1.264999999999999902 ) ) ;
#1405 = ORIENTED_EDGE ( 'NONE', *, *, #4358, .F. ) ;
#1406 = FACE_OUTER_BOUND ( 'NONE', #2719, .T. ) ;
#1407 =( GEOMETRIC_REPRESENTATION_CONTEXT ( 3 ) GLOBAL_UNCERTAINTY_ASSIGNED_CONTEXT ( ( #6452 ) ) GLOBAL_UNIT_ASSIGNED_CONTEXT ( ( #1595, #1011, #1663 ) ) REPRESENTATION_CONTEXT ( 'NONE', 'WORKASPACE' ) );
#1408 = DIRECTION ( 'NONE',  ( 1.000000000000000000, 1.309225264888156130E-16, -0.0000000000000000000 ) ) ;
#1409 = DIRECTION ( 'NONE',  ( -1.801374326040298222E-16, 1.000000000000000000, -0.0000000000000000000 ) ) ;
#1410 = MECHANICAL_DESIGN_GEOMETRIC_PRESENTATION_REPRESENTATION (  '', ( #5810 ), #3062 ) ;
#1411 = VECTOR ( 'NONE', #2000, 1000.000000000000000 ) ;
#1412 = VERTEX_POINT ( 'NONE', #7404 ) ;
#1413 = CARTESIAN_POINT ( 'NONE',  ( -40.82731649811009333, -18.27155679741174765, -0.3655902959306274735 ) ) ;
#1414 = ORIENTED_EDGE ( 'NONE', *, *, #4902, .F. ) ;
#1415 = CARTESIAN_POINT ( 'NONE',  ( -28.82731649811005781, -18.25679195885846795, -0.4738175444318649121 ) ) ;
#1416 = CARTESIAN_POINT ( 'NONE',  ( -30.21411990792612556, 6.890113140623237875, 1.218800000000072270 ) ) ;
#1417 = FACE_OUTER_BOUND ( 'NONE', #3362, .T. ) ;
#1418 = VECTOR ( 'NONE', #497, 1000.000000000000000 ) ;
#1419 = PRESENTATION_STYLE_ASSIGNMENT (( #1464 ) ) ;
#1420 =( NAMED_UNIT ( * ) PLANE_ANGLE_UNIT ( ) SI_UNIT ( $, .RADIAN. ) );
#1421 = VECTOR ( 'NONE', #6486, 1000.000000000000114 ) ;
#1422 = PRESENTATION_LAYER_ASSIGNMENT (  '', '', ( #2308 ) ) ;
#1423 =( NAMED_UNIT ( * ) PLANE_ANGLE_UNIT ( ) SI_UNIT ( $, .RADIAN. ) );
#1424 = VERTEX_POINT ( 'NONE', #1387 ) ;
#1425 = ORIENTED_EDGE ( 'NONE', *, *, #2890, .F. ) ;
#1426 = FILL_AREA_STYLE ('',( #3365 ) ) ;
#1427 = FILL_AREA_STYLE_COLOUR ( '', #3208 ) ;
#1428 = AXIS2_PLACEMENT_3D ( 'NONE', #5427, #3962, #5747 ) ;
#1429 = EDGE_CURVE ( 'NONE', #5185, #5047, #2646, .T. ) ;
#1430 = COLOUR_RGB ( '',0.0000000000000000000, 0.0000000000000000000, 0.0000000000000000000 ) ;
#1431 = CARTESIAN_POINT ( 'NONE',  ( -45.88039062757600561, 7.056012965964359118, -0.2349999999999997369 ) ) ;
#1432 = CARTESIAN_POINT ( 'NONE',  ( -34.06742597117768412, 7.048913140623040086, -3.530999999999931305 ) ) ;
#1433 = EDGE_CURVE ( 'NONE', #6704, #631, #3203, .T. ) ;
#1434 = CYLINDRICAL_SURFACE ( 'NONE', #4189, 1.000000000000000888 ) ;
#1435 = EDGE_CURVE ( 'NONE', #5075, #7461, #6301, .T. ) ;
#1436 = ORIENTED_EDGE ( 'NONE', *, *, #4108, .F. ) ;
#1437 = EDGE_LOOP ( 'NONE', ( #3977, #3599, #591, #1213, #4858, #1646, #128, #4604, #6081, #7729, #7579, #7488, #1439, #5033, #1448, #5552, #211, #1020 ) ) ;
#1438 = PRESENTATION_LAYER_ASSIGNMENT (  '', '', ( #4226 ) ) ;
#1439 = ORIENTED_EDGE ( 'NONE', *, *, #2252, .T. ) ;
#1440 = EDGE_LOOP ( 'NONE', ( #6995, #4357, #5311, #7011 ) ) ;
#1441 = EDGE_CURVE ( 'NONE', #1665, #3484, #208, .T. ) ;
#1442 = DIRECTION ( 'NONE',  ( 1.000000000000000000, 0.0000000000000000000, 0.0000000000000000000 ) ) ;
#1443 = EDGE_CURVE ( 'NONE', #2248, #4547, #5023, .T. ) ;
#1444 = LINE ( 'NONE', #6319, #5639 ) ;
#1445 = VECTOR ( 'NONE', #6410, 1000.000000000000000 ) ;
#1446 = EDGE_CURVE ( 'NONE', #3403, #2785, #5625, .T. ) ;
#1447 = FACE_OUTER_BOUND ( 'NONE', #6313, .T. ) ;
#1448 = ORIENTED_EDGE ( 'NONE', *, *, #4964, .T. ) ;
#1449 = VECTOR ( 'NONE', #2616, 1000.000000000000000 ) ;
#1450 = ORIENTED_EDGE ( 'NONE', *, *, #6512, .T. ) ;
#1451 = CARTESIAN_POINT ( 'NONE',  ( -33.56039062757600533, 7.206012965964358585, -1.245000000000000107 ) ) ;
#1452 = VECTOR ( 'NONE', #3884, 1000.000000000000000 ) ;
#1453 = CIRCLE ( 'NONE', #2461, 1.800000000000002931 ) ;
#1454 = CARTESIAN_POINT ( 'NONE',  ( -30.46816990792611790, 7.258463140623347520, -9.372999999999922949 ) ) ;
#1455 = CARTESIAN_POINT ( 'NONE',  ( -37.63731990792611981, 8.369713140623266767, -1.575199999999923994 ) ) ;
#1456 = DIRECTION ( 'NONE',  ( -1.000000000000000000, -1.299418334065024133E-16, 0.0000000000000000000 ) ) ;
#1457 = AXIS2_PLACEMENT_3D ( 'NONE', #5079, #6278, #1021 ) ;
#1458 = EDGE_LOOP ( 'NONE', ( #2285, #223, #647, #4899 ) ) ;
#1459 = ORIENTED_EDGE ( 'NONE', *, *, #7544, .T. ) ;
#1460 = CARTESIAN_POINT ( 'NONE',  ( -40.82731649811006491, -18.28388708950198804, -0.2449552275043981875 ) ) ;
#1461 = DIRECTION ( 'NONE',  ( 0.0000000000000000000, -1.000000000000000000, -1.047444401652940007E-14 ) ) ;
#1462 = CARTESIAN_POINT ( 'NONE',  ( -30.46811990792611979, 7.258513140623235493, 1.472800000000077159 ) ) ;
#1463 = CIRCLE ( 'NONE', #6602, 1.799999999999999600 ) ;
#1464 = SURFACE_STYLE_USAGE ( .BOTH. , #3793 ) ;
#1465 = COLOUR_RGB ( '',0.0000000000000000000, 0.0000000000000000000, 0.0000000000000000000 ) ;
#1466 = SURFACE_STYLE_FILL_AREA ( #241 ) ;
#1467 = DIRECTION ( 'NONE',  ( 1.000000000000000000, 0.0000000000000000000, -0.0000000000000000000 ) ) ;
#1468 = VERTEX_POINT ( 'NONE', #5662 ) ;
#1469 = CIRCLE ( 'NONE', #5864, 1.000000000000000888 ) ;
#1470 = ORIENTED_EDGE ( 'NONE', *, *, #5193, .F. ) ;
#1471 =( NAMED_UNIT ( * ) SI_UNIT ( $, .STERADIAN. ) SOLID_ANGLE_UNIT ( ) );
#1472 = SURFACE_STYLE_USAGE ( .BOTH. , #4478 ) ;
#1473 = SURFACE_STYLE_FILL_AREA ( #6228 ) ;
#1474 = SURFACE_SIDE_STYLE ('',( #7494 ) ) ;
#1475 = CARTESIAN_POINT ( 'NONE',  ( -39.21211990792613022, 7.201313140623263997, -1.244999999999924167 ) ) ;
#1476 = ORIENTED_EDGE ( 'NONE', *, *, #7253, .F. ) ;
#1477 = ORIENTED_EDGE ( 'NONE', *, *, #3862, .F. ) ;
#1478 = ORIENTED_EDGE ( 'NONE', *, *, #6881, .T. ) ;
#1479 = DIRECTION ( 'NONE',  ( -1.299418334065024133E-16, 1.000000000000000000, 0.0000000000000000000 ) ) ;
#1480 = DIRECTION ( 'NONE',  ( 0.0000000000000000000, 0.0000000000000000000, -1.000000000000000000 ) ) ;
#1481 =( NAMED_UNIT ( * ) PLANE_ANGLE_UNIT ( ) SI_UNIT ( $, .RADIAN. ) );
#1482 = LINE ( 'NONE', #343, #4683 ) ;
#1483 = VERTEX_POINT ( 'NONE', #280 ) ;
#1484 = EDGE_CURVE ( 'NONE', #4089, #4870, #3872, .T. ) ;
#1485 = FILL_AREA_STYLE_COLOUR ( '', #1709 ) ;
#1486 = CARTESIAN_POINT ( 'NONE',  ( -45.88039062757600561, 7.056012965964359118, -0.2449999999999997735 ) ) ;
#1487 = CARTESIAN_POINT ( 'NONE',  ( -28.82731649811005781, -18.17589249420970887, 0.03398883565037071758 ) ) ;
#1488 = EDGE_CURVE ( 'NONE', #2362, #957, #205, .T. ) ;
#1489 = LINE ( 'NONE', #4387, #7251 ) ;
#1490 = LINE ( 'NONE', #3877, #5693 ) ;
#1491 =( LENGTH_UNIT ( ) NAMED_UNIT ( * ) SI_UNIT ( .MILLI., .METRE. ) );
#1492 = LINE ( 'NONE', #3916, #6172 ) ;
#1493 = ORIENTED_EDGE ( 'NONE', *, *, #4964, .F. ) ;
#1494 = CARTESIAN_POINT ( 'NONE',  ( -46.88039062757600561, -16.50398703403563871, -1.264999999999999902 ) ) ;
#1495 = ORIENTED_EDGE ( 'NONE', *, *, #4813, .T. ) ;
#1496 = CARTESIAN_POINT ( 'NONE',  ( -32.55731990792611441, 6.890113140623267185, -1.575199999999927547 ) ) ;
#1497 = CARTESIAN_POINT ( 'NONE',  ( -38.65331990792612515, 7.201313140623263997, -1.244999999999924167 ) ) ;
#1498 = CARTESIAN_POINT ( 'NONE',  ( -36.60742597117767616, 8.369713140623208147, -3.530999999999912209 ) ) ;
#1499 = CARTESIAN_POINT ( 'NONE',  ( -45.88039062757600561, 7.056012965964359118, -1.264999999999999902 ) ) ;
#1500 = FILL_AREA_STYLE ('',( #5097 ) ) ;
#1501 = CARTESIAN_POINT ( 'NONE',  ( -29.45851990792611730, 8.369713140623288083, -3.530999999999912209 ) ) ;
#1502 = EDGE_LOOP ( 'NONE', ( #4937, #3373, #7145, #4300, #5520, #2443 ) ) ;
#1503 = COLOUR_RGB ( '',0.0000000000000000000, 0.0000000000000000000, 0.0000000000000000000 ) ;
#1504 = ORIENTED_EDGE ( 'NONE', *, *, #860, .F. ) ;
#1505 = CARTESIAN_POINT ( 'NONE',  ( -29.82736094035740138, -18.29409031937256103, -0.2464335406786998528 ) ) ;
#1506 =( LENGTH_UNIT ( ) NAMED_UNIT ( * ) SI_UNIT ( .MILLI., .METRE. ) );
#1507 =( NAMED_UNIT ( * ) PLANE_ANGLE_UNIT ( ) SI_UNIT ( $, .RADIAN. ) );
#1508 = SURFACE_STYLE_USAGE ( .BOTH. , #1474 ) ;
#1509 = CARTESIAN_POINT ( 'NONE',  ( -35.60039062757600448, 7.206012965964358585, -1.245000000000000107 ) ) ;
#1510 = CARTESIAN_POINT ( 'NONE',  ( -40.82734843295796168, -18.27407675507290818, -0.2449113037486423394 ) ) ;
#1511 = ORIENTED_EDGE ( 'NONE', *, *, #4013, .F. ) ;
#1512 = ORIENTED_EDGE ( 'NONE', *, *, #3864, .T. ) ;
#1513 = DIRECTION ( 'NONE',  ( 0.0000000000000000000, 0.0000000000000000000, 1.000000000000000000 ) ) ;
#1514 = ORIENTED_EDGE ( 'NONE', *, *, #5435, .F. ) ;
#1515 = PRESENTATION_STYLE_ASSIGNMENT (( #6905 ) ) ;
#1516 = B_SPLINE_CURVE_WITH_KNOTS ( 'NONE', 3,
 ( #1753, #529, #6535, #6465 ),
 .UNSPECIFIED., .F., .F.,
 ( 4, 4 ),
 ( 0.0000000000000000000, 1.000000000000000000 ),
 .UNSPECIFIED. ) ;
#1517 =( NAMED_UNIT ( * ) PLANE_ANGLE_UNIT ( ) SI_UNIT ( $, .RADIAN. ) );
#1518 = SURFACE_STYLE_USAGE ( .BOTH. , #5188 ) ;
#1519 = CYLINDRICAL_SURFACE ( 'NONE', #7168, 0.2539999999999972835 ) ;
#1520 = VECTOR ( 'NONE', #3078, 1000.000000000000000 ) ;
#1521 = ORIENTED_EDGE ( 'NONE', *, *, #5724, .F. ) ;
#1522 = ORIENTED_EDGE ( 'NONE', *, *, #6770, .T. ) ;
#1523 = DIRECTION ( 'NONE',  ( 1.000000000000000000, 0.0000000000000000000, 0.0000000000000000000 ) ) ;
#1524 = DIRECTION ( 'NONE',  ( -0.0000000000000000000, -1.000000000000000000, 0.0000000000000000000 ) ) ;
#1525 = CARTESIAN_POINT ( 'NONE',  ( -47.58039062757602267, 5.256012965964357520, 1.205000000000000071 ) ) ;
#1526 = SURFACE_STYLE_USAGE ( .BOTH. , #3992 ) ;
#1527 = DIRECTION ( 'NONE',  ( -0.0000000000000000000, -1.000000000000000000, -0.0000000000000000000 ) ) ;
#1528 = EDGE_CURVE ( 'NONE', #7379, #5213, #580, .T. ) ;
#1529 = ORIENTED_EDGE ( 'NONE', *, *, #7018, .F. ) ;
#1530 = EDGE_CURVE ( 'NONE', #7066, #7407, #3508, .T. ) ;
#1531 =( GEOMETRIC_REPRESENTATION_CONTEXT ( 3 ) GLOBAL_UNCERTAINTY_ASSIGNED_CONTEXT ( ( #1657 ) ) GLOBAL_UNIT_ASSIGNED_CONTEXT ( ( #7498, #4166, #7725 ) ) REPRESENTATION_CONTEXT ( 'NONE', 'WORKASPACE' ) );
#1532 = CARTESIAN_POINT ( 'NONE',  ( -35.39933015276888995, 6.995323385466003074, 1.472800000000072940 ) ) ;
#1533 = ORIENTED_EDGE ( 'NONE', *, *, #6040, .T. ) ;
#1534 = FACE_OUTER_BOUND ( 'NONE', #6840, .T. ) ;
#1535 = EDGE_CURVE ( 'NONE', #2456, #4506, #2284, .T. ) ;
#1536 = FACE_OUTER_BOUND ( 'NONE', #5513, .T. ) ;
#1537 = EDGE_CURVE ( 'NONE', #2418, #6952, #2329, .T. ) ;
#1538 =( LENGTH_UNIT ( ) NAMED_UNIT ( * ) SI_UNIT ( .MILLI., .METRE. ) );
#1539 = FACE_BOUND ( 'NONE', #3929, .T. ) ;
#1540 = VECTOR ( 'NONE', #3871, 1000.000000000000000 ) ;
#1541 = EDGE_CURVE ( 'NONE', #808, #1951, #6975, .T. ) ;
#1542 = ORIENTED_EDGE ( 'NONE', *, *, #7402, .F. ) ;
#1543 = COLOUR_RGB ( '',0.0000000000000000000, 0.0000000000000000000, 0.0000000000000000000 ) ;
#1544 = VERTEX_POINT ( 'NONE', #1583 ) ;
#1545 = LINE ( 'NONE', #3969, #1551 ) ;
#1546 = MECHANICAL_DESIGN_GEOMETRIC_PRESENTATION_REPRESENTATION (  '', ( #285 ), #6813 ) ;
#1547 = CARTESIAN_POINT ( 'NONE',  ( -32.75411990792613182, 6.890113140623235211, 1.472800000000072718 ) ) ;
#1548 = DIRECTION ( 'NONE',  ( 0.0000000000000000000, 0.0000000000000000000, 1.000000000000000000 ) ) ;
#1549 = LINE ( 'NONE', #1008, #4388 ) ;
#1550 =( NAMED_UNIT ( * ) SI_UNIT ( $, .STERADIAN. ) SOLID_ANGLE_UNIT ( ) );
#1551 = VECTOR ( 'NONE', #6349, 1000.000000000000000 ) ;
#1552 = AXIS2_PLACEMENT_3D ( 'NONE', #4471, #2729, #3925 ) ;
#1553 = FACE_OUTER_BOUND ( 'NONE', #5742, .T. ) ;
#1554 = ORIENTED_EDGE ( 'NONE', *, *, #4920, .T. ) ;
#1555 = ORIENTED_EDGE ( 'NONE', *, *, #6041, .F. ) ;
#1556 = ORIENTED_EDGE ( 'NONE', *, *, #7591, .F. ) ;
#1557 = AXIS2_PLACEMENT_3D ( 'NONE', #7722, #2336, #1745 ) ;
#1558 = LINE ( 'NONE', #3863, #892 ) ;
#1559 = DIRECTION ( 'NONE',  ( 1.000000000000000000, 0.0000000000000000000, 0.0000000000000000000 ) ) ;
#1560 = FACE_OUTER_BOUND ( 'NONE', #5227, .T. ) ;
#1561 = ORIENTED_EDGE ( 'NONE', *, *, #5114, .T. ) ;
#1562 = MECHANICAL_DESIGN_GEOMETRIC_PRESENTATION_REPRESENTATION (  '', ( #4226 ), #3453 ) ;
#1563 = EDGE_LOOP ( 'NONE', ( #3567, #1425, #2238, #4865 ) ) ;
#1564 = FACE_OUTER_BOUND ( 'NONE', #1748, .T. ) ;
#1565 = VECTOR ( 'NONE', #2866, 1000.000000000000000 ) ;
#1566 = STYLED_ITEM ( 'NONE', ( #5997 ), #574 ) ;
#1567 = PRESENTATION_STYLE_ASSIGNMENT (( #4572 ) ) ;
#1568 = AXIS2_PLACEMENT_3D ( 'NONE', #5965, #6543, #2426 ) ;
#1569 = PRESENTATION_STYLE_ASSIGNMENT (( #1526 ) ) ;
#1570 =( LENGTH_UNIT ( ) NAMED_UNIT ( * ) SI_UNIT ( .MILLI., .METRE. ) );
#1571 = ORIENTED_EDGE ( 'NONE', *, *, #2257, .F. ) ;
#1572 = LINE ( 'NONE', #1689, #5981 ) ;
#1573 = AXIS2_PLACEMENT_3D ( 'NONE', #918, #5655, #2798 ) ;
#1574 = ORIENTED_EDGE ( 'NONE', *, *, #4395, .T. ) ;
#1575 = FACE_OUTER_BOUND ( 'NONE', #2118, .T. ) ;
#1576 = CARTESIAN_POINT ( 'NONE',  ( -30.52039062757600618, 7.206012965964358585, -0.2449999999999997735 ) ) ;
#1577 = EDGE_CURVE ( 'NONE', #6221, #354, #4123, .T. ) ;
#1578 = DIRECTION ( 'NONE',  ( -1.000000000000000000, 0.0000000000000000000, 0.0000000000000000000 ) ) ;
#1579 = FACE_OUTER_BOUND ( 'NONE', #4263, .T. ) ;
#1580 =( GEOMETRIC_REPRESENTATION_CONTEXT ( 3 ) GLOBAL_UNCERTAINTY_ASSIGNED_CONTEXT ( ( #5063 ) ) GLOBAL_UNIT_ASSIGNED_CONTEXT ( ( #4790, #4245, #5411 ) ) REPRESENTATION_CONTEXT ( 'NONE', 'WORKASPACE' ) );
#1581 = COLOUR_RGB ( '',0.0000000000000000000, 0.0000000000000000000, 0.0000000000000000000 ) ;
#1582 = EDGE_CURVE ( 'NONE', #4847, #2665, #1463, .T. ) ;
#1583 = CARTESIAN_POINT ( 'NONE',  ( -27.82731649811005781, -11.62398703403564149, 1.205000000000000071 ) ) ;
#1584 = ORIENTED_EDGE ( 'NONE', *, *, #824, .F. ) ;
#1585 = EDGE_LOOP ( 'NONE', ( #3899, #3831, #4329, #2981 ) ) ;
#1586 = FACE_BOUND ( 'NONE', #2541, .T. ) ;
#1587 = COLOUR_RGB ( '',0.0000000000000000000, 0.5019607843137254832, 1.000000000000000000 ) ;
#1588 = CYLINDRICAL_SURFACE ( 'NONE', #3460, 1.000000000000000888 ) ;
#1589 = EDGE_CURVE ( 'NONE', #3282, #7407, #4636, .T. ) ;
#1590 = EDGE_CURVE ( 'NONE', #7339, #5592, #7083, .T. ) ;
#1591 = CARTESIAN_POINT ( 'NONE',  ( -31.03331990792612061, 6.032913140623267445, -1.575199999999936429 ) ) ;
#1592 = LINE ( 'NONE', #4644, #2574 ) ;
#1593 = CARTESIAN_POINT ( 'NONE',  ( -47.68039062757600988, -18.30398703403564653, -1.245000000000000107 ) ) ;
#1594 = MECHANICAL_DESIGN_GEOMETRIC_PRESENTATION_REPRESENTATION (  '', ( #3223 ), #1218 ) ;
#1595 =( LENGTH_UNIT ( ) NAMED_UNIT ( * ) SI_UNIT ( .MILLI., .METRE. ) );
#1596 = ORIENTED_EDGE ( 'NONE', *, *, #3860, .F. ) ;
#1597 = VERTEX_POINT ( 'NONE', #7120 ) ;
#1598 = CARTESIAN_POINT ( 'NONE',  ( -33.37651990792611656, 7.512513140623235053, 1.472800000000079601 ) ) ;
#1599 = ORIENTED_EDGE ( 'NONE', *, *, #1343, .T. ) ;
#1600 = CARTESIAN_POINT ( 'NONE',  ( -34.06742597117768412, 6.032913140623315407, -3.530999999999933969 ) ) ;
#1601 = VECTOR ( 'NONE', #2714, 1000.000000000000000 ) ;
#1602 = DIRECTION ( 'NONE',  ( 0.0000000000000000000, 0.0000000000000000000, -1.000000000000000000 ) ) ;
#1603 = CARTESIAN_POINT ( 'NONE',  ( -32.11401384467409770, 6.032913140623263892, -1.244999999999936158 ) ) ;
#1604 = B_SPLINE_CURVE_WITH_KNOTS ( 'NONE', 1,
 ( #5321, #5823 ),
 .UNSPECIFIED., .F., .F.,
 ( 2, 2 ),
 ( 0.0000000000000000000, 1.000000000000000000 ),
 .UNSPECIFIED. ) ;
#1605 = SURFACE_STYLE_FILL_AREA ( #2752 ) ;
#1606 = ORIENTED_EDGE ( 'NONE', *, *, #7782, .T. ) ;
#1607 = CIRCLE ( 'NONE', #1229, 0.5000000000000004441 ) ;
#1608 = DIRECTION ( 'NONE',  ( 1.000000000000000000, 0.0000000000000000000, 0.0000000000000000000 ) ) ;
#1609 = VECTOR ( 'NONE', #5312, 1000.000000000000000 ) ;
#1610 =( BOUNDED_CURVE ( )  B_SPLINE_CURVE ( 3, ( #161, #2568, #2680, #7487 ),
 .UNSPECIFIED., .F., .T. ) 
 B_SPLINE_CURVE_WITH_KNOTS ( ( 4, 4 ),
 ( 1.570796326794896558, 3.141592653589782902 ),
 .UNSPECIFIED. ) 
 CURVE ( )  GEOMETRIC_REPRESENTATION_ITEM ( )  RATIONAL_B_SPLINE_CURVE ( ( 1.000000000000000000, 0.8047378541243672689, 0.8047378541243672689, 1.000000000000000000 ) ) 
 REPRESENTATION_ITEM ( '' )  );
#1611 = CARTESIAN_POINT ( 'NONE',  ( -38.65331990792612515, 8.369713140623266767, -1.575199999999911560 ) ) ;
#1612 = ORIENTED_EDGE ( 'NONE', *, *, #5203, .F. ) ;
#1613 = DIRECTION ( 'NONE',  ( 1.000000000000000000, 0.0000000000000000000, 0.0000000000000000000 ) ) ;
#1614 = CARTESIAN_POINT ( 'NONE',  ( -36.60742597117810959, 6.032913140623307413, -3.530999999999936634 ) ) ;
#1615 = PLANE ( 'NONE',  #6351 ) ;
#1616 = DIRECTION ( 'NONE',  ( -1.000000000000000000, 0.0000000000000000000, 0.0000000000000000000 ) ) ;
#1617 = FILL_AREA_STYLE_COLOUR ( '', #6858 ) ;
#1618 = CARTESIAN_POINT ( 'NONE',  ( -21.78039062757600774, -16.50398703403563871, -1.264999999999999902 ) ) ;
#1619 = VERTEX_POINT ( 'NONE', #3361 ) ;
#1620 = FILL_AREA_STYLE ('',( #1358 ) ) ;
#1621 = DIRECTION ( 'NONE',  ( -1.000000000000000000, 0.0000000000000000000, 0.0000000000000000000 ) ) ;
#1622 = EDGE_CURVE ( 'NONE', #2270, #4063, #7046, .T. ) ;
#1623 = FILL_AREA_STYLE_COLOUR ( '', #989 ) ;
#1624 = LINE ( 'NONE', #5299, #4816 ) ;
#1625 = ORIENTED_EDGE ( 'NONE', *, *, #3538, .T. ) ;
#1626 = VECTOR ( 'NONE', #6178, 1000.000000000000000 ) ;
#1627 = ADVANCED_FACE ( 'NONE', ( #6376 ), #7646, .F. ) ;
#1628 = EDGE_LOOP ( 'NONE', ( #2824, #6742, #883, #5442 ) ) ;
#1629 = ADVANCED_FACE ( 'NONE', ( #1003 ), #6346, .T. ) ;
#1630 = VERTEX_POINT ( 'NONE', #5402 ) ;
#1631 = CARTESIAN_POINT ( 'NONE',  ( -40.82731649811006491, -16.30398703403564653, -0.2449552275043981875 ) ) ;
#1632 = CARTESIAN_POINT ( 'NONE',  ( -31.52742597117762102, 8.369713140623288083, -3.530999999999912209 ) ) ;
#1633 = EDGE_CURVE ( 'NONE', #4417, #2659, #4313, .T. ) ;
#1634 = PRODUCT_DEFINITION_FORMATION_WITH_SPECIFIED_SOURCE ( 'ANY', '', #1066, .NOT_KNOWN. ) ;
#1635 = FACE_BOUND ( 'NONE', #601, .T. ) ;
#1636 = DIRECTION ( 'NONE',  ( 1.000000000000000000, 0.0000000000000000000, 0.0000000000000000000 ) ) ;
#1637 = ORIENTED_EDGE ( 'NONE', *, *, #2146, .T. ) ;
#1638 = ORIENTED_EDGE ( 'NONE', *, *, #2550, .F. ) ;
#1639 =( NAMED_UNIT ( * ) PLANE_ANGLE_UNIT ( ) SI_UNIT ( $, .RADIAN. ) );
#1640 = DIRECTION ( 'NONE',  ( 0.0000000000000000000, -0.0000000000000000000, 1.000000000000000000 ) ) ;
#1641 = CARTESIAN_POINT ( 'NONE',  ( -28.82731649811005781, -17.69795780918340000, -1.051763686027078482 ) ) ;
#1642 = CARTESIAN_POINT ( 'NONE',  ( -35.54816990792612330, 7.201313140623350151, -9.372999999999919396 ) ) ;
#1643 = FACE_BOUND ( 'NONE', #5538, .T. ) ;
#1644 = MANIFOLD_SOLID_BREP ( 'User Library-Header 4 Vertical-2-solid1', #1044 ) ;
#1645 = DIRECTION ( 'NONE',  ( 1.000000000000000000, 0.0000000000000000000, 0.0000000000000000000 ) ) ;
#1646 = ORIENTED_EDGE ( 'NONE', *, *, #1914, .T. ) ;
#1647 =( NAMED_UNIT ( * ) SI_UNIT ( $, .STERADIAN. ) SOLID_ANGLE_UNIT ( ) );
#1648 = ORIENTED_EDGE ( 'NONE', *, *, #6775, .T. ) ;
#1649 = VECTOR ( 'NONE', #688, 1000.000000000000000 ) ;
#1650 = DIRECTION ( 'NONE',  ( 0.0000000000000000000, -1.047444401652940007E-14, 1.000000000000000000 ) ) ;
#1651 = CARTESIAN_POINT ( 'NONE',  ( -38.14039062757601073, 7.206012965964358585, -1.266000000000000014 ) ) ;
#1652 = CARTESIAN_POINT ( 'NONE',  ( -41.82731649811005781, -12.62398703403564149, 1.215000000000000080 ) ) ;
#1653 = FACE_OUTER_BOUND ( 'NONE', #4929, .T. ) ;
#1654 = DIRECTION ( 'NONE',  ( 0.8660254037844385966, 0.5000000000000001110, 5.237222008264701611E-15 ) ) ;
#1655 = ORIENTED_EDGE ( 'NONE', *, *, #195, .T. ) ;
#1656 = ORIENTED_EDGE ( 'NONE', *, *, #7443, .F. ) ;
#1657 = UNCERTAINTY_MEASURE_WITH_UNIT (LENGTH_MEASURE( 1.000000000000000082E-05 ), #7498, 'distance_accuracy_value', 'NONE');
#1658 = CARTESIAN_POINT ( 'NONE',  ( -44.88039062757600561, 7.056012965964359118, -1.264999999999999902 ) ) ;
#1659 = PRESENTATION_LAYER_ASSIGNMENT (  '', '', ( #6430 ) ) ;
#1660 = CARTESIAN_POINT ( 'NONE',  ( -30.52039062757600618, 7.206012965964358585, -1.266000000000000014 ) ) ;
#1661 = CARTESIAN_POINT ( 'NONE',  ( -34.33039062757600846, -3.003987034035643600, -1.254999999999999893 ) ) ;
#1662 =( NAMED_UNIT ( * ) SI_UNIT ( $, .STERADIAN. ) SOLID_ANGLE_UNIT ( ) );
#1663 =( NAMED_UNIT ( * ) SI_UNIT ( $, .STERADIAN. ) SOLID_ANGLE_UNIT ( ) );
#1664 = ORIENTED_EDGE ( 'NONE', *, *, #5715, .F. ) ;
#1665 = VERTEX_POINT ( 'NONE', #1227 ) ;
#1666 = LINE ( 'NONE', #5413, #3686 ) ;
#1667 = ORIENTED_EDGE ( 'NONE', *, *, #7268, .T. ) ;
#1668 = CARTESIAN_POINT ( 'NONE',  ( -21.58039062757600846, 4.756012965964352190, 1.255000000000000115 ) ) ;
#1669 = VECTOR ( 'NONE', #1180, 1000.000000000000000 ) ;
#1670 = FILL_AREA_STYLE_COLOUR ( '', #847 ) ;
#1671 = EDGE_CURVE ( 'NONE', #4637, #5779, #2522, .T. ) ;
#1672 = CARTESIAN_POINT ( 'NONE',  ( -37.93933015276888909, 6.995323385466001298, 1.472800000000072940 ) ) ;
#1673 = DIRECTION ( 'NONE',  ( -1.000000000000000000, 0.0000000000000000000, 0.0000000000000000000 ) ) ;
#1674 = ORIENTED_EDGE ( 'NONE', *, *, #6300, .T. ) ;
#1675 = B_SPLINE_CURVE_WITH_KNOTS ( 'NONE', 3,
 ( #15, #69, #7272, #6633, #2476, #1402, #4305, #6152, #185, #1880 ),
 .UNSPECIFIED., .F., .F.,
 ( 4, 2, 2, 2, 4 ),
 ( 0.0000000000000000000, 0.0003067810426397035110, 0.0006135620852794070219, 0.001227124170558814044, 0.002454250744826913522 ),
 .UNSPECIFIED. ) ;
#1676 = ORIENTED_EDGE ( 'NONE', *, *, #135, .F. ) ;
#1677 = STYLED_ITEM ( 'NONE', ( #5507 ), #7144 ) ;
#1678 = EDGE_CURVE ( 'NONE', #6251, #843, #1738, .T. ) ;
#1679 = COLOUR_RGB ( '',0.6470588235294117974, 0.6196078431372549211, 0.5882352941176470784 ) ;
#1680 = ADVANCED_FACE ( 'NONE', ( #3050, #1145 ), #5933, .T. ) ;
#1681 = CIRCLE ( 'NONE', #2686, 1.800000000000002931 ) ;
#1682 = CARTESIAN_POINT ( 'NONE',  ( -40.82733246553401329, -18.28388708950198449, -0.2449552275043976879 ) ) ;
#1683 = PLANE ( 'NONE',  #1568 ) ;
#1684 = EDGE_CURVE ( 'NONE', #2166, #1710, #4781, .T. ) ;
#1685 = DIRECTION ( 'NONE',  ( 0.0000000000000000000, 0.0000000000000000000, -1.000000000000000000 ) ) ;
#1686 =( GEOMETRIC_REPRESENTATION_CONTEXT ( 3 ) GLOBAL_UNCERTAINTY_ASSIGNED_CONTEXT ( ( #4212 ) ) GLOBAL_UNIT_ASSIGNED_CONTEXT ( ( #5194, #2191, #4066 ) ) REPRESENTATION_CONTEXT ( 'NONE', 'WORKASPACE' ) );
#1687 = FACE_OUTER_BOUND ( 'NONE', #3242, .T. ) ;
#1688 = ORIENTED_EDGE ( 'NONE', *, *, #1779, .F. ) ;
#1689 = CARTESIAN_POINT ( 'NONE',  ( -35.29416990792612552, 6.890163140623347893, -9.372999999999926501 ) ) ;
#1690 = CARTESIAN_POINT ( 'NONE',  ( -38.45646990792611319, 6.890163140623347893, -9.118999999999925166 ) ) ;
#1691 = PRESENTATION_LAYER_ASSIGNMENT (  '', '', ( #4966 ) ) ;
#1692 = VECTOR ( 'NONE', #4057, 1000.000000000000000 ) ;
#1693 = B_SPLINE_SURFACE_WITH_KNOTS ( 'NONE', 1, 3, ( 
 ( #2036, #6245, #1487, #6281, #6717, #1338, #264, #225, #2599, #4385 ),
 ( #2557, #152, #744, #5010, #867, #3260, #192, #5645, #6754, #1374 ) ),
 .UNSPECIFIED., .F., .F., .F.,
 ( 2, 2 ),
 ( 4, 2, 2, 2, 4 ),
 ( 0.0000000000000000000, 1.000000000000000000 ),
 ( 0.0000000000000000000, 0.1250000000000000000, 0.2500000000000000000, 0.5000000000000000000, 1.000000000000000000 ),
 .UNSPECIFIED. ) ;
#1694 = DIRECTION ( 'NONE',  ( 0.0000000000000000000, 0.0000000000000000000, 1.000000000000000000 ) ) ;
#1695 = DIRECTION ( 'NONE',  ( -0.5000000000000200950, -0.8660254037844270503, -8.871936606718120291E-15 ) ) ;
#1696 = STYLED_ITEM ( 'NONE', ( #3523 ), #4642 ) ;
#1697 =( NAMED_UNIT ( * ) PLANE_ANGLE_UNIT ( ) SI_UNIT ( $, .RADIAN. ) );
#1698 = CARTESIAN_POINT ( 'NONE',  ( -27.82731649811005781, -12.62398703403564149, 1.215000000000000080 ) ) ;
#1699 = CARTESIAN_POINT ( 'NONE',  ( -28.82731649811005781, -17.89028266360343267, -0.9463040803828748349 ) ) ;
#1700 = STYLED_ITEM ( 'NONE', ( #3835 ), #978 ) ;
#1701 = DIRECTION ( 'NONE',  ( -1.000000000000000000, -0.0000000000000000000, -0.0000000000000000000 ) ) ;
#1702 = ORIENTED_EDGE ( 'NONE', *, *, #5054, .T. ) ;
#1703 = CARTESIAN_POINT ( 'NONE',  ( -41.82731649811005781, -16.30398703403564653, -1.245000000000000107 ) ) ;
#1704 = PLANE ( 'NONE',  #4365 ) ;
#1705 = VECTOR ( 'NONE', #2290, 1000.000000000000000 ) ;
#1706 = DIRECTION ( 'NONE',  ( 0.0000000000000000000, -0.1433540678695623127, -0.9896714663085164343 ) ) ;
#1707 = DIRECTION ( 'NONE',  ( 1.000000000000000000, 0.0000000000000000000, 0.0000000000000000000 ) ) ;
#1708 = ORIENTED_EDGE ( 'NONE', *, *, #1017, .F. ) ;
#1709 = COLOUR_RGB ( '',0.6470588235294117974, 0.6196078431372549211, 0.5882352941176470784 ) ;
#1710 = VERTEX_POINT ( 'NONE', #4856 ) ;
#1711 = CARTESIAN_POINT ( 'NONE',  ( -30.83651990792612452, 6.890113140623235211, 1.218800000000079597 ) ) ;
#1712 = ORIENTED_EDGE ( 'NONE', *, *, #2745, .T. ) ;
#1713 =( GEOMETRIC_REPRESENTATION_CONTEXT ( 3 ) GLOBAL_UNCERTAINTY_ASSIGNED_CONTEXT ( ( #2525 ) ) GLOBAL_UNIT_ASSIGNED_CONTEXT ( ( #5763, #3983, #7026 ) ) REPRESENTATION_CONTEXT ( 'NONE', 'WORKASPACE' ) );
#1714 = DIRECTION ( 'NONE',  ( -0.0000000000000000000, -0.0000000000000000000, -1.000000000000000000 ) ) ;
#1715 = DIRECTION ( 'NONE',  ( 1.000000000000000000, 0.0000000000000000000, 0.0000000000000000000 ) ) ;
#1716 = SURFACE_SIDE_STYLE ('',( #1788 ) ) ;
#1717 = STYLED_ITEM ( 'NONE', ( #1314 ), #1385 ) ;
#1718 = SURFACE_SIDE_STYLE ('',( #7737 ) ) ;
#1719 = AXIS2_PLACEMENT_3D ( 'NONE', #7274, #7776, #3077 ) ;
#1720 = EDGE_LOOP ( 'NONE', ( #6061, #2806, #2674, #244 ) ) ;
#1721 = ORIENTED_EDGE ( 'NONE', *, *, #7114, .F. ) ;
#1722 = DIRECTION ( 'NONE',  ( -1.182766006347823109E-16, -1.000000000000000000, 0.0000000000000000000 ) ) ;
#1723 = VECTOR ( 'NONE', #3309, 1000.000000000000000 ) ;
#1724 =( LENGTH_UNIT ( ) NAMED_UNIT ( * ) SI_UNIT ( .MILLI., .METRE. ) );
#1725 = LINE ( 'NONE', #3033, #319 ) ;
#1726 = CARTESIAN_POINT ( 'NONE',  ( -45.88039062757600561, -16.50398703403563871, -0.2349999999999997369 ) ) ;
#1727 = EDGE_CURVE ( 'NONE', #6805, #7298, #4890, .T. ) ;
#1728 =( NAMED_UNIT ( * ) SI_UNIT ( $, .STERADIAN. ) SOLID_ANGLE_UNIT ( ) );
#1729 = FACE_OUTER_BOUND ( 'NONE', #6896, .T. ) ;
#1730 = ORIENTED_EDGE ( 'NONE', *, *, #7268, .F. ) ;
#1731 = DIRECTION ( 'NONE',  ( -0.0000000000000000000, -0.0000000000000000000, -1.000000000000000000 ) ) ;
#1732 = EDGE_CURVE ( 'NONE', #1014, #631, #7240, .T. ) ;
#1733 = EDGE_CURVE ( 'NONE', #5166, #6004, #4631, .T. ) ;
#1734 = DIRECTION ( 'NONE',  ( 0.0000000000000000000, 1.000000000000000000, 0.0000000000000000000 ) ) ;
#1735 = DIRECTION ( 'NONE',  ( -1.000000000000000000, 0.0000000000000000000, 0.0000000000000000000 ) ) ;
#1736 = DIRECTION ( 'NONE',  ( -0.0000000000000000000, 1.000000000000000000, 0.0000000000000000000 ) ) ;
#1737 = CARTESIAN_POINT ( 'NONE',  ( -28.82731649811005781, -16.29358145957188952, -1.245021702440555877 ) ) ;
#1738 = LINE ( 'NONE', #1303, #331 ) ;
#1739 = VERTEX_POINT ( 'NONE', #1184 ) ;
#1740 = UNCERTAINTY_MEASURE_WITH_UNIT (LENGTH_MEASURE( 1.000000000000000082E-05 ), #4545, 'distance_accuracy_value', 'NONE');
#1741 = CARTESIAN_POINT ( 'NONE',  ( -30.21416990792611657, 6.890163140623345228, -9.267789755157155085 ) ) ;
#1742 = DIRECTION ( 'NONE',  ( -1.000000000000000000, 0.0000000000000000000, -0.0000000000000000000 ) ) ;
#1743 = CARTESIAN_POINT ( 'NONE',  ( -45.88039062757600561, 7.056012965964359118, -1.264999999999999902 ) ) ;
#1744 = STYLED_ITEM ( 'NONE', ( #1569 ), #2455 ) ;
#1745 = DIRECTION ( 'NONE',  ( 1.000000000000000000, 0.0000000000000000000, 0.0000000000000000000 ) ) ;
#1746 = CARTESIAN_POINT ( 'NONE',  ( -41.82731649811005781, -16.30398703403564653, -0.2449999999999997735 ) ) ;
#1747 = DIRECTION ( 'NONE',  ( 0.0000000000000000000, 0.0000000000000000000, 1.000000000000000000 ) ) ;
#1748 = EDGE_LOOP ( 'NONE', ( #2120, #6145, #5501, #2721 ) ) ;
#1749 = DIRECTION ( 'NONE',  ( -1.000000000000000000, -0.0000000000000000000, -0.0000000000000000000 ) ) ;
#1750 = EDGE_LOOP ( 'NONE', ( #2470, #6358, #638, #2144 ) ) ;
#1751 = ORIENTED_EDGE ( 'NONE', *, *, #1433, .F. ) ;
#1752 = UNCERTAINTY_MEASURE_WITH_UNIT (LENGTH_MEASURE( 1.000000000000000082E-05 ), #6677, 'distance_accuracy_value', 'NONE');
#1753 = CARTESIAN_POINT ( 'NONE',  ( -39.82267328534919670, -18.29409031937256103, -0.2464335406786998528 ) ) ;
#1754 = CARTESIAN_POINT ( 'NONE',  ( -45.82731649811005781, -9.423987034035642196, -1.245000000000000107 ) ) ;
#1755 = PLANE ( 'NONE',  #2531 ) ;
#1756 = ORIENTED_EDGE ( 'NONE', *, *, #5397, .F. ) ;
#1757 = VERTEX_POINT ( 'NONE', #3588 ) ;
#1758 =( LENGTH_UNIT ( ) NAMED_UNIT ( * ) SI_UNIT ( .MILLI., .METRE. ) );
#1759 = CARTESIAN_POINT ( 'NONE',  ( -29.82736094035740138, -18.13414632975169383, 0.8895037257659451635 ) ) ;
#1760 = VECTOR ( 'NONE', #2062, 1000.000000000000114 ) ;
#1761 = PRESENTATION_STYLE_ASSIGNMENT (( #7586 ) ) ;
#1762 =( NAMED_UNIT ( * ) PLANE_ANGLE_UNIT ( ) SI_UNIT ( $, .RADIAN. ) );
#1763 = STYLED_ITEM ( 'NONE', ( #7384 ), #7697 ) ;
#1764 = FILL_AREA_STYLE ('',( #6592 ) ) ;
#1765 = ORIENTED_EDGE ( 'NONE', *, *, #3042, .T. ) ;
#1766 = DIRECTION ( 'NONE',  ( 1.000000000000000000, -0.0000000000000000000, 0.0000000000000000000 ) ) ;
#1767 = PLANE ( 'NONE',  #417 ) ;
#1768 = EDGE_CURVE ( 'NONE', #798, #7085, #7243, .T. ) ;
#1769 = FACE_OUTER_BOUND ( 'NONE', #3109, .T. ) ;
#1770 = EDGE_CURVE ( 'NONE', #1164, #4252, #233, .T. ) ;
#1771 = CARTESIAN_POINT ( 'NONE',  ( -47.68039062757600988, -16.50398703403563871, -0.2449999999999997735 ) ) ;
#1772 = EDGE_CURVE ( 'NONE', #3566, #3337, #5017, .T. ) ;
#1773 = ORIENTED_EDGE ( 'NONE', *, *, #6864, .T. ) ;
#1774 = EDGE_CURVE ( 'NONE', #736, #7031, #6800, .T. ) ;
#1775 = CARTESIAN_POINT ( 'NONE',  ( -21.08039062757600846, -14.00398703403564049, 0.7150000000000003020 ) ) ;
#1776 = CARTESIAN_POINT ( 'NONE',  ( -40.82734311048331222, -14.56033094796274163, 1.155085320484547484 ) ) ;
#1777 = MECHANICAL_DESIGN_GEOMETRIC_PRESENTATION_REPRESENTATION (  '', ( #6931 ), #6538 ) ;
#1778 = DIRECTION ( 'NONE',  ( 1.000000000000000000, 0.0000000000000000000, 0.0000000000000000000 ) ) ;
#1779 = EDGE_CURVE ( 'NONE', #3364, #5537, #1933, .T. ) ;
#1780 = EDGE_CURVE ( 'NONE', #363, #2785, #6771, .T. ) ;
#1781 =( NAMED_UNIT ( * ) PLANE_ANGLE_UNIT ( ) SI_UNIT ( $, .RADIAN. ) );
#1782 = VERTEX_POINT ( 'NONE', #5091 ) ;
#1783 = FACE_OUTER_BOUND ( 'NONE', #605, .T. ) ;
#1784 = ORIENTED_EDGE ( 'NONE', *, *, #1144, .F. ) ;
#1785 = VECTOR ( 'NONE', #2633, 1000.000000000000000 ) ;
#1786 = ORIENTED_EDGE ( 'NONE', *, *, #7351, .T. ) ;
#1787 = CARTESIAN_POINT ( 'NONE',  ( -39.82267328534919670, -14.00398703403564049, 1.215000000000000080 ) ) ;
#1788 = SURFACE_STYLE_FILL_AREA ( #2301 ) ;
#1789 = DIRECTION ( 'NONE',  ( 0.0000000000000000000, -1.000000000000000000, -1.047444401652940007E-14 ) ) ;
#1790 = VECTOR ( 'NONE', #6594, 1000.000000000000000 ) ;
#1791 = PRESENTATION_STYLE_ASSIGNMENT (( #7172 ) ) ;
#1792 = ORIENTED_EDGE ( 'NONE', *, *, #4871, .F. ) ;
#1793 = ORIENTED_EDGE ( 'NONE', *, *, #4264, .F. ) ;
#1794 = FACE_OUTER_BOUND ( 'NONE', #4800, .T. ) ;
#1795 = EDGE_LOOP ( 'NONE', ( #4608, #2481, #3644, #5757 ) ) ;
#1796 = PRESENTATION_LAYER_ASSIGNMENT (  '', '', ( #3305 ) ) ;
#1797 = FACE_OUTER_BOUND ( 'NONE', #2647, .T. ) ;
#1798 = CARTESIAN_POINT ( 'NONE',  ( -30.01731990792611526, 8.369713140623266767, -1.244999999999936158 ) ) ;
#1799 =( GEOMETRIC_REPRESENTATION_CONTEXT ( 3 ) GLOBAL_UNCERTAINTY_ASSIGNED_CONTEXT ( ( #5377 ) ) GLOBAL_UNIT_ASSIGNED_CONTEXT ( ( #5947, #5375, #5989 ) ) REPRESENTATION_CONTEXT ( 'NONE', 'WORKASPACE' ) );
#1800 =( NAMED_UNIT ( * ) PLANE_ANGLE_UNIT ( ) SI_UNIT ( $, .RADIAN. ) );
#1801 = CARTESIAN_POINT ( 'NONE',  ( -22.78039062757601130, -16.50398703403563871, -1.264999999999999902 ) ) ;
#1802 = CARTESIAN_POINT ( 'NONE',  ( -34.33039062757600846, -3.003987034035643600, 1.215000000000000080 ) ) ;
#1803 = CIRCLE ( 'NONE', #292, 0.5000000000000004441 ) ;
#1804 = ORIENTED_EDGE ( 'NONE', *, *, #6191, .F. ) ;
#1805 = CARTESIAN_POINT ( 'NONE',  ( -29.82731649811006491, -12.62398703403564149, 1.215000000000000080 ) ) ;
#1806 =( NAMED_UNIT ( * ) SI_UNIT ( $, .STERADIAN. ) SOLID_ANGLE_UNIT ( ) );
#1807 =( GEOMETRIC_REPRESENTATION_CONTEXT ( 3 ) GLOBAL_UNCERTAINTY_ASSIGNED_CONTEXT ( ( #5900 ) ) GLOBAL_UNIT_ASSIGNED_CONTEXT ( ( #5658, #1420, #2642 ) ) REPRESENTATION_CONTEXT ( 'NONE', 'WORKASPACE' ) );
#1808 = STYLED_ITEM ( 'NONE', ( #6203 ), #2203 ) ;
#1809 = CARTESIAN_POINT ( 'NONE',  ( -40.82731649811006491, -16.30398703403564653, -1.245189567241619555 ) ) ;
#1810 = COLOUR_RGB ( '',0.0000000000000000000, 0.0000000000000000000, 0.0000000000000000000 ) ;
#1811 =( NAMED_UNIT ( * ) PLANE_ANGLE_UNIT ( ) SI_UNIT ( $, .RADIAN. ) );
#1812 = VECTOR ( 'NONE', #2392, 1000.000000000000000 ) ;
#1813 = ORIENTED_EDGE ( 'NONE', *, *, #6284, .F. ) ;
#1814 = UNCERTAINTY_MEASURE_WITH_UNIT (LENGTH_MEASURE( 1.000000000000000082E-05 ), #5136, 'distance_accuracy_value', 'NONE');
#1815 = LINE ( 'NONE', #670, #562 ) ;
#1816 = SURFACE_STYLE_FILL_AREA ( #4198 ) ;
#1817 = CARTESIAN_POINT ( 'NONE',  ( -34.33039062757600846, -3.003987034035643600, 1.265000000000000124 ) ) ;
#1818 = DIRECTION ( 'NONE',  ( 1.000000000000000000, 0.0000000000000000000, 0.0000000000000000000 ) ) ;
#1819 = MECHANICAL_DESIGN_GEOMETRIC_PRESENTATION_REPRESENTATION (  '', ( #2575 ), #60 ) ;
#1820 = LINE ( 'NONE', #4240, #950 ) ;
#1822 = EDGE_CURVE ( 'NONE', #4006, #1544, #5582, .T. ) ;
#1821 =( GEOMETRIC_REPRESENTATION_CONTEXT ( 3 ) GLOBAL_UNCERTAINTY_ASSIGNED_CONTEXT ( ( #4820 ) ) GLOBAL_UNIT_ASSIGNED_CONTEXT ( ( #3606, #2345, #7767 ) ) REPRESENTATION_CONTEXT ( 'NONE', 'WORKASPACE' ) );
#1823 =( GEOMETRIC_REPRESENTATION_CONTEXT ( 3 ) GLOBAL_UNCERTAINTY_ASSIGNED_CONTEXT ( ( #7397 ) ) GLOBAL_UNIT_ASSIGNED_CONTEXT ( ( #5195, #6215, #7668 ) ) REPRESENTATION_CONTEXT ( 'NONE', 'WORKASPACE' ) );
#1824 = DIRECTION ( 'NONE',  ( -1.000000000000000000, 0.0000000000000000000, 0.0000000000000000000 ) ) ;
#1825 = ORIENTED_EDGE ( 'NONE', *, *, #6517, .F. ) ;
#1826 = DIRECTION ( 'NONE',  ( -0.0000000000000000000, 1.000000000000000000, 0.0000000000000000000 ) ) ;
#1827 = EDGE_LOOP ( 'NONE', ( #111, #461, #3857, #6674 ) ) ;
#1828 = FILL_AREA_STYLE_COLOUR ( '', #1293 ) ;
#1829 = ORIENTED_EDGE ( 'NONE', *, *, #3811, .T. ) ;
#1830 = EDGE_CURVE ( 'NONE', #852, #6664, #4505, .T. ) ;
#1831 = EDGE_CURVE ( 'NONE', #3326, #821, #7361, .T. ) ;
#1832 = DIRECTION ( 'NONE',  ( -4.535567304416186281E-15, -2.618611004132350016E-15, 1.000000000000000000 ) ) ;
#1833 = VECTOR ( 'NONE', #2724, 1000.000000000000000 ) ;
#1834 = CARTESIAN_POINT ( 'NONE',  ( -38.65331990792612515, 6.032913140623267445, -1.575199999999930212 ) ) ;
#1835 = VECTOR ( 'NONE', #1749, 1000.000000000000000 ) ;
#1836 = CARTESIAN_POINT ( 'NONE',  ( -33.57331990792611975, 6.032913140623267445, -1.244999999999936158 ) ) ;
#1837 = ORIENTED_EDGE ( 'NONE', *, *, #617, .F. ) ;
#1838 = PRESENTATION_LAYER_ASSIGNMENT (  '', '', ( #7619 ) ) ;
#1839 = VERTEX_POINT ( 'NONE', #3157 ) ;
#1840 = CARTESIAN_POINT ( 'NONE',  ( -35.91651990792611571, 7.512513140623236829, 1.218800000000079597 ) ) ;
#1841 = EDGE_LOOP ( 'NONE', ( #98, #6932, #2630, #4235 ) ) ;
#1842 = CYLINDRICAL_SURFACE ( 'NONE', #7482, 0.2539999999999998925 ) ;
#1843 = VECTOR ( 'NONE', #3281, 1000.000000000000000 ) ;
#1844 = STYLED_ITEM ( 'NONE', ( #1419 ), #5346 ) ;
#1845 = DIRECTION ( 'NONE',  ( 0.0000000000000000000, 1.047444401652940007E-14, -1.000000000000000000 ) ) ;
#1846 = DIRECTION ( 'NONE',  ( 1.000000000000000000, 0.0000000000000000000, 0.0000000000000000000 ) ) ;
#1847 = CARTESIAN_POINT ( 'NONE',  ( -34.33039062757600846, -8.053987034035651860, 1.255000000000000115 ) ) ;
#1848 = DIRECTION ( 'NONE',  ( 0.0000000000000000000, 1.000000000000000000, 1.047444401652940007E-14 ) ) ;
#1849 = ORIENTED_EDGE ( 'NONE', *, *, #2359, .T. ) ;
#1850 = LINE ( 'NONE', #6638, #3704 ) ;
#1851 = SURFACE_STYLE_FILL_AREA ( #1262 ) ;
#1852 = DIRECTION ( 'NONE',  ( -1.000000000000000000, -0.0000000000000000000, -0.0000000000000000000 ) ) ;
#1853 = VECTOR ( 'NONE', #6282, 1000.000000000000000 ) ;
#1854 = FACE_OUTER_BOUND ( 'NONE', #2222, .T. ) ;
#1855 = CARTESIAN_POINT ( 'NONE',  ( -30.83651990792612452, 6.890113140623235211, 1.472800000000072718 ) ) ;
#1856 = CARTESIAN_POINT ( 'NONE',  ( -45.88039062757600561, -16.50398703403563871, -0.2349999999999997369 ) ) ;
#1857 = ORIENTED_EDGE ( 'NONE', *, *, #2606, .T. ) ;
#1858 = COLOUR_RGB ( '',0.6470588235294117974, 0.6196078431372549211, 0.5882352941176470784 ) ;
#1859 = CARTESIAN_POINT ( 'NONE',  ( -40.94731649811006235, -18.28388708950198804, -0.2449552275043981875 ) ) ;
#1860 = FACE_BOUND ( 'NONE', #1976, .T. ) ;
#1861 =( NAMED_UNIT ( * ) PLANE_ANGLE_UNIT ( ) SI_UNIT ( $, .RADIAN. ) );
#1862 = CARTESIAN_POINT ( 'NONE',  ( -41.82731649811005781, -11.62398703403563793, 1.205000000000000071 ) ) ;
#1863 = EDGE_LOOP ( 'NONE', ( #459, #3345, #5959, #1165 ) ) ;
#1864 = ORIENTED_EDGE ( 'NONE', *, *, #3659, .T. ) ;
#1865 = ORIENTED_EDGE ( 'NONE', *, *, #5249, .F. ) ;
#1866 = CARTESIAN_POINT ( 'NONE',  ( -28.82731649811007202, -18.25548052603022953, -0.09568576697269767783 ) ) ;
#1867 = EDGE_CURVE ( 'NONE', #7277, #1839, #4393, .T. ) ;
#1868 = ADVANCED_FACE ( 'NONE', ( #4355 ), #4424, .F. ) ;
#1869 = FACE_OUTER_BOUND ( 'NONE', #6539, .T. ) ;
#1870 = EDGE_CURVE ( 'NONE', #5317, #3454, #1379, .T. ) ;
#1871 = EDGE_CURVE ( 'NONE', #6377, #2154, #789, .T. ) ;
#1872 = ORIENTED_EDGE ( 'NONE', *, *, #5867, .F. ) ;
#1873 = EDGE_LOOP ( 'NONE', ( #5758, #997, #2701, #904 ) ) ;
#1874 = LINE ( 'NONE', #3143, #3430 ) ;
#1875 = VERTEX_POINT ( 'NONE', #2043 ) ;
#1876 =( NAMED_UNIT ( * ) SI_UNIT ( $, .STERADIAN. ) SOLID_ANGLE_UNIT ( ) );
#1877 = EDGE_CURVE ( 'NONE', #6583, #7066, #5690, .T. ) ;
#1878 = CARTESIAN_POINT ( 'NONE',  ( -21.08039062757600846, -14.00398703403564049, 1.205000000000000071 ) ) ;
#1879 = EDGE_CURVE ( 'NONE', #4566, #2571, #316, .T. ) ;
#1880 = CARTESIAN_POINT ( 'NONE',  ( -28.82731649811006136, -16.30398703403564653, -1.245094783620809942 ) ) ;
#1881 =( NAMED_UNIT ( * ) SI_UNIT ( $, .STERADIAN. ) SOLID_ANGLE_UNIT ( ) );
#1882 = CARTESIAN_POINT ( 'NONE',  ( -36.11331990792611890, 6.032913140623267445, -1.575199999999936429 ) ) ;
#1883 = EDGE_CURVE ( 'NONE', #1274, #3383, #6481, .T. ) ;
#1884 = VERTEX_POINT ( 'NONE', #7674 ) ;
#1885 = LINE ( 'NONE', #7184, #2421 ) ;
#1886 = SURFACE_STYLE_FILL_AREA ( #5396 ) ;
#1887 = CARTESIAN_POINT ( 'NONE',  ( -37.63731990792611981, 8.369713140623263214, -1.244999999999911955 ) ) ;
#1888 = STYLED_ITEM ( 'NONE', ( #4645 ), #7604 ) ;
#1889 = LINE ( 'NONE', #6044, #7089 ) ;
#1890 = FACE_OUTER_BOUND ( 'NONE', #5336, .T. ) ;
#1891 =( LENGTH_UNIT ( ) NAMED_UNIT ( * ) SI_UNIT ( .MILLI., .METRE. ) );
#1892 = ORIENTED_EDGE ( 'NONE', *, *, #5849, .F. ) ;
#1893 = AXIS2_PLACEMENT_3D ( 'NONE', #7181, #543, #6506 ) ;
#1894 = UNCERTAINTY_MEASURE_WITH_UNIT (LENGTH_MEASURE( 1.000000000000000082E-05 ), #5314, 'distance_accuracy_value', 'NONE');
#1895 = CARTESIAN_POINT ( 'NONE',  ( -38.20246990792612252, 7.258463140623347520, -9.372999999999922949 ) ) ;
#1896 = CARTESIAN_POINT ( 'NONE',  ( -37.64039062757601073, 7.206012965964358585, -1.266000000000000014 ) ) ;
#1897 = DIRECTION ( 'NONE',  ( 0.0000000000000000000, 0.0000000000000000000, 1.000000000000000000 ) ) ;
#1898 = CARTESIAN_POINT ( 'NONE',  ( -35.66251990792611792, 7.258513140623236382, 1.472800000000076492 ) ) ;
#1899 = VECTOR ( 'NONE', #4307, 1000.000000000000000 ) ;
#1900 = DIRECTION ( 'NONE',  ( 0.0000000000000000000, 0.0000000000000000000, 1.000000000000000000 ) ) ;
#1901 = SURFACE_STYLE_USAGE ( .BOTH. , #2532 ) ;
#1902 = ORIENTED_EDGE ( 'NONE', *, *, #7693, .T. ) ;
#1903 = ORIENTED_EDGE ( 'NONE', *, *, #1484, .T. ) ;
#1904 = UNCERTAINTY_MEASURE_WITH_UNIT (LENGTH_MEASURE( 1.000000000000000082E-05 ), #1258, 'distance_accuracy_value', 'NONE');
#1905 = VECTOR ( 'NONE', #848, 1000.000000000000000 ) ;
#1906 = PLANE ( 'NONE',  #7475 ) ;
#1907 = CARTESIAN_POINT ( 'NONE',  ( -39.21211990792613022, 7.144163140623346564, -9.118999999999921613 ) ) ;
#1908 = CYLINDRICAL_SURFACE ( 'NONE', #854, 1.000000000000000888 ) ;
#1909 =( BOUNDED_CURVE ( )  B_SPLINE_CURVE ( 3, ( #3755, #3128, #2610, #6167 ),
 .UNSPECIFIED., .F., .T. ) 
 B_SPLINE_CURVE_WITH_KNOTS ( ( 4, 4 ),
 ( 0.0000000000000000000, 1.570796326794896558 ),
 .UNSPECIFIED. ) 
 CURVE ( )  GEOMETRIC_REPRESENTATION_ITEM ( )  RATIONAL_B_SPLINE_CURVE ( ( 1.000000000000000000, 0.8047378541243649375, 0.8047378541243649375, 1.000000000000000000 ) ) 
 REPRESENTATION_ITEM ( '' )  );
#1910 = LINE ( 'NONE', #1363, #7430 ) ;
#1911 = AXIS2_PLACEMENT_3D ( 'NONE', #6250, #2084, #2839 ) ;
#1912 = ORIENTED_EDGE ( 'NONE', *, *, #2689, .T. ) ;
#1913 = ORIENTED_EDGE ( 'NONE', *, *, #4578, .T. ) ;
#1914 = EDGE_CURVE ( 'NONE', #1274, #5948, #5741, .T. ) ;
#1915 = EDGE_LOOP ( 'NONE', ( #1015, #3571 ) ) ;
#1916 = ORIENTED_EDGE ( 'NONE', *, *, #5564, .F. ) ;
#1917 = DIRECTION ( 'NONE',  ( 0.0000000000000000000, 0.0000000000000000000, 1.000000000000000000 ) ) ;
#1918 = FILL_AREA_STYLE_COLOUR ( '', #1581 ) ;
#1919 =( LENGTH_UNIT ( ) NAMED_UNIT ( * ) SI_UNIT ( .MILLI., .METRE. ) );
#1920 = EDGE_CURVE ( 'NONE', #813, #7329, #7369, .T. ) ;
#1921 = LINE ( 'NONE', #75, #7453 ) ;
#1922 = ORIENTED_EDGE ( 'NONE', *, *, #1732, .T. ) ;
#1923 = FILL_AREA_STYLE ('',( #6716 ) ) ;
#1924 = VECTOR ( 'NONE', #2137, 1000.000000000000000 ) ;
#1925 = FACE_OUTER_BOUND ( 'NONE', #4444, .T. ) ;
#1926 = EDGE_CURVE ( 'NONE', #5317, #6414, #1572, .T. ) ;
#1927 = ADVANCED_FACE ( 'NONE', ( #7550 ), #6370, .F. ) ;
#1928 = CARTESIAN_POINT ( 'NONE',  ( -33.57331990792611975, 8.369713140623264991, -1.575199999999911560 ) ) ;
#1929 = VECTOR ( 'NONE', #4048, 1000.000000000000000 ) ;
#1930 = LINE ( 'NONE', #6721, #2961 ) ;
#1931 = AXIS2_PLACEMENT_3D ( 'NONE', #5858, #4116, #1031 ) ;
#1932 = DIRECTION ( 'NONE',  ( 0.0000000000000000000, 0.0000000000000000000, 1.000000000000000000 ) ) ;
#1933 = LINE ( 'NONE', #3270, #6487 ) ;
#1934 = ORIENTED_EDGE ( 'NONE', *, *, #3653, .F. ) ;
#1935 =( GEOMETRIC_REPRESENTATION_CONTEXT ( 3 ) GLOBAL_UNCERTAINTY_ASSIGNED_CONTEXT ( ( #1740 ) ) GLOBAL_UNIT_ASSIGNED_CONTEXT ( ( #4545, #6930, #2643 ) ) REPRESENTATION_CONTEXT ( 'NONE', 'WORKASPACE' ) );
#1936 = VECTOR ( 'NONE', #962, 1000.000000000000000 ) ;
#1937 = CARTESIAN_POINT ( 'NONE',  ( -29.82731649811006491, -12.62398703403564326, 1.205000000000000071 ) ) ;
#1938 = STYLED_ITEM ( 'NONE', ( #6830 ), #2256 ) ;
#1939 = LINE ( 'NONE', #1416, #2706 ) ;
#1940 = CARTESIAN_POINT ( 'NONE',  ( -22.78039062757601130, 7.056012965964359118, -1.264999999999999902 ) ) ;
#1941 = SURFACE_STYLE_USAGE ( .BOTH. , #1979 ) ;
#1942 = DIRECTION ( 'NONE',  ( -0.0000000000000000000, -1.047444401652940007E-14, 1.000000000000000000 ) ) ;
#1943 =( GEOMETRIC_REPRESENTATION_CONTEXT ( 3 ) GLOBAL_UNCERTAINTY_ASSIGNED_CONTEXT ( ( #2944 ) ) GLOBAL_UNIT_ASSIGNED_CONTEXT ( ( #3074, #1169, #6585 ) ) REPRESENTATION_CONTEXT ( 'NONE', 'WORKASPACE' ) );
#1944 = EDGE_LOOP ( 'NONE', ( #4321, #3976, #6290, #1574, #255, #256, #7241, #2167 ) ) ;
#1945 = ORIENTED_EDGE ( 'NONE', *, *, #3184, .T. ) ;
#1946 = CARTESIAN_POINT ( 'NONE',  ( -28.82731649811005781, -18.25548052603022953, -0.09568576697269767783 ) ) ;
#1947 = PRESENTATION_LAYER_ASSIGNMENT (  '', '', ( #5936 ) ) ;
#1948 = COLOUR_RGB ( '',0.0000000000000000000, 0.0000000000000000000, 0.0000000000000000000 ) ;
#1949 = DIRECTION ( 'NONE',  ( 0.0000000000000000000, 0.0000000000000000000, 1.000000000000000000 ) ) ;
#1950 = DIRECTION ( 'NONE',  ( 0.4999999999999999445, -0.8660254037844385966, 0.0000000000000000000 ) ) ;
#1951 = VERTEX_POINT ( 'NONE', #5131 ) ;
#1952 = PRESENTATION_LAYER_ASSIGNMENT (  '', '', ( #5708 ) ) ;
#1953 = VERTEX_POINT ( 'NONE', #2119 ) ;
#1954 = CIRCLE ( 'NONE', #6980, 1.800000000000002931 ) ;
#1955 = FILL_AREA_STYLE_COLOUR ( '', #5446 ) ;
#1956 = ORIENTED_EDGE ( 'NONE', *, *, #2444, .F. ) ;
#1957 =( LENGTH_UNIT ( ) NAMED_UNIT ( * ) SI_UNIT ( .MILLI., .METRE. ) );
#1958 = CARTESIAN_POINT ( 'NONE',  ( -38.45646990792611319, 6.890163140623350557, -9.372999999999926501 ) ) ;
#1959 =( BOUNDED_CURVE ( )  B_SPLINE_CURVE ( 3, ( #675, #596, #5408, #1 ),
 .UNSPECIFIED., .F., .T. ) 
 B_SPLINE_CURVE_WITH_KNOTS ( ( 4, 4 ),
 ( 0.0000000000000000000, 1.570796326794896558 ),
 .UNSPECIFIED. ) 
 CURVE ( )  GEOMETRIC_REPRESENTATION_ITEM ( )  RATIONAL_B_SPLINE_CURVE ( ( 1.000000000000000000, 0.8047378541243649375, 0.8047378541243649375, 1.000000000000000000 ) ) 
 REPRESENTATION_ITEM ( '' )  );
#1960 = AXIS2_PLACEMENT_3D ( 'NONE', #2495, #4289, #1354 ) ;
#1961 =( LENGTH_UNIT ( ) NAMED_UNIT ( * ) SI_UNIT ( .MILLI., .METRE. ) );
#1962 = DIRECTION ( 'NONE',  ( -1.000000000000000000, 0.0000000000000000000, 0.0000000000000000000 ) ) ;
#1963 = DIRECTION ( 'NONE',  ( -0.0000000000000000000, -0.0000000000000000000, -1.000000000000000000 ) ) ;
#1964 = FACE_OUTER_BOUND ( 'NONE', #4018, .T. ) ;
#1965 = ORIENTED_EDGE ( 'NONE', *, *, #917, .T. ) ;
#1966 = CARTESIAN_POINT ( 'NONE',  ( -22.78039062757601130, -16.50398703403563871, -1.245000000000000107 ) ) ;
#1967 = DIRECTION ( 'NONE',  ( -0.0000000000000000000, -1.000000000000000000, 0.0000000000000000000 ) ) ;
#1968 = AXIS2_PLACEMENT_3D ( 'NONE', #920, #5745, #2641 ) ;
#1969 = EDGE_CURVE ( 'NONE', #1544, #3019, #3500, .T. ) ;
#1970 = CARTESIAN_POINT ( 'NONE',  ( -36.11331990792611890, 8.369713140623263214, -1.244999999999924167 ) ) ;
#1971 = CARTESIAN_POINT ( 'NONE',  ( -32.11401384467409770, 6.032913140623263892, -1.244999999999936158 ) ) ;
#1972 = VECTOR ( 'NONE', #5278, 1000.000000000000000 ) ;
#1973 = EDGE_CURVE ( 'NONE', #5537, #834, #4072, .T. ) ;
#1974 = EDGE_CURVE ( 'NONE', #6519, #2028, #7003, .T. ) ;
#1975 = DIRECTION ( 'NONE',  ( -0.0000000000000000000, -1.000000000000000000, -1.047444401652940007E-14 ) ) ;
#1976 = EDGE_LOOP ( 'NONE', ( #7608, #2130, #4330, #3540 ) ) ;
#1977 = FILL_AREA_STYLE_COLOUR ( '', #1948 ) ;
#1978 = CARTESIAN_POINT ( 'NONE',  ( -34.33039062757600846, -18.30398703403564298, -1.245000000000000107 ) ) ;
#1979 = SURFACE_SIDE_STYLE ('',( #3056 ) ) ;
#1980 = LINE ( 'NONE', #6768, #6198 ) ;
#1981 = AXIS2_PLACEMENT_3D ( 'NONE', #7374, #3768, #6810 ) ;
#1982 = LINE ( 'NONE', #2570, #5597 ) ;
#1983 = ORIENTED_EDGE ( 'NONE', *, *, #5153, .T. ) ;
#1984 = DIRECTION ( 'NONE',  ( 1.000000000000000000, -0.0000000000000000000, 0.0000000000000000000 ) ) ;
#1985 = ORIENTED_EDGE ( 'NONE', *, *, #3963, .F. ) ;
#1986 = UNCERTAINTY_MEASURE_WITH_UNIT (LENGTH_MEASURE( 1.000000000000000082E-05 ), #3288, 'distance_accuracy_value', 'NONE');
#1987 = LINE ( 'NONE', #6698, #1319 ) ;
#1988 = VECTOR ( 'NONE', #1523, 1000.000000000000000 ) ;
#1989 = CARTESIAN_POINT ( 'NONE',  ( -22.78039062757601130, 7.056012965964359118, -1.245000000000000107 ) ) ;
#1990 = LINE ( 'NONE', #932, #5544 ) ;
#1991 = ORIENTED_EDGE ( 'NONE', *, *, #1969, .F. ) ;
#1992 = EDGE_LOOP ( 'NONE', ( #5963, #5835, #606, #2063 ) ) ;
#1993 = ORIENTED_EDGE ( 'NONE', *, *, #1920, .F. ) ;
#1994 = ORIENTED_EDGE ( 'NONE', *, *, #6288, .T. ) ;
#1995 = DIRECTION ( 'NONE',  ( -1.000000000000000000, 0.0000000000000000000, -0.0000000000000000000 ) ) ;
#1996 = SURFACE_STYLE_FILL_AREA ( #1255 ) ;
#1997 = FILL_AREA_STYLE_COLOUR ( '', #5333 ) ;
#1998 = FACE_OUTER_BOUND ( 'NONE', #6774, .T. ) ;
#1999 = ORIENTED_EDGE ( 'NONE', *, *, #3419, .F. ) ;
#2000 = DIRECTION ( 'NONE',  ( 0.0000000000000000000, 0.0000000000000000000, 1.000000000000000000 ) ) ;
#2001 = SURFACE_STYLE_FILL_AREA ( #7390 ) ;
#2002 = PLANE ( 'NONE',  #4267 ) ;
#2003 = MECHANICAL_DESIGN_GEOMETRIC_PRESENTATION_REPRESENTATION (  '', ( #5283 ), #4535 ) ;
#2004 = ORIENTED_EDGE ( 'NONE', *, *, #4062, .F. ) ;
#2005 = CARTESIAN_POINT ( 'NONE',  ( -37.63731990792611981, 6.890113140623267185, -1.575199999999927547 ) ) ;
#2006 = ORIENTED_EDGE ( 'NONE', *, *, #5946, .T. ) ;
#2007 = DIRECTION ( 'NONE',  ( 0.0000000000000000000, 0.0000000000000000000, 1.000000000000000000 ) ) ;
#2008 = CARTESIAN_POINT ( 'NONE',  ( -27.82731649811005781, -16.30398703403564653, -0.2449999999999997735 ) ) ;
#2009 = AXIS2_PLACEMENT_3D ( 'NONE', #5795, #4052, #6412 ) ;
#2010 = EDGE_CURVE ( 'NONE', #6355, #5602, #446, .T. ) ;
#2011 = EDGE_CURVE ( 'NONE', #1739, #4273, #4538, .T. ) ;
#2012 = EDGE_CURVE ( 'NONE', #3326, #3081, #6065, .T. ) ;
#2013 = CARTESIAN_POINT ( 'NONE',  ( -27.82731649811005781, -16.30398703403564653, -1.266000000000000014 ) ) ;
#2014 = ORIENTED_EDGE ( 'NONE', *, *, #6725, .F. ) ;
#2015 = ORIENTED_EDGE ( 'NONE', *, *, #866, .T. ) ;
#2016 = DIRECTION ( 'NONE',  ( 0.0000000000000000000, -1.024442997624109662E-14, 1.000000000000000000 ) ) ;
#2017 = SURFACE_SIDE_STYLE ('',( #3169 ) ) ;
#2018 = EDGE_CURVE ( 'NONE', #2540, #2659, #3954, .T. ) ;
#2019 = ADVANCED_FACE ( 'NONE', ( #4661 ), #6961, .F. ) ;
#2020 = MECHANICAL_DESIGN_GEOMETRIC_PRESENTATION_REPRESENTATION (  '', ( #5176 ), #4925 ) ;
#2021 = SURFACE_STYLE_FILL_AREA ( #3170 ) ;
#2022 = DIRECTION ( 'NONE',  ( 0.0000000000000000000, 0.0000000000000000000, 1.000000000000000000 ) ) ;
#2023 = DIRECTION ( 'NONE',  ( 0.0000000000000000000, -1.047444401652940007E-14, 1.000000000000000000 ) ) ;
#2024 = FILL_AREA_STYLE_COLOUR ( '', #5183 ) ;
#2025 = EDGE_LOOP ( 'NONE', ( #7503, #6461, #6661, #5300 ) ) ;
#2026 = ORIENTED_EDGE ( 'NONE', *, *, #3409, .F. ) ;
#2027 = MECHANICAL_DESIGN_GEOMETRIC_PRESENTATION_REPRESENTATION (  '', ( #4808 ), #3668 ) ;
#2028 = VERTEX_POINT ( 'NONE', #5395 ) ;
#2029 = ORIENTED_EDGE ( 'NONE', *, *, #4525, .T. ) ;
#2030 = LINE ( 'NONE', #2660, #3469 ) ;
#2031 = MECHANICAL_DESIGN_GEOMETRIC_PRESENTATION_REPRESENTATION (  '', ( #5549 ), #1407 ) ;
#2032 = LINE ( 'NONE', #6276, #3321 ) ;
#2033 = PRESENTATION_STYLE_ASSIGNMENT (( #2104 ) ) ;
#2034 = ORIENTED_EDGE ( 'NONE', *, *, #1340, .T. ) ;
#2035 = DIRECTION ( 'NONE',  ( 0.0000000000000000000, -1.000000000000000000, -1.047444401652940007E-14 ) ) ;
#2036 = CARTESIAN_POINT ( 'NONE',  ( -28.82731649811005781, -18.27407675507290818, -0.2449113037486423394 ) ) ;
#2037 = PRODUCT_DEFINITION_CONTEXT ( 'detailed design', #5367, 'design' ) ;
#2038 = LINE ( 'NONE', #5044, #1353 ) ;
#2039 = FILL_AREA_STYLE_COLOUR ( '', #552 ) ;
#2040 = FACE_OUTER_BOUND ( 'NONE', #2983, .T. ) ;
#2041 = SURFACE_SIDE_STYLE ('',( #3550 ) ) ;
#2042 = ORIENTED_EDGE ( 'NONE', *, *, #5715, .T. ) ;
#2043 = CARTESIAN_POINT ( 'NONE',  ( -32.56039062757600533, 7.206012965964358585, -0.2449999999999997735 ) ) ;
#2044 = UNCERTAINTY_MEASURE_WITH_UNIT (LENGTH_MEASURE( 1.000000000000000082E-05 ), #6588, 'distance_accuracy_value', 'NONE');
#2045 = DIRECTION ( 'NONE',  ( 0.0000000000000000000, 0.0000000000000000000, 1.000000000000000000 ) ) ;
#2046 = LINE ( 'NONE', #4468, #1452 ) ;
#2047 = DIRECTION ( 'NONE',  ( 0.0000000000000000000, 1.047444401652940007E-14, -1.000000000000000000 ) ) ;
#2048 = STYLED_ITEM ( 'NONE', ( #703 ), #336 ) ;
#2049 = SURFACE_SIDE_STYLE ('',( #6845 ) ) ;
#2050 = DIRECTION ( 'NONE',  ( 0.0000000000000000000, 0.0000000000000000000, 1.000000000000000000 ) ) ;
#2051 = ORIENTED_EDGE ( 'NONE', *, *, #4351, .F. ) ;
#2052 = VECTOR ( 'NONE', #435, 1000.000000000000000 ) ;
#2053 = EDGE_LOOP ( 'NONE', ( #2817, #7519, #1554, #2157, #7121, #3017, #6070, #5 ) ) ;
#2054 = UNCERTAINTY_MEASURE_WITH_UNIT (LENGTH_MEASURE( 1.000000000000000082E-05 ), #1758, 'distance_accuracy_value', 'NONE');
#2055 = DIRECTION ( 'NONE',  ( -1.000000000000000000, -0.0000000000000000000, -0.0000000000000000000 ) ) ;
#2056 = SURFACE_STYLE_FILL_AREA ( #326 ) ;
#2057 = COLOUR_RGB ( '',1.000000000000000000, 0.5019607843137254832, 0.0000000000000000000 ) ;
#2058 = EDGE_CURVE ( 'NONE', #5555, #3070, #1681, .T. ) ;
#2059 = DIRECTION ( 'NONE',  ( 1.000000000000000000, 0.0000000000000000000, 0.0000000000000000000 ) ) ;
#2060 = PRESENTATION_LAYER_ASSIGNMENT (  '', '', ( #5694 ) ) ;
#2061 = PLANE ( 'NONE',  #5567 ) ;
#2062 = DIRECTION ( 'NONE',  ( 0.4999999999999997224, 0.8660254037844387076, 0.0000000000000000000 ) ) ;
#2063 = ORIENTED_EDGE ( 'NONE', *, *, #436, .T. ) ;
#2064 = ORIENTED_EDGE ( 'NONE', *, *, #612, .T. ) ;
#2065 = EDGE_CURVE ( 'NONE', #254, #656, #3532, .T. ) ;
#2066 = COLOUR_RGB ( '',0.0000000000000000000, 0.0000000000000000000, 0.0000000000000000000 ) ;
#2067 = LINE ( 'NONE', #896, #23 ) ;
#2068 = VERTEX_POINT ( 'NONE', #1177 ) ;
#2069 = COLOUR_RGB ( '',0.0000000000000000000, 0.0000000000000000000, 0.0000000000000000000 ) ;
#2070 = CARTESIAN_POINT ( 'NONE',  ( -34.33039062757600846, -3.003987034035643600, -0.2449999999999997735 ) ) ;
#2071 = DIRECTION ( 'NONE',  ( -0.8660254037844272723, 0.5000000000000197620, 5.237222008264905926E-15 ) ) ;
#2072 = PRESENTATION_LAYER_ASSIGNMENT (  '', '', ( #2469 ) ) ;
#2073 = SURFACE_STYLE_FILL_AREA ( #985 ) ;
#2074 = LINE ( 'NONE', #5038, #3045 ) ;
#2075 =( GEOMETRIC_REPRESENTATION_CONTEXT ( 3 ) GLOBAL_UNCERTAINTY_ASSIGNED_CONTEXT ( ( #6686 ) ) GLOBAL_UNIT_ASSIGNED_CONTEXT ( ( #1359, #643, #682 ) ) REPRESENTATION_CONTEXT ( 'NONE', 'WORKASPACE' ) );
#2076 = VECTOR ( 'NONE', #2999, 1000.000000000000000 ) ;
#2077 = ORIENTED_EDGE ( 'NONE', *, *, #5653, .F. ) ;
#2078 = DIRECTION ( 'NONE',  ( 0.0000000000000000000, 0.0000000000000000000, 1.000000000000000000 ) ) ;
#2079 = VECTOR ( 'NONE', #2007, 1000.000000000000000 ) ;
#2080 = PRESENTATION_LAYER_ASSIGNMENT (  '', '', ( #7098 ) ) ;
#2081 = SURFACE_STYLE_USAGE ( .BOTH. , #2668 ) ;
#2082 = SURFACE_SIDE_STYLE ('',( #3950 ) ) ;
#2083 = CARTESIAN_POINT ( 'NONE',  ( -29.45851990792611730, 8.369713140623288083, -3.530999999999924199 ) ) ;
#2084 = DIRECTION ( 'NONE',  ( 0.0000000000000000000, -1.000000000000000000, -1.047444401652940007E-14 ) ) ;
#2085 = ORIENTED_EDGE ( 'NONE', *, *, #5619, .T. ) ;
#2086 = CARTESIAN_POINT ( 'NONE',  ( -27.82731649811005781, -11.62398703403564149, 1.215000000000000080 ) ) ;
#2087 = FACE_OUTER_BOUND ( 'NONE', #3492, .T. ) ;
#2088 = CARTESIAN_POINT ( 'NONE',  ( -44.08039062757600135, -16.50398703403563871, -0.2349999999999997369 ) ) ;
#2089 = VERTEX_POINT ( 'NONE', #5925 ) ;
#2090 = AXIS2_PLACEMENT_3D ( 'NONE', #1071, #1578, #6445 ) ;
#2091 = ORIENTED_EDGE ( 'NONE', *, *, #1577, .F. ) ;
#2092 = CARTESIAN_POINT ( 'NONE',  ( -40.82731649811005781, -18.25679195885846795, -0.4738175444318649121 ) ) ;
#2093 = CARTESIAN_POINT ( 'NONE',  ( -35.09731990792612066, 6.032913140623263892, -1.244999999999911955 ) ) ;
#2094 = DIRECTION ( 'NONE',  ( 0.0000000000000000000, 0.0000000000000000000, 1.000000000000000000 ) ) ;
#2095 = FACE_OUTER_BOUND ( 'NONE', #6418, .T. ) ;
#2096 = VERTEX_POINT ( 'NONE', #4228 ) ;
#2097 = ORIENTED_EDGE ( 'NONE', *, *, #4908, .F. ) ;
#2098 = CARTESIAN_POINT ( 'NONE',  ( -28.82731649811005781, -18.27407675507290818, -0.2449113037486423394 ) ) ;
#2099 = EDGE_CURVE ( 'NONE', #7687, #6743, #1850, .T. ) ;
#2100 = SURFACE_SIDE_STYLE ('',( #7572 ) ) ;
#2101 = EDGE_CURVE ( 'NONE', #5040, #7531, #657, .T. ) ;
#2102 = EDGE_CURVE ( 'NONE', #3282, #6583, #585, .T. ) ;
#2103 = DIRECTION ( 'NONE',  ( 0.0000000000000000000, -1.000000000000000000, -1.047444401652940007E-14 ) ) ;
#2104 = SURFACE_STYLE_USAGE ( .BOTH. , #5120 ) ;
#2105 = ORIENTED_EDGE ( 'NONE', *, *, #4871, .T. ) ;
#2106 = COLOUR_RGB ( '',1.000000000000000000, 0.5019607843137254832, 0.0000000000000000000 ) ;
#2107 = CARTESIAN_POINT ( 'NONE',  ( -37.83416990792611756, 6.890163140623350557, -9.118999999999918060 ) ) ;
#2108 = ORIENTED_EDGE ( 'NONE', *, *, #5157, .F. ) ;
#2109 = ADVANCED_FACE ( 'NONE', ( #5432 ), #3705, .T. ) ;
#2110 = EDGE_CURVE ( 'NONE', #7329, #1047, #1885, .T. ) ;
#2111 = CARTESIAN_POINT ( 'NONE',  ( -39.21211990792613022, 6.032913140623263892, -1.244999999999936158 ) ) ;
#2112 = CARTESIAN_POINT ( 'NONE',  ( -35.29416990792612552, 6.890163140623350557, -9.118999999999918060 ) ) ;
#2113 = CARTESIAN_POINT ( 'NONE',  ( -33.37646990792611490, 7.512463140623343527, -9.267789755157155085 ) ) ;
#2114 = EDGE_CURVE ( 'NONE', #3019, #4082, #2321, .T. ) ;
#2115 =( NAMED_UNIT ( * ) SI_UNIT ( $, .STERADIAN. ) SOLID_ANGLE_UNIT ( ) );
#2116 = DIRECTION ( 'NONE',  ( 0.0000000000000000000, 0.0000000000000000000, -1.000000000000000000 ) ) ;
#2117 = DIRECTION ( 'NONE',  ( -0.0000000000000000000, -0.0000000000000000000, -1.000000000000000000 ) ) ;
#2118 = EDGE_LOOP ( 'NONE', ( #61, #6222, #3356, #5491 ) ) ;
#2119 = CARTESIAN_POINT ( 'NONE',  ( -47.58039062757602267, 5.256012965964358408, 1.205000000000000071 ) ) ;
#2120 = ORIENTED_EDGE ( 'NONE', *, *, #1537, .F. ) ;
#2121 = FACE_OUTER_BOUND ( 'NONE', #5224, .T. ) ;
#2122 = UNCERTAINTY_MEASURE_WITH_UNIT (LENGTH_MEASURE( 1.000000000000000082E-05 ), #4406, 'distance_accuracy_value', 'NONE');
#2123 = DIRECTION ( 'NONE',  ( -0.5000000000000197620, -0.8660254037844272723, 0.0000000000000000000 ) ) ;
#2124 = LINE ( 'NONE', #4541, #7492 ) ;
#2125 = DIRECTION ( 'NONE',  ( 0.0000000000000000000, 0.0000000000000000000, 1.000000000000000000 ) ) ;
#2126 = SURFACE_SIDE_STYLE ('',( #5551 ) ) ;
#2127 = DIRECTION ( 'NONE',  ( 0.0000000000000000000, -1.047444401652940007E-14, 1.000000000000000000 ) ) ;
#2128 = EDGE_LOOP ( 'NONE', ( #6943, #6921, #5985, #7648 ) ) ;
#2129 = VECTOR ( 'NONE', #2464, 1000.000000000000000 ) ;
#2130 = ORIENTED_EDGE ( 'NONE', *, *, #4262, .F. ) ;
#2131 = DIRECTION ( 'NONE',  ( 0.0000000000000000000, 1.000000000000000000, 1.047444401652940007E-14 ) ) ;
#2132 = DIRECTION ( 'NONE',  ( 1.000000000000000000, 0.0000000000000000000, 0.0000000000000000000 ) ) ;
#2133 = DIRECTION ( 'NONE',  ( -0.0000000000000000000, -0.0000000000000000000, -1.000000000000000000 ) ) ;
#2134 = SURFACE_SIDE_STYLE ('',( #5146 ) ) ;
#2135 = VERTEX_POINT ( 'NONE', #1220 ) ;
#2136 = ORIENTED_EDGE ( 'NONE', *, *, #3912, .T. ) ;
#2137 = DIRECTION ( 'NONE',  ( 1.000000000000000000, -0.0000000000000000000, 0.0000000000000000000 ) ) ;
#2138 = EDGE_LOOP ( 'NONE', ( #6369, #487, #5231, #3734 ) ) ;
#2139 = UNCERTAINTY_MEASURE_WITH_UNIT (LENGTH_MEASURE( 1.000000000000000082E-05 ), #1268, 'distance_accuracy_value', 'NONE');
#2140 = CIRCLE ( 'NONE', #7546, 1.000000000000000888 ) ;
#2141 = CARTESIAN_POINT ( 'NONE',  ( -39.21211990792613022, 7.144113140623238323, 1.218800000000075823 ) ) ;
#2142 = AXIS2_PLACEMENT_3D ( 'NONE', #2141, #2783, #3986 ) ;
#2143 = ADVANCED_FACE ( 'NONE', ( #7751 ), #7146, .F. ) ;
#2144 = ORIENTED_EDGE ( 'NONE', *, *, #5960, .T. ) ;
#2145 = FACE_OUTER_BOUND ( 'NONE', #7647, .T. ) ;
#2146 = EDGE_CURVE ( 'NONE', #2407, #2510, #2311, .T. ) ;
#2147 = FILL_AREA_STYLE_COLOUR ( '', #2069 ) ;
#2148 = CIRCLE ( 'NONE', #6033, 1.799999999999999600 ) ;
#2149 = CARTESIAN_POINT ( 'NONE',  ( -37.93938015276889075, 6.995373385466116645, -9.372999999999922949 ) ) ;
#2150 = FILL_AREA_STYLE ('',( #6208 ) ) ;
#2151 = EDGE_CURVE ( 'NONE', #736, #5924, #4153, .T. ) ;
#2152 = SURFACE_STYLE_FILL_AREA ( #4534 ) ;
#2153 = DIRECTION ( 'NONE',  ( 1.000000000000000000, 0.0000000000000000000, 0.0000000000000000000 ) ) ;
#2154 = VERTEX_POINT ( 'NONE', #3120 ) ;
#2155 = MECHANICAL_DESIGN_GEOMETRIC_PRESENTATION_REPRESENTATION (  '', ( #3943 ), #4193 ) ;
#2156 = EDGE_CURVE ( 'NONE', #6211, #7540, #7710, .T. ) ;
#2157 = ORIENTED_EDGE ( 'NONE', *, *, #2018, .T. ) ;
#2158 = EDGE_CURVE ( 'NONE', #6781, #5166, #5009, .T. ) ;
#2159 = CARTESIAN_POINT ( 'NONE',  ( -21.58039062757600846, -3.003987034035643600, 1.205000000000000071 ) ) ;
#2160 = CARTESIAN_POINT ( 'NONE',  ( -30.31933015276888810, 7.407302895780469854, 1.472800000000078269 ) ) ;
#2161 = VECTOR ( 'NONE', #7308, 1000.000000000000000 ) ;
#2162 = FILL_AREA_STYLE ('',( #3924 ) ) ;
#2163 = FILL_AREA_STYLE ('',( #4735 ) ) ;
#2164 = DIRECTION ( 'NONE',  ( 1.000000000000000000, 0.0000000000000000000, 0.0000000000000000000 ) ) ;
#2165 = B_SPLINE_CURVE_WITH_KNOTS ( 'NONE', 3,
 ( #2566, #4315, #4932, #399, #321, #275, #5095, #4586, #4509, #3922 ),
 .UNSPECIFIED., .F., .F.,
 ( 4, 2, 2, 2, 4 ),
 ( 3.252606517456513302E-19, 0.0003086963905489647098, 0.0006173927810979290944, 0.001234785562195857972, 0.002469571124391715510 ),
 .UNSPECIFIED. ) ;
#2166 = VERTEX_POINT ( 'NONE', #1451 ) ;
#2167 = ORIENTED_EDGE ( 'NONE', *, *, #1443, .T. ) ;
#2168 = CARTESIAN_POINT ( 'NONE',  ( -40.82731649811005781, -18.28136185513362477, -0.3668299596730744683 ) ) ;
#2169 = PRESENTATION_STYLE_ASSIGNMENT (( #3328 ) ) ;
#2170 = CARTESIAN_POINT ( 'NONE',  ( -21.08039062757600846, -10.24398703403563893, -0.2449999999999997735 ) ) ;
#2171 = CARTESIAN_POINT ( 'NONE',  ( -38.14039062757601073, 7.206012965964358585, -0.2449999999999997735 ) ) ;
#2172 = FILL_AREA_STYLE_COLOUR ( '', #819 ) ;
#2173 = STYLED_ITEM ( 'NONE', ( #3622 ), #3804 ) ;
#2174 = VECTOR ( 'NONE', #6525, 1000.000000000000000 ) ;
#2175 = CARTESIAN_POINT ( 'NONE',  ( -45.88039062757600561, -16.50398703403563871, -0.2449999999999997735 ) ) ;
#2176 =( GEOMETRIC_REPRESENTATION_CONTEXT ( 3 ) GLOBAL_UNCERTAINTY_ASSIGNED_CONTEXT ( ( #339 ) ) GLOBAL_UNIT_ASSIGNED_CONTEXT ( ( #5433, #7278, #2437 ) ) REPRESENTATION_CONTEXT ( 'NONE', 'WORKASPACE' ) );
#2177 = VERTEX_POINT ( 'NONE', #4418 ) ;
#2178 = ORIENTED_EDGE ( 'NONE', *, *, #2252, .F. ) ;
#2179 = FACE_BOUND ( 'NONE', #6241, .T. ) ;
#2180 = VERTEX_POINT ( 'NONE', #6792 ) ;
#2181 = AXIS2_PLACEMENT_3D ( 'NONE', #5464, #2477, #4955 ) ;
#2182 = DIRECTION ( 'NONE',  ( -0.5000000000000197620, -0.8660254037844272723, 0.0000000000000000000 ) ) ;
#2183 = FILL_AREA_STYLE_COLOUR ( '', #2904 ) ;
#2184 =( NAMED_UNIT ( * ) SI_UNIT ( $, .STERADIAN. ) SOLID_ANGLE_UNIT ( ) );
#2185 = CARTESIAN_POINT ( 'NONE',  ( -34.06742597117769122, 6.032913140623278103, -1.244999999999936158 ) ) ;
#2186 = ORIENTED_EDGE ( 'NONE', *, *, #36, .T. ) ;
#2187 = STYLED_ITEM ( 'NONE', ( #3990 ), #513 ) ;
#2188 = SURFACE_STYLE_FILL_AREA ( #7510 ) ;
#2189 = EDGE_LOOP ( 'NONE', ( #2908, #4909, #7302, #7218 ) ) ;
#2190 =( NAMED_UNIT ( * ) SI_UNIT ( $, .STERADIAN. ) SOLID_ANGLE_UNIT ( ) );
#2191 =( NAMED_UNIT ( * ) PLANE_ANGLE_UNIT ( ) SI_UNIT ( $, .RADIAN. ) );
#2192 = CARTESIAN_POINT ( 'NONE',  ( -40.82731649811006491, -18.28136185513362477, -0.3668299596730744683 ) ) ;
#2193 = FILL_AREA_STYLE_COLOUR ( '', #2854 ) ;
#2194 =( NAMED_UNIT ( * ) PLANE_ANGLE_UNIT ( ) SI_UNIT ( $, .RADIAN. ) );
#2195 = LINE ( 'NONE', #5089, #1042 ) ;
#2196 = ORIENTED_EDGE ( 'NONE', *, *, #7449, .F. ) ;
#2197 = DIRECTION ( 'NONE',  ( 1.000000000000000000, 0.0000000000000000000, 0.0000000000000000000 ) ) ;
#2198 = VERTEX_POINT ( 'NONE', #3151 ) ;
#2199 = VECTOR ( 'NONE', #5370, 1000.000000000000000 ) ;
#2200 = VECTOR ( 'NONE', #6237, 1000.000000000000000 ) ;
#2201 = CARTESIAN_POINT ( 'NONE',  ( -29.82736094035740138, -18.30398703403564653, -0.2450000000000049916 ) ) ;
#2202 = LINE ( 'NONE', #4630, #6821 ) ;
#2203 = ADVANCED_FACE ( 'NONE', ( #1406 ), #7310, .F. ) ;
#2204 = DIRECTION ( 'NONE',  ( -0.8665316060966604672, 0.4991222051116759872, 0.0000000000000000000 ) ) ;
#2205 =( NAMED_UNIT ( * ) PLANE_ANGLE_UNIT ( ) SI_UNIT ( $, .RADIAN. ) );
#2206 = AXIS2_PLACEMENT_3D ( 'NONE', #2379, #5987, #7163 ) ;
#2207 = ADVANCED_FACE ( 'NONE', ( #6121 ), #3222, .T. ) ;
#2208 = EDGE_CURVE ( 'NONE', #2581, #3690, #7472, .T. ) ;
#2209 = VECTOR ( 'NONE', #3420, 1000.000000000000000 ) ;
#2210 = DIRECTION ( 'NONE',  ( 1.000000000000000000, 0.0000000000000000000, 0.0000000000000000000 ) ) ;
#2211 = ORIENTED_EDGE ( 'NONE', *, *, #486, .T. ) ;
#2212 = EDGE_CURVE ( 'NONE', #5730, #1739, #224, .T. ) ;
#2213 = CARTESIAN_POINT ( 'NONE',  ( -21.08039062757600846, -14.00398703403564227, 1.041666666666666963 ) ) ;
#2214 =( NAMED_UNIT ( * ) PLANE_ANGLE_UNIT ( ) SI_UNIT ( $, .RADIAN. ) );
#2215 = LINE ( 'NONE', #7015, #5701 ) ;
#2216 =( GEOMETRIC_REPRESENTATION_CONTEXT ( 3 ) GLOBAL_UNCERTAINTY_ASSIGNED_CONTEXT ( ( #235 ) ) GLOBAL_UNIT_ASSIGNED_CONTEXT ( ( #2326, #1697, #1115 ) ) REPRESENTATION_CONTEXT ( 'NONE', 'WORKASPACE' ) );
#2217 = CARTESIAN_POINT ( 'NONE',  ( -33.37651990792611656, 7.512513140623251928, 1.218800000000079597 ) ) ;
#2218 = CARTESIAN_POINT ( 'NONE',  ( -23.82731649811006136, -9.423987034035643973, -1.254999999999999893 ) ) ;
#2219 = SURFACE_STYLE_USAGE ( .BOTH. , #7614 ) ;
#2220 = VECTOR ( 'NONE', #1975, 1000.000000000000000 ) ;
#2221 = CARTESIAN_POINT ( 'NONE',  ( -45.88039062757600561, -16.50398703403563871, -1.264999999999999902 ) ) ;
#2222 = EDGE_LOOP ( 'NONE', ( #166, #1511, #2685, #3615 ) ) ;
#2223 = CIRCLE ( 'NONE', #7632, 1.000000000000000888 ) ;
#2224 = ORIENTED_EDGE ( 'NONE', *, *, #1528, .T. ) ;
#2225 = ORIENTED_EDGE ( 'NONE', *, *, #1590, .T. ) ;
#2226 = FACE_OUTER_BOUND ( 'NONE', #5211, .T. ) ;
#2227 = VECTOR ( 'NONE', #3489, 1000.000000000000000 ) ;
#2228 = DIRECTION ( 'NONE',  ( 0.5000000000000108802, -0.8660254037844323793, -8.871936606726141429E-15 ) ) ;
#2229 = DIRECTION ( 'NONE',  ( 0.5000000000000197620, 0.8660254037844272723, 0.0000000000000000000 ) ) ;
#2230 = EDGE_LOOP ( 'NONE', ( #6183, #2841, #4027, #2595 ) ) ;
#2231 = ORIENTED_EDGE ( 'NONE', *, *, #6776, .F. ) ;
#2232 = CARTESIAN_POINT ( 'NONE',  ( -29.82736094035740138, -18.14220267626449257, 0.9035539196892449221 ) ) ;
#2233 = LINE ( 'NONE', #2112, #7340 ) ;
#2234 = CARTESIAN_POINT ( 'NONE',  ( -32.75411990792613182, 7.512513140623252816, -1.575199999999920664 ) ) ;
#2235 =( NAMED_UNIT ( * ) SI_UNIT ( $, .STERADIAN. ) SOLID_ANGLE_UNIT ( ) );
#2236 = CARTESIAN_POINT ( 'NONE',  ( -23.78039062757601130, 7.056012965964359118, -1.245000000000000107 ) ) ;
#2237 = DIRECTION ( 'NONE',  ( -0.0000000000000000000, -0.0000000000000000000, -1.000000000000000000 ) ) ;
#2238 = ORIENTED_EDGE ( 'NONE', *, *, #1589, .F. ) ;
#2239 = SURFACE_SIDE_STYLE ('',( #2843 ) ) ;
#2240 = SURFACE_STYLE_USAGE ( .BOTH. , #4154 ) ;
#2241 = SURFACE_STYLE_USAGE ( .BOTH. , #4700 ) ;
#2242 = LINE ( 'NONE', #4664, #1421 ) ;
#2243 = CARTESIAN_POINT ( 'NONE',  ( -33.12251990792611878, 7.144113140623235658, 1.472800000000075604 ) ) ;
#2244 = PRESENTATION_STYLE_ASSIGNMENT (( #550 ) ) ;
#2245 = CARTESIAN_POINT ( 'NONE',  ( -40.82731649811006491, -18.16430169093150226, -0.6570559913331650570 ) ) ;
#2246 = EDGE_CURVE ( 'NONE', #7162, #5681, #743, .T. ) ;
#2247 = DIRECTION ( 'NONE',  ( 0.0000000000000000000, 1.000000000000000000, 1.047444401652940007E-14 ) ) ;
#2248 = VERTEX_POINT ( 'NONE', #4962 ) ;
#2249 = ORIENTED_EDGE ( 'NONE', *, *, #3664, .F. ) ;
#2250 = CARTESIAN_POINT ( 'NONE',  ( -27.82731649811006136, -11.62398703403563971, 1.215000000000000080 ) ) ;
#2251 = EDGE_CURVE ( 'NONE', #3177, #2584, #7526, .T. ) ;
#2252 = EDGE_CURVE ( 'NONE', #3347, #798, #3325, .T. ) ;
#2253 = DIRECTION ( 'NONE',  ( 0.0000000000000000000, -1.000000000000000000, -1.047444401652940007E-14 ) ) ;
#2254 = CARTESIAN_POINT ( 'NONE',  ( -30.02039062757600618, 7.206012965964358585, -1.266000000000000014 ) ) ;
#2255 = CARTESIAN_POINT ( 'NONE',  ( -47.68039062757600988, 9.556012965964352901, -0.2449999999999997735 ) ) ;
#2256 = ADVANCED_FACE ( 'NONE', ( #4384 ), #1373, .F. ) ;
#2257 = EDGE_CURVE ( 'NONE', #3690, #4281, #6958, .T. ) ;
#2258 = DIRECTION ( 'NONE',  ( 1.000000000000000000, 0.0000000000000000000, 0.0000000000000000000 ) ) ;
#2259 = ORIENTED_EDGE ( 'NONE', *, *, #3767, .F. ) ;
#2260 =( GEOMETRIC_REPRESENTATION_CONTEXT ( 3 ) GLOBAL_UNCERTAINTY_ASSIGNED_CONTEXT ( ( #3789 ) ) GLOBAL_UNIT_ASSIGNED_CONTEXT ( ( #2823, #1481, #7423 ) ) REPRESENTATION_CONTEXT ( 'NONE', 'WORKASPACE' ) );
#2261 = ORIENTED_EDGE ( 'NONE', *, *, #1204, .T. ) ;
#2262 = FACE_OUTER_BOUND ( 'NONE', #2138, .T. ) ;
#2263 = VERTEX_POINT ( 'NONE', #4065 ) ;
#2264 = EDGE_CURVE ( 'NONE', #6532, #7540, #308, .T. ) ;
#2265 = ADVANCED_FACE ( 'NONE', ( #2145 ), #7666, .T. ) ;
#2266 = CARTESIAN_POINT ( 'NONE',  ( -38.45651990792611485, 6.890113140623235211, 1.472800000000072718 ) ) ;
#2267 = CARTESIAN_POINT ( 'NONE',  ( -38.08811990792612079, 7.144113140623235658, 1.472800000000074494 ) ) ;
#2268 = DIRECTION ( 'NONE',  ( 1.000000000000000000, 0.0000000000000000000, 0.0000000000000000000 ) ) ;
#2269 = EDGE_LOOP ( 'NONE', ( #5843, #6272, #7257, #1388, #1155, #2506, #2077, #4161, #6279, #1674, #3102, #2937 ) ) ;
#2270 = VERTEX_POINT ( 'NONE', #4528 ) ;
#2271 = MECHANICAL_DESIGN_GEOMETRIC_PRESENTATION_REPRESENTATION (  '', ( #5417 ), #6657 ) ;
#2272 = CARTESIAN_POINT ( 'NONE',  ( -29.82736094035740138, -15.29564772441671394, 1.209947844275661488 ) ) ;
#2273 = DIRECTION ( 'NONE',  ( -0.0000000000000000000, -0.0000000000000000000, -1.000000000000000000 ) ) ;
#2274 = DIRECTION ( 'NONE',  ( -0.8665316060966603562, -0.4991222051116762648, 0.0000000000000000000 ) ) ;
#2275 = FILL_AREA_STYLE ('',( #2884 ) ) ;
#2276 = ORIENTED_EDGE ( 'NONE', *, *, #188, .F. ) ;
#2277 = VECTOR ( 'NONE', #5914, 1000.000000000000000 ) ;
#2278 = CARTESIAN_POINT ( 'NONE',  ( -27.82731649811005781, -12.62398703403564326, 1.215000000000000080 ) ) ;
#2279 = CARTESIAN_POINT ( 'NONE',  ( -35.91646990792611405, 7.512463140623347080, -9.118999999999923389 ) ) ;
#2280 = LINE ( 'NONE', #6513, #3224 ) ;
#2281 = CARTESIAN_POINT ( 'NONE',  ( -47.08039062757600846, -9.643987034035646388, 1.205000000000000071 ) ) ;
#2282 = CARTESIAN_POINT ( 'NONE',  ( -28.82731649811005781, -16.30398703403564653, -1.245189567241619555 ) ) ;
#2283 = VECTOR ( 'NONE', #2117, 1000.000000000000000 ) ;
#2284 = LINE ( 'NONE', #1121, #5123 ) ;
#2285 = ORIENTED_EDGE ( 'NONE', *, *, #3468, .F. ) ;
#2286 = ORIENTED_EDGE ( 'NONE', *, *, #7688, .F. ) ;
#2287 = UNCERTAINTY_MEASURE_WITH_UNIT (LENGTH_MEASURE( 1.000000000000000082E-05 ), #1538, 'distance_accuracy_value', 'NONE');
#2288 = CARTESIAN_POINT ( 'NONE',  ( -39.21211990792613022, 6.032913140623286985, -3.530999999999924199 ) ) ;
#2289 = FILL_AREA_STYLE_COLOUR ( '', #3466 ) ;
#2290 = DIRECTION ( 'NONE',  ( 0.0000000000000000000, -1.000000000000000000, -1.047444401652940007E-14 ) ) ;
#2291 = DIRECTION ( 'NONE',  ( 1.000000000000000000, 0.0000000000000000000, -0.0000000000000000000 ) ) ;
#2292 = STYLED_ITEM ( 'NONE', ( #7082 ), #3549 ) ;
#2293 = ORIENTED_EDGE ( 'NONE', *, *, #659, .T. ) ;
#2294 = ORIENTED_EDGE ( 'NONE', *, *, #4730, .F. ) ;
#2295 = SURFACE_STYLE_FILL_AREA ( #7131 ) ;
#2296 = ORIENTED_EDGE ( 'NONE', *, *, #1622, .F. ) ;
#2297 = CARTESIAN_POINT ( 'NONE',  ( -23.55039062757601087, 3.166012965964347003, 1.265000000000000124 ) ) ;
#2298 = DIRECTION ( 'NONE',  ( 1.000000000000000000, 0.0000000000000000000, 0.0000000000000000000 ) ) ;
#2299 = EDGE_CURVE ( 'NONE', #6480, #3177, #3404, .T. ) ;
#2300 = VECTOR ( 'NONE', #1111, 1000.000000000000000 ) ;
#2301 = FILL_AREA_STYLE ('',( #1670 ) ) ;
#2302 = STYLED_ITEM ( 'NONE', ( #5692 ), #276 ) ;
#2303 = APPLICATION_PROTOCOL_DEFINITION ( 'draft international standard', 'automotive_design', 1998, #5367 ) ;
#2304 = EDGE_CURVE ( 'NONE', #3968, #3987, #5122, .T. ) ;
#2305 = EDGE_CURVE ( 'NONE', #4512, #6613, #425, .T. ) ;
#2306 = ORIENTED_EDGE ( 'NONE', *, *, #134, .T. ) ;
#2307 = ORIENTED_EDGE ( 'NONE', *, *, #7783, .T. ) ;
#2308 = STYLED_ITEM ( 'NONE', ( #1287 ), #7107 ) ;
#2309 = AXIS2_PLACEMENT_3D ( 'NONE', #3758, #2125, #3961 ) ;
#2310 = CARTESIAN_POINT ( 'NONE',  ( -35.66251990792611792, 7.258513140623236382, 1.472800000000076492 ) ) ;
#2311 = CIRCLE ( 'NONE', #805, 1.000000000000000888 ) ;
#2312 = LINE ( 'NONE', #7774, #7215 ) ;
#2313 = CARTESIAN_POINT ( 'NONE',  ( -31.82071990792610805, 6.540913140622675925, -3.530999999999935302 ) ) ;
#2314 = VECTOR ( 'NONE', #6161, 1000.000000000000000 ) ;
#2315 = LINE ( 'NONE', #2429, #5209 ) ;
#2316 = SURFACE_STYLE_USAGE ( .BOTH. , #3386 ) ;
#2317 = STYLED_ITEM ( 'NONE', ( #5352 ), #517 ) ;
#2318 =( NAMED_UNIT ( * ) PLANE_ANGLE_UNIT ( ) SI_UNIT ( $, .RADIAN. ) );
#2319 =( LENGTH_UNIT ( ) NAMED_UNIT ( * ) SI_UNIT ( .MILLI., .METRE. ) );
#2320 = ORIENTED_EDGE ( 'NONE', *, *, #5862, .F. ) ;
#2321 = LINE ( 'NONE', #5318, #1790 ) ;
#2322 = VECTOR ( 'NONE', #1707, 1000.000000000000000 ) ;
#2323 = VECTOR ( 'NONE', #1742, 1000.000000000000000 ) ;
#2324 = LINE ( 'NONE', #3534, #1669 ) ;
#2325 = AXIS2_PLACEMENT_3D ( 'NONE', #3931, #2131, #7450 ) ;
#2326 =( LENGTH_UNIT ( ) NAMED_UNIT ( * ) SI_UNIT ( .MILLI., .METRE. ) );
#2327 = DIRECTION ( 'NONE',  ( 0.4999999999999920064, -0.8660254037844432595, -8.871936606717620153E-15 ) ) ;
#2328 = LINE ( 'NONE', #7119, #5559 ) ;
#2329 = LINE ( 'NONE', #4594, #6100 ) ;
#2330 = VECTOR ( 'NONE', #3075, 1000.000000000000000 ) ;
#2331 = EDGE_LOOP ( 'NONE', ( #5074, #5035 ) ) ;
#2332 = LINE ( 'NONE', #516, #1929 ) ;
#2333 = CARTESIAN_POINT ( 'NONE',  ( -36.10039062757601158, 7.206012965964358585, -0.2449999999999997735 ) ) ;
#2334 = DIRECTION ( 'NONE',  ( 0.5000000000000197620, -0.8660254037844272723, 0.0000000000000000000 ) ) ;
#2335 = MECHANICAL_DESIGN_GEOMETRIC_PRESENTATION_REPRESENTATION (  '', ( #832 ), #3107 ) ;
#2336 = DIRECTION ( 'NONE',  ( 0.0000000000000000000, 0.0000000000000000000, 1.000000000000000000 ) ) ;
#2337 = CARTESIAN_POINT ( 'NONE',  ( -37.63731990792611981, 6.032913140623263892, -1.244999999999936158 ) ) ;
#2338 = CYLINDRICAL_SURFACE ( 'NONE', #1040, 0.2540000000000007807 ) ;
#2339 = EDGE_LOOP ( 'NONE', ( #190, #6654, #1367, #3648 ) ) ;
#2340 = AXIS2_PLACEMENT_3D ( 'NONE', #5170, #5287, #2247 ) ;
#2341 = VERTEX_POINT ( 'NONE', #3348 ) ;
#2342 = PRESENTATION_LAYER_ASSIGNMENT (  '', '', ( #7239 ) ) ;
#2343 = CARTESIAN_POINT ( 'NONE',  ( -30.58251990792611963, 7.144113140623235658, 1.472800000000075604 ) ) ;
#2344 = DIRECTION ( 'NONE',  ( 1.000000000000000000, 0.0000000000000000000, 0.0000000000000000000 ) ) ;
#2345 =( NAMED_UNIT ( * ) PLANE_ANGLE_UNIT ( ) SI_UNIT ( $, .RADIAN. ) );
#2346 = FACE_OUTER_BOUND ( 'NONE', #6384, .T. ) ;
#2347 = VECTOR ( 'NONE', #747, 1000.000000000000000 ) ;
#2348 = CARTESIAN_POINT ( 'NONE',  ( -45.88039062757600561, 7.056012965964359118, -0.2349999999999997369 ) ) ;
#2349 =( NAMED_UNIT ( * ) PLANE_ANGLE_UNIT ( ) SI_UNIT ( $, .RADIAN. ) );
#2350 = EDGE_LOOP ( 'NONE', ( #1459, #3118, #5431, #6895 ) ) ;
#2351 = ORIENTED_EDGE ( 'NONE', *, *, #476, .T. ) ;
#2352 = ADVANCED_FACE ( 'NONE', ( #5733, #348 ), #5158, .T. ) ;
#2353 = SURFACE_STYLE_USAGE ( .BOTH. , #4223 ) ;
#2354 = DIRECTION ( 'NONE',  ( 1.000000000000000000, 0.0000000000000000000, 0.0000000000000000000 ) ) ;
#2355 = VECTOR ( 'NONE', #1408, 1000.000000000000000 ) ;
#2356 = EDGE_CURVE ( 'NONE', #7372, #1468, #2617, .T. ) ;
#2357 = EDGE_CURVE ( 'NONE', #5761, #3282, #608, .T. ) ;
#2358 = PRESENTATION_STYLE_ASSIGNMENT (( #7633 ) ) ;
#2359 = EDGE_CURVE ( 'NONE', #6805, #6829, #1245, .T. ) ;
#2360 = EDGE_CURVE ( 'NONE', #3213, #6752, #1166, .T. ) ;
#2361 = SURFACE_STYLE_FILL_AREA ( #7143 ) ;
#2362 = VERTEX_POINT ( 'NONE', #3072 ) ;
#2363 = DIRECTION ( 'NONE',  ( 1.000000000000000000, 0.0000000000000000000, 0.0000000000000000000 ) ) ;
#2364 = SURFACE_SIDE_STYLE ('',( #1851 ) ) ;
#2365 = EDGE_CURVE ( 'NONE', #6952, #3670, #5962, .T. ) ;
#2366 = DIRECTION ( 'NONE',  ( -1.000000000000000000, 0.0000000000000000000, -0.0000000000000000000 ) ) ;
#2367 = CARTESIAN_POINT ( 'NONE',  ( -33.37651990792611656, 6.890113140623240540, 1.367589755157307296 ) ) ;
#2368 = DIRECTION ( 'NONE',  ( 0.0000000000000000000, 0.0000000000000000000, 1.000000000000000000 ) ) ;
#2369 = FILL_AREA_STYLE ('',( #551 ) ) ;
#2370 = AXIS2_PLACEMENT_3D ( 'NONE', #2788, #2711, #5192 ) ;
#2371 = DIRECTION ( 'NONE',  ( -0.0000000000000000000, -0.0000000000000000000, -1.000000000000000000 ) ) ;
#2372 = ORIENTED_EDGE ( 'NONE', *, *, #7114, .T. ) ;
#2373 = DIRECTION ( 'NONE',  ( 1.000000000000000000, 0.0000000000000000000, 0.0000000000000000000 ) ) ;
#2374 = DIRECTION ( 'NONE',  ( -0.0000000000000000000, 1.000000000000000000, 1.047444401652940007E-14 ) ) ;
#2375 = CARTESIAN_POINT ( 'NONE',  ( -20.98039062757601059, 7.056012965964359118, -0.2349999999999997369 ) ) ;
#2376 = CARTESIAN_POINT ( 'NONE',  ( -31.82071990792611871, 6.540913140622668820, -1.244999999999925944 ) ) ;
#2377 = DIRECTION ( 'NONE',  ( -1.000000000000000000, 0.0000000000000000000, 0.0000000000000000000 ) ) ;
#2378 = ORIENTED_EDGE ( 'NONE', *, *, #6725, .T. ) ;
#2379 = CARTESIAN_POINT ( 'NONE',  ( -34.65401384467411816, 8.369713140623003866, -3.530999999999912209 ) ) ;
#2380 = VERTEX_POINT ( 'NONE', #4104 ) ;
#2381 = ORIENTED_EDGE ( 'NONE', *, *, #6526, .T. ) ;
#2382 = CARTESIAN_POINT ( 'NONE',  ( -28.82731649811007202, -17.83967401293548605, 0.3825688395957673738 ) ) ;
#2383 = FACE_OUTER_BOUND ( 'NONE', #2189, .T. ) ;
#2384 = PLANE ( 'NONE',  #2487 ) ;
#2385 =( LENGTH_UNIT ( ) NAMED_UNIT ( * ) SI_UNIT ( .MILLI., .METRE. ) );
#2386 = AXIS2_PLACEMENT_3D ( 'NONE', #2705, #2103, #5640 ) ;
#2387 = FILL_AREA_STYLE ('',( #6578 ) ) ;
#2388 = ORIENTED_EDGE ( 'NONE', *, *, #4590, .F. ) ;
#2389 = ORIENTED_EDGE ( 'NONE', *, *, #5752, .F. ) ;
#2390 = SURFACE_STYLE_FILL_AREA ( #5423 ) ;
#2391 = ORIENTED_EDGE ( 'NONE', *, *, #607, .T. ) ;
#2392 = DIRECTION ( 'NONE',  ( -1.000000000000000000, -0.0000000000000000000, -0.0000000000000000000 ) ) ;
#2393 = CARTESIAN_POINT ( 'NONE',  ( -35.66251990792611792, 7.144113140623235658, 1.472800000000075382 ) ) ;
#2394 = VECTOR ( 'NONE', #2513, 1000.000000000000000 ) ;
#2395 = DIRECTION ( 'NONE',  ( -0.0000000000000000000, -1.000000000000000000, 0.0000000000000000000 ) ) ;
#2396 =( NAMED_UNIT ( * ) SI_UNIT ( $, .STERADIAN. ) SOLID_ANGLE_UNIT ( ) );
#2397 = DIRECTION ( 'NONE',  ( 1.000000000000000000, 0.0000000000000000000, 0.0000000000000000000 ) ) ;
#2398 = VERTEX_POINT ( 'NONE', #4731 ) ;
#2399 = DIRECTION ( 'NONE',  ( 0.0000000000000000000, -1.047444401652940007E-14, 1.000000000000000000 ) ) ;
#2400 =( NAMED_UNIT ( * ) PLANE_ANGLE_UNIT ( ) SI_UNIT ( $, .RADIAN. ) );
#2401 = ADVANCED_FACE ( 'NONE', ( #7104 ), #2957, .F. ) ;
#2402 = FILL_AREA_STYLE ('',( #7786 ) ) ;
#2403 = CARTESIAN_POINT ( 'NONE',  ( -28.82731649811005781, -17.05521404066708513, -1.240305603012645363 ) ) ;
#2404 = ADVANCED_FACE ( 'NONE', ( #577 ), #501, .F. ) ;
#2405 = ADVANCED_FACE ( 'NONE', ( #1794 ), #6917, .T. ) ;
#2406 = VECTOR ( 'NONE', #4270, 1000.000000000000000 ) ;
#2407 = VERTEX_POINT ( 'NONE', #5087 ) ;
#2408 = DIRECTION ( 'NONE',  ( 0.0000000000000000000, -0.0000000000000000000, 1.000000000000000000 ) ) ;
#2409 = LINE ( 'NONE', #4673, #5474 ) ;
#2410 = STYLED_ITEM ( 'NONE', ( #3852 ), #3091 ) ;
#2411 = LINE ( 'NONE', #2492, #4727 ) ;
#2412 = FACE_OUTER_BOUND ( 'NONE', #7174, .T. ) ;
#2413 = ORIENTED_EDGE ( 'NONE', *, *, #4822, .T. ) ;
#2414 = DIRECTION ( 'NONE',  ( 0.0000000000000000000, 1.047444401652940007E-14, -1.000000000000000000 ) ) ;
#2415 = ORIENTED_EDGE ( 'NONE', *, *, #1435, .F. ) ;
#2416 = MECHANICAL_DESIGN_GEOMETRIC_PRESENTATION_REPRESENTATION (  '', ( #2410 ), #1531 ) ;
#2417 = DIRECTION ( 'NONE',  ( 0.0000000000000000000, 1.000000000000000000, 1.047444401652940007E-14 ) ) ;
#2418 = VERTEX_POINT ( 'NONE', #6957 ) ;
#2419 = LINE ( 'NONE', #7133, #201 ) ;
#2420 = DIRECTION ( 'NONE',  ( 0.0000000000000000000, 1.047444401652940007E-14, -1.000000000000000000 ) ) ;
#2421 = VECTOR ( 'NONE', #6082, 1000.000000000000000 ) ;
#2422 = ORIENTED_EDGE ( 'NONE', *, *, #5488, .F. ) ;
#2423 = ORIENTED_EDGE ( 'NONE', *, *, #4438, .T. ) ;
#2424 = VERTEX_POINT ( 'NONE', #2083 ) ;
#2425 = PLANE ( 'NONE',  #3847 ) ;
#2426 = DIRECTION ( 'NONE',  ( 1.734723475976805714E-15, -1.000000000000000000, 0.0000000000000000000 ) ) ;
#2427 = PRESENTATION_LAYER_ASSIGNMENT (  '', '', ( #285 ) ) ;
#2428 = CARTESIAN_POINT ( 'NONE',  ( -35.91646990792611405, 6.890163140623317695, -9.118999999999925166 ) ) ;
#2429 = CARTESIAN_POINT ( 'NONE',  ( -37.19401384467461469, 6.032913140623286985, -3.530999999999936634 ) ) ;
#2430 = CARTESIAN_POINT ( 'NONE',  ( -30.52039062757600618, 7.206012965964358585, -1.245000000000000107 ) ) ;
#2431 = LINE ( 'NONE', #655, #1520 ) ;
#2432 =( GEOMETRIC_REPRESENTATION_CONTEXT ( 3 ) GLOBAL_UNCERTAINTY_ASSIGNED_CONTEXT ( ( #3716 ) ) GLOBAL_UNIT_ASSIGNED_CONTEXT ( ( #3838, #207, #838 ) ) REPRESENTATION_CONTEXT ( 'NONE', 'WORKASPACE' ) );
#2433 = DIRECTION ( 'NONE',  ( -1.000000000000000000, -0.0000000000000000000, -0.0000000000000000000 ) ) ;
#2434 = MECHANICAL_DESIGN_GEOMETRIC_PRESENTATION_REPRESENTATION (  '', ( #2302 ), #5082 ) ;
#2435 = ORIENTED_EDGE ( 'NONE', *, *, #6861, .T. ) ;
#2436 = DIRECTION ( 'NONE',  ( 0.0000000000000000000, 0.0000000000000000000, 1.000000000000000000 ) ) ;
#2437 =( NAMED_UNIT ( * ) SI_UNIT ( $, .STERADIAN. ) SOLID_ANGLE_UNIT ( ) );
#2438 = CARTESIAN_POINT ( 'NONE',  ( -22.78039062757601130, -16.50398703403563871, -0.2349999999999997369 ) ) ;
#2439 = DIRECTION ( 'NONE',  ( 0.0000000000000000000, 0.0000000000000000000, -1.000000000000000000 ) ) ;
#2440 = VECTOR ( 'NONE', #1409, 1000.000000000000000 ) ;
#2441 = EDGE_CURVE ( 'NONE', #2540, #863, #4501, .T. ) ;
#2442 = DIRECTION ( 'NONE',  ( 0.0000000000000000000, 0.0000000000000000000, 1.000000000000000000 ) ) ;
#2443 = ORIENTED_EDGE ( 'NONE', *, *, #7248, .F. ) ;
#2444 = EDGE_CURVE ( 'NONE', #5555, #5979, #2792, .T. ) ;
#2445 = UNCERTAINTY_MEASURE_WITH_UNIT (LENGTH_MEASURE( 1.000000000000000082E-05 ), #7017, 'distance_accuracy_value', 'NONE');
#2446 = CARTESIAN_POINT ( 'NONE',  ( -21.78039062757600774, -16.50398703403563871, -1.264999999999999902 ) ) ;
#2447 = FACE_BOUND ( 'NONE', #5202, .T. ) ;
#2448 = EDGE_CURVE ( 'NONE', #1159, #1839, #5274, .T. ) ;
#2449 = EDGE_CURVE ( 'NONE', #6904, #897, #3387, .T. ) ;
#2450 = PRESENTATION_STYLE_ASSIGNMENT (( #1941 ) ) ;
#2451 = AXIS2_PLACEMENT_3D ( 'NONE', #1547, #3970, #5790 ) ;
#2452 = MECHANICAL_DESIGN_GEOMETRIC_PRESENTATION_REPRESENTATION (  '', ( #5108 ), #1823 ) ;
#2453 = SURFACE_STYLE_USAGE ( .BOTH. , #2041 ) ;
#2454 = EDGE_LOOP ( 'NONE', ( #364, #6660, #3703, #3764, #6579, #678, #526, #7038 ) ) ;
#2455 = ADVANCED_FACE ( 'NONE', ( #5648, #7433 ), #5775, .T. ) ;
#2456 = VERTEX_POINT ( 'NONE', #953 ) ;
#2457 = CARTESIAN_POINT ( 'NONE',  ( -41.82731649811006491, -11.62398703403563793, 1.215000000000000080 ) ) ;
#2458 = ORIENTED_EDGE ( 'NONE', *, *, #3263, .T. ) ;
#2459 = UNCERTAINTY_MEASURE_WITH_UNIT (LENGTH_MEASURE( 1.000000000000000082E-05 ), #1506, 'distance_accuracy_value', 'NONE');
#2460 = VECTOR ( 'NONE', #5167, 1000.000000000000000 ) ;
#2461 = AXIS2_PLACEMENT_3D ( 'NONE', #3861, #853, #1285 ) ;
#2462 = EDGE_CURVE ( 'NONE', #1237, #6862, #5536, .T. ) ;
#2463 = DIRECTION ( 'NONE',  ( 0.0000000000000000000, 1.000000000000000000, 0.0000000000000000000 ) ) ;
#2464 = DIRECTION ( 'NONE',  ( -0.0000000000000000000, -0.0000000000000000000, -1.000000000000000000 ) ) ;
#2465 = AXIS2_PLACEMENT_3D ( 'NONE', #4757, #6910, #421 ) ;
#2466 = PLANE ( 'NONE',  #4690 ) ;
#2467 = ORIENTED_EDGE ( 'NONE', *, *, #7350, .T. ) ;
#2468 = COLOUR_RGB ( '',0.0000000000000000000, 0.0000000000000000000, 0.0000000000000000000 ) ;
#2469 = STYLED_ITEM ( 'NONE', ( #5569 ), #4400 ) ;
#2470 = ORIENTED_EDGE ( 'NONE', *, *, #4531, .T. ) ;
#2471 = FILL_AREA_STYLE_COLOUR ( '', #2106 ) ;
#2472 = ORIENTED_EDGE ( 'NONE', *, *, #2601, .T. ) ;
#2473 =( NAMED_UNIT ( * ) PLANE_ANGLE_UNIT ( ) SI_UNIT ( $, .RADIAN. ) );
#2474 = DIRECTION ( 'NONE',  ( -0.0000000000000000000, -0.0000000000000000000, 1.000000000000000000 ) ) ;
#2475 = AXIS2_PLACEMENT_3D ( 'NONE', #7008, #1735, #4120 ) ;
#2476 = CARTESIAN_POINT ( 'NONE',  ( -28.82731649811004360, -18.10562529651155117, -0.7373595690760407217 ) ) ;
#2477 = DIRECTION ( 'NONE',  ( 0.0000000000000000000, 0.0000000000000000000, 1.000000000000000000 ) ) ;
#2478 = FILL_AREA_STYLE ('',( #71 ) ) ;
#2479 = SURFACE_STYLE_FILL_AREA ( #5004 ) ;
#2480 = VECTOR ( 'NONE', #2560, 1000.000000000000000 ) ;
#2481 = ORIENTED_EDGE ( 'NONE', *, *, #1441, .F. ) ;
#2482 = DIRECTION ( 'NONE',  ( 0.0000000000000000000, 0.0000000000000000000, 1.000000000000000000 ) ) ;
#2483 = DIRECTION ( 'NONE',  ( 0.0000000000000000000, 0.0000000000000000000, 1.000000000000000000 ) ) ;
#2484 = DIRECTION ( 'NONE',  ( 0.0000000000000000000, 0.0000000000000000000, -1.000000000000000000 ) ) ;
#2485 = DIRECTION ( 'NONE',  ( 1.000000000000000000, 0.0000000000000000000, -0.0000000000000000000 ) ) ;
#2486 = EDGE_LOOP ( 'NONE', ( #6261, #136, #575, #6440 ) ) ;
#2487 = AXIS2_PLACEMENT_3D ( 'NONE', #7134, #3641, #6621 ) ;
#2488 = DIRECTION ( 'NONE',  ( -0.0000000000000000000, -0.0000000000000000000, -1.000000000000000000 ) ) ;
#2489 =( LENGTH_UNIT ( ) NAMED_UNIT ( * ) SI_UNIT ( .MILLI., .METRE. ) );
#2490 =( NAMED_UNIT ( * ) SI_UNIT ( $, .STERADIAN. ) SOLID_ANGLE_UNIT ( ) );
#2491 = CARTESIAN_POINT ( 'NONE',  ( -39.21211990792613022, 7.201313140623350151, -9.372999999999922949 ) ) ;
#2492 = CARTESIAN_POINT ( 'NONE',  ( -31.82071990792587712, 7.861713140623442619, -3.530999999999912209 ) ) ;
#2493 = DIRECTION ( 'NONE',  ( 1.000000000000000000, 0.0000000000000000000, 0.0000000000000000000 ) ) ;
#2494 = ORIENTED_EDGE ( 'NONE', *, *, #4730, .T. ) ;
#2495 = CARTESIAN_POINT ( 'NONE',  ( -28.82731649811005781, -18.28388708950198804, -0.2449552275043981875 ) ) ;
#2496 = ADVANCED_FACE ( 'NONE', ( #2040 ), #2716, .F. ) ;
#2497 = ORIENTED_EDGE ( 'NONE', *, *, #3709, .F. ) ;
#2498 = SURFACE_STYLE_FILL_AREA ( #3101 ) ;
#2499 = EDGE_LOOP ( 'NONE', ( #4291, #4649 ) ) ;
#2500 = CARTESIAN_POINT ( 'NONE',  ( -28.82731649811005781, -14.00157464219462256, 1.194676362168962447 ) ) ;
#2501 = EDGE_CURVE ( 'NONE', #4098, #2700, #2140, .T. ) ;
#2502 = ADVANCED_FACE ( 'NONE', ( #352 ), #2757, .T. ) ;
#2503 =( NAMED_UNIT ( * ) SI_UNIT ( $, .STERADIAN. ) SOLID_ANGLE_UNIT ( ) );
#2504 = CARTESIAN_POINT ( 'NONE',  ( -38.45651990792611485, 6.890113140623235211, 1.218800000000079597 ) ) ;
#2505 = FILL_AREA_STYLE_COLOUR ( '', #2535 ) ;
#2506 = ORIENTED_EDGE ( 'NONE', *, *, #1871, .F. ) ;
#2507 = ORIENTED_EDGE ( 'NONE', *, *, #1926, .F. ) ;
#2508 = EDGE_CURVE ( 'NONE', #7388, #5061, #1023, .T. ) ;
#2509 = VERTEX_POINT ( 'NONE', #5850 ) ;
#2510 = VERTEX_POINT ( 'NONE', #2916 ) ;
#2511 = DIRECTION ( 'NONE',  ( 0.0000000000000000000, 0.0000000000000000000, -1.000000000000000000 ) ) ;
#2512 = CARTESIAN_POINT ( 'NONE',  ( -35.91651990792611571, 6.890113140623267185, -1.575199999999927103 ) ) ;
#2513 = DIRECTION ( 'NONE',  ( -0.0000000000000000000, -1.000000000000000000, -1.047444401652940007E-14 ) ) ;
#2514 = FILL_AREA_STYLE_COLOUR ( '', #764 ) ;
#2515 = DIRECTION ( 'NONE',  ( 0.0000000000000000000, 1.047444401652940007E-14, -1.000000000000000000 ) ) ;
#2516 = VERTEX_POINT ( 'NONE', #5316 ) ;
#2517 =( NAMED_UNIT ( * ) PLANE_ANGLE_UNIT ( ) SI_UNIT ( $, .RADIAN. ) );
#2518 = FACE_OUTER_BOUND ( 'NONE', #1259, .T. ) ;
#2519 = CARTESIAN_POINT ( 'NONE',  ( -30.83651990792612452, 7.512513140623268804, 1.472800000000072718 ) ) ;
#2520 = DIRECTION ( 'NONE',  ( -1.000000000000000000, 0.0000000000000000000, -0.0000000000000000000 ) ) ;
#2521 =( NAMED_UNIT ( * ) SI_UNIT ( $, .STERADIAN. ) SOLID_ANGLE_UNIT ( ) );
#2522 = LINE ( 'NONE', #5978, #2989 ) ;
#2523 = ORIENTED_EDGE ( 'NONE', *, *, #3912, .F. ) ;
#2524 = COLOUR_RGB ( '',0.0000000000000000000, 0.0000000000000000000, 0.0000000000000000000 ) ;
#2525 = UNCERTAINTY_MEASURE_WITH_UNIT (LENGTH_MEASURE( 1.000000000000000082E-05 ), #5763, 'distance_accuracy_value', 'NONE');
#2526 = CARTESIAN_POINT ( 'NONE',  ( -39.82267328534919670, -12.62398703403564149, 1.215000000000000080 ) ) ;
#2527 = DIRECTION ( 'NONE',  ( 1.000000000000000000, 0.0000000000000000000, 0.0000000000000000000 ) ) ;
#2528 =( LENGTH_UNIT ( ) NAMED_UNIT ( * ) SI_UNIT ( .MILLI., .METRE. ) );
#2529 = CARTESIAN_POINT ( 'NONE',  ( -23.55039062757601087, -3.003987034035643600, 1.255000000000000115 ) ) ;
#2530 = CARTESIAN_POINT ( 'NONE',  ( -22.78039062757601130, 7.056012965964359118, -0.2349999999999997369 ) ) ;
#2531 = AXIS2_PLACEMENT_3D ( 'NONE', #1603, #4615, #2229 ) ;
#2532 = SURFACE_SIDE_STYLE ('',( #7289 ) ) ;
#2533 = EDGE_LOOP ( 'NONE', ( #4504, #3917, #4828, #1004 ) ) ;
#2534 = ORIENTED_EDGE ( 'NONE', *, *, #7259, .T. ) ;
#2535 = COLOUR_RGB ( '',0.0000000000000000000, 0.0000000000000000000, 0.0000000000000000000 ) ;
#2536 = FILL_AREA_STYLE ('',( #1427 ) ) ;
#2537 = PLANE ( 'NONE',  #1360 ) ;
#2538 = CARTESIAN_POINT ( 'NONE',  ( -21.78039062757600774, 7.056012965964359118, -1.264999999999999902 ) ) ;
#2539 = CARTESIAN_POINT ( 'NONE',  ( -35.91646990792612115, 7.512463140623350633, -9.118999999999928718 ) ) ;
#2540 = VERTEX_POINT ( 'NONE', #433 ) ;
#2541 = EDGE_LOOP ( 'NONE', ( #3854, #6627 ) ) ;
#2542 = ADVANCED_FACE ( 'NONE', ( #1643, #4068 ), #4804, .F. ) ;
#2543 = ORIENTED_EDGE ( 'NONE', *, *, #7148, .T. ) ;
#2544 = ORIENTED_EDGE ( 'NONE', *, *, #5152, .F. ) ;
#2545 = FACE_OUTER_BOUND ( 'NONE', #2025, .T. ) ;
#2546 =( NAMED_UNIT ( * ) SI_UNIT ( $, .STERADIAN. ) SOLID_ANGLE_UNIT ( ) );
#2547 = VECTOR ( 'NONE', #2433, 1000.000000000000000 ) ;
#2548 = VECTOR ( 'NONE', #2482, 1000.000000000000000 ) ;
#2549 = ADVANCED_FACE ( 'NONE', ( #2964 ), #5358, .F. ) ;
#2550 = EDGE_CURVE ( 'NONE', #4637, #4407, #7748, .T. ) ;
#2551 = DIRECTION ( 'NONE',  ( 0.0000000000000000000, -1.024442997624109662E-14, 1.000000000000000000 ) ) ;
#2552 = CARTESIAN_POINT ( 'NONE',  ( -30.58251990792611963, 7.201313140623236464, 1.472800000000076048 ) ) ;
#2553 = VERTEX_POINT ( 'NONE', #6591 ) ;
#2554 = SURFACE_STYLE_FILL_AREA ( #6080 ) ;
#2555 = CARTESIAN_POINT ( 'NONE',  ( -38.20246990792612252, 7.201313140623350151, -9.372999999999922949 ) ) ;
#2556 = AXIS2_PLACEMENT_3D ( 'NONE', #7728, #4759, #2417 ) ;
#2557 = CARTESIAN_POINT ( 'NONE',  ( -40.82734843295796168, -18.27407675507290818, -0.2449113037486423394 ) ) ;
#2558 = MECHANICAL_DESIGN_GEOMETRIC_PRESENTATION_REPRESENTATION (  '', ( #5936 ), #1935 ) ;
#2559 =( NAMED_UNIT ( * ) SI_UNIT ( $, .STERADIAN. ) SOLID_ANGLE_UNIT ( ) );
#2560 = DIRECTION ( 'NONE',  ( -0.0000000000000000000, -0.0000000000000000000, -1.000000000000000000 ) ) ;
#2561 = VERTEX_POINT ( 'NONE', #2838 ) ;
#2562 = COLOUR_RGB ( '',0.0000000000000000000, 0.007843137254901960675, 0.3098039215686274606 ) ;
#2563 = VECTOR ( 'NONE', #7247, 1000.000000000000000 ) ;
#2564 = LINE ( 'NONE', #7363, #4612 ) ;
#2565 =( GEOMETRIC_REPRESENTATION_CONTEXT ( 3 ) GLOBAL_UNCERTAINTY_ASSIGNED_CONTEXT ( ( #2688 ) ) GLOBAL_UNIT_ASSIGNED_CONTEXT ( ( #2754, #1639, #905 ) ) REPRESENTATION_CONTEXT ( 'NONE', 'WORKASPACE' ) );
#2566 = CARTESIAN_POINT ( 'NONE',  ( -28.82731649811005781, -18.28388708950198804, -0.2449552275043978544 ) ) ;
#2567 = LINE ( 'NONE', #7320, #3569 ) ;
#2568 = CARTESIAN_POINT ( 'NONE',  ( -30.73130966308335132, 6.995323385466003074, 1.472800000000074938 ) ) ;
#2569 = VECTOR ( 'NONE', #511, 1000.000000000000000 ) ;
#2570 = CARTESIAN_POINT ( 'NONE',  ( -37.19401384467461469, 6.032913140623301196, -1.244999999999936158 ) ) ;
#2571 = VERTEX_POINT ( 'NONE', #4696 ) ;
#2572 = ORIENTED_EDGE ( 'NONE', *, *, #7682, .F. ) ;
#2573 = CARTESIAN_POINT ( 'NONE',  ( -39.21211990792613022, 6.032913140623263892, -1.244999999999936158 ) ) ;
#2574 = VECTOR ( 'NONE', #5259, 1000.000000000000000 ) ;
#2575 = STYLED_ITEM ( 'NONE', ( #4999 ), #625 ) ;
#2576 = STYLED_ITEM ( 'NONE', ( #7294 ), #4678 ) ;
#2577 = CARTESIAN_POINT ( 'NONE',  ( -38.45651990792611485, 6.890113140623239651, 1.218800000000075823 ) ) ;
#2578 = MECHANICAL_DESIGN_GEOMETRIC_PRESENTATION_REPRESENTATION (  '', ( #4482 ), #5357 ) ;
#2579 = LINE ( 'NONE', #5456, #7669 ) ;
#2580 = DIRECTION ( 'NONE',  ( 0.0000000000000000000, 0.0000000000000000000, 1.000000000000000000 ) ) ;
#2581 = VERTEX_POINT ( 'NONE', #2236 ) ;
#2582 = VECTOR ( 'NONE', #1694, 1000.000000000000000 ) ;
#2583 = VERTEX_POINT ( 'NONE', #7275 ) ;
#2584 = VERTEX_POINT ( 'NONE', #4883 ) ;
#2585 = VERTEX_POINT ( 'NONE', #3657 ) ;
#2586 = STYLED_ITEM ( 'NONE', ( #7744 ), #4277 ) ;
#2587 = CARTESIAN_POINT ( 'NONE',  ( -39.82267328534919670, -12.62398703403564326, 1.215000000000000080 ) ) ;
#2588 = DIRECTION ( 'NONE',  ( 0.0000000000000000000, 0.0000000000000000000, -1.000000000000000000 ) ) ;
#2589 = CARTESIAN_POINT ( 'NONE',  ( -35.09731990792612066, 6.032913140623267445, -1.575199999999936429 ) ) ;
#2590 = SURFACE_STYLE_USAGE ( .BOTH. , #1403 ) ;
#2591 = AXIS2_PLACEMENT_3D ( 'NONE', #6360, #3408, #4023 ) ;
#2592 = LINE ( 'NONE', #615, #2652 ) ;
#2593 = EDGE_CURVE ( 'NONE', #5988, #2177, #699, .T. ) ;
#2594 =( LENGTH_UNIT ( ) NAMED_UNIT ( * ) SI_UNIT ( .MILLI., .METRE. ) );
#2595 = ORIENTED_EDGE ( 'NONE', *, *, #7783, .F. ) ;
#2596 = SURFACE_STYLE_USAGE ( .BOTH. , #5577 ) ;
#2597 = ADVANCED_FACE ( 'NONE', ( #1998 ), #3185, .T. ) ;
#2598 = EDGE_CURVE ( 'NONE', #7618, #7066, #2592, .T. ) ;
#2599 = CARTESIAN_POINT ( 'NONE',  ( -28.82731649811005781, -14.55371549771724382, 1.155471809595395971 ) ) ;
#2600 = FACE_BOUND ( 'NONE', #3907, .T. ) ;
#2601 = EDGE_CURVE ( 'NONE', #94, #7315, #3038, .T. ) ;
#2602 = COLOUR_RGB ( '',0.0000000000000000000, 0.0000000000000000000, 0.0000000000000000000 ) ;
#2603 = LINE ( 'NONE', #1855, #6437 ) ;
#2604 =( BOUNDED_CURVE ( )  B_SPLINE_CURVE ( 3, ( #7303, #3859, #4448, #6822 ),
 .UNSPECIFIED., .F., .T. ) 
 B_SPLINE_CURVE_WITH_KNOTS ( ( 4, 4 ),
 ( 1.570796326794896780, 3.141592653589776241 ),
 .UNSPECIFIED. ) 
 CURVE ( )  GEOMETRIC_REPRESENTATION_ITEM ( )  RATIONAL_B_SPLINE_CURVE ( ( 1.000000000000000000, 0.8047378541243690453, 0.8047378541243690453, 1.000000000000000000 ) ) 
 REPRESENTATION_ITEM ( '' )  );
#2605 = CARTESIAN_POINT ( 'NONE',  ( -37.63731990792611981, 6.032913140623267445, -1.575199999999936429 ) ) ;
#2606 = EDGE_CURVE ( 'NONE', #808, #10, #5429, .T. ) ;
#2607 = ORIENTED_EDGE ( 'NONE', *, *, #1299, .F. ) ;
#2608 = EDGE_CURVE ( 'NONE', #3484, #3061, #3148, .T. ) ;
#2609 = CARTESIAN_POINT ( 'NONE',  ( -28.82731649811005781, -16.30398703403564653, -1.254999999999999893 ) ) ;
#2610 = CARTESIAN_POINT ( 'NONE',  ( -32.85933015276888369, 7.407302895780468077, 1.472800000000076714 ) ) ;
#2611 = DIRECTION ( 'NONE',  ( -0.0000000000000000000, 0.0000000000000000000, -1.000000000000000000 ) ) ;
#2612 = ORIENTED_EDGE ( 'NONE', *, *, #4674, .F. ) ;
#2613 = ORIENTED_EDGE ( 'NONE', *, *, #1290, .F. ) ;
#2614 = UNCERTAINTY_MEASURE_WITH_UNIT (LENGTH_MEASURE( 1.000000000000000082E-05 ), #3611, 'distance_accuracy_value', 'NONE');
#2615 = DIRECTION ( 'NONE',  ( 1.000000000000000000, -0.0000000000000000000, 0.0000000000000000000 ) ) ;
#2616 = DIRECTION ( 'NONE',  ( 0.0000000000000000000, -1.000000000000000000, -0.0000000000000000000 ) ) ;
#2617 = CIRCLE ( 'NONE', #5620, 1.000000000000000888 ) ;
#2618 = FACE_OUTER_BOUND ( 'NONE', #5844, .T. ) ;
#2619 = FACE_OUTER_BOUND ( 'NONE', #7499, .T. ) ;
#2620 = FACE_OUTER_BOUND ( 'NONE', #4986, .T. ) ;
#2621 = ORIENTED_EDGE ( 'NONE', *, *, #5440, .F. ) ;
#2622 = ORIENTED_EDGE ( 'NONE', *, *, #5304, .T. ) ;
#2623 = ORIENTED_EDGE ( 'NONE', *, *, #6191, .T. ) ;
#2624 = EDGE_LOOP ( 'NONE', ( #5797, #3290, #1596, #1037 ) ) ;
#2625 = CARTESIAN_POINT ( 'NONE',  ( -34.06742597117754201, 8.369713140623197489, -1.244999999999911955 ) ) ;
#2626 = LINE ( 'NONE', #6823, #6590 ) ;
#2627 = FILL_AREA_STYLE_COLOUR ( '', #5652 ) ;
#2628 = ORIENTED_EDGE ( 'NONE', *, *, #3269, .F. ) ;
#2629 =( LENGTH_UNIT ( ) NAMED_UNIT ( * ) SI_UNIT ( .MILLI., .METRE. ) );
#2630 = ORIENTED_EDGE ( 'NONE', *, *, #5067, .F. ) ;
#2631 = LINE ( 'NONE', #5580, #4005 ) ;
#2632 = FILL_AREA_STYLE_COLOUR ( '', #492 ) ;
#2633 = DIRECTION ( 'NONE',  ( 0.0000000000000000000, 1.047444401652940007E-14, -1.000000000000000000 ) ) ;
#2634 = EDGE_LOOP ( 'NONE', ( #6626, #318, #2307, #1571 ) ) ;
#2635 = DIRECTION ( 'NONE',  ( 1.000000000000000000, 0.0000000000000000000, 0.0000000000000000000 ) ) ;
#2636 = ORIENTED_EDGE ( 'NONE', *, *, #5244, .F. ) ;
#2637 = EDGE_CURVE ( 'NONE', #354, #3213, #5465, .T. ) ;
#2638 = CARTESIAN_POINT ( 'NONE',  ( -37.83411990792611590, 7.512513140623233276, 1.367589755157312181 ) ) ;
#2639 = DIRECTION ( 'NONE',  ( 0.0000000000000000000, 0.0000000000000000000, -1.000000000000000000 ) ) ;
#2640 = AXIS2_PLACEMENT_3D ( 'NONE', #6906, #1480, #817 ) ;
#2641 = DIRECTION ( 'NONE',  ( 0.0000000000000000000, 1.024442997624109662E-14, -1.000000000000000000 ) ) ;
#2642 =( NAMED_UNIT ( * ) SI_UNIT ( $, .STERADIAN. ) SOLID_ANGLE_UNIT ( ) );
#2643 =( NAMED_UNIT ( * ) SI_UNIT ( $, .STERADIAN. ) SOLID_ANGLE_UNIT ( ) );
#2644 = EDGE_CURVE ( 'NONE', #7335, #1884, #5007, .T. ) ;
#2645 = ADVANCED_FACE ( 'NONE', ( #1289 ), #6636, .T. ) ;
#2646 = LINE ( 'NONE', #3797, #2982 ) ;
#2647 = EDGE_LOOP ( 'NONE', ( #7416, #6976, #4885, #4142 ) ) ;
#2648 = ORIENTED_EDGE ( 'NONE', *, *, #866, .F. ) ;
#2649 = DIRECTION ( 'NONE',  ( -1.000000000000000000, 0.0000000000000000000, -0.0000000000000000000 ) ) ;
#2650 = LINE ( 'NONE', #4370, #6077 ) ;
#2651 = DIRECTION ( 'NONE',  ( 0.0000000000000000000, -1.000000000000000000, -0.0000000000000000000 ) ) ;
#2652 = VECTOR ( 'NONE', #740, 1000.000000000000000 ) ;
#2653 = CARTESIAN_POINT ( 'NONE',  ( -33.06039062757600533, 7.206012965964358585, -0.2449999999999997735 ) ) ;
#2654 = CARTESIAN_POINT ( 'NONE',  ( -34.33039062757600846, -16.30398703403564653, -0.2449999999999997735 ) ) ;
#2655 = CARTESIAN_POINT ( 'NONE',  ( -47.68039062757600988, -16.50398703403563871, -1.245000000000000107 ) ) ;
#2656 = ORIENTED_EDGE ( 'NONE', *, *, #1343, .F. ) ;
#2657 = ORIENTED_EDGE ( 'NONE', *, *, #6861, .F. ) ;
#2658 = ORIENTED_EDGE ( 'NONE', *, *, #1914, .F. ) ;
#2659 = VERTEX_POINT ( 'NONE', #6712 ) ;
#2660 = CARTESIAN_POINT ( 'NONE',  ( -33.37646990792612200, 6.890163140623287497, -9.372999999999919396 ) ) ;
#2661 = AXIS2_PLACEMENT_3D ( 'NONE', #4287, #2377, #7161 ) ;
#2662 = FACE_OUTER_BOUND ( 'NONE', #2997, .T. ) ;
#2663 = ORIENTED_EDGE ( 'NONE', *, *, #1352, .F. ) ;
#2664 = CARTESIAN_POINT ( 'NONE',  ( -39.21211990792613022, 8.369713140623263214, -1.244999999999911955 ) ) ;
#2665 = VERTEX_POINT ( 'NONE', #1334 ) ;
#2666 = COLOUR_RGB ( '',0.0000000000000000000, 0.0000000000000000000, 0.0000000000000000000 ) ;
#2667 = CYLINDRICAL_SURFACE ( 'NONE', #5093, 0.5000000000000004441 ) ;
#2668 = SURFACE_SIDE_STYLE ('',( #266 ) ) ;
#2669 = FACE_OUTER_BOUND ( 'NONE', #1458, .T. ) ;
#2670 = CARTESIAN_POINT ( 'NONE',  ( -46.88039062757600561, -16.50398703403563871, -1.264999999999999902 ) ) ;
#2671 = VECTOR ( 'NONE', #7570, 1000.000000000000000 ) ;
#2672 = EDGE_LOOP ( 'NONE', ( #5239, #859, #7444, #7166 ) ) ;
#2673 = CARTESIAN_POINT ( 'NONE',  ( -40.82731649811009333, -17.89028266360343267, -0.9463040803828748349 ) ) ;
#2674 = ORIENTED_EDGE ( 'NONE', *, *, #5755, .F. ) ;
#2675 = CARTESIAN_POINT ( 'NONE',  ( -40.94731649811006235, -18.17279833390455224, -0.6621407731115727113 ) ) ;
#2676 = CARTESIAN_POINT ( 'NONE',  ( -44.08039062757600135, -16.50398703403563871, -1.245000000000000107 ) ) ;
#2677 = DIRECTION ( 'NONE',  ( -0.0000000000000000000, -0.0000000000000000000, -1.000000000000000000 ) ) ;
#2678 =( GEOMETRIC_REPRESENTATION_CONTEXT ( 3 ) GLOBAL_UNCERTAINTY_ASSIGNED_CONTEXT ( ( #7167 ) ) GLOBAL_UNIT_ASSIGNED_CONTEXT ( ( #2920, #6963, #7076 ) ) REPRESENTATION_CONTEXT ( 'NONE', 'WORKASPACE' ) );
#2679 = FILL_AREA_STYLE ('',( #961 ) ) ;
#2680 = CARTESIAN_POINT ( 'NONE',  ( -30.83651990792612096, 6.890113140623237875, 1.367589755157308629 ) ) ;
#2681 = EDGE_CURVE ( 'NONE', #5006, #4870, #2431, .T. ) ;
#2682 = EDGE_CURVE ( 'NONE', #3403, #4407, #3742, .T. ) ;
#2683 = AXIS2_PLACEMENT_3D ( 'NONE', #5895, #589, #1072 ) ;
#2684 = CARTESIAN_POINT ( 'NONE',  ( -22.78039062757601130, -16.50398703403563871, -0.2349999999999997369 ) ) ;
#2685 = ORIENTED_EDGE ( 'NONE', *, *, #2101, .T. ) ;
#2686 = AXIS2_PLACEMENT_3D ( 'NONE', #7781, #7113, #3041 ) ;
#2687 = ORIENTED_EDGE ( 'NONE', *, *, #188, .T. ) ;
#2688 = UNCERTAINTY_MEASURE_WITH_UNIT (LENGTH_MEASURE( 1.000000000000000082E-05 ), #2754, 'distance_accuracy_value', 'NONE');
#2689 = EDGE_CURVE ( 'NONE', #150, #7607, #5535, .T. ) ;
#2690 = ADVANCED_FACE ( 'NONE', ( #6361 ), #3944, .T. ) ;
#2691 = CARTESIAN_POINT ( 'NONE',  ( -33.37651990792611656, 6.890113140623267185, -1.575199999999927547 ) ) ;
#2692 =( LENGTH_UNIT ( ) NAMED_UNIT ( * ) SI_UNIT ( .MILLI., .METRE. ) );
#2693 = PRESENTATION_STYLE_ASSIGNMENT (( #290 ) ) ;
#2694 = CARTESIAN_POINT ( 'NONE',  ( -35.91651990792611571, 7.512513140623268804, -1.575199999999925771 ) ) ;
#2695 = ADVANCED_FACE ( 'NONE', ( #1447 ), #3256, .T. ) ;
#2696 = CARTESIAN_POINT ( 'NONE',  ( -44.88039062757600561, 7.056012965964359118, -0.2449999999999997735 ) ) ;
#2697 = ADVANCED_FACE ( 'NONE', ( #7576 ), #901, .F. ) ;
#2698 = CARTESIAN_POINT ( 'NONE',  ( -21.58039062757600846, -9.643987034035646388, 1.205000000000000071 ) ) ;
#2699 = ORIENTED_EDGE ( 'NONE', *, *, #6422, .F. ) ;
#2700 = VERTEX_POINT ( 'NONE', #1404 ) ;
#2701 = ORIENTED_EDGE ( 'NONE', *, *, #2644, .F. ) ;
#2702 = AXIS2_PLACEMENT_3D ( 'NONE', #6655, #3682, #2016 ) ;
#2703 = EDGE_CURVE ( 'NONE', #7287, #2380, #4565, .T. ) ;
#2704 = CARTESIAN_POINT ( 'NONE',  ( -45.88039062757600561, -18.30398703403564298, -0.2449999999999997735 ) ) ;
#2705 = CARTESIAN_POINT ( 'NONE',  ( -35.54816990792612330, 7.201313140623347486, -9.118999999999921613 ) ) ;
#2706 = VECTOR ( 'NONE', #1381, 1000.000000000000000 ) ;
#2707 = FILL_AREA_STYLE ('',( #2627 ) ) ;
#2708 = VECTOR ( 'NONE', #7759, 1000.000000000000000 ) ;
#2709 = CARTESIAN_POINT ( 'NONE',  ( -20.98039062757600703, -18.30398703403564298, -0.2449999999999997735 ) ) ;
#2710 = ORIENTED_EDGE ( 'NONE', *, *, #2011, .F. ) ;
#2711 = DIRECTION ( 'NONE',  ( 0.0000000000000000000, -1.047444401652940007E-14, 1.000000000000000000 ) ) ;
#2712 =( GEOMETRIC_REPRESENTATION_CONTEXT ( 3 ) GLOBAL_UNCERTAINTY_ASSIGNED_CONTEXT ( ( #4671 ) ) GLOBAL_UNIT_ASSIGNED_CONTEXT ( ( #5770, #6951, #5806 ) ) REPRESENTATION_CONTEXT ( 'NONE', 'WORKASPACE' ) );
#2713 = VECTOR ( 'NONE', #5938, 1000.000000000000000 ) ;
#2714 = DIRECTION ( 'NONE',  ( -0.0000000000000000000, -0.0000000000000000000, 1.000000000000000000 ) ) ;
#2715 =( NAMED_UNIT ( * ) PLANE_ANGLE_UNIT ( ) SI_UNIT ( $, .RADIAN. ) );
#2716 = CYLINDRICAL_SURFACE ( 'NONE', #2779, 1.000000000000000888 ) ;
#2717 = CARTESIAN_POINT ( 'NONE',  ( -27.82731649811005781, -16.30398703403564653, -0.2449999999999997735 ) ) ;
#2718 = PRESENTATION_LAYER_ASSIGNMENT (  '', '', ( #3601 ) ) ;
#2719 = EDGE_LOOP ( 'NONE', ( #4996, #1606, #2658, #6103 ) ) ;
#2720 = VECTOR ( 'NONE', #1060, 1000.000000000000000 ) ;
#2721 = ORIENTED_EDGE ( 'NONE', *, *, #5706, .F. ) ;
#2722 =( LENGTH_UNIT ( ) NAMED_UNIT ( * ) SI_UNIT ( .MILLI., .METRE. ) );
#2723 = LINE ( 'NONE', #6925, #7227 ) ;
#2724 = DIRECTION ( 'NONE',  ( -1.000000000000000000, -0.0000000000000000000, 0.0000000000000000000 ) ) ;
#2725 = VECTOR ( 'NONE', #5325, 1000.000000000000000 ) ;
#2726 =( LENGTH_UNIT ( ) NAMED_UNIT ( * ) SI_UNIT ( .MILLI., .METRE. ) );
#2727 = AXIS2_PLACEMENT_3D ( 'NONE', #1801, #3618, #6002 ) ;
#2728 = PRESENTATION_STYLE_ASSIGNMENT (( #6298 ) ) ;
#2729 = DIRECTION ( 'NONE',  ( -0.4991222051116763203, 0.8665316060966604672, 0.0000000000000000000 ) ) ;
#2730 =( NAMED_UNIT ( * ) PLANE_ANGLE_UNIT ( ) SI_UNIT ( $, .RADIAN. ) );
#2731 = EDGE_LOOP ( 'NONE', ( #1029, #6737, #7309, #3812 ) ) ;
#2732 = ORIENTED_EDGE ( 'NONE', *, *, #1822, .T. ) ;
#2733 = DIRECTION ( 'NONE',  ( -0.0000000000000000000, -0.9896714663085164343, 0.1433540678695623127 ) ) ;
#2734 = CARTESIAN_POINT ( 'NONE',  ( -31.52742597117762102, 8.369713140623288083, -3.530999999999912209 ) ) ;
#2735 = CYLINDRICAL_SURFACE ( 'NONE', #2325, 0.2539999999999972835 ) ;
#2736 = EDGE_CURVE ( 'NONE', #2135, #6025, #304, .T. ) ;
#2737 = CARTESIAN_POINT ( 'NONE',  ( -38.08811990792612079, 7.144113140623235658, 1.472800000000074494 ) ) ;
#2738 = CARTESIAN_POINT ( 'NONE',  ( -36.11331990792611890, 7.201313140623263997, -1.244999999999924167 ) ) ;
#2739 = EDGE_CURVE ( 'NONE', #6752, #4114, #2074, .T. ) ;
#2740 = DIRECTION ( 'NONE',  ( 1.000000000000000000, -0.0000000000000000000, 0.0000000000000000000 ) ) ;
#2741 = EDGE_LOOP ( 'NONE', ( #3144, #3882, #7525, #1756 ) ) ;
#2742 = VERTEX_POINT ( 'NONE', #3344 ) ;
#2743 = ORIENTED_EDGE ( 'NONE', *, *, #5516, .T. ) ;
#2744 = VECTOR ( 'NONE', #603, 1000.000000000000000 ) ;
#2745 = EDGE_CURVE ( 'NONE', #6727, #4626, #1482, .T. ) ;
#2746 =( LENGTH_UNIT ( ) NAMED_UNIT ( * ) SI_UNIT ( .MILLI., .METRE. ) );
#2747 = CARTESIAN_POINT ( 'NONE',  ( -39.21211990792613022, 7.201313140623263997, -1.244999999999924167 ) ) ;
#2748 = ADVANCED_FACE ( 'NONE', ( #3296 ), #261, .F. ) ;
#2749 = ADVANCED_FACE ( 'NONE', ( #1560 ), #5768, .F. ) ;
#2750 = ORIENTED_EDGE ( 'NONE', *, *, #1062, .F. ) ;
#2751 = VECTOR ( 'NONE', #63, 1000.000000000000000 ) ;
#2752 = FILL_AREA_STYLE ('',( #345 ) ) ;
#2753 = VERTEX_POINT ( 'NONE', #2185 ) ;
#2754 =( LENGTH_UNIT ( ) NAMED_UNIT ( * ) SI_UNIT ( .MILLI., .METRE. ) );
#2755 = CARTESIAN_POINT ( 'NONE',  ( -45.88039062757600561, -16.50398703403563871, -1.264999999999999902 ) ) ;
#2756 = DIRECTION ( 'NONE',  ( -8.673617379883998987E-16, 1.000000000000000000, 0.0000000000000000000 ) ) ;
#2757 = PLANE ( 'NONE',  #6024 ) ;
#2758 = ORIENTED_EDGE ( 'NONE', *, *, #3374, .T. ) ;
#2759 = DIRECTION ( 'NONE',  ( 1.000000000000000000, -0.0000000000000000000, 0.0000000000000000000 ) ) ;
#2760 = ORIENTED_EDGE ( 'NONE', *, *, #721, .F. ) ;
#2761 = FACE_OUTER_BOUND ( 'NONE', #689, .T. ) ;
#2762 = CARTESIAN_POINT ( 'NONE',  ( -33.00811990792611539, 7.258513140623235493, 1.472800000000075382 ) ) ;
#2763 = LINE ( 'NONE', #6803, #196 ) ;
#2764 = DIRECTION ( 'NONE',  ( 0.0000000000000000000, -1.000000000000000000, 0.0000000000000000000 ) ) ;
#2765 = PRESENTATION_STYLE_ASSIGNMENT (( #7524 ) ) ;
#2766 = FACE_OUTER_BOUND ( 'NONE', #7459, .T. ) ;
#2767 = DIRECTION ( 'NONE',  ( -0.0000000000000000000, -0.0000000000000000000, -1.000000000000000000 ) ) ;
#2768 = ORIENTED_EDGE ( 'NONE', *, *, #1780, .T. ) ;
#2769 = VECTOR ( 'NONE', #303, 1000.000000000000000 ) ;
#2770 = UNCERTAINTY_MEASURE_WITH_UNIT (LENGTH_MEASURE( 1.000000000000000082E-05 ), #7252, 'distance_accuracy_value', 'NONE');
#2771 = DIRECTION ( 'NONE',  ( 1.000000000000000000, -0.0000000000000000000, 0.0000000000000000000 ) ) ;
#2772 = DIRECTION ( 'NONE',  ( -0.5000000000000162093, 0.8660254037844292707, 0.0000000000000000000 ) ) ;
#2773 = DIRECTION ( 'NONE',  ( -0.0000000000000000000, -0.0000000000000000000, -1.000000000000000000 ) ) ;
#2774 = PLANE ( 'NONE',  #6143 ) ;
#2775 = SURFACE_STYLE_USAGE ( .BOTH. , #371 ) ;
#2776 = EDGE_LOOP ( 'NONE', ( #2224, #3324 ) ) ;
#2777 = ORIENTED_EDGE ( 'NONE', *, *, #3418, .F. ) ;
#2778 = ORIENTED_EDGE ( 'NONE', *, *, #5106, .T. ) ;
#2779 = AXIS2_PLACEMENT_3D ( 'NONE', #3878, #267, #6329 ) ;
#2780 = LINE ( 'NONE', #7571, #6580 ) ;
#2781 = LINE ( 'NONE', #5186, #3597 ) ;
#2782 = CARTESIAN_POINT ( 'NONE',  ( -39.21211990792613022, 6.032913140623286985, -3.530999999999936634 ) ) ;
#2783 = DIRECTION ( 'NONE',  ( 1.000000000000000000, 0.0000000000000000000, 0.0000000000000000000 ) ) ;
#2784 = VECTOR ( 'NONE', #4919, 1000.000000000000000 ) ;
#2785 = VERTEX_POINT ( 'NONE', #6871 ) ;
#2786 = CARTESIAN_POINT ( 'NONE',  ( -27.82731649811006136, -3.003987034035643600, 1.215000000000000080 ) ) ;
#2787 = ORIENTED_EDGE ( 'NONE', *, *, #5952, .T. ) ;
#2788 = CARTESIAN_POINT ( 'NONE',  ( -39.21211990792613022, 7.201313140623263997, -1.244999999999924167 ) ) ;
#2789 = CARTESIAN_POINT ( 'NONE',  ( -40.82734843295796168, -17.83967401293548605, 0.3825688395957673738 ) ) ;
#2790 = ADVANCED_FACE ( 'NONE', ( #6240 ), #1519, .T. ) ;
#2791 = EDGE_CURVE ( 'NONE', #215, #59, #4311, .T. ) ;
#2792 = LINE ( 'NONE', #910, #5142 ) ;
#2793 = CARTESIAN_POINT ( 'NONE',  ( -28.82731649811006136, -16.30398703403564653, -1.245094783620809942 ) ) ;
#2794 = ORIENTED_EDGE ( 'NONE', *, *, #1488, .T. ) ;
#2795 = VECTOR ( 'NONE', #6566, 1000.000000000000000 ) ;
#2796 =( NAMED_UNIT ( * ) PLANE_ANGLE_UNIT ( ) SI_UNIT ( $, .RADIAN. ) );
#2797 = VERTEX_POINT ( 'NONE', #5606 ) ;
#2798 = DIRECTION ( 'NONE',  ( 0.0000000000000000000, 1.047444401652940007E-14, -1.000000000000000000 ) ) ;
#2799 = FACE_OUTER_BOUND ( 'NONE', #4220, .T. ) ;
#2800 = SURFACE_SIDE_STYLE ('',( #4001 ) ) ;
#2801 = SURFACE_STYLE_FILL_AREA ( #2162 ) ;
#2802 = COLOUR_RGB ( '',0.0000000000000000000, 0.0000000000000000000, 0.0000000000000000000 ) ;
#2803 = DIRECTION ( 'NONE',  ( 0.5000000000000197620, -0.8660254037844272723, 0.0000000000000000000 ) ) ;
#2804 = ORIENTED_EDGE ( 'NONE', *, *, #5397, .T. ) ;
#2805 = PRESENTATION_LAYER_ASSIGNMENT (  '', '', ( #2292 ) ) ;
#2806 = ORIENTED_EDGE ( 'NONE', *, *, #4107, .T. ) ;
#2807 = CLOSED_SHELL ( 'NONE', ( #6296, #6092, #4965, #4591, #755, #2352 ) ) ;
#2808 = CARTESIAN_POINT ( 'NONE',  ( -36.11331990792611890, 6.032913140623267445, -1.575199999999930212 ) ) ;
#2809 = DIRECTION ( 'NONE',  ( 0.0000000000000000000, 1.047444401652940007E-14, -1.000000000000000000 ) ) ;
#2810 = DIRECTION ( 'NONE',  ( 1.000000000000000000, 0.0000000000000000000, 0.0000000000000000000 ) ) ;
#2811 = CARTESIAN_POINT ( 'NONE',  ( -33.12251990792611878, 7.144113140623235658, 1.472800000000075604 ) ) ;
#2812 = STYLED_ITEM ( 'NONE', ( #3845 ), #3856 ) ;
#2813 = PRESENTATION_LAYER_ASSIGNMENT (  '', '', ( #6205 ) ) ;
#2814 = FILL_AREA_STYLE ('',( #1010 ) ) ;
#2815 = AXIS2_PLACEMENT_3D ( 'NONE', #1109, #5279, #1650 ) ;
#2816 = EDGE_LOOP ( 'NONE', ( #4960, #6110, #4868, #6363 ) ) ;
#2817 = ORIENTED_EDGE ( 'NONE', *, *, #617, .T. ) ;
#2818 = DIRECTION ( 'NONE',  ( -0.0000000000000000000, -1.000000000000000000, 0.0000000000000000000 ) ) ;
#2819 = ORIENTED_EDGE ( 'NONE', *, *, #1058, .T. ) ;
#2820 = DIRECTION ( 'NONE',  ( 0.0000000000000000000, 0.0000000000000000000, 1.000000000000000000 ) ) ;
#2821 = MECHANICAL_DESIGN_GEOMETRIC_PRESENTATION_REPRESENTATION (  '', ( #430 ), #5459 ) ;
#2822 = PRODUCT_CONTEXT ( 'NONE', #6450, 'mechanical' ) ;
#2823 =( LENGTH_UNIT ( ) NAMED_UNIT ( * ) SI_UNIT ( .MILLI., .METRE. ) );
#2824 = ORIENTED_EDGE ( 'NONE', *, *, #1870, .F. ) ;
#2825 = MECHANICAL_DESIGN_GEOMETRIC_PRESENTATION_REPRESENTATION (  '', ( #5218 ), #1065 ) ;
#2826 = AXIS2_PLACEMENT_3D ( 'NONE', #7700, #538, #2959 ) ;
#2827 = CARTESIAN_POINT ( 'NONE',  ( -22.78039062757601130, -16.50398703403563871, -1.264999999999999902 ) ) ;
#2828 = ORIENTED_EDGE ( 'NONE', *, *, #1197, .T. ) ;
#2829 = VECTOR ( 'NONE', #2903, 1000.000000000000000 ) ;
#2830 = DIRECTION ( 'NONE',  ( 0.0000000000000000000, 0.0000000000000000000, 1.000000000000000000 ) ) ;
#2831 = CARTESIAN_POINT ( 'NONE',  ( -40.82734843295796168, -16.92798137956646443, 0.8003829443833530011 ) ) ;
#2832 = CARTESIAN_POINT ( 'NONE',  ( -40.94731649811006235, -16.56462454409308904, -1.259197900737540454 ) ) ;
#2833 = COLOUR_RGB ( '',0.0000000000000000000, 0.0000000000000000000, 0.0000000000000000000 ) ;
#2834 = ADVANCED_FACE ( 'NONE', ( #7424 ), #221, .F. ) ;
#2835 = FILL_AREA_STYLE ('',( #469 ) ) ;
#2836 = VECTOR ( 'NONE', #131, 1000.000000000000000 ) ;
#2837 = PRESENTATION_LAYER_ASSIGNMENT (  '', '', ( #5108 ) ) ;
#2838 = CARTESIAN_POINT ( 'NONE',  ( -41.82731649811005781, -18.30398703403564653, -0.2449999999999997735 ) ) ;
#2839 = DIRECTION ( 'NONE',  ( 0.0000000000000000000, 1.047444401652940007E-14, -1.000000000000000000 ) ) ;
#2840 = EDGE_CURVE ( 'NONE', #3890, #6988, #6469, .T. ) ;
#2841 = ORIENTED_EDGE ( 'NONE', *, *, #2208, .T. ) ;
#2842 = ADVANCED_FACE ( 'NONE', ( #6537 ), #1755, .T. ) ;
#2843 = SURFACE_STYLE_FILL_AREA ( #5241 ) ;
#2844 = AXIS2_PLACEMENT_3D ( 'NONE', #7157, #4711, #6454 ) ;
#2845 = ORIENTED_EDGE ( 'NONE', *, *, #7585, .F. ) ;
#2846 = SURFACE_STYLE_FILL_AREA ( #6484 ) ;
#2847 = AXIS2_PLACEMENT_3D ( 'NONE', #6295, #880, #7399 ) ;
#2848 = AXIS2_PLACEMENT_3D ( 'NONE', #5638, #3146, #183 ) ;
#2849 = DIRECTION ( 'NONE',  ( -0.0000000000000000000, -1.000000000000000000, -0.0000000000000000000 ) ) ;
#2850 = ADVANCED_FACE ( 'NONE', ( #5270 ), #7663, .F. ) ;
#2851 = CARTESIAN_POINT ( 'NONE',  ( -23.78039062757601130, 7.056012965964359118, -0.2449999999999997735 ) ) ;
#2852 = FACE_OUTER_BOUND ( 'NONE', #895, .T. ) ;
#2853 = VECTOR ( 'NONE', #2414, 1000.000000000000000 ) ;
#2854 = COLOUR_RGB ( '',0.0000000000000000000, 0.5019607843137254832, 1.000000000000000000 ) ;
#2855 = EDGE_CURVE ( 'NONE', #7549, #2166, #6159, .T. ) ;
#2856 = AXIS2_PLACEMENT_3D ( 'NONE', #7382, #4411, #3694 ) ;
#2857 = EDGE_CURVE ( 'NONE', #281, #3566, #1134, .T. ) ;
#2858 = CARTESIAN_POINT ( 'NONE',  ( -38.65331990792612515, 6.032913140623267445, -1.575199999999911782 ) ) ;
#2859 = ORIENTED_EDGE ( 'NONE', *, *, #3658, .T. ) ;
#2860 = CARTESIAN_POINT ( 'NONE',  ( -33.37651990792611656, 6.890113140623239651, 1.218800000000075823 ) ) ;
#2861 = VECTOR ( 'NONE', #6220, 1000.000000000000000 ) ;
#2862 = LINE ( 'NONE', #974, #1445 ) ;
#2863 = CARTESIAN_POINT ( 'NONE',  ( -30.21416990792612722, 7.512463140623288460, -3.530999999999921535 ) ) ;
#2864 = AXIS2_PLACEMENT_3D ( 'NONE', #4470, #3200, #7400 ) ;
#2865 = DIRECTION ( 'NONE',  ( 0.0000000000000000000, 0.0000000000000000000, 1.000000000000000000 ) ) ;
#2866 = DIRECTION ( 'NONE',  ( 1.000000000000000000, -1.182766006347823109E-16, 0.0000000000000000000 ) ) ;
#2867 =( LENGTH_UNIT ( ) NAMED_UNIT ( * ) SI_UNIT ( .MILLI., .METRE. ) );
#2868 = CARTESIAN_POINT ( 'NONE',  ( -45.11039062757600249, -8.053987034035651860, 1.265000000000000124 ) ) ;
#2869 = ORIENTED_EDGE ( 'NONE', *, *, #2703, .T. ) ;
#2870 = PRESENTATION_LAYER_ASSIGNMENT (  '', '', ( #1345 ) ) ;
#2871 = EDGE_LOOP ( 'NONE', ( #6185, #3355, #2259, #2543 ) ) ;
#2872 = CARTESIAN_POINT ( 'NONE',  ( -38.45646990792611319, 6.890163140623288385, -3.530999999999923311 ) ) ;
#2873 = VERTEX_POINT ( 'NONE', #4026 ) ;
#2874 = CARTESIAN_POINT ( 'NONE',  ( -36.90071990792587542, 7.861713140623442619, -3.530999999999912209 ) ) ;
#2875 = PRESENTATION_LAYER_ASSIGNMENT (  '', '', ( #5254 ) ) ;
#2876 = CARTESIAN_POINT ( 'NONE',  ( -37.83416990792611756, 6.890163140623317695, -3.530999999999928196 ) ) ;
#2877 = ORIENTED_EDGE ( 'NONE', *, *, #5529, .F. ) ;
#2878 = ORIENTED_EDGE ( 'NONE', *, *, #818, .T. ) ;
#2879 = VECTOR ( 'NONE', #368, 1000.000000000000000 ) ;
#2880 = CARTESIAN_POINT ( 'NONE',  ( -35.54816990792612330, 7.258463140623347520, -9.372999999999921172 ) ) ;
#2881 = MECHANICAL_DESIGN_GEOMETRIC_PRESENTATION_REPRESENTATION (  '', ( #5019 ), #109 ) ;
#2882 = CARTESIAN_POINT ( 'NONE',  ( -39.21211990792613022, 7.144113140623234770, 1.472800000000075604 ) ) ;
#2883 = CARTESIAN_POINT ( 'NONE',  ( -21.08039062757600846, 5.256012965964359296, -0.2449999999999997735 ) ) ;
#2884 = FILL_AREA_STYLE_COLOUR ( '', #2666 ) ;
#2885 = ORIENTED_EDGE ( 'NONE', *, *, #6000, .T. ) ;
#2886 = DIRECTION ( 'NONE',  ( 0.0000000000000000000, -0.0000000000000000000, 1.000000000000000000 ) ) ;
#2887 = MECHANICAL_DESIGN_GEOMETRIC_PRESENTATION_REPRESENTATION (  '', ( #1744 ), #5296 ) ;
#2888 = FILL_AREA_STYLE ('',( #7639 ) ) ;
#2889 = CARTESIAN_POINT ( 'NONE',  ( -47.68039062757600988, -18.30398703403564653, -0.2449999999999997735 ) ) ;
#2890 = EDGE_CURVE ( 'NONE', #7407, #1757, #2992, .T. ) ;
#2891 =( NAMED_UNIT ( * ) SI_UNIT ( $, .STERADIAN. ) SOLID_ANGLE_UNIT ( ) );
#2892 = ORIENTED_EDGE ( 'NONE', *, *, #7443, .T. ) ;
#2893 = SURFACE_STYLE_USAGE ( .BOTH. , #5330 ) ;
#2894 = SURFACE_SIDE_STYLE ('',( #5406 ) ) ;
#2895 = EDGE_CURVE ( 'NONE', #2742, #7315, #7028, .T. ) ;
#2896 = CARTESIAN_POINT ( 'NONE',  ( -35.91651990792611571, 7.512513140623236829, 1.218800000000079597 ) ) ;
#2897 = DIRECTION ( 'NONE',  ( 1.000000000000000000, 0.0000000000000000000, 0.0000000000000000000 ) ) ;
#2898 = ORIENTED_EDGE ( 'NONE', *, *, #1347, .F. ) ;
#2899 = STYLED_ITEM ( 'NONE', ( #5754 ), #7454 ) ;
#2900 = ORIENTED_EDGE ( 'NONE', *, *, #5059, .T. ) ;
#2901 = FACE_OUTER_BOUND ( 'NONE', #1502, .T. ) ;
#2902 = EDGE_LOOP ( 'NONE', ( #5018, #7629, #3376, #4187 ) ) ;
#2903 = DIRECTION ( 'NONE',  ( -1.000000000000000000, 0.0000000000000000000, -0.0000000000000000000 ) ) ;
#2904 = COLOUR_RGB ( '',0.6470588235294117974, 0.6196078431372549211, 0.5882352941176470784 ) ;
#2905 = FACE_OUTER_BOUND ( 'NONE', #6547, .T. ) ;
#2906 = SURFACE_SIDE_STYLE ('',( #5230 ) ) ;
#2907 = ORIENTED_EDGE ( 'NONE', *, *, #3920, .T. ) ;
#2908 = ORIENTED_EDGE ( 'NONE', *, *, #7357, .F. ) ;
#2909 = VECTOR ( 'NONE', #2274, 1000.000000000000114 ) ;
#2910 = CARTESIAN_POINT ( 'NONE',  ( -23.82731649811006136, -9.423987034035643973, -1.254999999999999893 ) ) ;
#2911 = CARTESIAN_POINT ( 'NONE',  ( -40.82734843295796168, -17.35233244112356488, 0.6628850845770686284 ) ) ;
#2912 = SURFACE_STYLE_USAGE ( .BOTH. , #502 ) ;
#2913 = VECTOR ( 'NONE', #3778, 1000.000000000000000 ) ;
#2914 = CARTESIAN_POINT ( 'NONE',  ( -32.75416990792612637, 6.890163140623350557, -9.118999999999918060 ) ) ;
#2915 = DIRECTION ( 'NONE',  ( 0.0000000000000000000, 1.047444401652940007E-14, -1.000000000000000000 ) ) ;
#2916 = CARTESIAN_POINT ( 'NONE',  ( -23.78039062757601130, -16.50398703403563871, -0.2349999999999997369 ) ) ;
#2917 = FILL_AREA_STYLE_COLOUR ( '', #6806 ) ;
#2918 = ORIENTED_EDGE ( 'NONE', *, *, #3043, .F. ) ;
#2919 = AXIS2_PLACEMENT_3D ( 'NONE', #1246, #4943, #1950 ) ;
#2920 =( LENGTH_UNIT ( ) NAMED_UNIT ( * ) SI_UNIT ( .MILLI., .METRE. ) );
#2921 = PLANE ( 'NONE',  #7580 ) ;
#2922 = CARTESIAN_POINT ( 'NONE',  ( -39.82267328534919670, -18.30398703403564653, -0.2450000000000049916 ) ) ;
#2923 = LINE ( 'NONE', #5323, #7713 ) ;
#2924 =( NAMED_UNIT ( * ) PLANE_ANGLE_UNIT ( ) SI_UNIT ( $, .RADIAN. ) );
#2925 = VECTOR ( 'NONE', #4243, 1000.000000000000000 ) ;
#2926 = DIRECTION ( 'NONE',  ( 0.0000000000000000000, 1.000000000000000000, -0.0000000000000000000 ) ) ;
#2927 = ORIENTED_EDGE ( 'NONE', *, *, #436, .F. ) ;
#2928 = UNCERTAINTY_MEASURE_WITH_UNIT (LENGTH_MEASURE( 1.000000000000000082E-05 ), #829, 'distance_accuracy_value', 'NONE');
#2929 = CARTESIAN_POINT ( 'NONE',  ( -21.78039062757600774, 7.056012965964359118, -1.264999999999999902 ) ) ;
#2930 =( GEOMETRIC_REPRESENTATION_CONTEXT ( 3 ) GLOBAL_UNCERTAINTY_ASSIGNED_CONTEXT ( ( #3801 ) ) GLOBAL_UNIT_ASSIGNED_CONTEXT ( ( #5889, #7749, #6546 ) ) REPRESENTATION_CONTEXT ( 'NONE', 'WORKASPACE' ) );
#2931 = DIRECTION ( 'NONE',  ( -0.0000000000000000000, -0.0000000000000000000, -1.000000000000000000 ) ) ;
#2932 =( NAMED_UNIT ( * ) PLANE_ANGLE_UNIT ( ) SI_UNIT ( $, .RADIAN. ) );
#2933 = SURFACE_STYLE_FILL_AREA ( #7683 ) ;
#2934 = ADVANCED_FACE ( 'NONE', ( #6391 ), #1018, .T. ) ;
#2935 = PLANE ( 'NONE',  #7561 ) ;
#2936 =( GEOMETRIC_REPRESENTATION_CONTEXT ( 3 ) GLOBAL_UNCERTAINTY_ASSIGNED_CONTEXT ( ( #726 ) ) GLOBAL_UNIT_ASSIGNED_CONTEXT ( ( #746, #3193, #2521 ) ) REPRESENTATION_CONTEXT ( 'NONE', 'WORKASPACE' ) );
#2937 = ORIENTED_EDGE ( 'NONE', *, *, #5439, .T. ) ;
#2938 = VECTOR ( 'NONE', #1046, 1000.000000000000000 ) ;
#2939 = ADVANCED_FACE ( 'NONE', ( #6425 ), #4689, .F. ) ;
#2940 = VERTEX_POINT ( 'NONE', #5991 ) ;
#2941 = ADVANCED_FACE ( 'NONE', ( #732 ), #6108, .F. ) ;
#2942 = SURFACE_STYLE_USAGE ( .BOTH. , #3556 ) ;
#2943 = EDGE_LOOP ( 'NONE', ( #3736, #5025, #4654, #1837 ) ) ;
#2944 = UNCERTAINTY_MEASURE_WITH_UNIT (LENGTH_MEASURE( 1.000000000000000082E-05 ), #3074, 'distance_accuracy_value', 'NONE');
#2945 = CARTESIAN_POINT ( 'NONE',  ( -39.82267328534919670, -15.29564772441671394, 1.209947844275661488 ) ) ;
#2946 = FACE_OUTER_BOUND ( 'NONE', #3040, .T. ) ;
#2947 = VECTOR ( 'NONE', #1695, 1000.000000000000114 ) ;
#2948 = PLANE ( 'NONE',  #1224 ) ;
#2949 = PRESENTATION_LAYER_ASSIGNMENT (  '', '', ( #4455 ) ) ;
#2950 = CARTESIAN_POINT ( 'NONE',  ( -36.90071990792635859, 6.540913140623145772, -1.244999999999931051 ) ) ;
#2951 = CARTESIAN_POINT ( 'NONE',  ( -45.88039062757600561, -16.50398703403563871, -1.264999999999999902 ) ) ;
#2952 = ORIENTED_EDGE ( 'NONE', *, *, #5066, .T. ) ;
#2953 = ORIENTED_EDGE ( 'NONE', *, *, #3558, .T. ) ;
#2954 = EDGE_CURVE ( 'NONE', #3499, #254, #3140, .T. ) ;
#2955 = COLOUR_RGB ( '',0.0000000000000000000, 0.0000000000000000000, 0.0000000000000000000 ) ;
#2956 = STYLED_ITEM ( 'NONE', ( #2244 ), #6387 ) ;
#2957 = PLANE ( 'NONE',  #6122 ) ;
#2958 = MECHANICAL_DESIGN_GEOMETRIC_PRESENTATION_REPRESENTATION (  '', ( #1938 ), #2565 ) ;
#2959 = DIRECTION ( 'NONE',  ( 0.0000000000000000000, -1.047444401652940007E-14, 1.000000000000000000 ) ) ;
#2960 =( NAMED_UNIT ( * ) PLANE_ANGLE_UNIT ( ) SI_UNIT ( $, .RADIAN. ) );
#2961 = VECTOR ( 'NONE', #2520, 1000.000000000000000 ) ;
#2962 = LINE ( 'NONE', #7142, #2720 ) ;
#2963 = MECHANICAL_DESIGN_GEOMETRIC_PRESENTATION_REPRESENTATION (  '', ( #4721 ), #7084 ) ;
#2964 = FACE_OUTER_BOUND ( 'NONE', #6605, .T. ) ;
#2965 = PRESENTATION_STYLE_ASSIGNMENT (( #6438 ) ) ;
#2966 = VERTEX_POINT ( 'NONE', #6741 ) ;
#2967 = MECHANICAL_DESIGN_GEOMETRIC_PRESENTATION_REPRESENTATION (  '', ( #6205 ), #4583 ) ;
#2968 = VECTOR ( 'NONE', #6113, 1000.000000000000000 ) ;
#2969 = DIRECTION ( 'NONE',  ( 0.0000000000000000000, 0.0000000000000000000, 1.000000000000000000 ) ) ;
#2970 = DIRECTION ( 'NONE',  ( 1.000000000000000000, 0.0000000000000000000, 0.0000000000000000000 ) ) ;
#2971 = SURFACE_STYLE_USAGE ( .BOTH. , #4704 ) ;
#2972 = CARTESIAN_POINT ( 'NONE',  ( -35.91651990792611571, 6.890113140623235211, 1.218800000000079597 ) ) ;
#2973 = ORIENTED_EDGE ( 'NONE', *, *, #37, .F. ) ;
#2974 = FILL_AREA_STYLE ('',( #4709 ) ) ;
#2975 = CARTESIAN_POINT ( 'NONE',  ( -35.91651990792611571, 7.512513140623235053, 1.472800000000079601 ) ) ;
#2976 = CARTESIAN_POINT ( 'NONE',  ( -37.19401384467411731, 8.369713140623288083, -3.530999999999912209 ) ) ;
#2977 = AXIS2_PLACEMENT_3D ( 'NONE', #1726, #2273, #6999 ) ;
#2978 = CARTESIAN_POINT ( 'NONE',  ( -34.06742597117762017, 8.369713140623288083, -3.530999999999912209 ) ) ;
#2979 = LINE ( 'NONE', #673, #3711 ) ;
#2980 =( BOUNDED_CURVE ( )  B_SPLINE_CURVE ( 3, ( #570, #1206, #1672, #2267 ),
 .UNSPECIFIED., .F., .T. ) 
 B_SPLINE_CURVE_WITH_KNOTS ( ( 4, 4 ),
 ( 2.300140402883405201E-16, 1.570796326794896780 ),
 .UNSPECIFIED. ) 
 CURVE ( )  GEOMETRIC_REPRESENTATION_ITEM ( )  RATIONAL_B_SPLINE_CURVE ( ( 1.000000000000000000, 0.8047378541243649375, 0.8047378541243649375, 1.000000000000000000 ) ) 
 REPRESENTATION_ITEM ( '' )  );
#2981 = ORIENTED_EDGE ( 'NONE', *, *, #5475, .T. ) ;
#2982 = VECTOR ( 'NONE', #6847, 1000.000000000000000 ) ;
#2983 = EDGE_LOOP ( 'NONE', ( #96, #6643, #3522, #346 ) ) ;
#2984 = VERTEX_POINT ( 'NONE', #1322 ) ;
#2985 = CYLINDRICAL_SURFACE ( 'NONE', #6213, 1.000000000000000888 ) ;
#2986 = EDGE_CURVE ( 'NONE', #3364, #3499, #4328, .T. ) ;
#2987 = CARTESIAN_POINT ( 'NONE',  ( -45.88039062757600561, -16.50398703403563871, -0.2449999999999997735 ) ) ;
#2988 = DIRECTION ( 'NONE',  ( 0.0000000000000000000, -1.047444401652940007E-14, 1.000000000000000000 ) ) ;
#2989 = VECTOR ( 'NONE', #120, 1000.000000000000000 ) ;
#2990 = EDGE_CURVE ( 'NONE', #4765, #7335, #3687, .T. ) ;
#2991 = CARTESIAN_POINT ( 'NONE',  ( -45.88039062757600561, -16.50398703403563871, -0.2349999999999997369 ) ) ;
#2992 = LINE ( 'NONE', #4140, #2277 ) ;
#2993 = VERTEX_POINT ( 'NONE', #7264 ) ;
#2994 = ORIENTED_EDGE ( 'NONE', *, *, #710, .T. ) ;
#2995 = EDGE_CURVE ( 'NONE', #3454, #3772, #4371, .T. ) ;
#2996 =( NAMED_UNIT ( * ) PLANE_ANGLE_UNIT ( ) SI_UNIT ( $, .RADIAN. ) );
#2997 = EDGE_LOOP ( 'NONE', ( #2534, #4463, #6314, #5627 ) ) ;
#2998 = FILL_AREA_STYLE ('',( #578 ) ) ;
#2999 = DIRECTION ( 'NONE',  ( 0.0000000000000000000, 0.0000000000000000000, 1.000000000000000000 ) ) ;
#3000 = COLOUR_RGB ( '',0.6470588235294117974, 0.6196078431372549211, 0.5882352941176470784 ) ;
#3001 = EDGE_CURVE ( 'NONE', #2940, #4298, #1910, .T. ) ;
#3002 = EDGE_CURVE ( 'NONE', #3347, #7085, #2148, .T. ) ;
#3003 = FILL_AREA_STYLE_COLOUR ( '', #2524 ) ;
#3004 = STYLED_ITEM ( 'NONE', ( #2693 ), #6085 ) ;
#3005 = CYLINDRICAL_SURFACE ( 'NONE', #4197, 1.000000000000000888 ) ;
#3006 = ORIENTED_EDGE ( 'NONE', *, *, #572, .F. ) ;
#3007 = DIRECTION ( 'NONE',  ( 0.0000000000000000000, 1.024442997624109662E-14, -1.000000000000000000 ) ) ;
#3008 = CARTESIAN_POINT ( 'NONE',  ( -24.58039062757600846, -16.50398703403563871, -0.2449999999999997735 ) ) ;
#3009 = LINE ( 'NONE', #4811, #7246 ) ;
#3010 = CARTESIAN_POINT ( 'NONE',  ( -38.45651990792611485, 7.512513140623267915, -1.575199999999920664 ) ) ;
#3011 = CARTESIAN_POINT ( 'NONE',  ( -22.78039062757601130, -16.50398703403563871, -1.245000000000000107 ) ) ;
#3012 = ORIENTED_EDGE ( 'NONE', *, *, #6419, .F. ) ;
#3013 = UNCERTAINTY_MEASURE_WITH_UNIT (LENGTH_MEASURE( 1.000000000000000082E-05 ), #2726, 'distance_accuracy_value', 'NONE');
#3014 =( NAMED_UNIT ( * ) SI_UNIT ( $, .STERADIAN. ) SOLID_ANGLE_UNIT ( ) );
#3015 = DIRECTION ( 'NONE',  ( 0.0000000000000000000, -1.024442997624109662E-14, 1.000000000000000000 ) ) ;
#3016 = LINE ( 'NONE', #3632, #2925 ) ;
#3017 = ORIENTED_EDGE ( 'NONE', *, *, #3409, .T. ) ;
#3018 = PRESENTATION_STYLE_ASSIGNMENT (( #4320 ) ) ;
#3019 = VERTEX_POINT ( 'NONE', #7217 ) ;
#3020 = CARTESIAN_POINT ( 'NONE',  ( -40.82731649811006491, -18.28061697802563046, -0.2449405862524793587 ) ) ;
#3021 = ORIENTED_EDGE ( 'NONE', *, *, #7403, .F. ) ;
#3022 = CARTESIAN_POINT ( 'NONE',  ( -39.82267328534919670, -18.14220267626449257, 0.9035539196892449221 ) ) ;
#3023 = DIRECTION ( 'NONE',  ( -1.000000000000000000, -0.0000000000000000000, -0.0000000000000000000 ) ) ;
#3024 =( BOUNDED_CURVE ( )  B_SPLINE_CURVE ( 3, ( #3537, #481, #3585, #5932 ),
 .UNSPECIFIED., .F., .T. ) 
 B_SPLINE_CURVE_WITH_KNOTS ( ( 4, 4 ),
 ( 2.300140402884102849E-16, 1.570796326794896780 ),
 .UNSPECIFIED. ) 
 CURVE ( )  GEOMETRIC_REPRESENTATION_ITEM ( )  RATIONAL_B_SPLINE_CURVE ( ( 1.000000000000000000, 0.8047378541243649375, 0.8047378541243649375, 1.000000000000000000 ) ) 
 REPRESENTATION_ITEM ( '' )  );
#3025 = FILL_AREA_STYLE ('',( #4258 ) ) ;
#3026 = AXIS2_PLACEMENT_3D ( 'NONE', #2991, #1133, #464 ) ;
#3027 =( NAMED_UNIT ( * ) PLANE_ANGLE_UNIT ( ) SI_UNIT ( $, .RADIAN. ) );
#3028 = ORIENTED_EDGE ( 'NONE', *, *, #722, .F. ) ;
#3029 = ORIENTED_EDGE ( 'NONE', *, *, #7448, .F. ) ;
#3030 = FILL_AREA_STYLE_COLOUR ( '', #4024 ) ;
#3031 = ORIENTED_EDGE ( 'NONE', *, *, #2065, .T. ) ;
#3032 = CARTESIAN_POINT ( 'NONE',  ( -39.82267328534919670, -15.29897745040698176, 1.199928837669093751 ) ) ;
#3033 = CARTESIAN_POINT ( 'NONE',  ( -33.12246990792611712, 7.201313140623350151, -9.372999999999922949 ) ) ;
#3034 = CARTESIAN_POINT ( 'NONE',  ( -34.36071990792586206, 7.861713140623135310, -1.244999999999917284 ) ) ;
#3035 = PLANE ( 'NONE',  #1428 ) ;
#3036 = DIRECTION ( 'NONE',  ( 1.000000000000000000, 0.0000000000000000000, -0.0000000000000000000 ) ) ;
#3037 = EDGE_CURVE ( 'NONE', #4374, #6703, #4260, .T. ) ;
#3038 = LINE ( 'NONE', #5572, #2913 ) ;
#3039 = ADVANCED_FACE ( 'NONE', ( #4296 ), #2466, .F. ) ;
#3040 = EDGE_LOOP ( 'NONE', ( #955, #3815, #5599, #2029 ) ) ;
#3041 = DIRECTION ( 'NONE',  ( 1.000000000000000000, 0.0000000000000000000, 0.0000000000000000000 ) ) ;
#3042 = EDGE_CURVE ( 'NONE', #4409, #4417, #807, .T. ) ;
#3043 = EDGE_CURVE ( 'NONE', #6251, #723, #6311, .T. ) ;
#3044 = PLANE ( 'NONE',  #5329 ) ;
#3045 = VECTOR ( 'NONE', #986, 1000.000000000000000 ) ;
#3046 = FILL_AREA_STYLE_COLOUR ( '', #4756 ) ;
#3047 = EDGE_CURVE ( 'NONE', #4626, #1164, #7414, .T. ) ;
#3048 = CARTESIAN_POINT ( 'NONE',  ( -28.82731649811005781, -14.00398703403564227, 1.188115484370647401 ) ) ;
#3049 = VECTOR ( 'NONE', #4877, 1000.000000000000000 ) ;
#3050 = FACE_BOUND ( 'NONE', #6173, .T. ) ;
#3051 = ORIENTED_EDGE ( 'NONE', *, *, #5607, .T. ) ;
#3052 = CARTESIAN_POINT ( 'NONE',  ( -20.98039062757600703, -18.30398703403564298, -0.2449999999999997735 ) ) ;
#3053 =( NAMED_UNIT ( * ) SI_UNIT ( $, .STERADIAN. ) SOLID_ANGLE_UNIT ( ) );
#3054 = PRESENTATION_STYLE_ASSIGNMENT (( #1382 ) ) ;
#3055 = COLOUR_RGB ( '',0.6470588235294117974, 0.6196078431372549211, 0.5882352941176470784 ) ;
#3056 = SURFACE_STYLE_FILL_AREA ( #7285 ) ;
#3057 = FILL_AREA_STYLE_COLOUR ( '', #558 ) ;
#3058 = PLANE ( 'NONE',  #7436 ) ;
#3059 = EDGE_LOOP ( 'NONE', ( #3029, #1201, #1648, #2845, #5732, #6933, #6611, #7678, #1521, #5373, #4715, #1228 ) ) ;
#3060 = LINE ( 'NONE', #4826, #6230 ) ;
#3061 = VERTEX_POINT ( 'NONE', #5717 ) ;
#3062 =( GEOMETRIC_REPRESENTATION_CONTEXT ( 3 ) GLOBAL_UNCERTAINTY_ASSIGNED_CONTEXT ( ( #3243 ) ) GLOBAL_UNIT_ASSIGNED_CONTEXT ( ( #2319, #4738, #3576 ) ) REPRESENTATION_CONTEXT ( 'NONE', 'WORKASPACE' ) );
#3063 = ORIENTED_EDGE ( 'NONE', *, *, #875, .T. ) ;
#3064 = CARTESIAN_POINT ( 'NONE',  ( -37.83411990792612301, 7.512513140623235053, -1.575199999999920664 ) ) ;
#3065 = CARTESIAN_POINT ( 'NONE',  ( -40.82734843295796168, -15.57156047659262477, 1.105170918265099278 ) ) ;
#3066 =( LENGTH_UNIT ( ) NAMED_UNIT ( * ) SI_UNIT ( .MILLI., .METRE. ) );
#3067 = MECHANICAL_DESIGN_GEOMETRIC_PRESENTATION_REPRESENTATION (  '', ( #3305 ), #924 ) ;
#3068 = COLOUR_RGB ( '',0.6470588235294117974, 0.6196078431372549211, 0.5882352941176470784 ) ;
#3069 =( NAMED_UNIT ( * ) PLANE_ANGLE_UNIT ( ) SI_UNIT ( $, .RADIAN. ) );
#3070 = VERTEX_POINT ( 'NONE', #2655 ) ;
#3071 = VERTEX_POINT ( 'NONE', #6181 ) ;
#3072 = CARTESIAN_POINT ( 'NONE',  ( -35.10039062757600448, 7.206012965964358585, -0.2449999999999997735 ) ) ;
#3073 = ORIENTED_EDGE ( 'NONE', *, *, #2012, .F. ) ;
#3074 =( LENGTH_UNIT ( ) NAMED_UNIT ( * ) SI_UNIT ( .MILLI., .METRE. ) );
#3075 = DIRECTION ( 'NONE',  ( -0.0000000000000000000, -0.0000000000000000000, 1.000000000000000000 ) ) ;
#3076 = CARTESIAN_POINT ( 'NONE',  ( -29.82736094035740138, -15.29897745040698176, 1.199928837669093751 ) ) ;
#3077 = DIRECTION ( 'NONE',  ( 0.0000000000000000000, 1.024442997624109662E-14, -1.000000000000000000 ) ) ;
#3078 = DIRECTION ( 'NONE',  ( 0.0000000000000000000, 0.0000000000000000000, 1.000000000000000000 ) ) ;
#3079 =( GEOMETRIC_REPRESENTATION_CONTEXT ( 3 ) GLOBAL_UNCERTAINTY_ASSIGNED_CONTEXT ( ( #169 ) ) GLOBAL_UNIT_ASSIGNED_CONTEXT ( ( #5628, #365, #7489 ) ) REPRESENTATION_CONTEXT ( 'NONE', 'WORKASPACE' ) );
#3080 = CARTESIAN_POINT ( 'NONE',  ( -22.78039062757601130, 7.056012965964359118, -1.245000000000000107 ) ) ;
#3081 = VERTEX_POINT ( 'NONE', #4555 ) ;
#3082 = FILL_AREA_STYLE_COLOUR ( '', #3563 ) ;
#3083 = ADVANCED_FACE ( 'NONE', ( #4993 ), #1434, .F. ) ;
#3084 = CIRCLE ( 'NONE', #2309, 1.800000000000002931 ) ;
#3085 = CARTESIAN_POINT ( 'NONE',  ( -39.21211990792613022, 7.258463140623345744, -9.118999999999921613 ) ) ;
#3086 = CARTESIAN_POINT ( 'NONE',  ( -38.08816990792612245, 7.144163140623349229, -9.372999999999921172 ) ) ;
#3087 = EDGE_CURVE ( 'NONE', #656, #4758, #1990, .T. ) ;
#3088 = SURFACE_STYLE_USAGE ( .BOTH. , #664 ) ;
#3089 = PRESENTATION_STYLE_ASSIGNMENT (( #3539 ) ) ;
#3090 = VERTEX_POINT ( 'NONE', #2698 ) ;
#3091 = ADVANCED_FACE ( 'NONE', ( #5598 ), #4442, .F. ) ;
#3092 = ADVANCED_FACE ( 'NONE', ( #7684 ), #2338, .T. ) ;
#3093 = UNCERTAINTY_MEASURE_WITH_UNIT (LENGTH_MEASURE( 1.000000000000000082E-05 ), #738, 'distance_accuracy_value', 'NONE');
#3094 = CARTESIAN_POINT ( 'NONE',  ( -38.35125966308335421, 7.407252895780578328, -9.372999999999919396 ) ) ;
#3095 = DIRECTION ( 'NONE',  ( 0.0000000000000000000, 0.0000000000000000000, 1.000000000000000000 ) ) ;
#3096 = STYLED_ITEM ( 'NONE', ( #2169 ), #815 ) ;
#3097 = EDGE_CURVE ( 'NONE', #372, #6355, #6459, .T. ) ;
#3098 = FACE_BOUND ( 'NONE', #4167, .T. ) ;
#3099 = EDGE_LOOP ( 'NONE', ( #6819, #2231 ) ) ;
#3100 = ORIENTED_EDGE ( 'NONE', *, *, #4306, .T. ) ;
#3101 = FILL_AREA_STYLE ('',( #916 ) ) ;
#3102 = ORIENTED_EDGE ( 'NONE', *, *, #7195, .T. ) ;
#3103 = MECHANICAL_DESIGN_GEOMETRIC_PRESENTATION_REPRESENTATION (  '', ( #7098 ), #3721 ) ;
#3104 = MECHANICAL_DESIGN_GEOMETRIC_PRESENTATION_REPRESENTATION (  '', ( #2586 ), #3351 ) ;
#3105 = FILL_AREA_STYLE ('',( #2505 ) ) ;
#3106 = ORIENTED_EDGE ( 'NONE', *, *, #7782, .F. ) ;
#3107 =( GEOMETRIC_REPRESENTATION_CONTEXT ( 3 ) GLOBAL_UNCERTAINTY_ASSIGNED_CONTEXT ( ( #6126 ) ) GLOBAL_UNIT_ASSIGNED_CONTEXT ( ( #4148, #1140, #2235 ) ) REPRESENTATION_CONTEXT ( 'NONE', 'WORKASPACE' ) );
#3108 =( GEOMETRIC_REPRESENTATION_CONTEXT ( 3 ) GLOBAL_UNCERTAINTY_ASSIGNED_CONTEXT ( ( #3093 ) ) GLOBAL_UNIT_ASSIGNED_CONTEXT ( ( #738, #6150, #219 ) ) REPRESENTATION_CONTEXT ( 'NONE', 'WORKASPACE' ) );
#3109 = EDGE_LOOP ( 'NONE', ( #4527, #5130, #3521, #4682, #7660 ) ) ;
#3110 = EDGE_LOOP ( 'NONE', ( #5992, #1638, #3725, #7092 ) ) ;
#3111 = VERTEX_POINT ( 'NONE', #6983 ) ;
#3112 = FACE_OUTER_BOUND ( 'NONE', #2339, .T. ) ;
#3113 =( GEOMETRIC_REPRESENTATION_CONTEXT ( 3 ) GLOBAL_UNCERTAINTY_ASSIGNED_CONTEXT ( ( #5521 ) ) GLOBAL_UNIT_ASSIGNED_CONTEXT ( ( #7368, #1423, #4401 ) ) REPRESENTATION_CONTEXT ( 'NONE', 'WORKASPACE' ) );
#3114 = CIRCLE ( 'NONE', #3739, 0.5000000000000004441 ) ;
#3115 = DIRECTION ( 'NONE',  ( -0.0000000000000000000, -1.000000000000000000, -0.0000000000000000000 ) ) ;
#3116 = SURFACE_STYLE_USAGE ( .BOTH. , #777 ) ;
#3117 = VECTOR ( 'NONE', #2635, 1000.000000000000000 ) ;
#3118 = ORIENTED_EDGE ( 'NONE', *, *, #6559, .T. ) ;
#3119 = VECTOR ( 'NONE', #7676, 1000.000000000000000 ) ;
#3120 = CARTESIAN_POINT ( 'NONE',  ( -21.08039062757600846, -14.00398703403564049, 1.205000000000000071 ) ) ;
#3121 = CARTESIAN_POINT ( 'NONE',  ( -35.66246990792611626, 7.258463140623347520, -9.372999999999922949 ) ) ;
#3122 = VECTOR ( 'NONE', #3949, 1000.000000000000000 ) ;
#3123 = DIRECTION ( 'NONE',  ( 0.0000000000000000000, 0.0000000000000000000, -1.000000000000000000 ) ) ;
#3124 = VERTEX_POINT ( 'NONE', #5877 ) ;
#3125 = VECTOR ( 'NONE', #5710, 1000.000000000000000 ) ;
#3126 = SURFACE_STYLE_FILL_AREA ( #6687 ) ;
#3127 =( NAMED_UNIT ( * ) PLANE_ANGLE_UNIT ( ) SI_UNIT ( $, .RADIAN. ) );
#3128 = CARTESIAN_POINT ( 'NONE',  ( -32.75411990792612471, 7.512513140623233276, 1.367589755157312181 ) ) ;
#3129 = LINE ( 'NONE', #2376, #3828 ) ;
#3130 = EDGE_CURVE ( 'NONE', #4806, #1665, #4603, .T. ) ;
#3131 = DIRECTION ( 'NONE',  ( 0.0000000000000000000, 0.0000000000000000000, 1.000000000000000000 ) ) ;
#3132 = ORIENTED_EDGE ( 'NONE', *, *, #7345, .T. ) ;
#3133 = SURFACE_STYLE_FILL_AREA ( #724 ) ;
#3134 = ORIENTED_EDGE ( 'NONE', *, *, #1772, .F. ) ;
#3135 = EDGE_CURVE ( 'NONE', #4511, #6532, #1280, .T. ) ;
#3136 = ADVANCED_FACE ( 'NONE', ( #5222 ), #2935, .F. ) ;
#3137 = CARTESIAN_POINT ( 'NONE',  ( -40.82734843295796168, -17.83967401293548605, 0.3825688395957673738 ) ) ;
#3138 = FILL_AREA_STYLE_COLOUR ( '', #1858 ) ;
#3139 = SURFACE_STYLE_USAGE ( .BOTH. , #687 ) ;
#3140 = LINE ( 'NONE', #1836, #3049 ) ;
#3141 = EDGE_LOOP ( 'NONE', ( #2768, #6696, #5453, #2687 ) ) ;
#3142 = VERTEX_POINT ( 'NONE', #6528 ) ;
#3143 = CARTESIAN_POINT ( 'NONE',  ( -47.08039062757600846, 4.756012965964352190, 1.255000000000000115 ) ) ;
#3144 = ORIENTED_EDGE ( 'NONE', *, *, #3505, .F. ) ;
#3145 = CARTESIAN_POINT ( 'NONE',  ( -33.06039062757600533, 7.206012965964358585, -0.2449999999999997735 ) ) ;
#3146 = DIRECTION ( 'NONE',  ( -0.0000000000000000000, -0.0000000000000000000, -1.000000000000000000 ) ) ;
#3147 =( NAMED_UNIT ( * ) PLANE_ANGLE_UNIT ( ) SI_UNIT ( $, .RADIAN. ) );
#3148 = LINE ( 'NONE', #1847, #2406 ) ;
#3149 = ORIENTED_EDGE ( 'NONE', *, *, #7108, .F. ) ;
#3150 =( GEOMETRIC_REPRESENTATION_CONTEXT ( 3 ) GLOBAL_UNCERTAINTY_ASSIGNED_CONTEXT ( ( #3957 ) ) GLOBAL_UNIT_ASSIGNED_CONTEXT ( ( #3975, #3287, #5669 ) ) REPRESENTATION_CONTEXT ( 'NONE', 'WORKASPACE' ) );
#3151 = CARTESIAN_POINT ( 'NONE',  ( -37.83411990792612301, 7.512513140623236829, 1.218800000000075823 ) ) ;
#3152 =( NAMED_UNIT ( * ) PLANE_ANGLE_UNIT ( ) SI_UNIT ( $, .RADIAN. ) );
#3153 = CARTESIAN_POINT ( 'NONE',  ( -30.01731990792611526, 6.032913140623263892, -1.244999999999924167 ) ) ;
#3154 = COLOUR_RGB ( '',0.0000000000000000000, 0.0000000000000000000, 0.0000000000000000000 ) ;
#3155 = DIRECTION ( 'NONE',  ( 0.0000000000000000000, -1.000000000000000000, 0.0000000000000000000 ) ) ;
#3156 = SURFACE_SIDE_STYLE ('',( #6682 ) ) ;
#3157 = CARTESIAN_POINT ( 'NONE',  ( -33.00816990792611705, 7.144163140623349229, -9.372999999999921172 ) ) ;
#3158 = ORIENTED_EDGE ( 'NONE', *, *, #6520, .F. ) ;
#3159 = UNCERTAINTY_MEASURE_WITH_UNIT (LENGTH_MEASURE( 1.000000000000000082E-05 ), #5534, 'distance_accuracy_value', 'NONE');
#3160 = DIRECTION ( 'NONE',  ( 0.0000000000000000000, -1.000000000000000000, -1.047444401652940007E-14 ) ) ;
#3161 = CARTESIAN_POINT ( 'NONE',  ( -38.64039062757601073, 7.206012965964358585, -1.266000000000000014 ) ) ;
#3162 = CARTESIAN_POINT ( 'NONE',  ( -39.21211990792613022, 7.512463140623287572, -3.530999999999921091 ) ) ;
#3163 = DIRECTION ( 'NONE',  ( -0.0000000000000000000, -1.000000000000000000, -1.047444401652940007E-14 ) ) ;
#3164 = DIRECTION ( 'NONE',  ( 0.0000000000000000000, -0.0000000000000000000, 1.000000000000000000 ) ) ;
#3165 = ORIENTED_EDGE ( 'NONE', *, *, #3767, .T. ) ;
#3166 = ORIENTED_EDGE ( 'NONE', *, *, #2359, .F. ) ;
#3167 = UNCERTAINTY_MEASURE_WITH_UNIT (LENGTH_MEASURE( 1.000000000000000082E-05 ), #6007, 'distance_accuracy_value', 'NONE');
#3168 = VECTOR ( 'NONE', #4764, 1000.000000000000000 ) ;
#3169 = SURFACE_STYLE_FILL_AREA ( #2536 ) ;
#3170 = FILL_AREA_STYLE ('',( #3138 ) ) ;
#3171 = EDGE_CURVE ( 'NONE', #7315, #5374, #7091, .T. ) ;
#3172 = CARTESIAN_POINT ( 'NONE',  ( -35.91651990792611571, 6.890113140623235211, -1.575199999999927325 ) ) ;
#3173 = ADVANCED_FACE ( 'NONE', ( #5262 ), #7615, .T. ) ;
#3174 = ORIENTED_EDGE ( 'NONE', *, *, #4813, .F. ) ;
#3175 = ORIENTED_EDGE ( 'NONE', *, *, #1871, .T. ) ;
#3176 = ORIENTED_EDGE ( 'NONE', *, *, #3130, .T. ) ;
#3177 = VERTEX_POINT ( 'NONE', #7019 ) ;
#3178 = SURFACE_SIDE_STYLE ('',( #6188 ) ) ;
#3179 = EDGE_CURVE ( 'NONE', #5592, #7618, #1624, .T. ) ;
#3180 = CARTESIAN_POINT ( 'NONE',  ( -37.83411990792612301, 7.512513140623237717, 1.472800000000079601 ) ) ;
#3181 = AXIS2_PLACEMENT_3D ( 'NONE', #1486, #7389, #5510 ) ;
#3182 = DIRECTION ( 'NONE',  ( -0.4999999999998100964, 0.8660254037845481756, 8.871936606714392135E-15 ) ) ;
#3183 = CARTESIAN_POINT ( 'NONE',  ( -32.75416990792612637, 6.890163140623350557, -9.372999999999926501 ) ) ;
#3184 = EDGE_CURVE ( 'NONE', #2665, #4847, #6305, .T. ) ;
#3185 = PLANE ( 'NONE',  #6407 ) ;
#3186 = EDGE_CURVE ( 'NONE', #5181, #2028, #6053, .T. ) ;
#3187 = VERTEX_POINT ( 'NONE', #1862 ) ;
#3188 = DIRECTION ( 'NONE',  ( 1.000000000000000000, 0.0000000000000000000, 0.0000000000000000000 ) ) ;
#3189 = FILL_AREA_STYLE_COLOUR ( '', #3333 ) ;
#3190 = DIRECTION ( 'NONE',  ( 0.0000000000000000000, -1.047444401652940007E-14, 1.000000000000000000 ) ) ;
#3191 = AXIS2_PLACEMENT_3D ( 'NONE', #2337, #7125, #7564 ) ;
#3192 = VECTOR ( 'NONE', #6889, 1000.000000000000000 ) ;
#3193 =( NAMED_UNIT ( * ) PLANE_ANGLE_UNIT ( ) SI_UNIT ( $, .RADIAN. ) );
#3194 = CARTESIAN_POINT ( 'NONE',  ( -40.82731649811009333, -17.69395963581152031, -1.042749610596882981 ) ) ;
#3195 = ORIENTED_EDGE ( 'NONE', *, *, #7652, .F. ) ;
#3196 = VECTOR ( 'NONE', #636, 1000.000000000000000 ) ;
#3197 = CARTESIAN_POINT ( 'NONE',  ( -40.82731649811006491, -17.05636897394360219, -1.250249856270432947 ) ) ;
#3198 = AXIS2_PLACEMENT_3D ( 'NONE', #5360, #6005, #3007 ) ;
#3199 = FACE_OUTER_BOUND ( 'NONE', #1398, .T. ) ;
#3200 = DIRECTION ( 'NONE',  ( 0.8660254037844272723, -0.5000000000000197620, -5.237222008264905926E-15 ) ) ;
#3201 = VECTOR ( 'NONE', #1736, 1000.000000000000000 ) ;
#3202 = AXIS2_PLACEMENT_3D ( 'NONE', #3530, #4145, #5964 ) ;
#3203 = LINE ( 'NONE', #3927, #707 ) ;
#3204 = ORIENTED_EDGE ( 'NONE', *, *, #5249, .T. ) ;
#3205 = EDGE_LOOP ( 'NONE', ( #4408, #1599, #7567, #5956 ) ) ;
#3206 = CARTESIAN_POINT ( 'NONE',  ( -28.82731649811007202, -14.55917908551364270, 1.164798537445374427 ) ) ;
#3207 = LINE ( 'NONE', #5454, #1449 ) ;
#3208 = COLOUR_RGB ( '',1.000000000000000000, 1.000000000000000000, 1.000000000000000000 ) ;
#3209 = LINE ( 'NONE', #57, #7007 ) ;
#3210 =( NAMED_UNIT ( * ) PLANE_ANGLE_UNIT ( ) SI_UNIT ( $, .RADIAN. ) );
#3211 = VECTOR ( 'NONE', #67, 1000.000000000000000 ) ;
#3212 = DIRECTION ( 'NONE',  ( -0.5000000000000024425, -0.8660254037844372643, -8.871936606718224421E-15 ) ) ;
#3213 = VERTEX_POINT ( 'NONE', #6837 ) ;
#3214 = ORIENTED_EDGE ( 'NONE', *, *, #4158, .F. ) ;
#3215 = VECTOR ( 'NONE', #6978, 1000.000000000000000 ) ;
#3216 = ORIENTED_EDGE ( 'NONE', *, *, #7306, .T. ) ;
#3217 = ORIENTED_EDGE ( 'NONE', *, *, #4719, .F. ) ;
#3218 = LINE ( 'NONE', #6948, #7288 ) ;
#3219 = DIRECTION ( 'NONE',  ( 1.000000000000000000, 0.0000000000000000000, 0.0000000000000000000 ) ) ;
#3220 = ADVANCED_FACE ( 'NONE', ( #93, #3098 ), #3058, .F. ) ;
#3221 = LINE ( 'NONE', #779, #921 ) ;
#3222 = CYLINDRICAL_SURFACE ( 'NONE', #7205, 1.800000000000002931 ) ;
#3223 = STYLED_ITEM ( 'NONE', ( #3395 ), #1629 ) ;
#3224 = VECTOR ( 'NONE', #3535, 1000.000000000000000 ) ;
#3225 = EDGE_CURVE ( 'NONE', #2984, #1397, #6867, .T. ) ;
#3226 = EDGE_CURVE ( 'NONE', #2753, #4506, #6693, .T. ) ;
#3227 = DIRECTION ( 'NONE',  ( 1.000000000000000000, 0.0000000000000000000, 0.0000000000000000000 ) ) ;
#3228 =( LENGTH_UNIT ( ) NAMED_UNIT ( * ) SI_UNIT ( .MILLI., .METRE. ) );
#3229 = LINE ( 'NONE', #7238, #4942 ) ;
#3230 = ORIENTED_EDGE ( 'NONE', *, *, #2606, .F. ) ;
#3231 = ORIENTED_EDGE ( 'NONE', *, *, #4958, .T. ) ;
#3232 = UNCERTAINTY_MEASURE_WITH_UNIT (LENGTH_MEASURE( 1.000000000000000082E-05 ), #3794, 'distance_accuracy_value', 'NONE');
#3233 = LINE ( 'NONE', #4030, #1075 ) ;
#3234 = CARTESIAN_POINT ( 'NONE',  ( -39.82267328534919670, -14.00398703403564049, 1.215000000000000080 ) ) ;
#3235 = PLANE ( 'NONE',  #6986 ) ;
#3236 = VECTOR ( 'NONE', #3227, 1000.000000000000000 ) ;
#3237 = CARTESIAN_POINT ( 'NONE',  ( -30.83646990792612286, 7.512463140623350633, -9.118999999999923389 ) ) ;
#3238 = SURFACE_SIDE_STYLE ('',( #5659 ) ) ;
#3239 = AXIS2_PLACEMENT_3D ( 'NONE', #1661, #6456, #4786 ) ;
#3240 = FACE_OUTER_BOUND ( 'NONE', #1795, .T. ) ;
#3241 = ORIENTED_EDGE ( 'NONE', *, *, #4264, .T. ) ;
#3242 = EDGE_LOOP ( 'NONE', ( #3174, #1945, #737, #3937, #4648 ) ) ;
#3243 = UNCERTAINTY_MEASURE_WITH_UNIT (LENGTH_MEASURE( 1.000000000000000082E-05 ), #2319, 'distance_accuracy_value', 'NONE');
#3244 = CARTESIAN_POINT ( 'NONE',  ( -38.45651990792611485, 7.512513140623268804, -1.575199999999925105 ) ) ;
#3245 = CARTESIAN_POINT ( 'NONE',  ( -39.21211990792613022, 7.258463140623345744, -9.118999999999921613 ) ) ;
#3246 = DIRECTION ( 'NONE',  ( -0.0000000000000000000, -0.0000000000000000000, -1.000000000000000000 ) ) ;
#3247 = CARTESIAN_POINT ( 'NONE',  ( -40.82733246553401329, -18.28388708950198449, -0.2449552275043976879 ) ) ;
#3248 = SURFACE_STYLE_USAGE ( .BOTH. , #5110 ) ;
#3249 = ORIENTED_EDGE ( 'NONE', *, *, #1867, .F. ) ;
#3250 = EDGE_LOOP ( 'NONE', ( #5200, #5531, #5626, #335 ) ) ;
#3251 = ORIENTED_EDGE ( 'NONE', *, *, #4914, .F. ) ;
#3252 = ORIENTED_EDGE ( 'NONE', *, *, #5244, .T. ) ;
#3253 = CARTESIAN_POINT ( 'NONE',  ( -39.21211990792613022, 6.032913140623263892, -1.244999999999936158 ) ) ;
#3254 = FACE_OUTER_BOUND ( 'NONE', #2672, .T. ) ;
#3255 = CARTESIAN_POINT ( 'NONE',  ( -38.20246990792612252, 7.258463140623347520, -9.372999999999922949 ) ) ;
#3256 = CYLINDRICAL_SURFACE ( 'NONE', #6789, 0.2539999999999998925 ) ;
#3257 = EDGE_LOOP ( 'NONE', ( #2391, #3814, #5615, #4141 ) ) ;
#3258 = EDGE_LOOP ( 'NONE', ( #7048, #1542, #1702, #3723 ) ) ;
#3259 = CARTESIAN_POINT ( 'NONE',  ( -44.08039062757600135, -16.50398703403563871, -1.264999999999999902 ) ) ;
#3260 = CARTESIAN_POINT ( 'NONE',  ( -40.82734843295796168, -17.34713668424583943, 0.6544084639867290276 ) ) ;
#3261 = ADVANCED_FACE ( 'NONE', ( #5046 ), #7761, .T. ) ;
#3262 = CARTESIAN_POINT ( 'NONE',  ( -30.21411990792612556, 6.890113140623235211, 1.472800000000072718 ) ) ;
#3263 = EDGE_CURVE ( 'NONE', #3396, #4997, #4204, .T. ) ;
#3264 =( NAMED_UNIT ( * ) PLANE_ANGLE_UNIT ( ) SI_UNIT ( $, .RADIAN. ) );
#3265 = AXIS2_PLACEMENT_3D ( 'NONE', #1475, #2023, #4517 ) ;
#3266 = LINE ( 'NONE', #268, #4443 ) ;
#3267 = EDGE_CURVE ( 'NONE', #3081, #6901, #3016, .T. ) ;
#3268 = ORIENTED_EDGE ( 'NONE', *, *, #288, .T. ) ;
#3269 = EDGE_CURVE ( 'NONE', #4244, #372, #1959, .T. ) ;
#3270 = CARTESIAN_POINT ( 'NONE',  ( -33.57331990792611975, 6.032913140623267445, -1.575199999999936429 ) ) ;
#3271 = ORIENTED_EDGE ( 'NONE', *, *, #1256, .F. ) ;
#3272 = CARTESIAN_POINT ( 'NONE',  ( -40.82731649811006491, -17.89567592258572404, -0.9547890766329637513 ) ) ;
#3273 = LINE ( 'NONE', #2159, #2460 ) ;
#3274 = ADVANCED_FACE ( 'NONE', ( #2412 ), #4824, .F. ) ;
#3275 = CARTESIAN_POINT ( 'NONE',  ( -35.29416990792612552, 7.512463140623350633, -9.372999999999919396 ) ) ;
#3276 = EDGE_CURVE ( 'NONE', #4063, #3433, #6610, .T. ) ;
#3277 = CARTESIAN_POINT ( 'NONE',  ( -37.83411990792612301, 7.512513140623252816, -1.575199999999920664 ) ) ;
#3278 = CYLINDRICAL_SURFACE ( 'NONE', #3322, 1.799999999999999600 ) ;
#3279 = CARTESIAN_POINT ( 'NONE',  ( -31.02039062757600618, 7.206012965964358585, -1.245000000000000107 ) ) ;
#3280 = EDGE_CURVE ( 'NONE', #139, #4082, #4033, .T. ) ;
#3281 = DIRECTION ( 'NONE',  ( -0.0000000000000000000, 0.0000000000000000000, -1.000000000000000000 ) ) ;
#3282 = VERTEX_POINT ( 'NONE', #1611 ) ;
#3283 = ORIENTED_EDGE ( 'NONE', *, *, #7605, .F. ) ;
#3284 = LINE ( 'NONE', #844, #7463 ) ;
#3285 = CARTESIAN_POINT ( 'NONE',  ( -34.82731649811006491, -18.27407675507290818, -0.2449113037486423394 ) ) ;
#3286 = CARTESIAN_POINT ( 'NONE',  ( -33.27125966308334881, 6.995373385466116645, -9.372999999999922949 ) ) ;
#3287 =( NAMED_UNIT ( * ) PLANE_ANGLE_UNIT ( ) SI_UNIT ( $, .RADIAN. ) );
#3288 =( LENGTH_UNIT ( ) NAMED_UNIT ( * ) SI_UNIT ( .MILLI., .METRE. ) );
#3289 = ORIENTED_EDGE ( 'NONE', *, *, #7686, .F. ) ;
#3290 = ORIENTED_EDGE ( 'NONE', *, *, #6920, .F. ) ;
#3291 = CARTESIAN_POINT ( 'NONE',  ( -33.37646990792612200, 7.512463140623350633, -9.118999999999928718 ) ) ;
#3292 = ORIENTED_EDGE ( 'NONE', *, *, #2995, .F. ) ;
#3293 = CARTESIAN_POINT ( 'NONE',  ( -28.82731649811006136, -16.92352698751271234, 0.7916228591975321693 ) ) ;
#3294 = DIRECTION ( 'NONE',  ( -0.5000000000000197620, -0.8660254037844272723, 0.0000000000000000000 ) ) ;
#3295 = LINE ( 'NONE', #4564, #1260 ) ;
#3296 = FACE_OUTER_BOUND ( 'NONE', #2731, .T. ) ;
#3297 = ORIENTED_EDGE ( 'NONE', *, *, #769, .F. ) ;
#3298 = DIRECTION ( 'NONE',  ( 0.0000000000000000000, 0.0000000000000000000, 1.000000000000000000 ) ) ;
#3299 = ORIENTED_EDGE ( 'NONE', *, *, #2011, .T. ) ;
#3300 = CARTESIAN_POINT ( 'NONE',  ( -22.78039062757601130, 7.056012965964359118, -0.2449999999999997735 ) ) ;
#3301 = CARTESIAN_POINT ( 'NONE',  ( -35.09731990792612066, 6.032913140623263892, -1.244999999999930163 ) ) ;
#3302 = UNCERTAINTY_MEASURE_WITH_UNIT (LENGTH_MEASURE( 1.000000000000000082E-05 ), #3942, 'distance_accuracy_value', 'NONE');
#3303 = CARTESIAN_POINT ( 'NONE',  ( -38.20251990792611707, 7.201313140623236464, 1.472800000000076048 ) ) ;
#3304 = DIRECTION ( 'NONE',  ( 4.336808689942014285E-16, 1.000000000000000000, 0.0000000000000000000 ) ) ;
#3305 = STYLED_ITEM ( 'NONE', ( #7427 ), #3517 ) ;
#3306 = CARTESIAN_POINT ( 'NONE',  ( -41.82731649811005781, -16.30398703403564653, -0.2449999999999997735 ) ) ;
#3307 = AXIS2_PLACEMENT_3D ( 'NONE', #1598, #5799, #5184 ) ;
#3308 = ORIENTED_EDGE ( 'NONE', *, *, #30, .F. ) ;
#3309 = DIRECTION ( 'NONE',  ( -0.0000000000000000000, -1.000000000000000000, -0.0000000000000000000 ) ) ;
#3310 = ORIENTED_EDGE ( 'NONE', *, *, #1347, .T. ) ;
#3311 = SURFACE_SIDE_STYLE ('',( #2498 ) ) ;
#3312 = ADVANCED_FACE ( 'NONE', ( #6400 ), #3388, .T. ) ;
#3313 = VECTOR ( 'NONE', #5901, 1000.000000000000000 ) ;
#3314 = CARTESIAN_POINT ( 'NONE',  ( -39.82267328534919670, -14.00398703403564227, 1.215000000000000080 ) ) ;
#3315 = PLANE ( 'NONE',  #6219 ) ;
#3316 = VECTOR ( 'NONE', #1734, 1000.000000000000000 ) ;
#3317 = ADVANCED_FACE ( 'NONE', ( #7588 ), #994, .F. ) ;
#3318 =( GEOMETRIC_REPRESENTATION_CONTEXT ( 3 ) GLOBAL_UNCERTAINTY_ASSIGNED_CONTEXT ( ( #4437 ) ) GLOBAL_UNIT_ASSIGNED_CONTEXT ( ( #395, #2796, #1647 ) ) REPRESENTATION_CONTEXT ( 'NONE', 'WORKASPACE' ) );
#3319 = PLANE ( 'NONE',  #301 ) ;
#3320 = PRESENTATION_STYLE_ASSIGNMENT (( #6893 ) ) ;
#3321 = VECTOR ( 'NONE', #5766, 1000.000000000000000 ) ;
#3322 = AXIS2_PLACEMENT_3D ( 'NONE', #323, #2050, #6846 ) ;
#3323 = EDGE_CURVE ( 'NONE', #5493, #4997, #3266, .T. ) ;
#3324 = ORIENTED_EDGE ( 'NONE', *, *, #6352, .T. ) ;
#3325 = CIRCLE ( 'NONE', #5926, 1.799999999999999600 ) ;
#3326 = VERTEX_POINT ( 'NONE', #2670 ) ;
#3327 = CARTESIAN_POINT ( 'NONE',  ( -40.82731649811005781, -17.89567592258572404, -0.9547890766329637513 ) ) ;
#3328 = SURFACE_STYLE_USAGE ( .BOTH. , #452 ) ;
#3329 = EDGE_CURVE ( 'NONE', #7531, #2785, #2195, .T. ) ;
#3330 = EDGE_CURVE ( 'NONE', #3670, #5730, #4043, .T. ) ;
#3331 = COLOUR_RGB ( '',0.0000000000000000000, 0.0000000000000000000, 0.0000000000000000000 ) ;
#3332 = CARTESIAN_POINT ( 'NONE',  ( -33.27130966308335047, 7.407302895780468077, 1.472800000000076492 ) ) ;
#3333 = COLOUR_RGB ( '',0.6470588235294117974, 0.6196078431372549211, 0.5882352941176470784 ) ;
#3334 = FILL_AREA_STYLE ('',( #3368 ) ) ;
#3335 = CARTESIAN_POINT ( 'NONE',  ( -34.65401384467411816, 7.353713140623290734, -3.530999999999917538 ) ) ;
#3336 = ORIENTED_EDGE ( 'NONE', *, *, #1770, .F. ) ;
#3337 = VERTEX_POINT ( 'NONE', #6959 ) ;
#3338 = PRESENTATION_LAYER_ASSIGNMENT (  '', '', ( #4354 ) ) ;
#3339 = ORIENTED_EDGE ( 'NONE', *, *, #3612, .F. ) ;
#3340 = UNCERTAINTY_MEASURE_WITH_UNIT (LENGTH_MEASURE( 1.000000000000000082E-05 ), #7040, 'distance_accuracy_value', 'NONE');
#3341 = CIRCLE ( 'NONE', #7723, 1.000000000000000888 ) ;
#3342 = FACE_OUTER_BOUND ( 'NONE', #6038, .T. ) ;
#3343 = CARTESIAN_POINT ( 'NONE',  ( -23.55039062757601087, 3.166012965964347003, 1.265000000000000124 ) ) ;
#3344 = CARTESIAN_POINT ( 'NONE',  ( -37.83416990792612467, 6.890163140623345228, -9.118999999999921613 ) ) ;
#3345 = ORIENTED_EDGE ( 'NONE', *, *, #1879, .T. ) ;
#3346 = VECTOR ( 'NONE', #6503, 1000.000000000000000 ) ;
#3347 = VERTEX_POINT ( 'NONE', #4503 ) ;
#3348 = CARTESIAN_POINT ( 'NONE',  ( -47.58039062757602267, -14.00398703403564049, 1.205000000000000071 ) ) ;
#3349 = LINE ( 'NONE', #349, #4845 ) ;
#3350 = COLOUR_RGB ( '',0.0000000000000000000, 0.0000000000000000000, 0.0000000000000000000 ) ;
#3351 =( GEOMETRIC_REPRESENTATION_CONTEXT ( 3 ) GLOBAL_UNCERTAINTY_ASSIGNED_CONTEXT ( ( #1894 ) ) GLOBAL_UNIT_ASSIGNED_CONTEXT ( ( #5314, #2960, #2546 ) ) REPRESENTATION_CONTEXT ( 'NONE', 'WORKASPACE' ) );
#3352 = CARTESIAN_POINT ( 'NONE',  ( -30.02039062757600618, 7.206012965964358585, -1.245000000000000107 ) ) ;
#3353 = DIRECTION ( 'NONE',  ( -0.0000000000000000000, 1.000000000000000000, 1.047444401652940007E-14 ) ) ;
#3354 = CARTESIAN_POINT ( 'NONE',  ( -39.21211990792613022, 7.201313140623236464, 1.472800000000076048 ) ) ;
#3355 = ORIENTED_EDGE ( 'NONE', *, *, #6428, .F. ) ;
#3356 = ORIENTED_EDGE ( 'NONE', *, *, #6380, .F. ) ;
#3357 = DIRECTION ( 'NONE',  ( 0.0000000000000000000, 1.000000000000000000, 1.047444401652940007E-14 ) ) ;
#3358 = CARTESIAN_POINT ( 'NONE',  ( -23.78039062757601130, 7.056012965964359118, -0.2349999999999997369 ) ) ;
#3359 = VECTOR ( 'NONE', #1852, 1000.000000000000000 ) ;
#3360 = CARTESIAN_POINT ( 'NONE',  ( -39.82267328534919670, -14.00398703403564049, 1.205000000000000071 ) ) ;
#3361 = CARTESIAN_POINT ( 'NONE',  ( -36.10039062757601158, 7.206012965964358585, -1.245000000000000107 ) ) ;
#3362 = EDGE_LOOP ( 'NONE', ( #3292, #2877, #7378, #5886 ) ) ;
#3363 = AXIS2_PLACEMENT_3D ( 'NONE', #3085, #1223, #6639 ) ;
#3364 = VERTEX_POINT ( 'NONE', #3993 ) ;
#3365 = FILL_AREA_STYLE_COLOUR ( '', #6441 ) ;
#3366 = CARTESIAN_POINT ( 'NONE',  ( -32.11401384467411901, 7.048913140622078188, -1.244999999999925944 ) ) ;
#3367 = PLANE ( 'NONE',  #7260 ) ;
#3368 = FILL_AREA_STYLE_COLOUR ( '', #1810 ) ;
#3369 = LINE ( 'NONE', #3335, #1760 ) ;
#3370 = VECTOR ( 'NONE', #3246, 1000.000000000000000 ) ;
#3371 = ORIENTED_EDGE ( 'NONE', *, *, #5516, .F. ) ;
#3372 = EDGE_CURVE ( 'NONE', #5681, #6519, #6885, .T. ) ;
#3373 = ORIENTED_EDGE ( 'NONE', *, *, #7462, .F. ) ;
#3374 = EDGE_CURVE ( 'NONE', #6743, #3519, #1492, .T. ) ;
#3375 =( NAMED_UNIT ( * ) PLANE_ANGLE_UNIT ( ) SI_UNIT ( $, .RADIAN. ) );
#3376 = ORIENTED_EDGE ( 'NONE', *, *, #1774, .T. ) ;
#3377 = FILL_AREA_STYLE ('',( #5228 ) ) ;
#3378 = CARTESIAN_POINT ( 'NONE',  ( -45.88039062757600561, -16.50398703403563871, -1.245000000000000107 ) ) ;
#3379 = DIRECTION ( 'NONE',  ( 0.0000000000000000000, -1.047444401652940007E-14, 1.000000000000000000 ) ) ;
#3380 = DIRECTION ( 'NONE',  ( -0.0000000000000000000, 1.000000000000000000, 0.0000000000000000000 ) ) ;
#3381 = ORIENTED_EDGE ( 'NONE', *, *, #5607, .F. ) ;
#3382 = CARTESIAN_POINT ( 'NONE',  ( -38.45646990792611319, 6.890163140623321247, -9.118999999999928718 ) ) ;
#3383 = VERTEX_POINT ( 'NONE', #3306 ) ;
#3384 = DIRECTION ( 'NONE',  ( 1.000000000000000000, 0.0000000000000000000, -0.0000000000000000000 ) ) ;
#3385 = SURFACE_STYLE_USAGE ( .BOTH. , #6955 ) ;
#3386 = SURFACE_SIDE_STYLE ('',( #992 ) ) ;
#3387 = LINE ( 'NONE', #5197, #5759 ) ;
#3388 = PLANE ( 'NONE',  #1911 ) ;
#3389 = ORIENTED_EDGE ( 'NONE', *, *, #5342, .F. ) ;
#3390 = ORIENTED_EDGE ( 'NONE', *, *, #6182, .T. ) ;
#3391 = PRESENTATION_STYLE_ASSIGNMENT (( #4581 ) ) ;
#3392 = B_SPLINE_CURVE_WITH_KNOTS ( 'NONE', 3,
 ( #4231, #5541, #3623, #7149 ),
 .UNSPECIFIED., .F., .F.,
 ( 4, 4 ),
 ( 0.0000000000000000000, 1.000000000000000000 ),
 .UNSPECIFIED. ) ;
#3393 = DIRECTION ( 'NONE',  ( 0.0000000000000000000, 0.0000000000000000000, 1.000000000000000000 ) ) ;
#3394 = CARTESIAN_POINT ( 'NONE',  ( -27.82731649811005781, -18.30398703403564298, -1.245000000000000107 ) ) ;
#3395 = PRESENTATION_STYLE_ASSIGNMENT (( #5748 ) ) ;
#3396 = VERTEX_POINT ( 'NONE', #5688 ) ;
#3397 = AXIS2_PLACEMENT_3D ( 'NONE', #3378, #3818, #6193 ) ;
#3398 = ORIENTED_EDGE ( 'NONE', *, *, #4776, .F. ) ;
#3399 = CARTESIAN_POINT ( 'NONE',  ( -46.88039062757600561, -16.50398703403563871, -0.2349999999999997369 ) ) ;
#3400 = CYLINDRICAL_SURFACE ( 'NONE', #4611, 0.2540000000000007807 ) ;
#3401 = DIRECTION ( 'NONE',  ( 0.0000000000000000000, 0.0000000000000000000, 1.000000000000000000 ) ) ;
#3402 = CARTESIAN_POINT ( 'NONE',  ( -30.01731990792611526, 8.369713140623266767, -1.575199999999917999 ) ) ;
#3403 = VERTEX_POINT ( 'NONE', #2793 ) ;
#3404 = B_SPLINE_CURVE_WITH_KNOTS ( 'NONE', 3,
 ( #6912, #2232, #2272, #4693 ),
 .UNSPECIFIED., .F., .F.,
 ( 4, 4 ),
 ( 0.0000000000000000000, 1.000000000000000000 ),
 .UNSPECIFIED. ) ;
#3405 = VERTEX_POINT ( 'NONE', #5199 ) ;
#3406 =( GEOMETRIC_REPRESENTATION_CONTEXT ( 3 ) GLOBAL_UNCERTAINTY_ASSIGNED_CONTEXT ( ( #4047 ) ) GLOBAL_UNIT_ASSIGNED_CONTEXT ( ( #1919, #4381, #3699 ) ) REPRESENTATION_CONTEXT ( 'NONE', 'WORKASPACE' ) );
#3407 = EDGE_CURVE ( 'NONE', #5075, #6287, #4625, .T. ) ;
#3408 = DIRECTION ( 'NONE',  ( 0.0000000000000000000, 0.0000000000000000000, 1.000000000000000000 ) ) ;
#3409 = EDGE_CURVE ( 'NONE', #4417, #5761, #4536, .T. ) ;
#3410 = ADVANCED_FACE ( 'NONE', ( #1687 ), #7182, .T. ) ;
#3411 = LINE ( 'NONE', #342, #2769 ) ;
#3412 = CARTESIAN_POINT ( 'NONE',  ( -39.21211990792613022, 7.258463140623345744, -9.118999999999921613 ) ) ;
#3413 = VECTOR ( 'NONE', #6154, 1000.000000000000000 ) ;
#3414 = ORIENTED_EDGE ( 'NONE', *, *, #3762, .T. ) ;
#3415 = ADVANCED_FACE ( 'NONE', ( #4069 ), #3005, .F. ) ;
#3416 = CARTESIAN_POINT ( 'NONE',  ( -40.82731649811006491, -18.11334830678238461, -0.7435084826342410746 ) ) ;
#3417 = VECTOR ( 'NONE', #9, 1000.000000000000000 ) ;
#3418 = EDGE_CURVE ( 'NONE', #2135, #641, #7778, .T. ) ;
#3419 = EDGE_CURVE ( 'NONE', #4409, #1757, #7111, .T. ) ;
#3420 = DIRECTION ( 'NONE',  ( -1.000000000000000000, -0.0000000000000000000, -0.0000000000000000000 ) ) ;
#3421 = SURFACE_STYLE_USAGE ( .BOTH. , #6436 ) ;
#3422 = ORIENTED_EDGE ( 'NONE', *, *, #6718, .T. ) ;
#3423 = CARTESIAN_POINT ( 'NONE',  ( -30.58246990792611797, 7.201313140623350151, -9.372999999999922949 ) ) ;
#3424 = VERTEX_POINT ( 'NONE', #1105 ) ;
#3425 = CYLINDRICAL_SURFACE ( 'NONE', #4588, 0.5000000000000004441 ) ;
#3426 = CARTESIAN_POINT ( 'NONE',  ( -38.45646990792611319, 7.512463140623350633, -3.530999999999921535 ) ) ;
#3427 = LINE ( 'NONE', #1033, #162 ) ;
#3428 = CARTESIAN_POINT ( 'NONE',  ( -41.82731649811005781, -3.003987034035643600, 1.205000000000000071 ) ) ;
#3429 = SURFACE_SIDE_STYLE ('',( #5284 ) ) ;
#3430 = VECTOR ( 'NONE', #1283, 1000.000000000000000 ) ;
#3431 = FILL_AREA_STYLE ('',( #5786 ) ) ;
#3432 = ORIENTED_EDGE ( 'NONE', *, *, #4112, .F. ) ;
#3433 = VERTEX_POINT ( 'NONE', #3463 ) ;
#3434 = LINE ( 'NONE', #1658, #5935 ) ;
#3435 = MECHANICAL_DESIGN_GEOMETRIC_PRESENTATION_REPRESENTATION (  '', ( #4078 ), #1171 ) ;
#3436 = LINE ( 'NONE', #6306, #5839 ) ;
#3437 = FACE_OUTER_BOUND ( 'NONE', #1141, .T. ) ;
#3438 = CYLINDRICAL_SURFACE ( 'NONE', #941, 1.000000000000000888 ) ;
#3439 = CARTESIAN_POINT ( 'NONE',  ( -47.08039062757600846, 4.756012965964352190, 1.205000000000000071 ) ) ;
#3440 = PRESENTATION_LAYER_ASSIGNMENT (  '', '', ( #2812 ) ) ;
#3441 = VECTOR ( 'NONE', #7228, 1000.000000000000000 ) ;
#3442 = CARTESIAN_POINT ( 'NONE',  ( -33.37651990792611656, 6.890113140623235211, 1.472800000000072718 ) ) ;
#3443 = ORIENTED_EDGE ( 'NONE', *, *, #1433, .T. ) ;
#3444 = ORIENTED_EDGE ( 'NONE', *, *, #5152, .T. ) ;
#3445 = PLANE ( 'NONE',  #3307 ) ;
#3446 = ORIENTED_EDGE ( 'NONE', *, *, #1779, .T. ) ;
#3447 = CARTESIAN_POINT ( 'NONE',  ( -28.82731649811006136, -18.17589249420970887, 0.03398883565037071758 ) ) ;
#3448 = DIRECTION ( 'NONE',  ( 0.0000000000000000000, -1.000000000000000000, -1.047444401652940007E-14 ) ) ;
#3449 = CIRCLE ( 'NONE', #5334, 1.000000000000000888 ) ;
#3450 =( NAMED_UNIT ( * ) PLANE_ANGLE_UNIT ( ) SI_UNIT ( $, .RADIAN. ) );
#3451 = DIRECTION ( 'NONE',  ( 1.000000000000000000, 0.0000000000000000000, 0.0000000000000000000 ) ) ;
#3452 = ORIENTED_EDGE ( 'NONE', *, *, #141, .F. ) ;
#3453 =( GEOMETRIC_REPRESENTATION_CONTEXT ( 3 ) GLOBAL_UNCERTAINTY_ASSIGNED_CONTEXT ( ( #2928 ) ) GLOBAL_UNIT_ASSIGNED_CONTEXT ( ( #829, #2715, #3991 ) ) REPRESENTATION_CONTEXT ( 'NONE', 'WORKASPACE' ) );
#3454 = VERTEX_POINT ( 'NONE', #5851 ) ;
#3455 = AXIS2_PLACEMENT_3D ( 'NONE', #1632, #2071, #3294 ) ;
#3456 = DIRECTION ( 'NONE',  ( 1.000000000000000000, 0.0000000000000000000, 0.0000000000000000000 ) ) ;
#3457 = CARTESIAN_POINT ( 'NONE',  ( -28.82731649811005781, -16.56462454409308904, -1.259197900737540454 ) ) ;
#3458 = AXIS2_PLACEMENT_3D ( 'NONE', #5637, #5568, #182 ) ;
#3459 = CARTESIAN_POINT ( 'NONE',  ( -31.52742597117812196, 6.032913140623264781, -1.244999999999935048 ) ) ;
#3461 = ADVANCED_FACE ( 'NONE', ( #470, #1729 ), #3498, .F. ) ;
#3460 = AXIS2_PLACEMENT_3D ( 'NONE', #4551, #7609, #4010 ) ;
#3462 = CIRCLE ( 'NONE', #1193, 0.5000000000000004441 ) ;
#3463 = CARTESIAN_POINT ( 'NONE',  ( -20.98039062757600703, -18.30398703403564298, -1.245000000000000107 ) ) ;
#3464 = ORIENTED_EDGE ( 'NONE', *, *, #2986, .F. ) ;
#3465 = CARTESIAN_POINT ( 'NONE',  ( -27.82731649811006136, -3.003987034035643600, 1.205000000000000071 ) ) ;
#3466 = COLOUR_RGB ( '',0.6470588235294117974, 0.6196078431372549211, 0.5882352941176470784 ) ;
#3467 = EDGE_CURVE ( 'NONE', #1468, #5213, #3821, .T. ) ;
#3468 = EDGE_CURVE ( 'NONE', #6704, #4092, #3221, .T. ) ;
#3469 = VECTOR ( 'NONE', #2588, 1000.000000000000000 ) ;
#3470 = SURFACE_STYLE_FILL_AREA ( #2888 ) ;
#3471 = LINE ( 'NONE', #5974, #5566 ) ;
#3472 = CARTESIAN_POINT ( 'NONE',  ( -47.58039062757602267, 5.256012965964358408, -0.2449999999999997735 ) ) ;
#3473 = VECTOR ( 'NONE', #2849, 1000.000000000000000 ) ;
#3474 = VECTOR ( 'NONE', #1401, 1000.000000000000000 ) ;
#3475 = EDGE_LOOP ( 'NONE', ( #915, #4343 ) ) ;
#3476 = ORIENTED_EDGE ( 'NONE', *, *, #1150, .F. ) ;
#3477 = UNCERTAINTY_MEASURE_WITH_UNIT (LENGTH_MEASURE( 1.000000000000000082E-05 ), #563, 'distance_accuracy_value', 'NONE');
#3478 = CARTESIAN_POINT ( 'NONE',  ( -34.33039062757600846, -16.30398703403564653, -1.254999999999999893 ) ) ;
#3479 = CARTESIAN_POINT ( 'NONE',  ( -40.82732980429669567, -16.92660126441624513, 0.7906903847344430858 ) ) ;
#3480 = DIRECTION ( 'NONE',  ( 1.000000000000000000, 0.0000000000000000000, -0.0000000000000000000 ) ) ;
#3481 = DIRECTION ( 'NONE',  ( 0.0000000000000000000, -1.047444401652940007E-14, 1.000000000000000000 ) ) ;
#3482 = PLANE ( 'NONE',  #186 ) ;
#3483 = VECTOR ( 'NONE', #3918, 1000.000000000000000 ) ;
#3484 = VERTEX_POINT ( 'NONE', #6201 ) ;
#3485 = ORIENTED_EDGE ( 'NONE', *, *, #6247, .T. ) ;
#3486 = DIRECTION ( 'NONE',  ( 0.0000000000000000000, -1.000000000000000000, -1.047444401652940007E-14 ) ) ;
#3487 = EDGE_LOOP ( 'NONE', ( #3021, #4577, #2758, #3635 ) ) ;
#3488 = LINE ( 'NONE', #4253, #1070 ) ;
#3489 = DIRECTION ( 'NONE',  ( -0.0000000000000000000, 1.047444401652940007E-14, -1.000000000000000000 ) ) ;
#3490 = CARTESIAN_POINT ( 'NONE',  ( -35.91651990792611571, 6.890113140623235211, 1.472800000000072718 ) ) ;
#3491 = ORIENTED_EDGE ( 'NONE', *, *, #1199, .T. ) ;
#3492 = EDGE_LOOP ( 'NONE', ( #6542, #619, #4261, #2381 ) ) ;
#3493 = VECTOR ( 'NONE', #4139, 1000.000000000000000 ) ;
#3494 = CARTESIAN_POINT ( 'NONE',  ( -38.65331990792612515, 8.369713140623263214, -1.575199999999936429 ) ) ;
#3495 = LINE ( 'NONE', #4529, #181 ) ;
#3496 = DIRECTION ( 'NONE',  ( 1.000000000000000000, -0.0000000000000000000, 0.0000000000000000000 ) ) ;
#3497 = DIRECTION ( 'NONE',  ( 1.000000000000000000, 0.0000000000000000000, 0.0000000000000000000 ) ) ;
#3498 = PLANE ( 'NONE',  #4322 ) ;
#3499 = VERTEX_POINT ( 'NONE', #3660 ) ;
#3500 = LINE ( 'NONE', #3465, #799 ) ;
#3501 = CARTESIAN_POINT ( 'NONE',  ( -35.29411990792612386, 7.512513140623259922, -1.575199999999920664 ) ) ;
#3502 = EDGE_CURVE ( 'NONE', #2581, #4692, #3543, .T. ) ;
#3503 = DIRECTION ( 'NONE',  ( 0.0000000000000000000, 0.0000000000000000000, 1.000000000000000000 ) ) ;
#3504 = LINE ( 'NONE', #445, #2569 ) ;
#3505 = EDGE_CURVE ( 'NONE', #4181, #6829, #6155, .T. ) ;
#3506 = CARTESIAN_POINT ( 'NONE',  ( -40.82731649811006491, -18.24724142043159247, -0.4712031309831639647 ) ) ;
#3507 = EDGE_CURVE ( 'NONE', #2571, #7577, #4309, .T. ) ;
#3508 = LINE ( 'NONE', #5897, #463 ) ;
#3509 = ORIENTED_EDGE ( 'NONE', *, *, #2065, .F. ) ;
#3510 = EDGE_CURVE ( 'NONE', #2797, #2993, #1921, .T. ) ;
#3511 = ADVANCED_FACE ( 'NONE', ( #1964 ), #822, .T. ) ;
#3512 = PRESENTATION_STYLE_ASSIGNMENT (( #7087 ) ) ;
#3513 = PLANE ( 'NONE',  #6084 ) ;
#3514 = DIRECTION ( 'NONE',  ( 1.000000000000000000, 0.0000000000000000000, 0.0000000000000000000 ) ) ;
#3515 = CYLINDRICAL_SURFACE ( 'NONE', #1557, 1.000000000000000888 ) ;
#3516 = PRESENTATION_STYLE_ASSIGNMENT (( #6495 ) ) ;
#3517 = ADVANCED_FACE ( 'NONE', ( #6673 ), #5958, .F. ) ;
#3518 = CARTESIAN_POINT ( 'NONE',  ( -39.21211990792613022, 7.258463140623345744, -9.118999999999921613 ) ) ;
#3519 = VERTEX_POINT ( 'NONE', #6011 ) ;
#3520 = CIRCLE ( 'NONE', #7406, 1.000000000000000888 ) ;
#3521 = ORIENTED_EDGE ( 'NONE', *, *, #7448, .T. ) ;
#3522 = ORIENTED_EDGE ( 'NONE', *, *, #2264, .T. ) ;
#3523 = PRESENTATION_STYLE_ASSIGNMENT (( #6499 ) ) ;
#3524 = VECTOR ( 'NONE', #4379, 1000.000000000000000 ) ;
#3525 = LINE ( 'NONE', #5308, #3493 ) ;
#3526 = DIRECTION ( 'NONE',  ( 0.0000000000000000000, -1.047444401652940007E-14, 1.000000000000000000 ) ) ;
#3527 = VERTEX_POINT ( 'NONE', #1771 ) ;
#3528 = ORIENTED_EDGE ( 'NONE', *, *, #2449, .F. ) ;
#3529 = PRESENTATION_STYLE_ASSIGNMENT (( #4838 ) ) ;
#3530 = CARTESIAN_POINT ( 'NONE',  ( -29.45851990792611730, 8.369713140623288083, -3.530999999999912209 ) ) ;
#3531 = ORIENTED_EDGE ( 'NONE', *, *, #1822, .F. ) ;
#3532 = LINE ( 'NONE', #6675, #7080 ) ;
#3533 = CARTESIAN_POINT ( 'NONE',  ( -21.58039062757600846, 4.756012965964352190, 1.255000000000000115 ) ) ;
#3534 = CARTESIAN_POINT ( 'NONE',  ( -32.11401384467409770, 6.032913140623286985, -3.530999999999936634 ) ) ;
#3535 = DIRECTION ( 'NONE',  ( 1.000000000000000000, -0.0000000000000000000, -0.0000000000000000000 ) ) ;
#3536 = DIRECTION ( 'NONE',  ( 1.000000000000000000, 0.0000000000000000000, 0.0000000000000000000 ) ) ;
#3537 = CARTESIAN_POINT ( 'NONE',  ( -30.21411990792612201, 6.890113140623239651, 1.218800000000072270 ) ) ;
#3538 = EDGE_CURVE ( 'NONE', #7380, #6470, #3024, .T. ) ;
#3539 = SURFACE_STYLE_USAGE ( .BOTH. , #553 ) ;
#3540 = ORIENTED_EDGE ( 'NONE', *, *, #4531, .F. ) ;
#3541 = CARTESIAN_POINT ( 'NONE',  ( -33.37651990792611656, 7.512513140623251928, 1.218800000000079597 ) ) ;
#3542 = EDGE_CURVE ( 'NONE', #5771, #2180, #7716, .T. ) ;
#3543 = CIRCLE ( 'NONE', #155, 1.000000000000000888 ) ;
#3544 = CARTESIAN_POINT ( 'NONE',  ( -45.88039062757600561, 7.056012965964359118, -0.2349999999999997369 ) ) ;
#3545 = CARTESIAN_POINT ( 'NONE',  ( -36.60742597117811670, 6.032913140623286985, -3.530999999999936634 ) ) ;
#3546 = AXIS2_PLACEMENT_3D ( 'NONE', #6364, #387, #4655 ) ;
#3547 = DIRECTION ( 'NONE',  ( 0.0000000000000000000, 1.000000000000000000, 1.047444401652940007E-14 ) ) ;
#3548 = PRESENTATION_STYLE_ASSIGNMENT (( #4086 ) ) ;
#3549 = ADVANCED_FACE ( 'NONE', ( #4233 ), #7787, .T. ) ;
#3550 = SURFACE_STYLE_FILL_AREA ( #6099 ) ;
#3551 = MECHANICAL_DESIGN_GEOMETRIC_PRESENTATION_REPRESENTATION (  '', ( #5929 ), #3823 ) ;
#3552 = ORIENTED_EDGE ( 'NONE', *, *, #717, .F. ) ;
#3553 = FACE_OUTER_BOUND ( 'NONE', #7301, .T. ) ;
#3554 = CLOSED_SHELL ( 'NONE', ( #625, #972, #5156, #4771, #377, #4823, #279, #389, #5855, #1249, #3083, #438, #3856, #2404, #3091, #6922, #5808, #7065, #3410, #3804, #276, #226, #3173, #4480, #2203, #2256, #6565, #2496, #6138, #1209, #184, #4491, #623, #6085, #1053, #5292, #1629, #3220, #7697, #574, #5767, #4102, #6387, #1211, #517, #2502, #2405, #2697, #2597, #3415, #2834, #1295, #4642, #6246, #100, #3517, #6294, #2455, #327, #386, #3039, #4678, #4151, #238, #6625, #3756, #2939, #384, #5392, #6483, #2143, #4060, #520, #2549, #32, #272, #6132, #7589, #1102, #1390, #7153, #5348, #6573, #5016 ) ) ;
#3555 = ORIENTED_EDGE ( 'NONE', *, *, #4299, .T. ) ;
#3556 = SURFACE_SIDE_STYLE ('',( #2295 ) ) ;
#3557 = EDGE_CURVE ( 'NONE', #3858, #1086, #2328, .T. ) ;
#3558 = EDGE_CURVE ( 'NONE', #7287, #831, #2603, .T. ) ;
#3559 = LINE ( 'NONE', #7213, #2829 ) ;
#3560 = VECTOR ( 'NONE', #4750, 1000.000000000000000 ) ;
#3561 = VECTOR ( 'NONE', #1084, 1000.000000000000000 ) ;
#3562 =( BOUNDED_CURVE ( )  B_SPLINE_CURVE ( 3, ( #4510, #5055, #7441, #7485 ),
 .UNSPECIFIED., .F., .T. ) 
 B_SPLINE_CURVE_WITH_KNOTS ( ( 4, 4 ),
 ( 3.184795951792029622E-15, 1.570796326794896558 ),
 .UNSPECIFIED. ) 
 CURVE ( )  GEOMETRIC_REPRESENTATION_ITEM ( )  RATIONAL_B_SPLINE_CURVE ( ( 1.000000000000000000, 0.8047378541243658256, 0.8047378541243658256, 1.000000000000000000 ) ) 
 REPRESENTATION_ITEM ( '' )  );
#3563 = COLOUR_RGB ( '',0.0000000000000000000, 0.0000000000000000000, 0.0000000000000000000 ) ;
#3564 = CARTESIAN_POINT ( 'NONE',  ( -39.21211990792613022, 7.201313140623287978, -3.530999999999924199 ) ) ;
#3565 =( LENGTH_UNIT ( ) NAMED_UNIT ( * ) SI_UNIT ( .MILLI., .METRE. ) );
#3566 = VERTEX_POINT ( 'NONE', #1377 ) ;
#3567 = ORIENTED_EDGE ( 'NONE', *, *, #1197, .F. ) ;
#3568 = PRESENTATION_LAYER_ASSIGNMENT (  '', '', ( #35 ) ) ;
#3569 = VECTOR ( 'NONE', #6731, 1000.000000000000000 ) ;
#3570 = DIRECTION ( 'NONE',  ( -0.0000000000000000000, -0.0000000000000000000, -1.000000000000000000 ) ) ;
#3571 = ORIENTED_EDGE ( 'NONE', *, *, #6189, .T. ) ;
#3572 = VECTOR ( 'NONE', #2830, 1000.000000000000000 ) ;
#3573 = CARTESIAN_POINT ( 'NONE',  ( -29.82736094035740138, -18.29409031937256103, -0.2464335406786998528 ) ) ;
#3574 = DIRECTION ( 'NONE',  ( 0.0000000000000000000, -1.000000000000000000, -1.047444401652940007E-14 ) ) ;
#3575 = DIRECTION ( 'NONE',  ( -1.000000000000000000, -1.309225264888156130E-16, 0.0000000000000000000 ) ) ;
#3576 =( NAMED_UNIT ( * ) SI_UNIT ( $, .STERADIAN. ) SOLID_ANGLE_UNIT ( ) );
#3577 = EDGE_LOOP ( 'NONE', ( #534, #6962, #394, #2878 ) ) ;
#3578 = FILL_AREA_STYLE_COLOUR ( '', #2802 ) ;
#3579 = STYLED_ITEM ( 'NONE', ( #3516 ), #6816 ) ;
#3580 = VECTOR ( 'NONE', #1714, 1000.000000000000000 ) ;
#3581 = DIRECTION ( 'NONE',  ( 8.673617379883998987E-16, -1.000000000000000000, -0.0000000000000000000 ) ) ;
#3582 = PRESENTATION_LAYER_ASSIGNMENT (  '', '', ( #6974 ) ) ;
#3583 = CARTESIAN_POINT ( 'NONE',  ( -35.29411990792612386, 6.890113140623252086, 1.218800000000072270 ) ) ;
#3584 = CARTESIAN_POINT ( 'NONE',  ( -33.06039062757600533, 7.206012965964358585, -1.245000000000000107 ) ) ;
#3585 = CARTESIAN_POINT ( 'NONE',  ( -30.31933015276888810, 6.995323385466001298, 1.472800000000074716 ) ) ;
#3586 = COLOUR_RGB ( '',0.0000000000000000000, 0.5019607843137254832, 1.000000000000000000 ) ;
#3587 = CIRCLE ( 'NONE', #2847, 1.799999999999999600 ) ;
#3588 = CARTESIAN_POINT ( 'NONE',  ( -38.65331990792612515, 6.032913140623265669, -1.244999999999936158 ) ) ;
#3589 = PRESENTATION_LAYER_ASSIGNMENT (  '', '', ( #2586 ) ) ;
#3590 = ORIENTED_EDGE ( 'NONE', *, *, #6421, .T. ) ;
#3591 = SURFACE_STYLE_FILL_AREA ( #2974 ) ;
#3592 = DIRECTION ( 'NONE',  ( 1.000000000000000000, 0.0000000000000000000, 0.0000000000000000000 ) ) ;
#3593 = CARTESIAN_POINT ( 'NONE',  ( -32.55731990792611441, 7.201313140623263997, -1.244999999999924167 ) ) ;
#3594 = MECHANICAL_DESIGN_GEOMETRIC_PRESENTATION_REPRESENTATION (  '', ( #5719 ), #5117 ) ;
#3595 = AXIS2_PLACEMENT_3D ( 'NONE', #6435, #6505, #2915 ) ;
#3596 = CARTESIAN_POINT ( 'NONE',  ( -38.20246990792612252, 7.201313140623347486, -9.118999999999921613 ) ) ;
#3597 = VECTOR ( 'NONE', #6989, 1000.000000000000000 ) ;
#3598 = CARTESIAN_POINT ( 'NONE',  ( -38.45651990792611485, 7.512513140623251928, 1.218800000000079597 ) ) ;
#3599 = ORIENTED_EDGE ( 'NONE', *, *, #3664, .T. ) ;
#3600 = SURFACE_STYLE_FILL_AREA ( #1273 ) ;
#3601 = STYLED_ITEM ( 'NONE', ( #5590 ), #1390 ) ;
#3602 = ORIENTED_EDGE ( 'NONE', *, *, #4676, .F. ) ;
#3603 =( GEOMETRIC_REPRESENTATION_CONTEXT ( 3 ) GLOBAL_UNCERTAINTY_ASSIGNED_CONTEXT ( ( #2044 ) ) GLOBAL_UNIT_ASSIGNED_CONTEXT ( ( #6588, #5968, #2396 ) ) REPRESENTATION_CONTEXT ( 'NONE', 'WORKASPACE' ) );
#3604 = CARTESIAN_POINT ( 'NONE',  ( -37.19401384467462179, 6.032913140623273662, -1.244999999999935048 ) ) ;
#3605 = EDGE_LOOP ( 'NONE', ( #4520, #1934, #2458, #1476 ) ) ;
#3606 =( LENGTH_UNIT ( ) NAMED_UNIT ( * ) SI_UNIT ( .MILLI., .METRE. ) );
#3607 = ADVANCED_FACE ( 'NONE', ( #1890 ), #4392, .F. ) ;
#3608 = ADVANCED_FACE ( 'NONE', ( #830 ), #7393, .F. ) ;
#3609 = CARTESIAN_POINT ( 'NONE',  ( -38.08816990792612245, 7.144163140623349229, -9.372999999999921172 ) ) ;
#3610 = EDGE_CURVE ( 'NONE', #413, #3936, #3229, .T. ) ;
#3611 =( LENGTH_UNIT ( ) NAMED_UNIT ( * ) SI_UNIT ( .MILLI., .METRE. ) );
#3612 = EDGE_CURVE ( 'NONE', #813, #2553, #4279, .T. ) ;
#3613 = ORIENTED_EDGE ( 'NONE', *, *, #4304, .T. ) ;
#3614 = ORIENTED_EDGE ( 'NONE', *, *, #4107, .F. ) ;
#3615 = ORIENTED_EDGE ( 'NONE', *, *, #6809, .F. ) ;
#3616 = CARTESIAN_POINT ( 'NONE',  ( -33.00811990792611539, 7.144113140623235658, 1.472800000000074494 ) ) ;
#3617 = LINE ( 'NONE', #6587, #938 ) ;
#3618 = DIRECTION ( 'NONE',  ( -0.0000000000000000000, -0.0000000000000000000, -1.000000000000000000 ) ) ;
#3619 = MECHANICAL_DESIGN_GEOMETRIC_PRESENTATION_REPRESENTATION (  '', ( #3004 ), #6620 ) ;
#3620 = ORIENTED_EDGE ( 'NONE', *, *, #289, .T. ) ;
#3621 = CARTESIAN_POINT ( 'NONE',  ( -22.78039062757601130, -16.50398703403563871, -0.2349999999999997369 ) ) ;
#3622 = PRESENTATION_STYLE_ASSIGNMENT (( #1222 ) ) ;
#3623 = CARTESIAN_POINT ( 'NONE',  ( -47.58039062757602267, -14.00398703403564227, 0.8783333333333335213 ) ) ;
#3624 = SURFACE_STYLE_FILL_AREA ( #6601 ) ;
#3625 = FILL_AREA_STYLE ('',( #7281 ) ) ;
#3626 = ORIENTED_EDGE ( 'NONE', *, *, #5813, .T. ) ;
#3627 = UNCERTAINTY_MEASURE_WITH_UNIT (LENGTH_MEASURE( 1.000000000000000082E-05 ), #1243, 'distance_accuracy_value', 'NONE');
#3628 = CARTESIAN_POINT ( 'NONE',  ( -45.82731649811005781, -9.423987034035642196, -1.254999999999999893 ) ) ;
#3629 = CARTESIAN_POINT ( 'NONE',  ( -32.75416990792612637, 7.512463140623341751, -9.118999999999919837 ) ) ;
#3630 = CARTESIAN_POINT ( 'NONE',  ( -33.57331990792611975, 8.369713140623263214, -1.575199999999936429 ) ) ;
#3631 = CARTESIAN_POINT ( 'NONE',  ( -35.09731990792612066, 8.369713140623263214, -1.244999999999911955 ) ) ;
#3632 = CARTESIAN_POINT ( 'NONE',  ( -44.88039062757600561, -16.50398703403563871, -1.264999999999999902 ) ) ;
#3633 = EDGE_LOOP ( 'NONE', ( #981, #1495, #2178, #1708 ) ) ;
#3634 = CARTESIAN_POINT ( 'NONE',  ( -45.88039062757600561, 7.056012965964359118, -0.2449999999999997735 ) ) ;
#3635 = ORIENTED_EDGE ( 'NONE', *, *, #4200, .F. ) ;
#3636 = CARTESIAN_POINT ( 'NONE',  ( -29.82731649811006491, -12.62398703403564326, 1.215000000000000080 ) ) ;
#3637 = ORIENTED_EDGE ( 'NONE', *, *, #5755, .T. ) ;
#3638 = UNCERTAINTY_MEASURE_WITH_UNIT (LENGTH_MEASURE( 1.000000000000000082E-05 ), #7022, 'distance_accuracy_value', 'NONE');
#3639 = CARTESIAN_POINT ( 'NONE',  ( -22.78039062757601130, 7.056012965964359118, -1.264999999999999902 ) ) ;
#3640 = CYLINDRICAL_SURFACE ( 'NONE', #5596, 1.799999999999999600 ) ;
#3641 = DIRECTION ( 'NONE',  ( 1.000000000000000000, -0.0000000000000000000, 0.0000000000000000000 ) ) ;
#3642 = FACE_OUTER_BOUND ( 'NONE', #6530, .T. ) ;
#3643 = CIRCLE ( 'NONE', #6015, 1.800000000000002931 ) ;
#3644 = ORIENTED_EDGE ( 'NONE', *, *, #3130, .F. ) ;
#3645 = VERTEX_POINT ( 'NONE', #6722 ) ;
#3646 = EDGE_CURVE ( 'NONE', #2177, #5924, #7324, .T. ) ;
#3647 = DIRECTION ( 'NONE',  ( -0.0000000000000000000, 1.000000000000000000, 1.047444401652940007E-14 ) ) ;
#3648 = ORIENTED_EDGE ( 'NONE', *, *, #432, .T. ) ;
#3649 = FILL_AREA_STYLE ('',( #6630 ) ) ;
#3650 = LINE ( 'NONE', #579, #2076 ) ;
#3651 =( GEOMETRIC_REPRESENTATION_CONTEXT ( 3 ) GLOBAL_UNCERTAINTY_ASSIGNED_CONTEXT ( ( #5434 ) ) GLOBAL_UNIT_ASSIGNED_CONTEXT ( ( #2746, #4449, #3903 ) ) REPRESENTATION_CONTEXT ( 'NONE', 'WORKASPACE' ) );
#3652 = ADVANCED_FACE ( 'NONE', ( #1265 ), #1767, .T. ) ;
#3653 = EDGE_CURVE ( 'NONE', #3396, #2424, #1069, .T. ) ;
#3654 = SURFACE_STYLE_USAGE ( .BOTH. , #4413 ) ;
#3655 = DIRECTION ( 'NONE',  ( 0.0000000000000000000, -1.000000000000000000, -1.047444401652940007E-14 ) ) ;
#3656 = DIRECTION ( 'NONE',  ( -1.000000000000000000, -1.375701388043485315E-29, 1.313388458492434460E-15 ) ) ;
#3657 = CARTESIAN_POINT ( 'NONE',  ( -33.37646990792611490, 7.512463140623347080, -9.118999999999923389 ) ) ;
#3658 = EDGE_CURVE ( 'NONE', #3788, #1107, #7675, .T. ) ;
#3659 = EDGE_CURVE ( 'NONE', #3645, #6451, #5281, .T. ) ;
#3660 = CARTESIAN_POINT ( 'NONE',  ( -33.57331990792611975, 6.032913140623263892, -1.244999999999936158 ) ) ;
#3661 = ORIENTED_EDGE ( 'NONE', *, *, #3276, .F. ) ;
#3662 =( NAMED_UNIT ( * ) SI_UNIT ( $, .STERADIAN. ) SOLID_ANGLE_UNIT ( ) );
#3663 = EDGE_CURVE ( 'NONE', #6029, #6704, #3427, .T. ) ;
#3664 = EDGE_CURVE ( 'NONE', #4557, #7290, #3471, .T. ) ;
#3665 = DIRECTION ( 'NONE',  ( 0.0000000000000000000, 0.0000000000000000000, 1.000000000000000000 ) ) ;
#3666 = CARTESIAN_POINT ( 'NONE',  ( -34.33039062757600846, 3.166012965964347003, 1.255000000000000115 ) ) ;
#3667 = FILL_AREA_STYLE_COLOUR ( '', #4205 ) ;
#3668 =( GEOMETRIC_REPRESENTATION_CONTEXT ( 3 ) GLOBAL_UNCERTAINTY_ASSIGNED_CONTEXT ( ( #6137 ) ) GLOBAL_UNIT_ASSIGNED_CONTEXT ( ( #645, #3027, #3731 ) ) REPRESENTATION_CONTEXT ( 'NONE', 'WORKASPACE' ) );
#3669 = CARTESIAN_POINT ( 'NONE',  ( -39.82267328534919670, -3.003987034035643600, 1.215000000000000080 ) ) ;
#3670 = VERTEX_POINT ( 'NONE', #5361 ) ;
#3671 = LINE ( 'NONE', #3628, #6347 ) ;
#3672 = SURFACE_STYLE_FILL_AREA ( #6128 ) ;
#3673 = CARTESIAN_POINT ( 'NONE',  ( -36.60742597117764063, 8.369713140623263214, -1.244999999999913287 ) ) ;
#3674 = CARTESIAN_POINT ( 'NONE',  ( -40.82731649811006491, -18.28388708950198804, -0.2449552275043981875 ) ) ;
#3675 = SURFACE_STYLE_FILL_AREA ( #44 ) ;
#3676 = DIRECTION ( 'NONE',  ( 0.0000000000000000000, 0.0000000000000000000, 1.000000000000000000 ) ) ;
#3677 = ORIENTED_EDGE ( 'NONE', *, *, #4358, .T. ) ;
#3678 = ORIENTED_EDGE ( 'NONE', *, *, #480, .T. ) ;
#3679 = MECHANICAL_DESIGN_GEOMETRIC_PRESENTATION_REPRESENTATION (  '', ( #6430 ), #6312 ) ;
#3680 = DIRECTION ( 'NONE',  ( 1.000000000000000000, 6.226573854905984859E-17, -0.0000000000000000000 ) ) ;
#3681 = ORIENTED_EDGE ( 'NONE', *, *, #3225, .T. ) ;
#3682 = DIRECTION ( 'NONE',  ( 0.0000000000000000000, 1.000000000000000000, 1.047444401652940007E-14 ) ) ;
#3683 = DIRECTION ( 'NONE',  ( 0.0000000000000000000, -1.000000000000000000, 0.0000000000000000000 ) ) ;
#3684 = DIRECTION ( 'NONE',  ( 1.000000000000000000, 0.0000000000000000000, 0.0000000000000000000 ) ) ;
#3685 = LINE ( 'NONE', #105, #2129 ) ;
#3686 = VECTOR ( 'NONE', #4210, 1000.000000000000000 ) ;
#3687 = LINE ( 'NONE', #4907, #1649 ) ;
#3688 = ORIENTED_EDGE ( 'NONE', *, *, #3751, .F. ) ;
#3689 = EDGE_LOOP ( 'NONE', ( #3006, #2622, #168, #3967 ) ) ;
#3690 = VERTEX_POINT ( 'NONE', #2851 ) ;
#3691 = ORIENTED_EDGE ( 'NONE', *, *, #527, .T. ) ;
#3692 = PRESENTATION_LAYER_ASSIGNMENT (  '', '', ( #7193 ) ) ;
#3693 = CARTESIAN_POINT ( 'NONE',  ( -22.78039062757601130, -16.50398703403563871, -1.264999999999999902 ) ) ;
#3694 = DIRECTION ( 'NONE',  ( 1.000000000000000000, 0.0000000000000000000, 0.0000000000000000000 ) ) ;
#3695 = B_SPLINE_CURVE_WITH_KNOTS ( 'NONE', 3,
 ( #4163, #6522, #7719, #5937, #3479, #7050, #1776, #1148 ),
 .UNSPECIFIED., .F., .F.,
 ( 4, 2, 2, 4 ),
 ( 0.0000000000000000000, 0.2500000000000000000, 0.5000000000000000000, 1.000000000000000000 ),
 .UNSPECIFIED. ) ;
#3696 = MECHANICAL_DESIGN_GEOMETRIC_PRESENTATION_REPRESENTATION (  '', ( #2048 ), #2176 ) ;
#3697 = CARTESIAN_POINT ( 'NONE',  ( -20.98039062757600703, -18.30398703403564298, -0.2449999999999997735 ) ) ;
#3698 = FILL_AREA_STYLE ('',( #1997 ) ) ;
#3699 =( NAMED_UNIT ( * ) SI_UNIT ( $, .STERADIAN. ) SOLID_ANGLE_UNIT ( ) );
#3700 = VECTOR ( 'NONE', #3163, 1000.000000000000000 ) ;
#3701 = AXIS2_PLACEMENT_3D ( 'NONE', #1152, #3547, #43 ) ;
#3702 = FILL_AREA_STYLE_COLOUR ( '', #6050 ) ;
#3703 = ORIENTED_EDGE ( 'NONE', *, *, #4914, .T. ) ;
#3704 = VECTOR ( 'NONE', #2436, 1000.000000000000000 ) ;
#3705 = CYLINDRICAL_SURFACE ( 'NONE', #3198, 0.2539999999999972835 ) ;
#3706 = CARTESIAN_POINT ( 'NONE',  ( -40.82733246553402040, -18.27407675507290463, -0.2449113037486425060 ) ) ;
#3707 = VECTOR ( 'NONE', #1376, 1000.000000000000000 ) ;
#3708 = DIRECTION ( 'NONE',  ( -0.0000000000000000000, -0.0000000000000000000, 1.000000000000000000 ) ) ;
#3709 = EDGE_CURVE ( 'NONE', #2873, #2198, #443, .T. ) ;
#3710 = EDGE_CURVE ( 'NONE', #3337, #691, #2242, .T. ) ;
#3711 = VECTOR ( 'NONE', #1942, 1000.000000000000000 ) ;
#3712 = CARTESIAN_POINT ( 'NONE',  ( -39.21211990792613022, 8.369713140623263214, -3.530999999999912209 ) ) ;
#3713 = CIRCLE ( 'NONE', #4100, 0.5000000000000004441 ) ;
#3714 = ORIENTED_EDGE ( 'NONE', *, *, #6288, .F. ) ;
#3715 = MECHANICAL_DESIGN_GEOMETRIC_PRESENTATION_REPRESENTATION (  '', ( #1696 ), #1821 ) ;
#3716 = UNCERTAINTY_MEASURE_WITH_UNIT (LENGTH_MEASURE( 1.000000000000000082E-05 ), #3838, 'distance_accuracy_value', 'NONE');
#3717 = FACE_OUTER_BOUND ( 'NONE', #2624, .T. ) ;
#3718 = DIRECTION ( 'NONE',  ( 0.0000000000000000000, 1.000000000000000000, -0.0000000000000000000 ) ) ;
#3719 = DIRECTION ( 'NONE',  ( -1.000000000000000000, -1.299418334065024133E-16, 0.0000000000000000000 ) ) ;
#3720 = DIRECTION ( 'NONE',  ( 0.4999999999999997224, 0.8660254037844387076, 0.0000000000000000000 ) ) ;
#3721 =( GEOMETRIC_REPRESENTATION_CONTEXT ( 3 ) GLOBAL_UNCERTAINTY_ASSIGNED_CONTEXT ( ( #4195 ) ) GLOBAL_UNIT_ASSIGNED_CONTEXT ( ( #2528, #6690, #2490 ) ) REPRESENTATION_CONTEXT ( 'NONE', 'WORKASPACE' ) );
#3722 = AXIS2_PLACEMENT_3D ( 'NONE', #749, #5547, #712 ) ;
#3723 = ORIENTED_EDGE ( 'NONE', *, *, #4958, .F. ) ;
#3724 = FILL_AREA_STYLE_COLOUR ( '', #7456 ) ;
#3725 = ORIENTED_EDGE ( 'NONE', *, *, #1671, .T. ) ;
#3726 = UNCERTAINTY_MEASURE_WITH_UNIT (LENGTH_MEASURE( 1.000000000000000082E-05 ), #2629, 'distance_accuracy_value', 'NONE');
#3727 = AXIS2_PLACEMENT_3D ( 'NONE', #2827, #3298, #4495 ) ;
#3728 = LINE ( 'NONE', #6104, #2836 ) ;
#3729 = CARTESIAN_POINT ( 'NONE',  ( -32.75416990792612637, 7.512463140623350633, -9.372999999999919396 ) ) ;
#3730 = LINE ( 'NONE', #7263, #1138 ) ;
#3731 =( NAMED_UNIT ( * ) SI_UNIT ( $, .STERADIAN. ) SOLID_ANGLE_UNIT ( ) );
#3732 = ORIENTED_EDGE ( 'NONE', *, *, #2110, .T. ) ;
#3733 = VECTOR ( 'NONE', #6339, 1000.000000000000000 ) ;
#3734 = ORIENTED_EDGE ( 'NONE', *, *, #6877, .F. ) ;
#3735 = FACE_OUTER_BOUND ( 'NONE', #7727, .T. ) ;
#3736 = ORIENTED_EDGE ( 'NONE', *, *, #1877, .T. ) ;
#3737 = DIRECTION ( 'NONE',  ( -1.000000000000000000, 0.0000000000000000000, -0.0000000000000000000 ) ) ;
#3738 = CARTESIAN_POINT ( 'NONE',  ( -37.83416990792611756, 7.512463140623347968, -9.118999999999921613 ) ) ;
#3739 = AXIS2_PLACEMENT_3D ( 'NONE', #2430, #7229, #1846 ) ;
#3740 = DIRECTION ( 'NONE',  ( -0.5000000000000197620, -0.8660254037844272723, 0.0000000000000000000 ) ) ;
#3741 = DIRECTION ( 'NONE',  ( -1.000000000000000000, -1.299418334065024133E-16, 0.0000000000000000000 ) ) ;
#3742 = LINE ( 'NONE', #6117, #6794 ) ;
#3743 = AXIS2_PLACEMENT_3D ( 'NONE', #5441, #33, #2485 ) ;
#3744 = ORIENTED_EDGE ( 'NONE', *, *, #2012, .T. ) ;
#3745 = LINE ( 'NONE', #7352, #6966 ) ;
#3746 =( LENGTH_UNIT ( ) NAMED_UNIT ( * ) SI_UNIT ( .MILLI., .METRE. ) );
#3747 = CARTESIAN_POINT ( 'NONE',  ( -30.46811990792611979, 7.144113140623235658, 1.472800000000076048 ) ) ;
#3748 = FILL_AREA_STYLE_COLOUR ( '', #6688 ) ;
#3749 = CARTESIAN_POINT ( 'NONE',  ( -40.82731649811009333, -18.24724142043159247, -0.4712031309831639647 ) ) ;
#3750 = ORIENTED_EDGE ( 'NONE', *, *, #2448, .F. ) ;
#3751 = EDGE_CURVE ( 'NONE', #1951, #7002, #4777, .T. ) ;
#3752 = VECTOR ( 'NONE', #1160, 1000.000000000000000 ) ;
#3753 = FACE_OUTER_BOUND ( 'NONE', #1346, .T. ) ;
#3754 = CARTESIAN_POINT ( 'NONE',  ( -44.08039062757600135, 7.056012965964359118, -0.2349999999999997369 ) ) ;
#3755 = CARTESIAN_POINT ( 'NONE',  ( -32.75411990792612471, 7.512513140623234165, 1.218800000000075823 ) ) ;
#3756 = ADVANCED_FACE ( 'NONE', ( #5861 ), #4190, .F. ) ;
#3757 = EDGE_CURVE ( 'NONE', #5326, #6613, #2324, .T. ) ;
#3758 = CARTESIAN_POINT ( 'NONE',  ( -45.88039062757600561, -16.50398703403563871, -1.264999999999999902 ) ) ;
#3759 = DIRECTION ( 'NONE',  ( 1.000000000000000000, 0.0000000000000000000, 0.0000000000000000000 ) ) ;
#3760 = MECHANICAL_DESIGN_GEOMETRIC_PRESENTATION_REPRESENTATION (  '', ( #6253 ), #6755 ) ;
#3761 = EDGE_CURVE ( 'NONE', #957, #2362, #1803, .T. ) ;
#3762 = EDGE_CURVE ( 'NONE', #3527, #6012, #475, .T. ) ;
#3763 = PLANE ( 'NONE',  #971 ) ;
#3764 = ORIENTED_EDGE ( 'NONE', *, *, #2857, .T. ) ;
#3765 = ORIENTED_EDGE ( 'NONE', *, *, #4002, .F. ) ;
#3766 = CARTESIAN_POINT ( 'NONE',  ( -28.82731649811005781, -15.57156047659262477, 1.105170918265099278 ) ) ;
#3767 = EDGE_CURVE ( 'NONE', #725, #2089, #2202, .T. ) ;
#3768 = DIRECTION ( 'NONE',  ( 0.0000000000000000000, 0.0000000000000000000, 1.000000000000000000 ) ) ;
#3769 =( NAMED_UNIT ( * ) SI_UNIT ( $, .STERADIAN. ) SOLID_ANGLE_UNIT ( ) );
#3770 = DIRECTION ( 'NONE',  ( 1.000000000000000000, 0.0000000000000000000, 0.0000000000000000000 ) ) ;
#3771 = ORIENTED_EDGE ( 'NONE', *, *, #4902, .T. ) ;
#3772 = VERTEX_POINT ( 'NONE', #2279 ) ;
#3773 = EDGE_LOOP ( 'NONE', ( #5223, #3626, #4706, #1804 ) ) ;
#3774 = EDGE_LOOP ( 'NONE', ( #3714, #1721 ) ) ;
#3775 = CARTESIAN_POINT ( 'NONE',  ( -28.82731649811005425, -14.00398703488017205, 1.184899676195318330 ) ) ;
#3776 = PLANE ( 'NONE',  #2640 ) ;
#3777 = DIRECTION ( 'NONE',  ( -1.299418334065024133E-16, 1.000000000000000000, 0.0000000000000000000 ) ) ;
#3778 = DIRECTION ( 'NONE',  ( 1.000000000000000000, 0.0000000000000000000, 0.0000000000000000000 ) ) ;
#3779 = FILL_AREA_STYLE ('',( #1335 ) ) ;
#3780 = ORIENTED_EDGE ( 'NONE', *, *, #4009, .F. ) ;
#3781 = VECTOR ( 'NONE', #1279, 1000.000000000000000 ) ;
#3782 = FILL_AREA_STYLE_COLOUR ( '', #942 ) ;
#3783 = LINE ( 'NONE', #5684, #441 ) ;
#3784 = CIRCLE ( 'NONE', #3397, 1.800000000000002931 ) ;
#3785 = CARTESIAN_POINT ( 'NONE',  ( -31.82071990792587712, 7.861713140623420415, -1.244999999999917284 ) ) ;
#3786 = PRESENTATION_STYLE_ASSIGNMENT (( #6210 ) ) ;
#3787 = CARTESIAN_POINT ( 'NONE',  ( -40.82731649811009333, -17.05521404066708513, -1.240305603012645363 ) ) ;
#3788 = VERTEX_POINT ( 'NONE', #4701 ) ;
#3789 = UNCERTAINTY_MEASURE_WITH_UNIT (LENGTH_MEASURE( 1.000000000000000082E-05 ), #2823, 'distance_accuracy_value', 'NONE');
#3790 = CARTESIAN_POINT ( 'NONE',  ( -40.94731649811006235, -18.25679195885846795, -0.4738175444318649121 ) ) ;
#3791 = FACE_BOUND ( 'NONE', #4817, .T. ) ;
#3792 = SURFACE_SIDE_STYLE ('',( #6764 ) ) ;
#3793 = SURFACE_SIDE_STYLE ('',( #277 ) ) ;
#3794 =( LENGTH_UNIT ( ) NAMED_UNIT ( * ) SI_UNIT ( .MILLI., .METRE. ) );
#3795 = PRESENTATION_STYLE_ASSIGNMENT (( #1384 ) ) ;
#3796 = AXIS2_PLACEMENT_3D ( 'NONE', #1163, #533, #5955 ) ;
#3797 = CARTESIAN_POINT ( 'NONE',  ( -36.60742597117763353, 8.369713140623288083, -3.530999999999912209 ) ) ;
#3798 = EDGE_CURVE ( 'NONE', #3177, #1014, #4119, .T. ) ;
#3799 = VERTEX_POINT ( 'NONE', #5927 ) ;
#3800 = VERTEX_POINT ( 'NONE', #3501 ) ;
#3801 = UNCERTAINTY_MEASURE_WITH_UNIT (LENGTH_MEASURE( 1.000000000000000082E-05 ), #5889, 'distance_accuracy_value', 'NONE');
#3802 = MECHANICAL_DESIGN_GEOMETRIC_PRESENTATION_REPRESENTATION (  '', ( #6299 ), #4558 ) ;
#3803 = CARTESIAN_POINT ( 'NONE',  ( -28.82731649811005781, -17.97723040388900628, 0.2768188384184762096 ) ) ;
#3804 = ADVANCED_FACE ( 'NONE', ( #5892 ), #2921, .T. ) ;
#3805 = PLANE ( 'NONE',  #7126 ) ;
#3806 = DIRECTION ( 'NONE',  ( -1.000000000000000000, 0.0000000000000000000, 0.0000000000000000000 ) ) ;
#3807 = CARTESIAN_POINT ( 'NONE',  ( -47.08039062757600846, -9.643987034035646388, 1.255000000000000115 ) ) ;
#3808 = PRESENTATION_STYLE_ASSIGNMENT (( #7530 ) ) ;
#3809 =( GEOMETRIC_REPRESENTATION_CONTEXT ( 3 ) GLOBAL_UNCERTAINTY_ASSIGNED_CONTEXT ( ( #4900 ) ) GLOBAL_UNIT_ASSIGNED_CONTEXT ( ( #1570, #393, #7634 ) ) REPRESENTATION_CONTEXT ( 'NONE', 'WORKASPACE' ) );
#3810 = ORIENTED_EDGE ( 'NONE', *, *, #2739, .T. ) ;
#3811 = EDGE_CURVE ( 'NONE', #6703, #3800, #7409, .T. ) ;
#3812 = ORIENTED_EDGE ( 'NONE', *, *, #5527, .T. ) ;
#3813 = EDGE_CURVE ( 'NONE', #2583, #2362, #3284, .T. ) ;
#3814 = ORIENTED_EDGE ( 'NONE', *, *, #2449, .T. ) ;
#3815 = ORIENTED_EDGE ( 'NONE', *, *, #6920, .T. ) ;
#3816 = CARTESIAN_POINT ( 'NONE',  ( -37.63731990792611981, 8.369713140623266767, -1.244999999999936158 ) ) ;
#3817 = SURFACE_STYLE_USAGE ( .BOTH. , #6708 ) ;
#3818 = DIRECTION ( 'NONE',  ( 0.0000000000000000000, 0.0000000000000000000, 1.000000000000000000 ) ) ;
#3819 = PLANE ( 'NONE',  #4221 ) ;
#3820 = DIRECTION ( 'NONE',  ( 0.0000000000000000000, 1.047444401652940007E-14, -1.000000000000000000 ) ) ;
#3821 = LINE ( 'NONE', #5575, #787 ) ;
#3822 = ORIENTED_EDGE ( 'NONE', *, *, #3751, .T. ) ;
#3823 =( GEOMETRIC_REPRESENTATION_CONTEXT ( 3 ) GLOBAL_UNCERTAINTY_ASSIGNED_CONTEXT ( ( #1357 ) ) GLOBAL_UNIT_ASSIGNED_CONTEXT ( ( #7280, #119, #4970 ) ) REPRESENTATION_CONTEXT ( 'NONE', 'WORKASPACE' ) );
#3824 = SURFACE_SIDE_STYLE ('',( #3908 ) ) ;
#3825 = CIRCLE ( 'NONE', #5076, 1.000000000000000888 ) ;
#3826 = PLANE ( 'NONE',  #4967 ) ;
#3827 = CARTESIAN_POINT ( 'NONE',  ( -30.83646990792612641, 7.512463140623347968, -9.372999999999919396 ) ) ;
#3828 = VECTOR ( 'NONE', #4935, 1000.000000000000000 ) ;
#3829 = FILL_AREA_STYLE ('',( #3748 ) ) ;
#3830 = VERTEX_POINT ( 'NONE', #3244 ) ;
#3831 = ORIENTED_EDGE ( 'NONE', *, *, #4775, .T. ) ;
#3832 = VECTOR ( 'NONE', #1083, 1000.000000000000000 ) ;
#3833 = DIRECTION ( 'NONE',  ( -0.0000000000000000000, 1.000000000000000000, 1.047444401652940007E-14 ) ) ;
#3834 = VECTOR ( 'NONE', #2035, 1000.000000000000000 ) ;
#3835 = PRESENTATION_STYLE_ASSIGNMENT (( #6051 ) ) ;
#3836 = CARTESIAN_POINT ( 'NONE',  ( -34.65401384467411816, 8.369713140623197489, -1.244999999999911955 ) ) ;
#3837 = PRESENTATION_STYLE_ASSIGNMENT (( #6968 ) ) ;
#3838 =( LENGTH_UNIT ( ) NAMED_UNIT ( * ) SI_UNIT ( .MILLI., .METRE. ) );
#3839 = VECTOR ( 'NONE', #6796, 1000.000000000000000 ) ;
#3840 = PRESENTATION_LAYER_ASSIGNMENT (  '', '', ( #4721 ) ) ;
#3841 = PRESENTATION_LAYER_ASSIGNMENT (  '', '', ( #1091 ) ) ;
#3842 = CARTESIAN_POINT ( 'NONE',  ( -30.01731990792611526, 6.032913140623267445, -1.575199999999936429 ) ) ;
#3843 = ORIENTED_EDGE ( 'NONE', *, *, #4021, .T. ) ;
#3844 = EDGE_LOOP ( 'NONE', ( #2973, #5132, #7326, #6555 ) ) ;
#3845 = PRESENTATION_STYLE_ASSIGNMENT (( #6304 ) ) ;
#3846 = PRESENTATION_LAYER_ASSIGNMENT (  '', '', ( #5957 ) ) ;
#3847 = AXIS2_PLACEMENT_3D ( 'NONE', #2070, #2511, #3737 ) ;
#3848 = AXIS2_PLACEMENT_3D ( 'NONE', #1907, #7373, #4324 ) ;
#3849 = CARTESIAN_POINT ( 'NONE',  ( -40.82734843295796168, -14.00398703482844098, 1.184899675086708237 ) ) ;
#3850 = VECTOR ( 'NONE', #3833, 1000.000000000000000 ) ;
#3851 = CARTESIAN_POINT ( 'NONE',  ( -35.29411990792612386, 6.890113140623267185, -1.575199999999927325 ) ) ;
#3852 = PRESENTATION_STYLE_ASSIGNMENT (( #3248 ) ) ;
#3853 = ORIENTED_EDGE ( 'NONE', *, *, #1684, .T. ) ;
#3854 = ORIENTED_EDGE ( 'NONE', *, *, #5951, .T. ) ;
#3856 = ADVANCED_FACE ( 'NONE', ( #4549, #5789, #1586, #5705, #970, #247, #6850 ), #5666, .T. ) ;
#3855 = VECTOR ( 'NONE', #7523, 1000.000000000000000 ) ;
#3857 = ORIENTED_EDGE ( 'NONE', *, *, #5157, .T. ) ;
#3858 = VERTEX_POINT ( 'NONE', #4007 ) ;
#3859 = CARTESIAN_POINT ( 'NONE',  ( -30.73125966308335677, 6.995373385466118421, -9.372999999999924725 ) ) ;
#3860 = EDGE_CURVE ( 'NONE', #2263, #7551, #4176, .T. ) ;
#3861 = CARTESIAN_POINT ( 'NONE',  ( -45.88039062757600561, 7.056012965964359118, -1.264999999999999902 ) ) ;
#3862 = EDGE_CURVE ( 'NONE', #3788, #4252, #38, .T. ) ;
#3863 = CARTESIAN_POINT ( 'NONE',  ( -37.83411990792612301, 6.890113140623237875, 1.218800000000072270 ) ) ;
#3864 = EDGE_CURVE ( 'NONE', #4825, #6480, #6262, .T. ) ;
#3865 = CYLINDRICAL_SURFACE ( 'NONE', #2386, 0.2539999999999972835 ) ;
#3866 = VECTOR ( 'NONE', #899, 1000.000000000000000 ) ;
#3867 = CARTESIAN_POINT ( 'NONE',  ( -30.83651990792612452, 7.512513140623235053, 1.472800000000079601 ) ) ;
#3868 =( NAMED_UNIT ( * ) SI_UNIT ( $, .STERADIAN. ) SOLID_ANGLE_UNIT ( ) );
#3869 = ORIENTED_EDGE ( 'NONE', *, *, #2360, .F. ) ;
#3870 = EDGE_CURVE ( 'NONE', #3772, #2516, #1545, .T. ) ;
#3871 = DIRECTION ( 'NONE',  ( -1.000000000000000000, -0.0000000000000000000, -0.0000000000000000000 ) ) ;
#3872 = CIRCLE ( 'NONE', #3994, 1.799999999999999600 ) ;
#3873 = DIRECTION ( 'NONE',  ( 0.0000000000000000000, -0.0000000000000000000, 1.000000000000000000 ) ) ;
#3874 = AXIS2_PLACEMENT_3D ( 'NONE', #837, #2764, #6341 ) ;
#3875 = CARTESIAN_POINT ( 'NONE',  ( -33.00816990792611705, 7.258463140623347520, -9.372999999999921172 ) ) ;
#3876 = EDGE_CURVE ( 'NONE', #1619, #957, #6521, .T. ) ;
#3877 = CARTESIAN_POINT ( 'NONE',  ( -31.52742597117812196, 6.032913140623286985, -3.530999999999936634 ) ) ;
#3878 = CARTESIAN_POINT ( 'NONE',  ( -45.88039062757600561, 7.056012965964359118, -1.264999999999999902 ) ) ;
#3879 = AXIS2_PLACEMENT_3D ( 'NONE', #549, #4632, #2969 ) ;
#3880 = ORIENTED_EDGE ( 'NONE', *, *, #5523, .T. ) ;
#3881 = CARTESIAN_POINT ( 'NONE',  ( -40.82731649811009333, -18.10562529651155117, -0.7373595690760407217 ) ) ;
#3882 = ORIENTED_EDGE ( 'NONE', *, *, #6663, .F. ) ;
#3883 = CARTESIAN_POINT ( 'NONE',  ( -30.52039062757600618, 7.206012965964358585, -1.245000000000000107 ) ) ;
#3884 = DIRECTION ( 'NONE',  ( -1.000000000000000000, 0.0000000000000000000, -0.0000000000000000000 ) ) ;
#3885 = LINE ( 'NONE', #7484, #3855 ) ;
#3886 = SURFACE_SIDE_STYLE ('',( #1466 ) ) ;
#3887 =( GEOMETRIC_REPRESENTATION_CONTEXT ( 3 ) GLOBAL_UNCERTAINTY_ASSIGNED_CONTEXT ( ( #6841 ) ) GLOBAL_UNIT_ASSIGNED_CONTEXT ( ( #3066, #6739, #2503 ) ) REPRESENTATION_CONTEXT ( 'NONE', 'WORKASPACE' ) );
#3888 = CARTESIAN_POINT ( 'NONE',  ( -41.82731649811005781, -16.30398703403564653, -1.245189567241619555 ) ) ;
#3889 = ORIENTED_EDGE ( 'NONE', *, *, #1058, .F. ) ;
#3890 = VERTEX_POINT ( 'NONE', #555 ) ;
#3891 = UNCERTAINTY_MEASURE_WITH_UNIT (LENGTH_MEASURE( 1.000000000000000082E-05 ), #583, 'distance_accuracy_value', 'NONE');
#3892 = CARTESIAN_POINT ( 'NONE',  ( -20.98039062757600703, -18.30398703403564298, -1.245000000000000107 ) ) ;
#3893 = DIRECTION ( 'NONE',  ( 0.0000000000000000000, 0.0000000000000000000, -1.000000000000000000 ) ) ;
#3894 = DIRECTION ( 'NONE',  ( 0.0000000000000000000, 0.0000000000000000000, -1.000000000000000000 ) ) ;
#3895 = VECTOR ( 'NONE', #1028, 1000.000000000000000 ) ;
#3896 = CARTESIAN_POINT ( 'NONE',  ( -46.88039062757600561, 7.056012965964359118, -0.2349999999999997369 ) ) ;
#3897 = DIRECTION ( 'NONE',  ( -1.000000000000000000, 0.0000000000000000000, 0.0000000000000000000 ) ) ;
#3898 = FILL_AREA_STYLE ('',( #2024 ) ) ;
#3899 = ORIENTED_EDGE ( 'NONE', *, *, #666, .T. ) ;
#3900 = VERTEX_POINT ( 'NONE', #2288 ) ;
#3901 = ORIENTED_EDGE ( 'NONE', *, *, #4484, .F. ) ;
#3902 = FACE_OUTER_BOUND ( 'NONE', #5917, .T. ) ;
#3903 =( NAMED_UNIT ( * ) SI_UNIT ( $, .STERADIAN. ) SOLID_ANGLE_UNIT ( ) );
#3904 = DIRECTION ( 'NONE',  ( 0.0000000000000000000, 1.000000000000000000, 1.047444401652940007E-14 ) ) ;
#3905 = ADVANCED_FACE ( 'NONE', ( #7718 ), #7680, .F. ) ;
#3906 = CYLINDRICAL_SURFACE ( 'NONE', #2465, 0.2539999999999998925 ) ;
#3907 = EDGE_LOOP ( 'NONE', ( #2544, #3073 ) ) ;
#3908 = SURFACE_STYLE_FILL_AREA ( #1923 ) ;
#3909 = EDGE_CURVE ( 'NONE', #4773, #5072, #855, .T. ) ;
#3910 = FILL_AREA_STYLE_COLOUR ( '', #5828 ) ;
#3911 = CARTESIAN_POINT ( 'NONE',  ( -20.98039062757600703, -18.30398703403564298, -0.2449999999999997735 ) ) ;
#3912 = EDGE_CURVE ( 'NONE', #1884, #2154, #6866, .T. ) ;
#3913 = LINE ( 'NONE', #5013, #3839 ) ;
#3914 = EDGE_CURVE ( 'NONE', #4897, #6695, #7156, .T. ) ;
#3915 = COLOUR_RGB ( '',0.0000000000000000000, 0.0000000000000000000, 0.0000000000000000000 ) ;
#3916 = CARTESIAN_POINT ( 'NONE',  ( -20.98039062757600703, 9.556012965964356454, -0.2449999999999997735 ) ) ;
#3917 = ORIENTED_EDGE ( 'NONE', *, *, #6776, .T. ) ;
#3918 = DIRECTION ( 'NONE',  ( -0.0000000000000000000, 1.000000000000000000, 0.0000000000000000000 ) ) ;
#3919 = ORIENTED_EDGE ( 'NONE', *, *, #4249, .F. ) ;
#3920 = EDGE_CURVE ( 'NONE', #821, #6901, #7702, .T. ) ;
#3921 = DIRECTION ( 'NONE',  ( 0.0000000000000000000, 0.0000000000000000000, -1.000000000000000000 ) ) ;
#3922 = CARTESIAN_POINT ( 'NONE',  ( -28.82731649811005781, -16.30398703403564653, -1.254999999999999671 ) ) ;
#3923 = MECHANICAL_DESIGN_GEOMETRIC_PRESENTATION_REPRESENTATION (  '', ( #1888 ), #4174 ) ;
#3924 = FILL_AREA_STYLE_COLOUR ( '', #1679 ) ;
#3925 = DIRECTION ( 'NONE',  ( -0.8665316060966603562, -0.4991222051116762648, 0.0000000000000000000 ) ) ;
#3926 = VECTOR ( 'NONE', #778, 1000.000000000000000 ) ;
#3927 = CARTESIAN_POINT ( 'NONE',  ( -41.82731649811005781, -12.62398703403564149, 1.215000000000000080 ) ) ;
#3928 = ORIENTED_EDGE ( 'NONE', *, *, #2305, .T. ) ;
#3929 = EDGE_LOOP ( 'NONE', ( #1637, #1315 ) ) ;
#3930 = DIRECTION ( 'NONE',  ( 0.0000000000000000000, 0.0000000000000000000, 1.000000000000000000 ) ) ;
#3931 = CARTESIAN_POINT ( 'NONE',  ( -38.08811990792612079, 7.201313140623239129, 1.218800000000076267 ) ) ;
#3932 = LINE ( 'NONE', #6308, #2879 ) ;
#3933 = CARTESIAN_POINT ( 'NONE',  ( -37.19401384467411731, 8.369713140623288083, -3.530999999999912209 ) ) ;
#3934 = DIRECTION ( 'NONE',  ( -1.000000000000000000, 0.0000000000000000000, -0.0000000000000000000 ) ) ;
#3935 = DIRECTION ( 'NONE',  ( 0.0000000000000000000, 1.000000000000000000, -0.0000000000000000000 ) ) ;
#3936 = VERTEX_POINT ( 'NONE', #6491 ) ;
#3937 = ORIENTED_EDGE ( 'NONE', *, *, #3002, .T. ) ;
#3938 = AXIS2_PLACEMENT_3D ( 'NONE', #3412, #1636, #4061 ) ;
#3939 = DIRECTION ( 'NONE',  ( 1.000000000000000000, 0.0000000000000000000, -0.0000000000000000000 ) ) ;
#3940 = ORIENTED_EDGE ( 'NONE', *, *, #3184, .F. ) ;
#3941 = DIRECTION ( 'NONE',  ( -1.000000000000000000, -1.299418334065024133E-16, 0.0000000000000000000 ) ) ;
#3942 =( LENGTH_UNIT ( ) NAMED_UNIT ( * ) SI_UNIT ( .MILLI., .METRE. ) );
#3943 = STYLED_ITEM ( 'NONE', ( #6648 ), #3220 ) ;
#3944 = CYLINDRICAL_SURFACE ( 'NONE', #2142, 0.2539999999999998925 ) ;
#3945 = EDGE_LOOP ( 'NONE', ( #733, #1913, #5608, #4017 ) ) ;
#3946 = DIRECTION ( 'NONE',  ( -0.0000000000000000000, -1.000000000000000000, -0.0000000000000000000 ) ) ;
#3947 = VERTEX_POINT ( 'NONE', #1124 ) ;
#3948 = DIRECTION ( 'NONE',  ( 1.000000000000000000, 0.0000000000000000000, 0.0000000000000000000 ) ) ;
#3949 = DIRECTION ( 'NONE',  ( 4.535567304416304610E-15, 2.618611004132556304E-15, -1.000000000000000000 ) ) ;
#3950 = SURFACE_STYLE_FILL_AREA ( #5125 ) ;
#3951 = CARTESIAN_POINT ( 'NONE',  ( -29.45851990792611730, 8.369713140623263214, -1.244999999999911955 ) ) ;
#3952 = VECTOR ( 'NONE', #1327, 1000.000000000000000 ) ;
#3953 = VERTEX_POINT ( 'NONE', #1147 ) ;
#3954 = LINE ( 'NONE', #956, #6446 ) ;
#3955 = ORIENTED_EDGE ( 'NONE', *, *, #527, .F. ) ;
#3956 =( NAMED_UNIT ( * ) SI_UNIT ( $, .STERADIAN. ) SOLID_ANGLE_UNIT ( ) );
#3957 = UNCERTAINTY_MEASURE_WITH_UNIT (LENGTH_MEASURE( 1.000000000000000082E-05 ), #3975, 'distance_accuracy_value', 'NONE');
#3958 = PRESENTATION_LAYER_ASSIGNMENT (  '', '', ( #2173 ) ) ;
#3959 = CYLINDRICAL_SURFACE ( 'NONE', #5966, 0.2540000000000007807 ) ;
#3960 = CARTESIAN_POINT ( 'NONE',  ( -32.11401384467411901, 8.369713140623288083, -3.530999999999912209 ) ) ;
#3961 = DIRECTION ( 'NONE',  ( 1.000000000000000000, 0.0000000000000000000, 0.0000000000000000000 ) ) ;
#3962 = DIRECTION ( 'NONE',  ( 0.0000000000000000000, 1.047444401652940007E-14, -1.000000000000000000 ) ) ;
#3963 = EDGE_CURVE ( 'NONE', #5414, #1953, #2332, .T. ) ;
#3964 = EDGE_CURVE ( 'NONE', #5061, #7673, #3434, .T. ) ;
#3965 = PRESENTATION_LAYER_ASSIGNMENT (  '', '', ( #2956 ) ) ;
#3966 = CARTESIAN_POINT ( 'NONE',  ( -20.98039062757600703, -18.30398703403564298, -0.2449999999999997735 ) ) ;
#3967 = ORIENTED_EDGE ( 'NONE', *, *, #5610, .F. ) ;
#3968 = VERTEX_POINT ( 'NONE', #3541 ) ;
#3969 = CARTESIAN_POINT ( 'NONE',  ( -35.29416990792612552, 7.512463140623347968, -9.118999999999921613 ) ) ;
#3970 = DIRECTION ( 'NONE',  ( -0.0000000000000000000, 1.000000000000000000, 1.047444401652940007E-14 ) ) ;
#3971 =( NAMED_UNIT ( * ) SI_UNIT ( $, .STERADIAN. ) SOLID_ANGLE_UNIT ( ) );
#3972 = PRESENTATION_LAYER_ASSIGNMENT (  '', '', ( #5218 ) ) ;
#3973 = DIRECTION ( 'NONE',  ( -0.0000000000000000000, -0.0000000000000000000, 1.000000000000000000 ) ) ;
#3974 = CARTESIAN_POINT ( 'NONE',  ( -31.03331990792612061, 6.032913140623267445, -1.575199999999936429 ) ) ;
#3975 =( LENGTH_UNIT ( ) NAMED_UNIT ( * ) SI_UNIT ( .MILLI., .METRE. ) );
#3976 = ORIENTED_EDGE ( 'NONE', *, *, #6881, .F. ) ;
#3977 = ORIENTED_EDGE ( 'NONE', *, *, #141, .T. ) ;
#3978 = MECHANICAL_DESIGN_GEOMETRIC_PRESENTATION_REPRESENTATION (  '', ( #5957 ), #7194 ) ;
#3979 = FILL_AREA_STYLE_COLOUR ( '', #3068 ) ;
#3980 = ORIENTED_EDGE ( 'NONE', *, *, #2102, .F. ) ;
#3981 = VECTOR ( 'NONE', #4137, 1000.000000000000000 ) ;
#3982 = CARTESIAN_POINT ( 'NONE',  ( -28.82731649811006136, -17.96944709205484259, 0.2706792717290131267 ) ) ;
#3983 =( NAMED_UNIT ( * ) PLANE_ANGLE_UNIT ( ) SI_UNIT ( $, .RADIAN. ) );
#3984 = DIRECTION ( 'NONE',  ( 0.0000000000000000000, 0.0000000000000000000, 1.000000000000000000 ) ) ;
#3985 = VECTOR ( 'NONE', #6443, 1000.000000000000000 ) ;
#3986 = DIRECTION ( 'NONE',  ( 0.0000000000000000000, 0.0000000000000000000, -1.000000000000000000 ) ) ;
#3987 = VERTEX_POINT ( 'NONE', #2860 ) ;
#3988 =( GEOMETRIC_REPRESENTATION_CONTEXT ( 3 ) GLOBAL_UNCERTAINTY_ASSIGNED_CONTEXT ( ( #4282 ) ) GLOBAL_UNIT_ASSIGNED_CONTEXT ( ( #2692, #1507, #3971 ) ) REPRESENTATION_CONTEXT ( 'NONE', 'WORKASPACE' ) );
#3989 = VERTEX_POINT ( 'NONE', #489 ) ;
#3990 = PRESENTATION_STYLE_ASSIGNMENT (( #3385 ) ) ;
#3991 =( NAMED_UNIT ( * ) SI_UNIT ( $, .STERADIAN. ) SOLID_ANGLE_UNIT ( ) );
#3992 = SURFACE_SIDE_STYLE ('',( #2152 ) ) ;
#3993 = CARTESIAN_POINT ( 'NONE',  ( -33.57331990792611975, 6.032913140623267445, -1.575199999999930212 ) ) ;
#3994 = AXIS2_PLACEMENT_3D ( 'NONE', #2684, #5100, #7714 ) ;
#3995 = ORIENTED_EDGE ( 'NONE', *, *, #3761, .T. ) ;
#3996 = CARTESIAN_POINT ( 'NONE',  ( -41.82731649811005781, -16.30398703403564653, -1.266000000000000014 ) ) ;
#3997 = ORIENTED_EDGE ( 'NONE', *, *, #4391, .F. ) ;
#3998 =( NAMED_UNIT ( * ) PLANE_ANGLE_UNIT ( ) SI_UNIT ( $, .RADIAN. ) );
#3999 = DIRECTION ( 'NONE',  ( -1.000000000000000000, -0.0000000000000000000, -0.0000000000000000000 ) ) ;
#4000 = CARTESIAN_POINT ( 'NONE',  ( -44.88039062757600561, 7.056012965964359118, -1.264999999999999902 ) ) ;
#4001 = SURFACE_STYLE_FILL_AREA ( #5282 ) ;
#4002 = EDGE_CURVE ( 'NONE', #7372, #7379, #5256, .T. ) ;
#4003 = CARTESIAN_POINT ( 'NONE',  ( -39.21211990792613022, 8.369713140623263214, -1.244999999999911955 ) ) ;
#4004 = ORIENTED_EDGE ( 'NONE', *, *, #3542, .F. ) ;
#4005 = VECTOR ( 'NONE', #5011, 1000.000000000000000 ) ;
#4006 = VERTEX_POINT ( 'NONE', #2250 ) ;
#4007 = CARTESIAN_POINT ( 'NONE',  ( -44.08039062757600135, -16.50398703403563871, -1.264999999999999902 ) ) ;
#4008 = EDGE_CURVE ( 'NONE', #2263, #4407, #1078, .T. ) ;
#4009 = EDGE_CURVE ( 'NONE', #7290, #3947, #7122, .T. ) ;
#4010 = DIRECTION ( 'NONE',  ( 1.000000000000000000, 0.0000000000000000000, 0.0000000000000000000 ) ) ;
#4011 = CARTESIAN_POINT ( 'NONE',  ( -47.68039062757600988, -16.50398703403563871, -0.2349999999999997369 ) ) ;
#4012 = CARTESIAN_POINT ( 'NONE',  ( -35.91646990792612115, 6.890163140623288385, -3.530999999999928196 ) ) ;
#4013 = EDGE_CURVE ( 'NONE', #5040, #3947, #3671, .T. ) ;
#4014 = DIRECTION ( 'NONE',  ( -0.0000000000000000000, 1.000000000000000000, 0.0000000000000000000 ) ) ;
#4015 = VECTOR ( 'NONE', #6854, 1000.000000000000000 ) ;
#4016 = EDGE_CURVE ( 'NONE', #484, #5493, #2564, .T. ) ;
#4017 = ORIENTED_EDGE ( 'NONE', *, *, #1429, .F. ) ;
#4018 = EDGE_LOOP ( 'NONE', ( #4789, #6243, #1857, #639, #5838, #3955, #1272, #2378 ) ) ;
#4019 = EDGE_LOOP ( 'NONE', ( #6745, #7458, #4766, #6047 ) ) ;
#4020 = ADVANCED_FACE ( 'NONE', ( #3753 ), #7317, .T. ) ;
#4021 = EDGE_CURVE ( 'NONE', #4125, #7438, #4230, .T. ) ;
#4022 = CARTESIAN_POINT ( 'NONE',  ( -41.82731649811006491, -11.62398703403563793, 1.215000000000000080 ) ) ;
#4023 = DIRECTION ( 'NONE',  ( 1.000000000000000000, 0.0000000000000000000, 0.0000000000000000000 ) ) ;
#4024 = COLOUR_RGB ( '',1.000000000000000000, 1.000000000000000000, 1.000000000000000000 ) ;
#4025 = LINE ( 'NONE', #944, #4295 ) ;
#4026 = CARTESIAN_POINT ( 'NONE',  ( -37.83411990792612301, 6.890113140623239651, 1.218800000000072270 ) ) ;
#4027 = ORIENTED_EDGE ( 'NONE', *, *, #142, .F. ) ;
#4028 = SURFACE_SIDE_STYLE ('',( #1605 ) ) ;
#4029 = ORIENTED_EDGE ( 'NONE', *, *, #5952, .F. ) ;
#4030 = CARTESIAN_POINT ( 'NONE',  ( -47.68039062757600988, -18.30398703403564653, -0.2449999999999997735 ) ) ;
#4031 = FACE_OUTER_BOUND ( 'NONE', #4036, .T. ) ;
#4032 = CARTESIAN_POINT ( 'NONE',  ( -32.85938015276888535, 6.995373385466116645, -9.372999999999922949 ) ) ;
#4033 = LINE ( 'NONE', #353, #913 ) ;
#4034 = EDGE_LOOP ( 'NONE', ( #5303, #4596, #6111, #6817, #3100 ) ) ;
#4035 = DIRECTION ( 'NONE',  ( 0.0000000000000000000, 0.0000000000000000000, 1.000000000000000000 ) ) ;
#4036 = EDGE_LOOP ( 'NONE', ( #7569, #2286, #1276 ) ) ;
#4037 = PLANE ( 'NONE',  #29 ) ;
#4038 = DIRECTION ( 'NONE',  ( 0.0000000000000000000, 1.024442997624109662E-14, -1.000000000000000000 ) ) ;
#4039 = DIRECTION ( 'NONE',  ( -0.0000000000000000000, -1.000000000000000000, 0.0000000000000000000 ) ) ;
#4040 = MECHANICAL_DESIGN_GEOMETRIC_PRESENTATION_REPRESENTATION (  '', ( #7536 ), #7034 ) ;
#4041 = FACE_OUTER_BOUND ( 'NONE', #5916, .T. ) ;
#4042 =( LENGTH_UNIT ( ) NAMED_UNIT ( * ) SI_UNIT ( .MILLI., .METRE. ) );
#4043 =( BOUNDED_CURVE ( )  B_SPLINE_CURVE ( 3, ( #4574, #6918, #7479, #5777 ),
 .UNSPECIFIED., .F., .T. ) 
 B_SPLINE_CURVE_WITH_KNOTS ( ( 4, 4 ),
 ( -3.552713678800500929E-15, 1.570796326794898334 ),
 .UNSPECIFIED. ) 
 CURVE ( )  GEOMETRIC_REPRESENTATION_ITEM ( )  RATIONAL_B_SPLINE_CURVE ( ( 1.000000000000000000, 0.8047378541243637162, 0.8047378541243637162, 1.000000000000000000 ) ) 
 REPRESENTATION_ITEM ( '' )  );
#4044 = VERTEX_POINT ( 'NONE', #6093 ) ;
#4045 = VECTOR ( 'NONE', #4014, 1000.000000000000000 ) ;
#4046 = ORIENTED_EDGE ( 'NONE', *, *, #7014, .F. ) ;
#4047 = UNCERTAINTY_MEASURE_WITH_UNIT (LENGTH_MEASURE( 1.000000000000000082E-05 ), #1919, 'distance_accuracy_value', 'NONE');
#4048 = DIRECTION ( 'NONE',  ( 0.0000000000000000000, 0.0000000000000000000, 1.000000000000000000 ) ) ;
#4049 = CARTESIAN_POINT ( 'NONE',  ( -30.01731990792611526, 6.032913140623263892, -1.244999999999936158 ) ) ;
#4050 = LINE ( 'NONE', #7613, #7219 ) ;
#4051 = AXIS2_PLACEMENT_3D ( 'NONE', #5045, #872, #7000 ) ;
#4052 = DIRECTION ( 'NONE',  ( 0.0000000000000000000, -1.000000000000000000, -1.047444401652940007E-14 ) ) ;
#4053 = ORIENTED_EDGE ( 'NONE', *, *, #2954, .T. ) ;
#4054 = ORIENTED_EDGE ( 'NONE', *, *, #7191, .F. ) ;
#4055 = ORIENTED_EDGE ( 'NONE', *, *, #7493, .F. ) ;
#4056 = VECTOR ( 'NONE', #5804, 1000.000000000000000 ) ;
#4057 = DIRECTION ( 'NONE',  ( -0.0000000000000000000, -0.0000000000000000000, -1.000000000000000000 ) ) ;
#4058 = EDGE_CURVE ( 'NONE', #770, #631, #158, .T. ) ;
#4059 = DIRECTION ( 'NONE',  ( 0.0000000000000000000, 0.0000000000000000000, -1.000000000000000000 ) ) ;
#4060 = ADVANCED_FACE ( 'NONE', ( #4236 ), #5404, .F. ) ;
#4061 = DIRECTION ( 'NONE',  ( 0.0000000000000000000, 0.0000000000000000000, -1.000000000000000000 ) ) ;
#4062 = EDGE_CURVE ( 'NONE', #691, #2456, #1815, .T. ) ;
#4063 = VERTEX_POINT ( 'NONE', #3052 ) ;
#4064 = ORIENTED_EDGE ( 'NONE', *, *, #5527, .F. ) ;
#4065 = CARTESIAN_POINT ( 'NONE',  ( -40.82731649811005781, -16.30398703403564653, -1.254999999999999893 ) ) ;
#4066 =( NAMED_UNIT ( * ) SI_UNIT ( $, .STERADIAN. ) SOLID_ANGLE_UNIT ( ) );
#4067 = CARTESIAN_POINT ( 'NONE',  ( -28.82731649811005781, -18.28136185513362477, -0.3668299596730744683 ) ) ;
#4068 = FACE_OUTER_BOUND ( 'NONE', #1827, .T. ) ;
#4069 = FACE_OUTER_BOUND ( 'NONE', #3689, .T. ) ;
#4070 = ORIENTED_EDGE ( 'NONE', *, *, #2356, .T. ) ;
#4071 = VECTOR ( 'NONE', #5739, 1000.000000000000000 ) ;
#4072 = LINE ( 'NONE', #355, #7704 ) ;
#4073 = ORIENTED_EDGE ( 'NONE', *, *, #5707, .T. ) ;
#4074 = DIRECTION ( 'NONE',  ( 0.0000000000000000000, 0.0000000000000000000, 1.000000000000000000 ) ) ;
#4075 = DIRECTION ( 'NONE',  ( 0.0000000000000000000, -0.0000000000000000000, 1.000000000000000000 ) ) ;
#4076 = CYLINDRICAL_SURFACE ( 'NONE', #2090, 0.2540000000000007807 ) ;
#4077 = CARTESIAN_POINT ( 'NONE',  ( -35.54811990792612164, 7.144113140623235658, 1.472800000000074272 ) ) ;
#4078 = STYLED_ITEM ( 'NONE', ( #5722 ), #100 ) ;
#4079 = DIRECTION ( 'NONE',  ( -0.0000000000000000000, -0.0000000000000000000, -1.000000000000000000 ) ) ;
#4080 = ORIENTED_EDGE ( 'NONE', *, *, #6286, .T. ) ;
#4081 = MECHANICAL_DESIGN_GEOMETRIC_PRESENTATION_REPRESENTATION (  '', ( #2812 ), #3079 ) ;
#4082 = VERTEX_POINT ( 'NONE', #1937 ) ;
#4083 = CARTESIAN_POINT ( 'NONE',  ( -36.10039062757601158, 7.206012965964358585, -1.266000000000000014 ) ) ;
#4084 = CARTESIAN_POINT ( 'NONE',  ( -30.83651990792612452, 7.512513140623252816, 1.218800000000078931 ) ) ;
#4085 = SURFACE_STYLE_USAGE ( .BOTH. , #2894 ) ;
#4086 = SURFACE_STYLE_USAGE ( .BOTH. , #7724 ) ;
#4087 = VECTOR ( 'NONE', #2395, 1000.000000000000000 ) ;
#4088 =( BOUNDED_CURVE ( )  B_SPLINE_CURVE ( 3, ( #3121, #82, #5436, #7279 ),
 .UNSPECIFIED., .F., .T. ) 
 B_SPLINE_CURVE_WITH_KNOTS ( ( 4, 4 ),
 ( 1.570796326794894782, 3.141592653589775797 ),
 .UNSPECIFIED. ) 
 CURVE ( )  GEOMETRIC_REPRESENTATION_ITEM ( )  RATIONAL_B_SPLINE_CURVE ( ( 1.000000000000000000, 0.8047378541243686012, 0.8047378541243686012, 1.000000000000000000 ) ) 
 REPRESENTATION_ITEM ( '' )  );
#4089 = VERTEX_POINT ( 'NONE', #5444 ) ;
#4090 = ORIENTED_EDGE ( 'NONE', *, *, #6195, .F. ) ;
#4091 = DIRECTION ( 'NONE',  ( 1.000000000000000000, 0.0000000000000000000, 0.0000000000000000000 ) ) ;
#4092 = VERTEX_POINT ( 'NONE', #39 ) ;
#4093 = CARTESIAN_POINT ( 'NONE',  ( -32.55731990792611441, 6.032913140623263892, -1.244999999999924167 ) ) ;
#4094 = PRESENTATION_LAYER_ASSIGNMENT (  '', '', ( #2187 ) ) ;
#4095 = CARTESIAN_POINT ( 'NONE',  ( -24.58039062757600846, 7.056012965964359118, -1.264999999999999902 ) ) ;
#4096 = CARTESIAN_POINT ( 'NONE',  ( -35.91651990792611571, 6.890113140623239651, 1.218800000000075823 ) ) ;
#4097 = DIRECTION ( 'NONE',  ( 0.0000000000000000000, 0.0000000000000000000, 1.000000000000000000 ) ) ;
#4098 = VERTEX_POINT ( 'NONE', #2446 ) ;
#4099 = EDGE_CURVE ( 'NONE', #7162, #6463, #1114, .T. ) ;
#4100 = AXIS2_PLACEMENT_3D ( 'NONE', #3145, #814, #7341 ) ;
#4101 = VERTEX_POINT ( 'NONE', #7242 ) ;
#4102 = ADVANCED_FACE ( 'NONE', ( #3717 ), #4788, .F. ) ;
#4103 = VECTOR ( 'NONE', #1715, 1000.000000000000000 ) ;
#4104 = CARTESIAN_POINT ( 'NONE',  ( -30.83651990792612096, 7.512513140623268804, -1.575199999999925105 ) ) ;
#4105 = CARTESIAN_POINT ( 'NONE',  ( -30.83646990792612641, 7.512463140623350633, -9.372999999999919396 ) ) ;
#4106 = CARTESIAN_POINT ( 'NONE',  ( -33.37651990792611656, 7.512513140623267915, -1.575199999999920664 ) ) ;
#4107 = EDGE_CURVE ( 'NONE', #1839, #4739, #7439, .T. ) ;
#4108 = EDGE_CURVE ( 'NONE', #6985, #5664, #3462, .T. ) ;
#4109 = CARTESIAN_POINT ( 'NONE',  ( -31.82071990792587712, 7.861713140623429297, -1.244999999999917506 ) ) ;
#4110 = DIRECTION ( 'NONE',  ( -1.000000000000000000, 0.0000000000000000000, -0.0000000000000000000 ) ) ;
#4111 = VECTOR ( 'NONE', #1101, 1000.000000000000000 ) ;
#4112 = EDGE_CURVE ( 'NONE', #7461, #3403, #236, .T. ) ;
#4113 = EDGE_CURVE ( 'NONE', #6743, #3527, #3233, .T. ) ;
#4114 = VERTEX_POINT ( 'NONE', #5273 ) ;
#4115 = CARTESIAN_POINT ( 'NONE',  ( -38.08816990792612245, 7.201313140623350151, -9.372999999999919396 ) ) ;
#4116 = DIRECTION ( 'NONE',  ( 0.0000000000000000000, 0.0000000000000000000, 1.000000000000000000 ) ) ;
#4117 = ADVANCED_FACE ( 'NONE', ( #835 ), #5236, .F. ) ;
#4118 = LINE ( 'NONE', #3426, #6979 ) ;
#4119 = LINE ( 'NONE', #509, #2300 ) ;
#4120 = DIRECTION ( 'NONE',  ( 0.0000000000000000000, 0.0000000000000000000, 1.000000000000000000 ) ) ;
#4121 = CARTESIAN_POINT ( 'NONE',  ( -38.45646990792611319, 7.512463140623350633, -9.118999999999928718 ) ) ;
#4122 = STYLED_ITEM ( 'NONE', ( #4866 ), #1295 ) ;
#4123 = LINE ( 'NONE', #4747, #4867 ) ;
#4124 = VERTEX_POINT ( 'NONE', #2234 ) ;
#4125 = VERTEX_POINT ( 'NONE', #6432 ) ;
#4126 = UNCERTAINTY_MEASURE_WITH_UNIT (LENGTH_MEASURE( 1.000000000000000082E-05 ), #7358, 'distance_accuracy_value', 'NONE');
#4127 = CARTESIAN_POINT ( 'NONE',  ( -32.55731990792611441, 6.032913140623263892, -1.244999999999936158 ) ) ;
#4128 = DIRECTION ( 'NONE',  ( -1.000000000000000000, -0.0000000000000000000, 0.0000000000000000000 ) ) ;
#4129 = FACE_OUTER_BOUND ( 'NONE', #1247, .T. ) ;
#4130 = DIRECTION ( 'NONE',  ( 0.0000000000000000000, 0.9896714663085164343, -0.1433540678695623127 ) ) ;
#4131 = SURFACE_SIDE_STYLE ('',( #2933 ) ) ;
#4132 = VECTOR ( 'NONE', #5365, 1000.000000000000000 ) ;
#4133 = DIRECTION ( 'NONE',  ( -6.878506940217426576E-30, -1.000000000000000000, -4.517075813470839259E-45 ) ) ;
#4134 = VERTEX_POINT ( 'NONE', #2880 ) ;
#4135 = ORIENTED_EDGE ( 'NONE', *, *, #6520, .T. ) ;
#4136 = ORIENTED_EDGE ( 'NONE', *, *, #2146, .F. ) ;
#4137 = DIRECTION ( 'NONE',  ( -0.0000000000000000000, -1.000000000000000000, 0.0000000000000000000 ) ) ;
#4138 = SURFACE_SIDE_STYLE ('',( #7097 ) ) ;
#4139 = DIRECTION ( 'NONE',  ( -1.000000000000000000, -0.0000000000000000000, -0.0000000000000000000 ) ) ;
#4140 = CARTESIAN_POINT ( 'NONE',  ( -38.65331990792612515, 6.032913140623267445, -1.575199999999936429 ) ) ;
#4141 = ORIENTED_EDGE ( 'NONE', *, *, #7060, .F. ) ;
#4142 = ORIENTED_EDGE ( 'NONE', *, *, #5564, .T. ) ;
#4143 = VECTOR ( 'NONE', #6105, 1000.000000000000000 ) ;
#4144 =( NAMED_UNIT ( * ) SI_UNIT ( $, .STERADIAN. ) SOLID_ANGLE_UNIT ( ) );
#4145 = DIRECTION ( 'NONE',  ( -0.0000000000000000000, 1.000000000000000000, 1.047444401652940007E-14 ) ) ;
#4146 = CARTESIAN_POINT ( 'NONE',  ( -46.88039062757600561, 7.056012965964359118, -1.264999999999999902 ) ) ;
#4147 = PLANE ( 'NONE',  #6442 ) ;
#4148 =( LENGTH_UNIT ( ) NAMED_UNIT ( * ) SI_UNIT ( .MILLI., .METRE. ) );
#4149 =( NAMED_UNIT ( * ) SI_UNIT ( $, .STERADIAN. ) SOLID_ANGLE_UNIT ( ) );
#4150 = SURFACE_SIDE_STYLE ('',( #4697 ) ) ;
#4151 = ADVANCED_FACE ( 'NONE', ( #4880 ), #1683, .F. ) ;
#4152 = VERTEX_POINT ( 'NONE', #7775 ) ;
#4153 = LINE ( 'NONE', #4774, #6567 ) ;
#4154 = SURFACE_SIDE_STYLE ('',( #2846 ) ) ;
#4155 = CARTESIAN_POINT ( 'NONE',  ( -37.83411990792612301, 7.512513140623235053, 1.218800000000072270 ) ) ;
#4156 = EDGE_CURVE ( 'NONE', #4374, #7298, #6586, .T. ) ;
#4157 = CYLINDRICAL_SURFACE ( 'NONE', #2683, 0.2540000000000007807 ) ;
#4158 = EDGE_CURVE ( 'NONE', #6287, #5116, #7226, .T. ) ;
#4159 = EDGE_CURVE ( 'NONE', #1782, #7277, #1725, .T. ) ;
#4160 = DIRECTION ( 'NONE',  ( 1.375701388043485315E-29, -1.000000000000000000, -1.806830325388335704E-44 ) ) ;
#4161 = ORIENTED_EDGE ( 'NONE', *, *, #6667, .F. ) ;
#4162 = CARTESIAN_POINT ( 'NONE',  ( -21.08039062757600846, -14.00398703403564049, 1.205000000000000071 ) ) ;
#4163 = CARTESIAN_POINT ( 'NONE',  ( -40.82733246553402040, -18.27407675507290463, -0.2449113037486425060 ) ) ;
#4164 = DIRECTION ( 'NONE',  ( 0.0000000000000000000, 0.0000000000000000000, 1.000000000000000000 ) ) ;
#4165 = FACE_OUTER_BOUND ( 'NONE', #609, .T. ) ;
#4166 =( NAMED_UNIT ( * ) PLANE_ANGLE_UNIT ( ) SI_UNIT ( $, .RADIAN. ) );
#4167 = EDGE_LOOP ( 'NONE', ( #768, #1325 ) ) ;
#4168 = VECTOR ( 'NONE', #370, 1000.000000000000000 ) ;
#4169 = DIRECTION ( 'NONE',  ( -0.0000000000000000000, -1.000000000000000000, 0.0000000000000000000 ) ) ;
#4170 = ORIENTED_EDGE ( 'NONE', *, *, #973, .F. ) ;
#4171 = DIRECTION ( 'NONE',  ( 0.0000000000000000000, 1.000000000000000000, 0.0000000000000000000 ) ) ;
#4172 = ORIENTED_EDGE ( 'NONE', *, *, #5849, .T. ) ;
#4173 = LINE ( 'NONE', #1668, #4472 ) ;
#4174 =( GEOMETRIC_REPRESENTATION_CONTEXT ( 3 ) GLOBAL_UNCERTAINTY_ASSIGNED_CONTEXT ( ( #626 ) ) GLOBAL_UNIT_ASSIGNED_CONTEXT ( ( #2867, #456, #6032 ) ) REPRESENTATION_CONTEXT ( 'NONE', 'WORKASPACE' ) );
#4175 = CARTESIAN_POINT ( 'NONE',  ( -23.82731649811005781, -13.42398703403564220, -1.245000000000000107 ) ) ;
#4176 = B_SPLINE_CURVE_WITH_KNOTS ( 'NONE', 3,
 ( #5064, #6807, #7447, #5173, #3327, #6378, #7560, #2092, #2168, #4476 ),
 .UNSPECIFIED., .F., .F.,
 ( 4, 2, 2, 2, 4 ),
 ( 0.0000000000000000000, 0.001225126604154732094, 0.001837689906232098033, 0.002143971557270781328, 0.002450253208309464189 ),
 .UNSPECIFIED. ) ;
#4177 = SHAPE_DEFINITION_REPRESENTATION ( #5469, #935 ) ;
#4178 = SURFACE_STYLE_USAGE ( .BOTH. , #1718 ) ;
#4179 =( NAMED_UNIT ( * ) SI_UNIT ( $, .STERADIAN. ) SOLID_ANGLE_UNIT ( ) );
#4180 = ORIENTED_EDGE ( 'NONE', *, *, #3087, .T. ) ;
#4181 = VERTEX_POINT ( 'NONE', #2393 ) ;
#4182 = DIRECTION ( 'NONE',  ( 0.0000000000000000000, 0.0000000000000000000, 1.000000000000000000 ) ) ;
#4183 = DIRECTION ( 'NONE',  ( 0.0000000000000000000, 0.0000000000000000000, -1.000000000000000000 ) ) ;
#4184 =( GEOMETRIC_REPRESENTATION_CONTEXT ( 3 ) GLOBAL_UNCERTAINTY_ASSIGNED_CONTEXT ( ( #1038 ) ) GLOBAL_UNIT_ASSIGNED_CONTEXT ( ( #4451, #1051, #4179 ) ) REPRESENTATION_CONTEXT ( 'NONE', 'WORKASPACE' ) );
#4185 = DIRECTION ( 'NONE',  ( 0.0000000000000000000, 0.0000000000000000000, 1.000000000000000000 ) ) ;
#4186 = SURFACE_SIDE_STYLE ('',( #2361 ) ) ;
#4187 = ORIENTED_EDGE ( 'NONE', *, *, #5707, .F. ) ;
#4188 = DIRECTION ( 'NONE',  ( 0.0000000000000000000, -1.047444401652940007E-14, 1.000000000000000000 ) ) ;
#4189 = AXIS2_PLACEMENT_3D ( 'NONE', #175, #2580, #7377 ) ;
#4190 = PLANE ( 'NONE',  #423 ) ;
#4191 = CARTESIAN_POINT ( 'NONE',  ( -35.29416990792612552, 6.890163140623317695, -3.530999999999928196 ) ) ;
#4192 = CARTESIAN_POINT ( 'NONE',  ( -28.82731649811005781, -18.24724142043159247, -0.4712031309831639647 ) ) ;
#4193 =( GEOMETRIC_REPRESENTATION_CONTEXT ( 3 ) GLOBAL_UNCERTAINTY_ASSIGNED_CONTEXT ( ( #3477 ) ) GLOBAL_UNIT_ASSIGNED_CONTEXT ( ( #563, #1781, #4462 ) ) REPRESENTATION_CONTEXT ( 'NONE', 'WORKASPACE' ) );
#4194 = ORIENTED_EDGE ( 'NONE', *, *, #1294, .F. ) ;
#4195 = UNCERTAINTY_MEASURE_WITH_UNIT (LENGTH_MEASURE( 1.000000000000000082E-05 ), #2528, 'distance_accuracy_value', 'NONE');
#4196 = CARTESIAN_POINT ( 'NONE',  ( -39.21211990792613022, 6.032913140623301196, -1.244999999999936158 ) ) ;
#4197 = AXIS2_PLACEMENT_3D ( 'NONE', #5393, #618, #5430 ) ;
#4198 = FILL_AREA_STYLE ('',( #2289 ) ) ;
#4199 = CARTESIAN_POINT ( 'NONE',  ( -36.60742597117811670, 6.032913140623291426, -1.244999999999935048 ) ) ;
#4200 = EDGE_CURVE ( 'NONE', #2509, #3519, #1170, .T. ) ;
#4201 = EDGE_CURVE ( 'NONE', #3527, #6004, #3650, .T. ) ;
#4202 =( NAMED_UNIT ( * ) SI_UNIT ( $, .STERADIAN. ) SOLID_ANGLE_UNIT ( ) );
#4203 = CARTESIAN_POINT ( 'NONE',  ( -36.90071990792635859, 6.540913140623169753, -3.530999999999933969 ) ) ;
#4204 = LINE ( 'NONE', #1271, #2795 ) ;
#4205 = COLOUR_RGB ( '',0.0000000000000000000, 0.0000000000000000000, 0.0000000000000000000 ) ;
#4206 = ORIENTED_EDGE ( 'NONE', *, *, #818, .F. ) ;
#4207 = DIRECTION ( 'NONE',  ( -0.0000000000000000000, -0.0000000000000000000, -1.000000000000000000 ) ) ;
#4208 = STYLED_ITEM ( 'NONE', ( #4716 ), #226 ) ;
#4209 = EDGE_LOOP ( 'NONE', ( #4070, #7770, #6919, #3765 ) ) ;
#4210 = DIRECTION ( 'NONE',  ( -0.5000000000000197620, 0.8660254037844272723, 0.0000000000000000000 ) ) ;
#4211 = ORIENTED_EDGE ( 'NONE', *, *, #2156, .T. ) ;
#4212 = UNCERTAINTY_MEASURE_WITH_UNIT (LENGTH_MEASURE( 1.000000000000000082E-05 ), #5194, 'distance_accuracy_value', 'NONE');
#4213 = VECTOR ( 'NONE', #2733, 1000.000000000000000 ) ;
#4214 = CIRCLE ( 'NONE', #797, 1.799999999999999600 ) ;
#4215 =( NAMED_UNIT ( * ) SI_UNIT ( $, .STERADIAN. ) SOLID_ANGLE_UNIT ( ) );
#4216 = VECTOR ( 'NONE', #6402, 1000.000000000000000 ) ;
#4217 = AXIS2_PLACEMENT_3D ( 'NONE', #1064, #5201, #7075 ) ;
#4218 = CARTESIAN_POINT ( 'NONE',  ( -44.08039062757600135, 7.056012965964359118, -1.264999999999999902 ) ) ;
#4219 = ORIENTED_EDGE ( 'NONE', *, *, #6482, .F. ) ;
#4220 = EDGE_LOOP ( 'NONE', ( #34, #2261, #5898, #7012 ) ) ;
#4221 = AXIS2_PLACEMENT_3D ( 'NONE', #6194, #3655, #1845 ) ;
#4222 = VECTOR ( 'NONE', #3719, 1000.000000000000000 ) ;
#4223 = SURFACE_SIDE_STYLE ('',( #2390 ) ) ;
#4224 = ORIENTED_EDGE ( 'NONE', *, *, #6663, .T. ) ;
#4225 = CARTESIAN_POINT ( 'NONE',  ( -39.21211990792613022, 7.144113140623238323, 1.218800000000075823 ) ) ;
#4226 = STYLED_ITEM ( 'NONE', ( #118 ), #6565 ) ;
#4227 = VERTEX_POINT ( 'NONE', #5425 ) ;
#4228 = CARTESIAN_POINT ( 'NONE',  ( -31.52742597117762813, 8.369713140623279202, -3.530999999999912209 ) ) ;
#4229 = DIRECTION ( 'NONE',  ( 0.0000000000000000000, 1.000000000000000000, 0.0000000000000000000 ) ) ;
#4230 = CIRCLE ( 'NONE', #3722, 0.5000000000000004441 ) ;
#4231 = CARTESIAN_POINT ( 'NONE',  ( -47.58039062757602267, -14.00398703403564049, 1.205000000000000071 ) ) ;
#4232 = FACE_OUTER_BOUND ( 'NONE', #7348, .T. ) ;
#4233 = FACE_OUTER_BOUND ( 'NONE', #3605, .T. ) ;
#4234 = VECTOR ( 'NONE', #5548, 1000.000000000000000 ) ;
#4235 = ORIENTED_EDGE ( 'NONE', *, *, #3510, .T. ) ;
#4236 = FACE_OUTER_BOUND ( 'NONE', #64, .T. ) ;
#4237 = CARTESIAN_POINT ( 'NONE',  ( -30.83651990792612452, 7.512513140623235941, 1.367589755157313514 ) ) ;
#4238 = LINE ( 'NONE', #1309, #1326 ) ;
#4239 = FACE_OUTER_BOUND ( 'NONE', #148, .T. ) ;
#4240 = CARTESIAN_POINT ( 'NONE',  ( -34.88731649811006008, -18.28388708950198804, -0.2449552275043981875 ) ) ;
#4241 = AXIS2_PLACEMENT_3D ( 'NONE', #4610, #2820, #983 ) ;
#4242 = ADVANCED_FACE ( 'NONE', ( #4801 ), #1842, .T. ) ;
#4243 = DIRECTION ( 'NONE',  ( 0.0000000000000000000, 0.0000000000000000000, 1.000000000000000000 ) ) ;
#4244 = VERTEX_POINT ( 'NONE', #650 ) ;
#4245 =( NAMED_UNIT ( * ) PLANE_ANGLE_UNIT ( ) SI_UNIT ( $, .RADIAN. ) );
#4246 = COLOUR_RGB ( '',0.0000000000000000000, 0.007843137254901960675, 0.3098039215686274606 ) ;
#4247 = EDGE_CURVE ( 'NONE', #6664, #4124, #5386, .T. ) ;
#4248 = ORIENTED_EDGE ( 'NONE', *, *, #6965, .T. ) ;
#4249 = EDGE_CURVE ( 'NONE', #843, #6695, #4840, .T. ) ;
#4250 = AXIS2_PLACEMENT_3D ( 'NONE', #1882, #3656, #4803 ) ;
#4251 = DIRECTION ( 'NONE',  ( 0.0000000000000000000, -1.000000000000000000, -0.0000000000000000000 ) ) ;
#4252 = VERTEX_POINT ( 'NONE', #3616 ) ;
#4253 = CARTESIAN_POINT ( 'NONE',  ( -30.46811990792611979, 7.201313140623236464, 1.472800000000076937 ) ) ;
#4254 = EDGE_CURVE ( 'NONE', #6780, #484, #1215, .T. ) ;
#4255 = EDGE_CURVE ( 'NONE', #2028, #7162, #5353, .T. ) ;
#4256 = CARTESIAN_POINT ( 'NONE',  ( -37.83416990792612467, 6.890163140623350557, -9.267789755157156861 ) ) ;
#4257 = PRESENTATION_LAYER_ASSIGNMENT (  '', '', ( #7116 ) ) ;
#4258 = FILL_AREA_STYLE_COLOUR ( '', #3915 ) ;
#4259 =( GEOMETRIC_REPRESENTATION_CONTEXT ( 3 ) GLOBAL_UNCERTAINTY_ASSIGNED_CONTEXT ( ( #1123 ) ) GLOBAL_UNIT_ASSIGNED_CONTEXT ( ( #3746, #6123, #745 ) ) REPRESENTATION_CONTEXT ( 'NONE', 'WORKASPACE' ) );
#4260 = LINE ( 'NONE', #3172, #5915 ) ;
#4261 = ORIENTED_EDGE ( 'NONE', *, *, #6559, .F. ) ;
#4262 = EDGE_CURVE ( 'NONE', #3424, #7054, #6632, .T. ) ;
#4263 = EDGE_LOOP ( 'NONE', ( #3528, #2607, #3251, #5191 ) ) ;
#4264 = EDGE_CURVE ( 'NONE', #7388, #6057, #539, .T. ) ;
#4265 = EDGE_LOOP ( 'NONE', ( #1813, #6849, #1892, #6234 ) ) ;
#4266 = CARTESIAN_POINT ( 'NONE',  ( -39.21211990792613022, 7.258463140623345744, -9.372999999999922949 ) ) ;
#4267 = AXIS2_PLACEMENT_3D ( 'NONE', #7545, #4796, #4762 ) ;
#4268 = CARTESIAN_POINT ( 'NONE',  ( -35.91646990792612115, 7.512463140623287572, -3.530999999999921535 ) ) ;
#4269 = LINE ( 'NONE', #70, #7077 ) ;
#4270 = DIRECTION ( 'NONE',  ( -1.000000000000000000, -0.0000000000000000000, 0.0000000000000000000 ) ) ;
#4271 = CIRCLE ( 'NONE', #6249, 0.5000000000000004441 ) ;
#4272 = DIRECTION ( 'NONE',  ( 0.0000000000000000000, -1.047444401652940007E-14, 1.000000000000000000 ) ) ;
#4273 = VERTEX_POINT ( 'NONE', #7701 ) ;
#4274 = SURFACE_STYLE_USAGE ( .BOTH. , #4848 ) ;
#4275 = PRESENTATION_STYLE_ASSIGNMENT (( #79 ) ) ;
#4276 = FACE_OUTER_BOUND ( 'NONE', #6827, .T. ) ;
#4277 = MANIFOLD_SOLID_BREP ( '128x64I2COLEDDisplay-1-solid1', #2807 ) ;
#4278 = SURFACE_STYLE_FILL_AREA ( #2402 ) ;
#4279 = LINE ( 'NONE', #6641, #6946 ) ;
#4280 = DIRECTION ( 'NONE',  ( 1.000000000000000000, 0.0000000000000000000, 0.0000000000000000000 ) ) ;
#4281 = VERTEX_POINT ( 'NONE', #7420 ) ;
#4282 = UNCERTAINTY_MEASURE_WITH_UNIT (LENGTH_MEASURE( 1.000000000000000082E-05 ), #2692, 'distance_accuracy_value', 'NONE');
#4283 = SURFACE_SIDE_STYLE ('',( #6049 ) ) ;
#4284 = FACE_BOUND ( 'NONE', #5704, .T. ) ;
#4285 = LINE ( 'NONE', #6645, #7354 ) ;
#4286 = LINE ( 'NONE', #7760, #4950 ) ;
#4287 = CARTESIAN_POINT ( 'NONE',  ( -39.21211990792613022, 7.258513140623238158, 1.218800000000076711 ) ) ;
#4288 = ORIENTED_EDGE ( 'NONE', *, *, #5999, .T. ) ;
#4289 = DIRECTION ( 'NONE',  ( -1.000000000000000000, 0.0000000000000000000, 0.0000000000000000000 ) ) ;
#4290 = PLANE ( 'NONE',  #5683 ) ;
#4291 = ORIENTED_EDGE ( 'NONE', *, *, #4306, .F. ) ;
#4292 = UNCERTAINTY_MEASURE_WITH_UNIT (LENGTH_MEASURE( 1.000000000000000082E-05 ), #5293, 'distance_accuracy_value', 'NONE');
#4293 = CYLINDRICAL_SURFACE ( 'NONE', #1981, 1.800000000000002931 ) ;
#4294 = DIRECTION ( 'NONE',  ( 0.0000000000000000000, -1.000000000000000000, -1.047444401652940007E-14 ) ) ;
#4295 = VECTOR ( 'NONE', #6239, 1000.000000000000000 ) ;
#4296 = FACE_OUTER_BOUND ( 'NONE', #5562, .T. ) ;
#4297 = ORIENTED_EDGE ( 'NONE', *, *, #1205, .F. ) ;
#4298 = VERTEX_POINT ( 'NONE', #2313 ) ;
#4299 = EDGE_CURVE ( 'NONE', #4566, #5366, #2030, .T. ) ;
#4300 = ORIENTED_EDGE ( 'NONE', *, *, #4113, .F. ) ;
#4301 = EDGE_LOOP ( 'NONE', ( #1556, #3919, #7593, #1470 ) ) ;
#4302 = PLANE ( 'NONE',  #6853 ) ;
#4303 = VECTOR ( 'NONE', #3115, 1000.000000000000000 ) ;
#4304 = EDGE_CURVE ( 'NONE', #6463, #5181, #259, .T. ) ;
#4305 = CARTESIAN_POINT ( 'NONE',  ( -28.82731649811004360, -17.69395963581152031, -1.042749610596882759 ) ) ;
#4306 = EDGE_CURVE ( 'NONE', #4870, #4089, #4618, .T. ) ;
#4307 = DIRECTION ( 'NONE',  ( -1.000000000000000000, -0.0000000000000000000, -0.0000000000000000000 ) ) ;
#4308 = AXIS2_PLACEMENT_3D ( 'NONE', #5923, #4185, #3497 ) ;
#4309 = LINE ( 'NONE', #4921, #2161 ) ;
#4310 = FACE_BOUND ( 'NONE', #4911, .T. ) ;
#4311 = CIRCLE ( 'NONE', #1026, 1.799999999999999600 ) ;
#4312 = DIRECTION ( 'NONE',  ( 0.0000000000000000000, -1.000000000000000000, -0.0000000000000000000 ) ) ;
#4313 = LINE ( 'NONE', #3712, #1342 ) ;
#4314 = ORIENTED_EDGE ( 'NONE', *, *, #6284, .T. ) ;
#4315 = CARTESIAN_POINT ( 'NONE',  ( -28.82731649811006136, -18.28136185513362477, -0.3668299596730744683 ) ) ;
#4316 = VECTOR ( 'NONE', #6383, 1000.000000000000000 ) ;
#4317 = CARTESIAN_POINT ( 'NONE',  ( -46.88039062757600561, 7.056012965964359118, -0.2449999999999997735 ) ) ;
#4318 = CARTESIAN_POINT ( 'NONE',  ( -35.29411990792612386, 6.032913140623267445, -1.575199999999936429 ) ) ;
#4319 = CARTESIAN_POINT ( 'NONE',  ( -37.83416990792612467, 7.512463140623347080, -9.118999999999918060 ) ) ;
#4320 = SURFACE_STYLE_USAGE ( .BOTH. , #598 ) ;
#4321 = ORIENTED_EDGE ( 'NONE', *, *, #5518, .T. ) ;
#4322 = AXIS2_PLACEMENT_3D ( 'NONE', #149, #2515, #1848 ) ;
#4323 = ORIENTED_EDGE ( 'NONE', *, *, #2840, .F. ) ;
#4324 = DIRECTION ( 'NONE',  ( 0.0000000000000000000, 0.0000000000000000000, 1.000000000000000000 ) ) ;
#4325 = LINE ( 'NONE', #1278, #5012 ) ;
#4326 = PRESENTATION_LAYER_ASSIGNMENT (  '', '', ( #7699 ) ) ;
#4327 =( NAMED_UNIT ( * ) PLANE_ANGLE_UNIT ( ) SI_UNIT ( $, .RADIAN. ) );
#4328 = LINE ( 'NONE', #5419, #3417 ) ;
#4329 = ORIENTED_EDGE ( 'NONE', *, *, #870, .T. ) ;
#4330 = ORIENTED_EDGE ( 'NONE', *, *, #7306, .F. ) ;
#4331 = ORIENTED_EDGE ( 'NONE', *, *, #5661, .T. ) ;
#4332 = ORIENTED_EDGE ( 'NONE', *, *, #5488, .T. ) ;
#4333 = AXIS2_PLACEMENT_3D ( 'NONE', #4639, #7650, #7013 ) ;
#4334 = DIRECTION ( 'NONE',  ( 1.000000000000000000, 0.0000000000000000000, 0.0000000000000000000 ) ) ;
#4335 = FILL_AREA_STYLE ('',( #1918 ) ) ;
#4336 =( GEOMETRIC_REPRESENTATION_CONTEXT ( 3 ) GLOBAL_UNCERTAINTY_ASSIGNED_CONTEXT ( ( #1752 ) ) GLOBAL_UNIT_ASSIGNED_CONTEXT ( ( #6677, #1221, #3662 ) ) REPRESENTATION_CONTEXT ( 'NONE', 'WORKASPACE' ) );
#4337 = FILL_AREA_STYLE ('',( #5605 ) ) ;
#4338 = SURFACE_SIDE_STYLE ('',( #2479 ) ) ;
#4339 = VECTOR ( 'NONE', #1216, 1000.000000000000000 ) ;
#4340 = EDGE_CURVE ( 'NONE', #3987, #3788, #2626, .T. ) ;
#4341 = CARTESIAN_POINT ( 'NONE',  ( -35.66251990792611792, 7.201313140623236464, 1.472800000000076048 ) ) ;
#4342 =( BOUNDED_CURVE ( )  B_SPLINE_CURVE ( 3, ( #2243, #4665, #2367, #4778 ),
 .UNSPECIFIED., .F., .T. ) 
 B_SPLINE_CURVE_WITH_KNOTS ( ( 4, 4 ),
 ( 1.570796326794896558, 3.141592653589782902 ),
 .UNSPECIFIED. ) 
 CURVE ( )  GEOMETRIC_REPRESENTATION_ITEM ( )  RATIONAL_B_SPLINE_CURVE ( ( 1.000000000000000000, 0.8047378541243672689, 0.8047378541243672689, 1.000000000000000000 ) ) 
 REPRESENTATION_ITEM ( '' )  );
#4343 = ORIENTED_EDGE ( 'NONE', *, *, #4108, .T. ) ;
#4344 = AXIS2_PLACEMENT_3D ( 'NONE', #5539, #701, #6753 ) ;
#4345 = EDGE_CURVE ( 'NONE', #2198, #5384, #774, .T. ) ;
#4346 = EDGE_CURVE ( 'NONE', #7329, #813, #1453, .T. ) ;
#4347 = FACE_OUTER_BOUND ( 'NONE', #1585, .T. ) ;
#4348 = MECHANICAL_DESIGN_GEOMETRIC_PRESENTATION_REPRESENTATION (  '', ( #810 ), #6337 ) ;
#4349 = PRESENTATION_LAYER_ASSIGNMENT (  '', '', ( #2317 ) ) ;
#4350 = CARTESIAN_POINT ( 'NONE',  ( -31.03331990792612061, 6.032913140623267445, -1.575199999999936429 ) ) ;
#4351 = EDGE_CURVE ( 'NONE', #3177, #2154, #6008, .T. ) ;
#4352 = SURFACE_STYLE_USAGE ( .BOTH. , #7189 ) ;
#4353 = EDGE_CURVE ( 'NONE', #4134, #4227, #7304, .T. ) ;
#4354 = STYLED_ITEM ( 'NONE', ( #1311 ), #6922 ) ;
#4355 = FACE_OUTER_BOUND ( 'NONE', #3, .T. ) ;
#4356 = VECTOR ( 'NONE', #2374, 1000.000000000000000 ) ;
#4357 = ORIENTED_EDGE ( 'NONE', *, *, #3612, .T. ) ;
#4358 = EDGE_CURVE ( 'NONE', #4945, #3364, #4915, .T. ) ;
#4359 = VECTOR ( 'NONE', #1621, 1000.000000000000000 ) ;
#4360 = UNCERTAINTY_MEASURE_WITH_UNIT (LENGTH_MEASURE( 1.000000000000000082E-05 ), #4430, 'distance_accuracy_value', 'NONE');
#4361 = CARTESIAN_POINT ( 'NONE',  ( -38.45646990792612030, 7.512463140623341751, -9.118999999999925166 ) ) ;
#4362 = DIRECTION ( 'NONE',  ( -0.0000000000000000000, -1.047444401652940007E-14, 1.000000000000000000 ) ) ;
#4363 = LINE ( 'NONE', #1310, #4222 ) ;
#4364 = CARTESIAN_POINT ( 'NONE',  ( -38.64039062757601073, 7.206012965964358585, -1.245000000000000107 ) ) ;
#4365 = AXIS2_PLACEMENT_3D ( 'NONE', #1188, #7720, #2334 ) ;
#4366 = EDGE_LOOP ( 'NONE', ( #1512, #912, #4332, #1916 ) ) ;
#4367 = ORIENTED_EDGE ( 'NONE', *, *, #2501, .T. ) ;
#4368 = UNCERTAINTY_MEASURE_WITH_UNIT (LENGTH_MEASURE( 1.000000000000000082E-05 ), #1024, 'distance_accuracy_value', 'NONE');
#4369 = VECTOR ( 'NONE', #5233, 1000.000000000000000 ) ;
#4370 = CARTESIAN_POINT ( 'NONE',  ( -39.21211990792613022, 8.369713140623263214, -1.244999999999911955 ) ) ;
#4371 = LINE ( 'NONE', #2539, #519 ) ;
#4372 = ORIENTED_EDGE ( 'NONE', *, *, #6336, .T. ) ;
#4373 = MECHANICAL_DESIGN_GEOMETRIC_PRESENTATION_REPRESENTATION (  '', ( #7239 ), #6730 ) ;
#4374 = VERTEX_POINT ( 'NONE', #2512 ) ;
#4375 = FILL_AREA_STYLE ('',( #1955 ) ) ;
#4376 = CARTESIAN_POINT ( 'NONE',  ( -30.01731990792611526, 8.369713140623266767, -1.575199999999911782 ) ) ;
#4377 = CARTESIAN_POINT ( 'NONE',  ( -39.21211990792613022, 6.032913140623287873, -3.530999999999936634 ) ) ;
#4378 = VECTOR ( 'NONE', #4464, 1000.000000000000000 ) ;
#4379 = DIRECTION ( 'NONE',  ( 0.0000000000000000000, 1.000000000000000000, -0.0000000000000000000 ) ) ;
#4380 = SURFACE_STYLE_FILL_AREA ( #4337 ) ;
#4381 =( NAMED_UNIT ( * ) PLANE_ANGLE_UNIT ( ) SI_UNIT ( $, .RADIAN. ) );
#4382 = SURFACE_STYLE_USAGE ( .BOTH. , #741 ) ;
#4383 = ORIENTED_EDGE ( 'NONE', *, *, #7200, .T. ) ;
#4384 = FACE_OUTER_BOUND ( 'NONE', #216, .T. ) ;
#4385 = CARTESIAN_POINT ( 'NONE',  ( -28.82731649811005781, -13.99920798140031053, 1.185155673769936469 ) ) ;
#4386 = ADVANCED_FACE ( 'NONE', ( #3254 ), #4302, .F. ) ;
#4387 = CARTESIAN_POINT ( 'NONE',  ( -20.98039062757600703, -18.30398703403564298, -0.2449999999999997735 ) ) ;
#4388 = VECTOR ( 'NONE', #3973, 1000.000000000000000 ) ;
#4389 = DIRECTION ( 'NONE',  ( 0.5000000000000197620, 0.8660254037844271613, 8.871936606726086209E-15 ) ) ;
#4390 =( BOUNDED_CURVE ( )  B_SPLINE_CURVE ( 3, ( #114, #5002, #7305, #2428 ),
 .UNSPECIFIED., .F., .T. ) 
 B_SPLINE_CURVE_WITH_KNOTS ( ( 4, 4 ),
 ( 1.570796326794896780, 3.141592653589790007 ),
 .UNSPECIFIED. ) 
 CURVE ( )  GEOMETRIC_REPRESENTATION_ITEM ( )  RATIONAL_B_SPLINE_CURVE ( ( 1.000000000000000000, 0.8047378541243658256, 0.8047378541243658256, 1.000000000000000000 ) ) 
 REPRESENTATION_ITEM ( '' )  );
#4391 = EDGE_CURVE ( 'NONE', #59, #215, #6835, .T. ) ;
#4392 = PLANE ( 'NONE',  #7573 ) ;
#4393 = LINE ( 'NONE', #6289, #3117 ) ;
#4394 = ORIENTED_EDGE ( 'NONE', *, *, #5944, .T. ) ;
#4395 = EDGE_CURVE ( 'NONE', #2940, #2966, #4951, .T. ) ;
#4396 = SURFACE_SIDE_STYLE ('',( #4859 ) ) ;
#4397 = FILL_AREA_STYLE ('',( #7319 ) ) ;
#4398 = LINE ( 'NONE', #3630, #5826 ) ;
#4399 = DIRECTION ( 'NONE',  ( -0.0000000000000000000, 1.000000000000000000, 0.0000000000000000000 ) ) ;
#4400 = ADVANCED_FACE ( 'NONE', ( #6785 ), #1368, .T. ) ;
#4401 =( NAMED_UNIT ( * ) SI_UNIT ( $, .STERADIAN. ) SOLID_ANGLE_UNIT ( ) );
#4402 = ORIENTED_EDGE ( 'NONE', *, *, #2441, .T. ) ;
#4403 = ORIENTED_EDGE ( 'NONE', *, *, #3047, .F. ) ;
#4404 = CARTESIAN_POINT ( 'NONE',  ( -28.82731649811005781, -14.55623890451565927, 1.164972024612541235 ) ) ;
#4405 = CARTESIAN_POINT ( 'NONE',  ( -38.35125966308335421, 6.995373385466120197, -9.372999999999922949 ) ) ;
#4406 =( LENGTH_UNIT ( ) NAMED_UNIT ( * ) SI_UNIT ( .MILLI., .METRE. ) );
#4407 = VERTEX_POINT ( 'NONE', #7623 ) ;
#4408 = ORIENTED_EDGE ( 'NONE', *, *, #7693, .F. ) ;
#4409 = VERTEX_POINT ( 'NONE', #5675 ) ;
#4410 = ORIENTED_EDGE ( 'NONE', *, *, #2681, .F. ) ;
#4411 = DIRECTION ( 'NONE',  ( 0.0000000000000000000, 0.0000000000000000000, 1.000000000000000000 ) ) ;
#4412 = COLOUR_RGB ( '',0.0000000000000000000, 0.0000000000000000000, 0.0000000000000000000 ) ;
#4413 = SURFACE_SIDE_STYLE ('',( #1996 ) ) ;
#4414 = CARTESIAN_POINT ( 'NONE',  ( -29.82736094035740138, -18.13414632975169383, 0.8895037257659451635 ) ) ;
#4415 = CARTESIAN_POINT ( 'NONE',  ( -31.03331990792612061, 8.369713140623263214, -1.575199999999936429 ) ) ;
#4416 =( NAMED_UNIT ( * ) SI_UNIT ( $, .STERADIAN. ) SOLID_ANGLE_UNIT ( ) );
#4417 = VERTEX_POINT ( 'NONE', #300 ) ;
#4418 = CARTESIAN_POINT ( 'NONE',  ( -38.20251990792611707, 7.144113140623235658, 1.472800000000075604 ) ) ;
#4419 = SURFACE_SIDE_STYLE ('',( #2001 ) ) ;
#4420 = FILL_AREA_STYLE_COLOUR ( '', #3000 ) ;
#4421 = LINE ( 'NONE', #1525, #2440 ) ;
#4422 = DIRECTION ( 'NONE',  ( 0.0000000000000000000, 0.0000000000000000000, 1.000000000000000000 ) ) ;
#4423 = ORIENTED_EDGE ( 'NONE', *, *, #1831, .T. ) ;
#4424 = PLANE ( 'NONE',  #5368 ) ;
#4425 = ORIENTED_EDGE ( 'NONE', *, *, #5015, .F. ) ;
#4426 = AXIS2_PLACEMENT_3D ( 'NONE', #3867, #7508, #380 ) ;
#4427 = FILL_AREA_STYLE_COLOUR ( '', #5105 ) ;
#4428 = DIRECTION ( 'NONE',  ( 0.0000000000000000000, 0.0000000000000000000, 1.000000000000000000 ) ) ;
#4429 = FACE_OUTER_BOUND ( 'NONE', #2871, .T. ) ;
#4430 =( LENGTH_UNIT ( ) NAMED_UNIT ( * ) SI_UNIT ( .MILLI., .METRE. ) );
#4431 = LINE ( 'NONE', #754, #3700 ) ;
#4432 = EDGE_CURVE ( 'NONE', #2583, #1619, #6598, .T. ) ;
#4433 = ADVANCED_FACE ( 'NONE', ( #2226 ), #5840, .F. ) ;
#4434 = DIRECTION ( 'NONE',  ( 0.5000000000000195399, 0.8660254037844273833, 8.871936606718107670E-15 ) ) ;
#4435 = ORIENTED_EDGE ( 'NONE', *, *, #3757, .T. ) ;
#4436 = VERTEX_POINT ( 'NONE', #2704 ) ;
#4437 = UNCERTAINTY_MEASURE_WITH_UNIT (LENGTH_MEASURE( 1.000000000000000082E-05 ), #395, 'distance_accuracy_value', 'NONE');
#4438 = EDGE_CURVE ( 'NONE', #4974, #5185, #7504, .T. ) ;
#4439 = CARTESIAN_POINT ( 'NONE',  ( -28.82731649811005781, -17.83967401293548605, 0.3825688395957673738 ) ) ;
#4440 = SURFACE_SIDE_STYLE ('',( #5030 ) ) ;
#4441 = CARTESIAN_POINT ( 'NONE',  ( -27.82731649811005781, -16.30398703403564653, -1.245000000000000107 ) ) ;
#4442 = PLANE ( 'NONE',  #6544 ) ;
#4443 = VECTOR ( 'NONE', #2153, 1000.000000000000000 ) ;
#4444 = EDGE_LOOP ( 'NONE', ( #597, #5335, #6772, #5150 ) ) ;
#4445 = VERTEX_POINT ( 'NONE', #4651 ) ;
#4446 = ORIENTED_EDGE ( 'NONE', *, *, #2010, .F. ) ;
#4447 = ORIENTED_EDGE ( 'NONE', *, *, #6041, .T. ) ;
#4448 = CARTESIAN_POINT ( 'NONE',  ( -30.83646990792611930, 6.890163140623350557, -9.267789755157160414 ) ) ;
#4449 =( NAMED_UNIT ( * ) PLANE_ANGLE_UNIT ( ) SI_UNIT ( $, .RADIAN. ) );
#4450 = FACE_OUTER_BOUND ( 'NONE', #4265, .T. ) ;
#4451 =( LENGTH_UNIT ( ) NAMED_UNIT ( * ) SI_UNIT ( .MILLI., .METRE. ) );
#4452 = ORIENTED_EDGE ( 'NONE', *, *, #6336, .F. ) ;
#4453 = AXIS2_PLACEMENT_3D ( 'NONE', #6603, #512, #7712 ) ;
#4454 = DIRECTION ( 'NONE',  ( 1.000000000000000000, 0.0000000000000000000, 0.0000000000000000000 ) ) ;
#4455 = STYLED_ITEM ( 'NONE', ( #5819 ), #334 ) ;
#4456 =( NAMED_UNIT ( * ) SI_UNIT ( $, .STERADIAN. ) SOLID_ANGLE_UNIT ( ) );
#4457 = CARTESIAN_POINT ( 'NONE',  ( -32.75416990792612637, 7.512463140623341751, -9.118999999999919837 ) ) ;
#4458 = MECHANICAL_DESIGN_GEOMETRIC_PRESENTATION_REPRESENTATION (  '', ( #7193 ), #4707 ) ;
#4459 =( GEOMETRIC_REPRESENTATION_CONTEXT ( 3 ) GLOBAL_UNCERTAINTY_ASSIGNED_CONTEXT ( ( #3159 ) ) GLOBAL_UNIT_ASSIGNED_CONTEXT ( ( #5534, #6787, #1881 ) ) REPRESENTATION_CONTEXT ( 'NONE', 'WORKASPACE' ) );
#4460 = DIRECTION ( 'NONE',  ( 1.000000000000000000, -0.0000000000000000000, 0.0000000000000000000 ) ) ;
#4461 = MECHANICAL_DESIGN_GEOMETRIC_PRESENTATION_REPRESENTATION (  '', ( #4455 ), #6439 ) ;
#4462 =( NAMED_UNIT ( * ) SI_UNIT ( $, .STERADIAN. ) SOLID_ANGLE_UNIT ( ) );
#4463 = ORIENTED_EDGE ( 'NONE', *, *, #2593, .T. ) ;
#4464 = DIRECTION ( 'NONE',  ( -0.0000000000000000000, -1.000000000000000000, -1.047444401652940007E-14 ) ) ;
#4465 = EDGE_LOOP ( 'NONE', ( #4367, #923, #4136, #2699 ) ) ;
#4466 = CIRCLE ( 'NONE', #6200, 0.5000000000000004441 ) ;
#4467 = CARTESIAN_POINT ( 'NONE',  ( -28.82731649811005781, -18.28388708950198804, -0.2449552275043981875 ) ) ;
#4468 = CARTESIAN_POINT ( 'NONE',  ( -34.33039062757600846, -18.30398703403564653, -1.245000000000000107 ) ) ;
#4469 = DIRECTION ( 'NONE',  ( 0.0000000000000000000, 1.047444401652940007E-14, -1.000000000000000000 ) ) ;
#4470 = CARTESIAN_POINT ( 'NONE',  ( -37.19401384467461469, 6.032913140623324288, -3.530999999999936634 ) ) ;
#4471 = CARTESIAN_POINT ( 'NONE',  ( -28.82731649811005781, -16.30398703403564653, -1.254999999999999893 ) ) ;
#4472 = VECTOR ( 'NONE', #4761, 1000.000000000000000 ) ;
#4473 =( LENGTH_UNIT ( ) NAMED_UNIT ( * ) SI_UNIT ( .MILLI., .METRE. ) );
#4474 = ORIENTED_EDGE ( 'NONE', *, *, #6043, .F. ) ;
#4475 = EDGE_LOOP ( 'NONE', ( #4489, #6838 ) ) ;
#4476 = CARTESIAN_POINT ( 'NONE',  ( -40.82733246553401329, -18.28388708950198449, -0.2449552275043976879 ) ) ;
#4477 = DIRECTION ( 'NONE',  ( 1.000000000000000000, 0.0000000000000000000, 0.0000000000000000000 ) ) ;
#4478 = SURFACE_SIDE_STYLE ('',( #2056 ) ) ;
#4479 = PRESENTATION_LAYER_ASSIGNMENT (  '', '', ( #1566 ) ) ;
#4480 = ADVANCED_FACE ( 'NONE', ( #3342 ), #4522, .F. ) ;
#4481 = CARTESIAN_POINT ( 'NONE',  ( -34.65401384467411816, 8.369713140623288083, -3.530999999999912209 ) ) ;
#4482 = STYLED_ITEM ( 'NONE', ( #6013 ), #4060 ) ;
#4483 = CARTESIAN_POINT ( 'NONE',  ( -29.82736094035740138, -14.00398703403564227, 1.215000000000000080 ) ) ;
#4484 = EDGE_CURVE ( 'NONE', #7607, #3953, #5725, .T. ) ;
#4485 = EDGE_LOOP ( 'NONE', ( #5351, #6322, #5871, #7086 ) ) ;
#4486 = EDGE_LOOP ( 'NONE', ( #7231, #1090 ) ) ;
#4487 = STYLED_ITEM ( 'NONE', ( #7123 ), #4864 ) ;
#4488 =( LENGTH_UNIT ( ) NAMED_UNIT ( * ) SI_UNIT ( .MILLI., .METRE. ) );
#4489 = ORIENTED_EDGE ( 'NONE', *, *, #2855, .T. ) ;
#4490 = LINE ( 'NONE', #4913, #6711 ) ;
#4491 = ADVANCED_FACE ( 'NONE', ( #3902 ), #5151, .F. ) ;
#4492 = PRESENTATION_LAYER_ASSIGNMENT (  '', '', ( #78 ) ) ;
#4493 = ADVANCED_FACE ( 'NONE', ( #6317 ), #940, .F. ) ;
#4494 = EDGE_CURVE ( 'NONE', #3936, #843, #2781, .T. ) ;
#4495 = DIRECTION ( 'NONE',  ( 1.000000000000000000, 0.0000000000000000000, 0.0000000000000000000 ) ) ;
#4496 = ORIENTED_EDGE ( 'NONE', *, *, #3813, .F. ) ;
#4497 = CARTESIAN_POINT ( 'NONE',  ( -36.49090250368526256, -14.00398703403564227, 1.205000000000000071 ) ) ;
#4498 = VECTOR ( 'NONE', #5827, 1000.000000000000000 ) ;
#4499 = FILL_AREA_STYLE ('',( #3910 ) ) ;
#4500 = CARTESIAN_POINT ( 'NONE',  ( -32.85938015276888535, 7.407252895780580992, -9.372999999999919396 ) ) ;
#4501 = LINE ( 'NONE', #6285, #3895 ) ;
#4502 = VECTOR ( 'NONE', #5472, 1000.000000000000114 ) ;
#4503 = CARTESIAN_POINT ( 'NONE',  ( -20.98039062757600703, -16.50398703403563871, -1.245000000000000107 ) ) ;
#4504 = ORIENTED_EDGE ( 'NONE', *, *, #3467, .F. ) ;
#4505 = LINE ( 'NONE', #6887, #3483 ) ;
#4506 = VERTEX_POINT ( 'NONE', #1600 ) ;
#4507 = CARTESIAN_POINT ( 'NONE',  ( -39.82267328534919670, -14.00398703403564049, 1.215000000000000080 ) ) ;
#4508 = CARTESIAN_POINT ( 'NONE',  ( -38.08811990792612079, 7.258513140623235493, 1.472800000000075382 ) ) ;
#4509 = CARTESIAN_POINT ( 'NONE',  ( -28.82731649811006136, -16.56462454409308904, -1.259197900737540454 ) ) ;
#4510 = CARTESIAN_POINT ( 'NONE',  ( -35.29416990792612552, 6.890163140623348781, -9.118999999999921613 ) ) ;
#4511 = VERTEX_POINT ( 'NONE', #5802 ) ;
#4512 = VERTEX_POINT ( 'NONE', #4093 ) ;
#4513 = CARTESIAN_POINT ( 'NONE',  ( -34.33039062757600846, -3.003987034035643600, -1.245000000000000107 ) ) ;
#4514 = CARTESIAN_POINT ( 'NONE',  ( -45.11039062757600249, -8.053987034035651860, 1.265000000000000124 ) ) ;
#4515 = CARTESIAN_POINT ( 'NONE',  ( -47.68039062757600988, -18.30398703403564653, -1.245000000000000107 ) ) ;
#4516 = LINE ( 'NONE', #369, #6972 ) ;
#4517 = DIRECTION ( 'NONE',  ( 0.0000000000000000000, -1.000000000000000000, -1.047444401652940007E-14 ) ) ;
#4518 = ORIENTED_EDGE ( 'NONE', *, *, #2304, .T. ) ;
#4519 = ORIENTED_EDGE ( 'NONE', *, *, #3914, .T. ) ;
#4520 = ORIENTED_EDGE ( 'NONE', *, *, #877, .T. ) ;
#4521 = DIRECTION ( 'NONE',  ( 0.0000000000000000000, -1.047444401652940007E-14, 1.000000000000000000 ) ) ;
#4522 = PLANE ( 'NONE',  #6209 ) ;
#4523 = LINE ( 'NONE', #6907, #6514 ) ;
#4524 = ORIENTED_EDGE ( 'NONE', *, *, #30, .T. ) ;
#4525 = EDGE_CURVE ( 'NONE', #5771, #1483, #1131, .T. ) ;
#4526 = LINE ( 'NONE', #2786, #571 ) ;
#4527 = ORIENTED_EDGE ( 'NONE', *, *, #4201, .F. ) ;
#4528 = CARTESIAN_POINT ( 'NONE',  ( -22.78039062757601130, -18.30398703403564298, -0.2449999999999997735 ) ) ;
#4529 = CARTESIAN_POINT ( 'NONE',  ( -32.75411990792613182, 7.512513140623237717, 1.472800000000079601 ) ) ;
#4530 = EDGE_CURVE ( 'NONE', #354, #4114, #4173, .T. ) ;
#4531 = EDGE_CURVE ( 'NONE', #4445, #5414, #3559, .T. ) ;
#4532 = CARTESIAN_POINT ( 'NONE',  ( -33.37646990792611490, 7.512463140623347080, -9.118999999999923389 ) ) ;
#4533 = DIRECTION ( 'NONE',  ( 1.000000000000000000, 8.673617379883998987E-16, -0.0000000000000000000 ) ) ;
#4534 = FILL_AREA_STYLE ('',( #2632 ) ) ;
#4535 =( GEOMETRIC_REPRESENTATION_CONTEXT ( 3 ) GLOBAL_UNCERTAINTY_ASSIGNED_CONTEXT ( ( #6293 ) ) GLOBAL_UNIT_ASSIGNED_CONTEXT ( ( #2385, #3450, #7768 ) ) REPRESENTATION_CONTEXT ( 'NONE', 'WORKASPACE' ) );
#4536 = LINE ( 'NONE', #3951, #6683 ) ;
#4537 = ORIENTED_EDGE ( 'NONE', *, *, #6970, .T. ) ;
#4538 = LINE ( 'NONE', #3423, #2052 ) ;
#4539 = ORIENTED_EDGE ( 'NONE', *, *, #7109, .F. ) ;
#4540 = PLANE ( 'NONE',  #1573 ) ;
#4541 = CARTESIAN_POINT ( 'NONE',  ( -36.11331990792611890, 8.369713140623263214, -1.575199999999936429 ) ) ;
#4542 = VECTOR ( 'NONE', #3984, 1000.000000000000000 ) ;
#4543 = DIRECTION ( 'NONE',  ( 0.0000000000000000000, 0.0000000000000000000, 1.000000000000000000 ) ) ;
#4544 = FILL_AREA_STYLE_COLOUR ( '', #1430 ) ;
#4545 =( LENGTH_UNIT ( ) NAMED_UNIT ( * ) SI_UNIT ( .MILLI., .METRE. ) );
#4546 = FILL_AREA_STYLE_COLOUR ( '', #4246 ) ;
#4547 = VERTEX_POINT ( 'NONE', #5416 ) ;
#4548 = ORIENTED_EDGE ( 'NONE', *, *, #4438, .F. ) ;
#4549 = FACE_OUTER_BOUND ( 'NONE', #1437, .T. ) ;
#4550 = CARTESIAN_POINT ( 'NONE',  ( -36.90071990792588252, 7.861713140623444396, -3.530999999999914873 ) ) ;
#4551 = CARTESIAN_POINT ( 'NONE',  ( -22.78039062757601130, 7.056012965964359118, -1.264999999999999902 ) ) ;
#4552 = LINE ( 'NONE', #4481, #4015 ) ;
#4553 =( LENGTH_UNIT ( ) NAMED_UNIT ( * ) SI_UNIT ( .MILLI., .METRE. ) );
#4554 = DIRECTION ( 'NONE',  ( 1.000000000000000000, 0.0000000000000000000, 0.0000000000000000000 ) ) ;
#4555 = CARTESIAN_POINT ( 'NONE',  ( -44.88039062757600561, -16.50398703403563871, -1.264999999999999902 ) ) ;
#4556 = EDGE_LOOP ( 'NONE', ( #3444, #4423, #5649, #7696 ) ) ;
#4557 = VERTEX_POINT ( 'NONE', #1242 ) ;
#4558 =( GEOMETRIC_REPRESENTATION_CONTEXT ( 3 ) GLOBAL_UNCERTAINTY_ASSIGNED_CONTEXT ( ( #1986 ) ) GLOBAL_UNIT_ASSIGNED_CONTEXT ( ( #3288, #5070, #6231 ) ) REPRESENTATION_CONTEXT ( 'NONE', 'WORKASPACE' ) );
#4559 = CARTESIAN_POINT ( 'NONE',  ( -20.98039062757601059, 7.056012965964359118, -1.264999999999999902 ) ) ;
#4560 = ORIENTED_EDGE ( 'NONE', *, *, #2791, .T. ) ;
#4561 = CARTESIAN_POINT ( 'NONE',  ( -28.82731649811006136, -17.34713668424583943, 0.6544084639867290276 ) ) ;
#4562 = DIRECTION ( 'NONE',  ( 0.0000000000000000000, 0.0000000000000000000, -1.000000000000000000 ) ) ;
#4563 = STYLED_ITEM ( 'NONE', ( #5238 ), #3312 ) ;
#4564 = CARTESIAN_POINT ( 'NONE',  ( -34.33039062757600846, -12.62398703403564149, 1.205000000000000071 ) ) ;
#4565 = LINE ( 'NONE', #945, #5306 ) ;
#4566 = VERTEX_POINT ( 'NONE', #6 ) ;
#4567 = SURFACE_STYLE_USAGE ( .BOTH. , #5943 ) ;
#4568 = ORIENTED_EDGE ( 'NONE', *, *, #7741, .F. ) ;
#4569 = FILL_AREA_STYLE_COLOUR ( '', #735 ) ;
#4570 = VECTOR ( 'NONE', #7387, 1000.000000000000000 ) ;
#4571 = SURFACE_STYLE_FILL_AREA ( #7032 ) ;
#4572 = SURFACE_STYLE_USAGE ( .BOTH. , #2082 ) ;
#4573 = CARTESIAN_POINT ( 'NONE',  ( -21.08039062757600846, -14.00398703403564227, -0.2449999999999997735 ) ) ;
#4574 = CARTESIAN_POINT ( 'NONE',  ( -30.21416990792612367, 7.512463140623343527, -9.118999999999918060 ) ) ;
#4575 = AXIS2_PLACEMENT_3D ( 'NONE', #5115, #936, #6271 ) ;
#4576 = EDGE_CURVE ( 'NONE', #2198, #1397, #2419, .T. ) ;
#4577 = ORIENTED_EDGE ( 'NONE', *, *, #2099, .T. ) ;
#4578 = EDGE_CURVE ( 'NONE', #863, #2068, #7691, .T. ) ;
#4579 = DIRECTION ( 'NONE',  ( -1.000000000000000000, -0.0000000000000000000, -0.0000000000000000000 ) ) ;
#4580 = ORIENTED_EDGE ( 'NONE', *, *, #3909, .T. ) ;
#4581 = SURFACE_STYLE_USAGE ( .BOTH. , #7594 ) ;
#4582 = VECTOR ( 'NONE', #7640, 1000.000000000000000 ) ;
#4583 =( GEOMETRIC_REPRESENTATION_CONTEXT ( 3 ) GLOBAL_UNCERTAINTY_ASSIGNED_CONTEXT ( ( #5443 ) ) GLOBAL_UNIT_ASSIGNED_CONTEXT ( ( #7411, #7452, #1550 ) ) REPRESENTATION_CONTEXT ( 'NONE', 'WORKASPACE' ) );
#4584 = LINE ( 'NONE', #999, #5354 ) ;
#4585 = EDGE_CURVE ( 'NONE', #7637, #3989, #1202, .T. ) ;
#4586 = CARTESIAN_POINT ( 'NONE',  ( -28.82731649811006136, -17.05636897394360219, -1.250249856270432947 ) ) ;
#4587 = EDGE_CURVE ( 'NONE', #3953, #6470, #3488, .T. ) ;
#4588 = AXIS2_PLACEMENT_3D ( 'NONE', #5319, #397, #357 ) ;
#4589 = PRESENTATION_STYLE_ASSIGNMENT (( #7747 ) ) ;
#4590 = EDGE_CURVE ( 'NONE', #3405, #2584, #1516, .T. ) ;
#4591 = ADVANCED_FACE ( 'NONE', ( #5949 ), #3640, .T. ) ;
#4592 = COLOUR_RGB ( '',0.0000000000000000000, 0.5019607843137254832, 1.000000000000000000 ) ;
#4593 = STYLED_ITEM ( 'NONE', ( #2765 ), #6340 ) ;
#4594 = CARTESIAN_POINT ( 'NONE',  ( -30.83646990792612641, 7.512463140623350633, -9.118999999999928718 ) ) ;
#4595 =( BOUNDED_CURVE ( )  B_SPLINE_CURVE ( 3, ( #5656, #7555, #2160, #1462 ),
 .UNSPECIFIED., .F., .T. ) 
 B_SPLINE_CURVE_WITH_KNOTS ( ( 4, 4 ),
 ( 0.0000000000000000000, 1.570796326794896558 ),
 .UNSPECIFIED. ) 
 CURVE ( )  GEOMETRIC_REPRESENTATION_ITEM ( )  RATIONAL_B_SPLINE_CURVE ( ( 1.000000000000000000, 0.8047378541243649375, 0.8047378541243649375, 1.000000000000000000 ) ) 
 REPRESENTATION_ITEM ( '' )  );
#4596 = ORIENTED_EDGE ( 'NONE', *, *, #5060, .T. ) ;
#4597 = VECTOR ( 'NONE', #4807, 1000.000000000000000 ) ;
#4598 = CARTESIAN_POINT ( 'NONE',  ( -32.75411990792612471, 6.890113140623243204, 1.218800000000072270 ) ) ;
#4599 = CARTESIAN_POINT ( 'NONE',  ( -30.21411990792612556, 6.890113140623235211, 1.472800000000072718 ) ) ;
#4600 = AXIS2_PLACEMENT_3D ( 'NONE', #5647, #785, #5086 ) ;
#4601 = CARTESIAN_POINT ( 'NONE',  ( -21.08039062757600846, 5.256012965964359296, -0.2449999999999997735 ) ) ;
#4602 = LINE ( 'NONE', #2218, #1565 ) ;
#4603 = LINE ( 'NONE', #2868, #4933 ) ;
#4604 = ORIENTED_EDGE ( 'NONE', *, *, #7741, .T. ) ;
#4605 = ORIENTED_EDGE ( 'NONE', *, *, #616, .T. ) ;
#4606 = AXIS2_PLACEMENT_3D ( 'NONE', #5407, #6055, #7321 ) ;
#4607 = FACE_OUTER_BOUND ( 'NONE', #7690, .T. ) ;
#4608 = ORIENTED_EDGE ( 'NONE', *, *, #2608, .F. ) ;
#4609 = LINE ( 'NONE', #4022, #684 ) ;
#4610 = CARTESIAN_POINT ( 'NONE',  ( -35.60039062757600448, 7.206012965964358585, -1.245000000000000107 ) ) ;
#4611 = AXIS2_PLACEMENT_3D ( 'NONE', #3245, #845, #3894 ) ;
#4612 = VECTOR ( 'NONE', #1307, 1000.000000000000000 ) ;
#4613 = PRESENTATION_STYLE_ASSIGNMENT (( #1518 ) ) ;
#4614 =( GEOMETRIC_REPRESENTATION_CONTEXT ( 3 ) GLOBAL_UNCERTAINTY_ASSIGNED_CONTEXT ( ( #406 ) ) GLOBAL_UNIT_ASSIGNED_CONTEXT ( ( #2489, #3127, #7318 ) ) REPRESENTATION_CONTEXT ( 'NONE', 'WORKASPACE' ) );
#4615 = DIRECTION ( 'NONE',  ( 0.8660254037844272723, -0.5000000000000197620, -5.237222008264905926E-15 ) ) ;
#4616 = ORIENTED_EDGE ( 'NONE', *, *, #4013, .T. ) ;
#4617 = VECTOR ( 'NONE', #2047, 1000.000000000000000 ) ;
#4618 = CIRCLE ( 'NONE', #2848, 1.799999999999999600 ) ;
#4619 = ORIENTED_EDGE ( 'NONE', *, *, #4345, .F. ) ;
#4620 = CARTESIAN_POINT ( 'NONE',  ( -22.78039062757601130, 7.056012965964359118, -1.264999999999999902 ) ) ;
#4621 = CARTESIAN_POINT ( 'NONE',  ( -28.82731649811005781, -18.11334830678238461, -0.7435084826342410746 ) ) ;
#4622 = VECTOR ( 'NONE', #1832, 1000.000000000000000 ) ;
#4623 = SURFACE_SIDE_STYLE ('',( #7035 ) ) ;
#4624 = DIRECTION ( 'NONE',  ( 0.0000000000000000000, 0.0000000000000000000, 1.000000000000000000 ) ) ;
#4625 = LINE ( 'NONE', #2717, #6423 ) ;
#4626 = VERTEX_POINT ( 'NONE', #4684 ) ;
#4627 = CARTESIAN_POINT ( 'NONE',  ( -35.29411990792612386, 6.890113140623252086, 1.218800000000072270 ) ) ;
#4628 = ORIENTED_EDGE ( 'NONE', *, *, #4353, .T. ) ;
#4629 = CYLINDRICAL_SURFACE ( 'NONE', #7353, 0.2539999999999972835 ) ;
#4630 = CARTESIAN_POINT ( 'NONE',  ( -45.11039062757600249, 3.166012965964347003, 1.265000000000000124 ) ) ;
#4631 = CIRCLE ( 'NONE', #4751, 1.800000000000002931 ) ;
#4632 = DIRECTION ( 'NONE',  ( -1.000000000000000000, 0.0000000000000000000, 0.0000000000000000000 ) ) ;
#4633 = VECTOR ( 'NONE', #2484, 1000.000000000000000 ) ;
#4634 = CARTESIAN_POINT ( 'NONE',  ( -45.88039062757600561, -16.50398703403563871, -1.264999999999999902 ) ) ;
#4635 = ADVANCED_FACE ( 'NONE', ( #2383 ), #7661, .F. ) ;
#4636 = LINE ( 'NONE', #2858, #5852 ) ;
#4637 = VERTEX_POINT ( 'NONE', #4794 ) ;
#4638 = EDGE_LOOP ( 'NONE', ( #2819, #1195, #3688, #1504 ) ) ;
#4639 = CARTESIAN_POINT ( 'NONE',  ( -45.88039062757600561, -16.50398703403563871, -0.2349999999999997369 ) ) ;
#4640 = LINE ( 'NONE', #3285, #4359 ) ;
#4641 = EDGE_CURVE ( 'NONE', #3527, #4436, #444, .T. ) ;
#4642 = ADVANCED_FACE ( 'NONE', ( #2946 ), #624, .T. ) ;
#4643 = DIRECTION ( 'NONE',  ( 1.000000000000000000, 0.0000000000000000000, 0.0000000000000000000 ) ) ;
#4644 = CARTESIAN_POINT ( 'NONE',  ( -24.58039062757600846, -16.50398703403563871, -1.264999999999999902 ) ) ;
#4645 = PRESENTATION_STYLE_ASSIGNMENT (( #2219 ) ) ;
#4646 = AXIS2_PLACEMENT_3D ( 'NONE', #1431, #6700, #6141 ) ;
#4647 = FILL_AREA_STYLE_COLOUR ( '', #7056 ) ;
#4648 = ORIENTED_EDGE ( 'NONE', *, *, #1768, .F. ) ;
#4649 = ORIENTED_EDGE ( 'NONE', *, *, #1484, .F. ) ;
#4650 = ORIENTED_EDGE ( 'NONE', *, *, #2550, .T. ) ;
#4651 = CARTESIAN_POINT ( 'NONE',  ( -21.08039062757600846, 5.256012965964359296, -0.2449999999999999956 ) ) ;
#4652 = FILL_AREA_STYLE_COLOUR ( '', #4412 ) ;
#4653 = PRESENTATION_STYLE_ASSIGNMENT (( #7626 ) ) ;
#4654 = ORIENTED_EDGE ( 'NONE', *, *, #3179, .F. ) ;
#4655 = DIRECTION ( 'NONE',  ( -0.8665316060966604672, 0.4991222051116759872, 0.0000000000000000000 ) ) ;
#4656 = CARTESIAN_POINT ( 'NONE',  ( -23.55039062757601087, 3.166012965964347003, 1.255000000000000115 ) ) ;
#4657 = CARTESIAN_POINT ( 'NONE',  ( -40.94731649811006235, -17.89567592258572404, -0.9547890766329637513 ) ) ;
#4658 = SURFACE_STYLE_FILL_AREA ( #7072 ) ;
#4659 = SURFACE_SIDE_STYLE ('',( #5815 ) ) ;
#4660 = ORIENTED_EDGE ( 'NONE', *, *, #147, .F. ) ;
#4661 = FACE_OUTER_BOUND ( 'NONE', #7750, .T. ) ;
#4662 = ORIENTED_EDGE ( 'NONE', *, *, #7543, .T. ) ;
#4663 = LINE ( 'NONE', #7078, #3473 ) ;
#4664 = CARTESIAN_POINT ( 'NONE',  ( -34.65401384467418211, 6.032913140623300308, -1.244999999999936158 ) ) ;
#4665 = CARTESIAN_POINT ( 'NONE',  ( -33.27130966308335047, 6.995323385466003963, 1.472800000000072940 ) ) ;
#4666 = CARTESIAN_POINT ( 'NONE',  ( -40.82731649811006491, -18.10562529651155117, -0.7373595690760407217 ) ) ;
#4667 =( NAMED_UNIT ( * ) PLANE_ANGLE_UNIT ( ) SI_UNIT ( $, .RADIAN. ) );
#4668 = ORIENTED_EDGE ( 'NONE', *, *, #3280, .T. ) ;
#4669 = AXIS2_PLACEMENT_3D ( 'NONE', #6869, #6275, #5677 ) ;
#4670 = ORIENTED_EDGE ( 'NONE', *, *, #2644, .T. ) ;
#4671 = UNCERTAINTY_MEASURE_WITH_UNIT (LENGTH_MEASURE( 1.000000000000000082E-05 ), #5770, 'distance_accuracy_value', 'NONE');
#4672 = CARTESIAN_POINT ( 'NONE',  ( -30.31938015276888265, 6.995373385466113092, -9.372999999999924725 ) ) ;
#4673 = CARTESIAN_POINT ( 'NONE',  ( -23.82731649811006136, -9.423987034035643973, -1.254999999999999893 ) ) ;
#4674 = EDGE_CURVE ( 'NONE', #1424, #4566, #3207, .T. ) ;
#4675 = MECHANICAL_DESIGN_GEOMETRIC_PRESENTATION_REPRESENTATION (  '', ( #5781 ), #632 ) ;
#4676 = EDGE_CURVE ( 'NONE', #6470, #150, #4901, .T. ) ;
#4677 = ORIENTED_EDGE ( 'NONE', *, *, #6970, .F. ) ;
#4678 = ADVANCED_FACE ( 'NONE', ( #7410, #5522 ), #6656, .T. ) ;
#4679 = ORIENTED_EDGE ( 'NONE', *, *, #1684, .F. ) ;
#4680 = ADVANCED_FACE ( 'NONE', ( #5495 ), #4940, .T. ) ;
#4681 = DIRECTION ( 'NONE',  ( 0.0000000000000000000, -1.000000000000000000, -1.047444401652940007E-14 ) ) ;
#4682 = ORIENTED_EDGE ( 'NONE', *, *, #2158, .T. ) ;
#4683 = VECTOR ( 'NONE', #6949, 1000.000000000000000 ) ;
#4684 = CARTESIAN_POINT ( 'NONE',  ( -33.12251990792611878, 7.258513140623235493, 1.472800000000076714 ) ) ;
#4685 = EDGE_CURVE ( 'NONE', #3890, #4152, #1987, .T. ) ;
#4686 = EDGE_CURVE ( 'NONE', #5602, #4244, #3728, .T. ) ;
#4687 = PRESENTATION_STYLE_ASSIGNMENT (( #2081 ) ) ;
#4688 = FACE_BOUND ( 'NONE', #6332, .T. ) ;
#4689 = PLANE ( 'NONE',  #907 ) ;
#4690 = AXIS2_PLACEMENT_3D ( 'NONE', #1510, #893, #6354 ) ;
#4691 = ORIENTED_EDGE ( 'NONE', *, *, #4247, .T. ) ;
#4692 = VERTEX_POINT ( 'NONE', #763 ) ;
#4693 = CARTESIAN_POINT ( 'NONE',  ( -29.82734586157200241, -14.00398703403564049, 1.209999965707260872 ) ) ;
#4694 = CARTESIAN_POINT ( 'NONE',  ( -40.82731649811006491, -17.69795780918340000, -1.051763686027078482 ) ) ;
#4695 =( NAMED_UNIT ( * ) PLANE_ANGLE_UNIT ( ) SI_UNIT ( $, .RADIAN. ) );
#4696 = CARTESIAN_POINT ( 'NONE',  ( -32.75416990792612637, 6.890163140623317695, -3.530999999999928196 ) ) ;
#4697 = SURFACE_STYLE_FILL_AREA ( #2275 ) ;
#4698 = ORIENTED_EDGE ( 'NONE', *, *, #5435, .T. ) ;
#4699 = FACE_OUTER_BOUND ( 'NONE', #6408, .T. ) ;
#4700 = SURFACE_SIDE_STYLE ('',( #3470 ) ) ;
#4701 = CARTESIAN_POINT ( 'NONE',  ( -32.75411990792612471, 6.890113140623243204, 1.218800000000072270 ) ) ;
#4702 = STYLED_ITEM ( 'NONE', ( #6714 ), #3511 ) ;
#4703 = AXIS2_PLACEMENT_3D ( 'NONE', #6571, #6531, #5265 ) ;
#4704 = SURFACE_SIDE_STYLE ('',( #5896 ) ) ;
#4705 = CARTESIAN_POINT ( 'NONE',  ( -34.33039062757600846, -3.003987034035643600, -1.245000000000000107 ) ) ;
#4706 = ORIENTED_EDGE ( 'NONE', *, *, #6868, .T. ) ;
#4707 =( GEOMETRIC_REPRESENTATION_CONTEXT ( 3 ) GLOBAL_UNCERTAINTY_ASSIGNED_CONTEXT ( ( #801 ) ) GLOBAL_UNIT_ASSIGNED_CONTEXT ( ( #5215, #6409, #1186 ) ) REPRESENTATION_CONTEXT ( 'NONE', 'WORKASPACE' ) );
#4708 = ORIENTED_EDGE ( 'NONE', *, *, #2954, .F. ) ;
#4709 = FILL_AREA_STYLE_COLOUR ( '', #661 ) ;
#4710 = MECHANICAL_DESIGN_GEOMETRIC_PRESENTATION_REPRESENTATION (  '', ( #294 ), #4336 ) ;
#4711 = DIRECTION ( 'NONE',  ( 0.0000000000000000000, 0.0000000000000000000, 1.000000000000000000 ) ) ;
#4712 = FACE_OUTER_BOUND ( 'NONE', #5359, .T. ) ;
#4713 = FACE_OUTER_BOUND ( 'NONE', #2943, .T. ) ;
#4714 =( GEOMETRIC_REPRESENTATION_CONTEXT ( 3 ) GLOBAL_UNCERTAINTY_ASSIGNED_CONTEXT ( ( #711 ) ) GLOBAL_UNIT_ASSIGNED_CONTEXT ( ( #1103, #1800, #964 ) ) REPRESENTATION_CONTEXT ( 'NONE', 'WORKASPACE' ) );
#4715 = ORIENTED_EDGE ( 'NONE', *, *, #4113, .T. ) ;
#4716 = PRESENTATION_STYLE_ASSIGNMENT (( #2942 ) ) ;
#4717 = EDGE_LOOP ( 'NONE', ( #1146, #1751, #496, #180 ) ) ;
#4718 = CARTESIAN_POINT ( 'NONE',  ( -38.45651990792611485, 6.890113140623267185, -1.575199999999927547 ) ) ;
#4719 = EDGE_CURVE ( 'NONE', #7618, #107, #170, .T. ) ;
#4720 = FILL_AREA_STYLE ('',( #5307 ) ) ;
#4721 = STYLED_ITEM ( 'NONE', ( #7667 ), #438 ) ;
#4722 =( LENGTH_UNIT ( ) NAMED_UNIT ( * ) SI_UNIT ( .MILLI., .METRE. ) );
#4723 = ADVANCED_FACE ( 'NONE', ( #5217 ), #2735, .T. ) ;
#4724 = CARTESIAN_POINT ( 'NONE',  ( -37.19401384467411731, 8.369713140623263214, -1.244999999999913287 ) ) ;
#4725 = FILL_AREA_STYLE_COLOUR ( '', #6662 ) ;
#4726 = EDGE_LOOP ( 'NONE', ( #6791, #5818, #5934, #6994, #5526, #5890, #5403, #545, #5271, #4090, #7481, #4402, #3552, #4548, #4660, #7590, #2777, #5990, #3889, #2014, #49, #7658 ) ) ;
#4727 = VECTOR ( 'NONE', #127, 1000.000000000000000 ) ;
#4728 = VECTOR ( 'NONE', #6350, 1000.000000000000000 ) ;
#4729 = ORIENTED_EDGE ( 'NONE', *, *, #2365, .T. ) ;
#4730 = EDGE_CURVE ( 'NONE', #6664, #3968, #2215, .T. ) ;
#4731 = CARTESIAN_POINT ( 'NONE',  ( -38.08811990792612079, 7.258513140623235493, 1.472800000000075382 ) ) ;
#4732 = CARTESIAN_POINT ( 'NONE',  ( -39.82267328534919670, -18.29409031937256103, -0.2464335406786998528 ) ) ;
#4733 = SURFACE_STYLE_FILL_AREA ( #5888 ) ;
#4734 = EDGE_CURVE ( 'NONE', #7637, #3772, #1007, .T. ) ;
#4735 = FILL_AREA_STYLE_COLOUR ( '', #4592 ) ;
#4736 =( GEOMETRIC_REPRESENTATION_CONTEXT ( 3 ) GLOBAL_UNCERTAINTY_ASSIGNED_CONTEXT ( ( #5291 ) ) GLOBAL_UNIT_ASSIGNED_CONTEXT ( ( #5902, #2932, #4821 ) ) REPRESENTATION_CONTEXT ( 'NONE', 'WORKASPACE' ) );
#4737 = VECTOR ( 'NONE', #2474, 1000.000000000000000 ) ;
#4738 =( NAMED_UNIT ( * ) PLANE_ANGLE_UNIT ( ) SI_UNIT ( $, .RADIAN. ) );
#4739 = VERTEX_POINT ( 'NONE', #7562 ) ;
#4740 = DIRECTION ( 'NONE',  ( 0.0000000000000000000, 0.0000000000000000000, -1.000000000000000000 ) ) ;
#4741 = PLANE ( 'NONE',  #1931 ) ;
#4742 = VECTOR ( 'NONE', #6397, 1000.000000000000000 ) ;
#4743 = FILL_AREA_STYLE ('',( #5320 ) ) ;
#4744 = DIRECTION ( 'NONE',  ( -1.000000000000000000, 0.0000000000000000000, 0.0000000000000000000 ) ) ;
#4745 = CARTESIAN_POINT ( 'NONE',  ( -22.78039062757601130, 7.056012965964359118, -0.2349999999999997369 ) ) ;
#4746 = CARTESIAN_POINT ( 'NONE',  ( -28.82731649811005781, -16.29878424680376980, -1.245105634841087827 ) ) ;
#4747 = CARTESIAN_POINT ( 'NONE',  ( -21.58039062757600846, 4.756012965964352190, 1.255000000000000115 ) ) ;
#4748 = ORIENTED_EDGE ( 'NONE', *, *, #5867, .T. ) ;
#4749 = UNCERTAINTY_MEASURE_WITH_UNIT (LENGTH_MEASURE( 1.000000000000000082E-05 ), #4862, 'distance_accuracy_value', 'NONE');
#4750 = DIRECTION ( 'NONE',  ( 1.000000000000000000, 0.0000000000000000000, -0.0000000000000000000 ) ) ;
#4751 = AXIS2_PLACEMENT_3D ( 'NONE', #1856, #6554, #4280 ) ;
#4752 = FACE_OUTER_BOUND ( 'NONE', #6233, .T. ) ;
#4753 = FILL_AREA_STYLE_COLOUR ( '', #6090 ) ;
#4754 = DIRECTION ( 'NONE',  ( 0.0000000000000000000, 0.0000000000000000000, -1.000000000000000000 ) ) ;
#4755 = ORIENTED_EDGE ( 'NONE', *, *, #228, .F. ) ;
#4756 = COLOUR_RGB ( '',0.0000000000000000000, 0.0000000000000000000, 0.0000000000000000000 ) ;
#4757 = CARTESIAN_POINT ( 'NONE',  ( -39.21211990792613022, 7.258513140623238158, 1.218800000000076711 ) ) ;
#4758 = VERTEX_POINT ( 'NONE', #6307 ) ;
#4759 = DIRECTION ( 'NONE',  ( 0.0000000000000000000, 1.047444401652940007E-14, -1.000000000000000000 ) ) ;
#4760 = ORIENTED_EDGE ( 'NONE', *, *, #7350, .F. ) ;
#4761 = DIRECTION ( 'NONE',  ( -0.0000000000000000000, -0.0000000000000000000, -1.000000000000000000 ) ) ;
#4762 = DIRECTION ( 'NONE',  ( 1.000000000000000000, 0.0000000000000000000, -0.0000000000000000000 ) ) ;
#4763 = DIRECTION ( 'NONE',  ( -0.0000000000000000000, -0.0000000000000000000, -1.000000000000000000 ) ) ;
#4764 = DIRECTION ( 'NONE',  ( 1.000000000000000000, 0.0000000000000000000, 0.0000000000000000000 ) ) ;
#4765 = VERTEX_POINT ( 'NONE', #287 ) ;
#4766 = ORIENTED_EDGE ( 'NONE', *, *, #7509, .F. ) ;
#4767 = PRESENTATION_STYLE_ASSIGNMENT (( #2353 ) ) ;
#4768 = CARTESIAN_POINT ( 'NONE',  ( -39.82267328534919670, -14.00398703403564227, 1.205000000000000071 ) ) ;
#4770 = AXIS2_PLACEMENT_3D ( 'NONE', #2910, #1722, #5918 ) ;
#4769 = DIRECTION ( 'NONE',  ( 0.0000000000000000000, -1.000000000000000000, -0.0000000000000000000 ) ) ;
#4771 = ADVANCED_FACE ( 'NONE', ( #926 ), #1588, .F. ) ;
#4772 = SURFACE_STYLE_USAGE ( .BOTH. , #4186 ) ;
#4773 = VERTEX_POINT ( 'NONE', #7527 ) ;
#4774 = CARTESIAN_POINT ( 'NONE',  ( -38.45651990792611485, 6.890113140623235211, 1.472800000000072718 ) ) ;
#4775 = EDGE_CURVE ( 'NONE', #3799, #363, #4640, .T. ) ;
#4776 = EDGE_CURVE ( 'NONE', #6886, #413, #6226, .T. ) ;
#4777 = LINE ( 'NONE', #7042, #2947 ) ;
#4778 = CARTESIAN_POINT ( 'NONE',  ( -33.37651990792611656, 6.890113140623239651, 1.218800000000075823 ) ) ;
#4779 = LINE ( 'NONE', #5930, #47 ) ;
#4780 = CARTESIAN_POINT ( 'NONE',  ( -28.82731649811005781, -16.56412639562964628, -1.249386187268214154 ) ) ;
#4781 = LINE ( 'NONE', #6046, #840 ) ;
#4782 = ORIENTED_EDGE ( 'NONE', *, *, #5812, .T. ) ;
#4783 = CARTESIAN_POINT ( 'NONE',  ( -39.21211990792613022, 7.144113140623238323, 1.218800000000075823 ) ) ;
#4784 = CARTESIAN_POINT ( 'NONE',  ( -32.55731990792611441, 6.032913140623265669, -1.575199999999936429 ) ) ;
#4785 = VECTOR ( 'NONE', #330, 1000.000000000000000 ) ;
#4786 = DIRECTION ( 'NONE',  ( 1.000000000000000000, 0.0000000000000000000, -0.0000000000000000000 ) ) ;
#4787 = DIRECTION ( 'NONE',  ( -0.0000000000000000000, -0.0000000000000000000, -1.000000000000000000 ) ) ;
#4788 = B_SPLINE_SURFACE_WITH_KNOTS ( 'NONE', 1, 3, ( 
 ( #1859, #273, #3790, #2675, #878, #4657, #428, #7583, #2832, #5654 ),
 ( #1460, #2192, #6802, #791, #3416, #3272, #4694, #3197, #6395, #7033 ),
 ( #4467, #4067, #1415, #5585, #4621, #1025, #1641, #203, #3457, #2609 ) ),
 .UNSPECIFIED., .F., .F., .F.,
 ( 2, 1, 2 ),
 ( 4, 2, 2, 2, 4 ),
 ( -0.01000000000000000021, 0.0000000000000000000, 1.000000000000000000 ),
 ( 0.0000000000000000000, 0.1250000000000000000, 0.2500000000000000000, 0.5000000000000000000, 1.000000000000000000 ),
 .UNSPECIFIED. ) ;
#4789 = ORIENTED_EDGE ( 'NONE', *, *, #860, .T. ) ;
#4790 =( LENGTH_UNIT ( ) NAMED_UNIT ( * ) SI_UNIT ( .MILLI., .METRE. ) );
#4791 = ORIENTED_EDGE ( 'NONE', *, *, #230, .T. ) ;
#4792 = ORIENTED_EDGE ( 'NONE', *, *, #4585, .T. ) ;
#4793 = CARTESIAN_POINT ( 'NONE',  ( -28.82731649811007202, -17.35233244112356488, 0.6628850845770686284 ) ) ;
#4794 = CARTESIAN_POINT ( 'NONE',  ( -23.82731649811005781, -13.42398703403564753, -1.254999999999999893 ) ) ;
#4795 = CIRCLE ( 'NONE', #6399, 1.800000000000002931 ) ;
#4796 = DIRECTION ( 'NONE',  ( 0.0000000000000000000, 0.0000000000000000000, 1.000000000000000000 ) ) ;
#4797 = LINE ( 'NONE', #5954, #6646 ) ;
#4798 = SURFACE_STYLE_FILL_AREA ( #2387 ) ;
#4799 = ORIENTED_EDGE ( 'NONE', *, *, #4641, .F. ) ;
#4800 = EDGE_LOOP ( 'NONE', ( #2523, #4878, #6071, #1239, #1281, #3175 ) ) ;
#4801 = FACE_OUTER_BOUND ( 'NONE', #6652, .T. ) ;
#4802 = FILL_AREA_STYLE_COLOUR ( '', #5939 ) ;
#4803 = DIRECTION ( 'NONE',  ( 1.313388458492434460E-15, 0.0000000000000000000, 1.000000000000000000 ) ) ;
#4804 = PLANE ( 'NONE',  #1893 ) ;
#4805 = PRESENTATION_STYLE_ASSIGNMENT (( #4772 ) ) ;
#4806 = VERTEX_POINT ( 'NONE', #4514 ) ;
#4807 = DIRECTION ( 'NONE',  ( 1.000000000000000000, -0.0000000000000000000, 0.0000000000000000000 ) ) ;
#4808 = STYLED_ITEM ( 'NONE', ( #7334 ), #2941 ) ;
#4809 = PLANE ( 'NONE',  #6324 ) ;
#4810 = ADVANCED_FACE ( 'NONE', ( #6379 ), #3400, .T. ) ;
#4811 = CARTESIAN_POINT ( 'NONE',  ( -32.55731990792611441, 8.369713140623266767, -1.244999999999936158 ) ) ;
#4812 = SURFACE_SIDE_STYLE ('',( #4278 ) ) ;
#4813 = EDGE_CURVE ( 'NONE', #2665, #798, #5791, .T. ) ;
#4814 = CARTESIAN_POINT ( 'NONE',  ( -40.82731649811006491, -18.27407675507290818, -0.2449113037486423394 ) ) ;
#4815 = EDGE_CURVE ( 'NONE', #7380, #6451, #5667, .T. ) ;
#4816 = VECTOR ( 'NONE', #4133, 1000.000000000000000 ) ;
#4817 = EDGE_LOOP ( 'NONE', ( #6857, #7047 ) ) ;
#4818 = ADVANCED_FACE ( 'NONE', ( #409 ), #6852, .F. ) ;
#4819 = EDGE_CURVE ( 'NONE', #3124, #7054, #5175, .T. ) ;
#4820 = UNCERTAINTY_MEASURE_WITH_UNIT (LENGTH_MEASURE( 1.000000000000000082E-05 ), #3606, 'distance_accuracy_value', 'NONE');
#4821 =( NAMED_UNIT ( * ) SI_UNIT ( $, .STERADIAN. ) SOLID_ANGLE_UNIT ( ) );
#4822 = EDGE_CURVE ( 'NONE', #3111, #4557, #2409, .T. ) ;
#4823 = ADVANCED_FACE ( 'NONE', ( #4712 ), #6523, .F. ) ;
#4824 = PLANE ( 'NONE',  #7178 ) ;
#4825 = VERTEX_POINT ( 'NONE', #518 ) ;
#4826 = CARTESIAN_POINT ( 'NONE',  ( -47.08039062757600846, -3.003987034035643600, 1.205000000000000071 ) ) ;
#4827 = CLOSED_SHELL ( 'NONE', ( #6036, #5388, #1680, #5940, #2207, #4906 ) ) ;
#4828 = ORIENTED_EDGE ( 'NONE', *, *, #4002, .T. ) ;
#4829 = DIRECTION ( 'NONE',  ( 0.0000000000000000000, 0.0000000000000000000, 1.000000000000000000 ) ) ;
#4830 = ORIENTED_EDGE ( 'NONE', *, *, #2212, .T. ) ;
#4831 = CARTESIAN_POINT ( 'NONE',  ( -39.21211990792613022, 7.512463140623287572, -3.530999999999921091 ) ) ;
#4832 = LINE ( 'NONE', #4095, #2744 ) ;
#4833 = CARTESIAN_POINT ( 'NONE',  ( -21.78039062757600774, 7.056012965964359118, -0.2349999999999997369 ) ) ;
#4834 = DIRECTION ( 'NONE',  ( -0.0000000000000000000, -0.0000000000000000000, -1.000000000000000000 ) ) ;
#4835 = ORIENTED_EDGE ( 'NONE', *, *, #4158, .T. ) ;
#4836 = ORIENTED_EDGE ( 'NONE', *, *, #4719, .T. ) ;
#4837 =( GEOMETRIC_REPRESENTATION_CONTEXT ( 3 ) GLOBAL_UNCERTAINTY_ASSIGNED_CONTEXT ( ( #4360 ) ) GLOBAL_UNIT_ASSIGNED_CONTEXT ( ( #4430, #5624, #401 ) ) REPRESENTATION_CONTEXT ( 'NONE', 'WORKASPACE' ) );
#4838 = SURFACE_STYLE_USAGE ( .BOTH. , #6028 ) ;
#4839 = ORIENTED_EDGE ( 'NONE', *, *, #1535, .T. ) ;
#4840 = LINE ( 'NONE', #7177, #1329 ) ;
#4841 = FACE_OUTER_BOUND ( 'NONE', #5720, .T. ) ;
#4842 =( GEOMETRIC_REPRESENTATION_CONTEXT ( 3 ) GLOBAL_UNCERTAINTY_ASSIGNED_CONTEXT ( ( #7790 ) ) GLOBAL_UNIT_ASSIGNED_CONTEXT ( ( #3228, #3264, #2115 ) ) REPRESENTATION_CONTEXT ( 'NONE', 'WORKASPACE' ) );
#4843 = DIRECTION ( 'NONE',  ( -0.0000000000000000000, -1.047444401652940007E-14, 1.000000000000000000 ) ) ;
#4844 = CYLINDRICAL_SURFACE ( 'NONE', #1719, 0.2539999999999972835 ) ;
#4845 = VECTOR ( 'NONE', #1640, 1000.000000000000000 ) ;
#4846 = CARTESIAN_POINT ( 'NONE',  ( -29.91372396090934416, -14.00398703403564227, 0.7150000000000003020 ) ) ;
#4847 = VERTEX_POINT ( 'NONE', #6411 ) ;
#4848 = SURFACE_SIDE_STYLE ('',( #621 ) ) ;
#4849 = DIRECTION ( 'NONE',  ( 0.0000000000000000000, -1.000000000000000000, -1.047444401652940007E-14 ) ) ;
#4850 = MECHANICAL_DESIGN_GEOMETRIC_PRESENTATION_REPRESENTATION (  '', ( #3096 ), #1190 ) ;
#4851 = VECTOR ( 'NONE', #4988, 1000.000000000000000 ) ;
#4852 = DIRECTION ( 'NONE',  ( 1.000000000000000000, 0.0000000000000000000, 0.0000000000000000000 ) ) ;
#4853 = LINE ( 'NONE', #3010, #6075 ) ;
#4854 = DIRECTION ( 'NONE',  ( -0.8660254037844384856, 0.5000000000000004441, 5.237222008264703188E-15 ) ) ;
#4855 = VECTOR ( 'NONE', #4128, 1000.000000000000000 ) ;
#4856 = CARTESIAN_POINT ( 'NONE',  ( -33.56039062757600533, 7.206012965964358585, -0.2449999999999997735 ) ) ;
#4857 = VECTOR ( 'NONE', #6190, 1000.000000000000000 ) ;
#4858 = ORIENTED_EDGE ( 'NONE', *, *, #973, .T. ) ;
#4859 = SURFACE_STYLE_FILL_AREA ( #5587 ) ;
#4860 = COLOUR_RGB ( '',0.0000000000000000000, 0.5019607843137254832, 1.000000000000000000 ) ;
#4861 = PLANE ( 'NONE',  #5686 ) ;
#4862 =( LENGTH_UNIT ( ) NAMED_UNIT ( * ) SI_UNIT ( .MILLI., .METRE. ) );
#4863 = VECTOR ( 'NONE', #3023, 1000.000000000000000 ) ;
#4864 = ADVANCED_FACE ( 'NONE', ( #3437 ), #1704, .T. ) ;
#4865 = ORIENTED_EDGE ( 'NONE', *, *, #2357, .F. ) ;
#4866 = PRESENTATION_STYLE_ASSIGNMENT (( #6392 ) ) ;
#4867 = VECTOR ( 'NONE', #2926, 1000.000000000000000 ) ;
#4868 = ORIENTED_EDGE ( 'NONE', *, *, #5481, .T. ) ;
#4869 = CIRCLE ( 'NONE', #2727, 1.000000000000000888 ) ;
#4870 = VERTEX_POINT ( 'NONE', #7792 ) ;
#4871 = EDGE_CURVE ( 'NONE', #4181, #7298, #1361, .T. ) ;
#4872 = EDGE_CURVE ( 'NONE', #5879, #6988, #5258, .T. ) ;
#4873 = CARTESIAN_POINT ( 'NONE',  ( -39.82267328534919670, -18.30398703403564653, -0.2450000000000048250 ) ) ;
#4874 = CARTESIAN_POINT ( 'NONE',  ( -30.21416990792612722, 7.512463140623287572, -3.530999999999926420 ) ) ;
#4875 = VECTOR ( 'NONE', #5650, 1000.000000000000000 ) ;
#4876 = FACE_OUTER_BOUND ( 'NONE', #333, .T. ) ;
#4877 = DIRECTION ( 'NONE',  ( 0.0000000000000000000, 1.000000000000000000, -0.0000000000000000000 ) ) ;
#4878 = ORIENTED_EDGE ( 'NONE', *, *, #5286, .T. ) ;
#4879 = ORIENTED_EDGE ( 'NONE', *, *, #2736, .F. ) ;
#4880 = FACE_OUTER_BOUND ( 'NONE', #5854, .T. ) ;
#4881 = FACE_OUTER_BOUND ( 'NONE', #116, .T. ) ;
#4882 = SURFACE_STYLE_FILL_AREA ( #2478 ) ;
#4883 = CARTESIAN_POINT ( 'NONE',  ( -39.82267328534919670, -14.00398703403564227, 1.205000000000000071 ) ) ;
#4884 =( BOUNDED_CURVE ( )  B_SPLINE_CURVE ( 3, ( #4457, #951, #4500, #3875 ),
 .UNSPECIFIED., .F., .T. ) 
 B_SPLINE_CURVE_WITH_KNOTS ( ( 4, 4 ),
 ( -3.552713678800500929E-15, 1.570796326794898334 ),
 .UNSPECIFIED. ) 
 CURVE ( )  GEOMETRIC_REPRESENTATION_ITEM ( )  RATIONAL_B_SPLINE_CURVE ( ( 1.000000000000000000, 0.8047378541243637162, 0.8047378541243637162, 1.000000000000000000 ) ) 
 REPRESENTATION_ITEM ( '' )  );
#4885 = ORIENTED_EDGE ( 'NONE', *, *, #7109, .T. ) ;
#4886 =( NAMED_UNIT ( * ) SI_UNIT ( $, .STERADIAN. ) SOLID_ANGLE_UNIT ( ) );
#4887 = DIRECTION ( 'NONE',  ( 1.000000000000000000, 0.0000000000000000000, 0.0000000000000000000 ) ) ;
#4888 = LINE ( 'NONE', #2519, #6107 ) ;
#4889 = LINE ( 'NONE', #1971, #7595 ) ;
#4890 = LINE ( 'NONE', #2972, #4132 ) ;
#4891 = EDGE_LOOP ( 'NONE', ( #3422, #3590, #6615, #5171 ) ) ;
#4892 = FILL_AREA_STYLE ('',( #1977 ) ) ;
#4893 = DIRECTION ( 'NONE',  ( 1.000000000000000000, 0.0000000000000000000, 0.0000000000000000000 ) ) ;
#4894 = CARTESIAN_POINT ( 'NONE',  ( -39.21211990792613022, 7.201313140623287978, -3.530999999999924199 ) ) ;
#4895 = EDGE_LOOP ( 'NONE', ( #7395, #522, #3398, #4474 ) ) ;
#4896 = FILL_AREA_STYLE ('',( #6612 ) ) ;
#4897 = VERTEX_POINT ( 'NONE', #4199 ) ;
#4898 =( NAMED_UNIT ( * ) PLANE_ANGLE_UNIT ( ) SI_UNIT ( $, .RADIAN. ) );
#4899 = ORIENTED_EDGE ( 'NONE', *, *, #5439, .F. ) ;
#4900 = UNCERTAINTY_MEASURE_WITH_UNIT (LENGTH_MEASURE( 1.000000000000000082E-05 ), #1570, 'distance_accuracy_value', 'NONE');
#4901 = LINE ( 'NONE', #6140, #5961 ) ;
#4902 = EDGE_CURVE ( 'NONE', #5450, #4512, #6561, .T. ) ;
#4903 = DIRECTION ( 'NONE',  ( 0.0000000000000000000, 0.0000000000000000000, 1.000000000000000000 ) ) ;
#4904 = DIRECTION ( 'NONE',  ( 0.0000000000000000000, -1.000000000000000000, -0.0000000000000000000 ) ) ;
#4905 = AXIS2_PLACEMENT_3D ( 'NONE', #7295, #4294, #2420 ) ;
#4906 = ADVANCED_FACE ( 'NONE', ( #4129, #7051 ), #1080, .F. ) ;
#4907 = CARTESIAN_POINT ( 'NONE',  ( -47.58039062757602267, 5.256012965964357520, 0.7150000000000003020 ) ) ;
#4908 = EDGE_CURVE ( 'NONE', #4227, #5651, #5874, .T. ) ;
#4909 = ORIENTED_EDGE ( 'NONE', *, *, #6526, .F. ) ;
#4910 = EDGE_LOOP ( 'NONE', ( #3051, #5301, #466, #934, #1005, #3509, #3390, #7112 ) ) ;
#4911 = EDGE_LOOP ( 'NONE', ( #1127, #5288, #1829, #6357 ) ) ;
#4912 = ORIENTED_EDGE ( 'NONE', *, *, #2855, .F. ) ;
#4913 = CARTESIAN_POINT ( 'NONE',  ( -37.19401384467461469, 6.032913140623324288, -3.530999999999936634 ) ) ;
#4914 = EDGE_CURVE ( 'NONE', #4897, #281, #1149, .T. ) ;
#4915 = LINE ( 'NONE', #5037, #5484 ) ;
#4916 = VECTOR ( 'NONE', #1369, 1000.000000000000000 ) ;
#4917 = LINE ( 'NONE', #3697, #4303 ) ;
#4918 =( LENGTH_UNIT ( ) NAMED_UNIT ( * ) SI_UNIT ( .MILLI., .METRE. ) );
#4919 = DIRECTION ( 'NONE',  ( -0.0000000000000000000, -0.0000000000000000000, -1.000000000000000000 ) ) ;
#4920 = EDGE_CURVE ( 'NONE', #7339, #2540, #557, .T. ) ;
#4921 = CARTESIAN_POINT ( 'NONE',  ( -32.75416990792612637, 6.890163140623350557, -3.530999999999928196 ) ) ;
#4922 = ORIENTED_EDGE ( 'NONE', *, *, #5253, .F. ) ;
#4923 =( NAMED_UNIT ( * ) SI_UNIT ( $, .STERADIAN. ) SOLID_ANGLE_UNIT ( ) );
#4924 = DIRECTION ( 'NONE',  ( 0.0000000000000000000, 1.047444401652940007E-14, -1.000000000000000000 ) ) ;
#4925 =( GEOMETRIC_REPRESENTATION_CONTEXT ( 3 ) GLOBAL_UNCERTAINTY_ASSIGNED_CONTEXT ( ( #5831 ) ) GLOBAL_UNIT_ASSIGNED_CONTEXT ( ( #3565, #2349, #573 ) ) REPRESENTATION_CONTEXT ( 'NONE', 'WORKASPACE' ) );
#4926 = LINE ( 'NONE', #7187, #842 ) ;
#4927 = CARTESIAN_POINT ( 'NONE',  ( -47.08039062757600846, 4.756012965964352190, 1.255000000000000115 ) ) ;
#4928 = FILL_AREA_STYLE ('',( #3667 ) ) ;
#4929 = EDGE_LOOP ( 'NONE', ( #4580, #567, #980, #2952 ) ) ;
#4930 =( LENGTH_UNIT ( ) NAMED_UNIT ( * ) SI_UNIT ( .MILLI., .METRE. ) );
#4931 = FACE_OUTER_BOUND ( 'NONE', #3059, .T. ) ;
#4932 = CARTESIAN_POINT ( 'NONE',  ( -28.82731649811006136, -18.25679195885846795, -0.4738175444318649121 ) ) ;
#4933 = VECTOR ( 'NONE', #2291, 1000.000000000000000 ) ;
#4934 = DIRECTION ( 'NONE',  ( 0.0000000000000000000, -1.000000000000000000, -0.0000000000000000000 ) ) ;
#4935 = DIRECTION ( 'NONE',  ( -4.535567304416283311E-15, -2.618611004132519622E-15, 1.000000000000000000 ) ) ;
#4936 = B_SPLINE_CURVE_WITH_KNOTS ( 'NONE', 3,
 ( #5302, #3020, #4, #7210 ),
 .UNSPECIFIED., .F., .F.,
 ( 4, 4 ),
 ( 0.0000000000000000000, 1.000000000000000000 ),
 .UNSPECIFIED. ) ;
#4937 = ORIENTED_EDGE ( 'NONE', *, *, #5944, .F. ) ;
#4938 = CARTESIAN_POINT ( 'NONE',  ( -33.57331990792611975, 8.369713140623263214, -1.244999999999917950 ) ) ;
#4939 = ORIENTED_EDGE ( 'NONE', *, *, #5700, .F. ) ;
#4940 = CYLINDRICAL_SURFACE ( 'NONE', #3848, 0.2540000000000007807 ) ;
#4941 = DIRECTION ( 'NONE',  ( 0.0000000000000000000, 1.047444401652940007E-14, -1.000000000000000000 ) ) ;
#4942 = VECTOR ( 'NONE', #7360, 1000.000000000000000 ) ;
#4943 = DIRECTION ( 'NONE',  ( -0.8660254037844387076, -0.5000000000000000000, -5.237222008264700822E-15 ) ) ;
#4944 = VERTEX_POINT ( 'NONE', #2375 ) ;
#4945 = VERTEX_POINT ( 'NONE', #4784 ) ;
#4946 = EDGE_CURVE ( 'NONE', #1630, #808, #4238, .T. ) ;
#4947 = ORIENTED_EDGE ( 'NONE', *, *, #5994, .T. ) ;
#4948 = ORIENTED_EDGE ( 'NONE', *, *, #7402, .T. ) ;
#4949 = AXIS2_PLACEMENT_3D ( 'NONE', #4513, #284, #2649 ) ;
#4950 = VECTOR ( 'NONE', #1778, 1000.000000000000000 ) ;
#4951 = LINE ( 'NONE', #4377, #3474 ) ;
#4952 = AXIS2_PLACEMENT_3D ( 'NONE', #5554, #3680, #6135 ) ;
#4953 = EDGE_CURVE ( 'NONE', #1086, #3070, #1954, .T. ) ;
#4954 = LINE ( 'NONE', #2589, #2394 ) ;
#4955 = DIRECTION ( 'NONE',  ( 1.000000000000000000, 0.0000000000000000000, 0.0000000000000000000 ) ) ;
#4956 = PRESENTATION_STYLE_ASSIGNMENT (( #7386 ) ) ;
#4957 =( GEOMETRIC_REPRESENTATION_CONTEXT ( 3 ) GLOBAL_UNCERTAINTY_ASSIGNED_CONTEXT ( ( #4976 ) ) GLOBAL_UNIT_ASSIGNED_CONTEXT ( ( #4918, #1333, #2184 ) ) REPRESENTATION_CONTEXT ( 'NONE', 'WORKASPACE' ) );
#4958 = EDGE_CURVE ( 'NONE', #5181, #5374, #7245, .T. ) ;
#4959 =( NAMED_UNIT ( * ) PLANE_ANGLE_UNIT ( ) SI_UNIT ( $, .RADIAN. ) );
#4960 = ORIENTED_EDGE ( 'NONE', *, *, #3862, .T. ) ;
#4961 = MECHANICAL_DESIGN_GEOMETRIC_PRESENTATION_REPRESENTATION (  '', ( #1808 ), #788 ) ;
#4962 = CARTESIAN_POINT ( 'NONE',  ( -30.01731990792611526, 6.032913140623265669, -1.575199999999936429 ) ) ;
#4963 = CARTESIAN_POINT ( 'NONE',  ( -35.91646990792612115, 6.890163140623350557, -9.372999999999926501 ) ) ;
#4964 = EDGE_CURVE ( 'NONE', #7085, #5116, #635, .T. ) ;
#4965 = ADVANCED_FACE ( 'NONE', ( #3199, #6095 ), #160, .F. ) ;
#4966 = STYLED_ITEM ( 'NONE', ( #1567 ), #6573 ) ;
#4967 = AXIS2_PLACEMENT_3D ( 'NONE', #4963, #7473, #906 ) ;
#4968 = DIRECTION ( 'NONE',  ( -0.0000000000000000000, 1.000000000000000000, 1.047444401652940007E-14 ) ) ;
#4969 = PRESENTATION_STYLE_ASSIGNMENT (( #4352 ) ) ;
#4970 =( NAMED_UNIT ( * ) SI_UNIT ( $, .STERADIAN. ) SOLID_ANGLE_UNIT ( ) );
#4971 = AXIS2_PLACEMENT_3D ( 'NONE', #3596, #5984, #3015 ) ;
#4972 = CARTESIAN_POINT ( 'NONE',  ( -34.65401384467418211, 6.032913140623286985, -3.530999999999936634 ) ) ;
#4973 = MECHANICAL_DESIGN_GEOMETRIC_PRESENTATION_REPRESENTATION (  '', ( #1566 ), #5583 ) ;
#4974 = VERTEX_POINT ( 'NONE', #42 ) ;
#4975 = COLOUR_RGB ( '',0.0000000000000000000, 0.0000000000000000000, 0.0000000000000000000 ) ;
#4976 = UNCERTAINTY_MEASURE_WITH_UNIT (LENGTH_MEASURE( 1.000000000000000082E-05 ), #4918, 'distance_accuracy_value', 'NONE');
#4977 = DIRECTION ( 'NONE',  ( 0.0000000000000000000, 1.000000000000000000, 0.0000000000000000000 ) ) ;
#4978 = CARTESIAN_POINT ( 'NONE',  ( -37.83416990792611756, 7.512463140623350633, -9.372999999999919396 ) ) ;
#4979 =( GEOMETRIC_REPRESENTATION_CONTEXT ( 3 ) GLOBAL_UNCERTAINTY_ASSIGNED_CONTEXT ( ( #4292 ) ) GLOBAL_UNIT_ASSIGNED_CONTEXT ( ( #5293, #1231, #3053 ) ) REPRESENTATION_CONTEXT ( 'NONE', 'WORKASPACE' ) );
#4980 = LINE ( 'NONE', #2914, #4087 ) ;
#4981 = B_SPLINE_CURVE_WITH_KNOTS ( 'NONE', 3,
 ( #6034, #3076, #4414, #7385 ),
 .UNSPECIFIED., .F., .F.,
 ( 4, 4 ),
 ( 0.0000000000000000000, 1.000000000000000000 ),
 .UNSPECIFIED. ) ;
#4982 = AXIS2_PLACEMENT_3D ( 'NONE', #1940, #6729, #7364 ) ;
#4983 = CARTESIAN_POINT ( 'NONE',  ( -38.45651990792611485, 7.512513140623251928, 1.218800000000079597 ) ) ;
#4984 = ORIENTED_EDGE ( 'NONE', *, *, #3798, .F. ) ;
#4985 = LINE ( 'NONE', #1496, #3192 ) ;
#4986 = EDGE_LOOP ( 'NONE', ( #307, #7788, #2612, #3310 ) ) ;
#4987 = UNCERTAINTY_MEASURE_WITH_UNIT (LENGTH_MEASURE( 1.000000000000000082E-05 ), #6478, 'distance_accuracy_value', 'NONE');
#4988 = DIRECTION ( 'NONE',  ( 1.000000000000000000, 0.0000000000000000000, 0.0000000000000000000 ) ) ;
#4989 = DIRECTION ( 'NONE',  ( 0.0000000000000000000, 0.0000000000000000000, 1.000000000000000000 ) ) ;
#4990 = CARTESIAN_POINT ( 'NONE',  ( -41.82731649811005781, -12.62398703403564149, 1.215000000000000080 ) ) ;
#4991 = DIRECTION ( 'NONE',  ( -0.0000000000000000000, -1.000000000000000000, 0.0000000000000000000 ) ) ;
#4992 = VECTOR ( 'NONE', #1701, 1000.000000000000000 ) ;
#4993 = FACE_OUTER_BOUND ( 'NONE', #4465, .T. ) ;
#4994 = ORIENTED_EDGE ( 'NONE', *, *, #6434, .F. ) ;
#4995 = MECHANICAL_DESIGN_GEOMETRIC_PRESENTATION_REPRESENTATION (  '', ( #581 ), #2216 ) ;
#4996 = ORIENTED_EDGE ( 'NONE', *, *, #6775, .F. ) ;
#4997 = VERTEX_POINT ( 'NONE', #672 ) ;
#4998 = ORIENTED_EDGE ( 'NONE', *, *, #5193, .T. ) ;
#4999 = PRESENTATION_STYLE_ASSIGNMENT (( #112 ) ) ;
#5000 = CARTESIAN_POINT ( 'NONE',  ( -39.21211990792613022, 7.258463140623345744, -9.372999999999922949 ) ) ;
#5001 = AXIS2_PLACEMENT_3D ( 'NONE', #508, #4035, #2197 ) ;
#5002 = CARTESIAN_POINT ( 'NONE',  ( -35.81125966308334796, 6.995373385466116645, -9.372999999999922949 ) ) ;
#5003 = CARTESIAN_POINT ( 'NONE',  ( -20.98039062757600703, -18.30398703403564298, -1.245000000000000107 ) ) ;
#5004 = FILL_AREA_STYLE ('',( #2514 ) ) ;
#5005 =( NAMED_UNIT ( * ) PLANE_ANGLE_UNIT ( ) SI_UNIT ( $, .RADIAN. ) );
#5006 = VERTEX_POINT ( 'NONE', #793 ) ;
#5007 = B_SPLINE_CURVE_WITH_KNOTS ( 'NONE', 3,
 ( #18, #6671, #4846, #146 ),
 .UNSPECIFIED., .F., .F.,
 ( 4, 4 ),
 ( 0.0000000000000000000, 1.000000000000000000 ),
 .UNSPECIFIED. ) ;
#5008 = PRESENTATION_LAYER_ASSIGNMENT (  '', '', ( #588 ) ) ;
#5009 = LINE ( 'NONE', #3259, #1411 ) ;
#5010 = CARTESIAN_POINT ( 'NONE',  ( -40.82734843295796168, -17.96944709205484259, 0.2706792717290131267 ) ) ;
#5011 = DIRECTION ( 'NONE',  ( -0.0000000000000000000, 1.047444401652940007E-14, -1.000000000000000000 ) ) ;
#5012 = VECTOR ( 'NONE', #5496, 1000.000000000000000 ) ;
#5013 = CARTESIAN_POINT ( 'NONE',  ( -39.21211990792613022, 7.144113140623235658, 1.472800000000075382 ) ) ;
#5014 = DIRECTION ( 'NONE',  ( 0.0000000000000000000, 0.0000000000000000000, 1.000000000000000000 ) ) ;
#5015 = EDGE_CURVE ( 'NONE', #1107, #1164, #1909, .T. ) ;
#5016 = ADVANCED_FACE ( 'NONE', ( #6607 ), #5479, .T. ) ;
#5017 = LINE ( 'NONE', #4972, #2347 ) ;
#5018 = ORIENTED_EDGE ( 'NONE', *, *, #7736, .F. ) ;
#5019 = STYLED_ITEM ( 'NONE', ( #6954 ), #2265 ) ;
#5020 =( NAMED_UNIT ( * ) SI_UNIT ( $, .STERADIAN. ) SOLID_ANGLE_UNIT ( ) );
#5021 = PLANE ( 'NONE',  #3874 ) ;
#5022 = DIRECTION ( 'NONE',  ( 0.0000000000000000000, -1.000000000000000000, -1.047444401652940007E-14 ) ) ;
#5023 = LINE ( 'NONE', #3842, #2861 ) ;
#5024 = ORIENTED_EDGE ( 'NONE', *, *, #3659, .F. ) ;
#5025 = ORIENTED_EDGE ( 'NONE', *, *, #2598, .F. ) ;
#5026 =( BOUNDED_CURVE ( )  B_SPLINE_CURVE ( 3, ( #634, #7198, #4237, #4084 ),
 .UNSPECIFIED., .F., .T. ) 
 B_SPLINE_CURVE_WITH_KNOTS ( ( 4, 4 ),
 ( 1.570796326794896780, 3.141592653589794892 ),
 .UNSPECIFIED. ) 
 CURVE ( )  GEOMETRIC_REPRESENTATION_ITEM ( )  RATIONAL_B_SPLINE_CURVE ( ( 1.000000000000000000, 0.8047378541243646044, 0.8047378541243646044, 1.000000000000000000 ) ) 
 REPRESENTATION_ITEM ( '' )  );
#5027 = DIRECTION ( 'NONE',  ( 0.0000000000000000000, 0.0000000000000000000, -1.000000000000000000 ) ) ;
#5028 = CARTESIAN_POINT ( 'NONE',  ( -40.82734843295796168, -18.18510063209038208, 0.03766094568891640432 ) ) ;
#5029 = CARTESIAN_POINT ( 'NONE',  ( -40.82734843295796168, -14.00398703403564227, 1.188115485203753430 ) ) ;
#5030 = SURFACE_STYLE_FILL_AREA ( #3334 ) ;
#5031 = DIRECTION ( 'NONE',  ( 0.0000000000000000000, 0.0000000000000000000, -1.000000000000000000 ) ) ;
#5032 = ORIENTED_EDGE ( 'NONE', *, *, #6037, .F. ) ;
#5033 = ORIENTED_EDGE ( 'NONE', *, *, #1768, .T. ) ;
#5034 = ORIENTED_EDGE ( 'NONE', *, *, #7259, .F. ) ;
#5035 = ORIENTED_EDGE ( 'NONE', *, *, #6868, .F. ) ;
#5036 = DIRECTION ( 'NONE',  ( 0.5000000000000197620, 0.8660254037844272723, 0.0000000000000000000 ) ) ;
#5037 = CARTESIAN_POINT ( 'NONE',  ( -32.55731990792611441, 6.032913140623267445, -1.575199999999936429 ) ) ;
#5038 = CARTESIAN_POINT ( 'NONE',  ( -34.33039062757600846, 4.756012965964352190, 1.205000000000000071 ) ) ;
#5039 = ORIENTED_EDGE ( 'NONE', *, *, #7351, .F. ) ;
#5040 = VERTEX_POINT ( 'NONE', #124 ) ;
#5041 = COLOUR_RGB ( '',0.0000000000000000000, 0.5019607843137254832, 1.000000000000000000 ) ;
#5042 = CARTESIAN_POINT ( 'NONE',  ( -39.21211990792613022, 7.258463140623345744, -9.372999999999922949 ) ) ;
#5043 = SURFACE_STYLE_USAGE ( .BOTH. , #825 ) ;
#5044 = CARTESIAN_POINT ( 'NONE',  ( -32.56039062757600533, 7.206012965964358585, -1.266000000000000014 ) ) ;
#5045 = CARTESIAN_POINT ( 'NONE',  ( -38.14039062757601073, 7.206012965964358585, -1.245000000000000107 ) ) ;
#5046 = FACE_OUTER_BOUND ( 'NONE', #1841, .T. ) ;
#5047 = VERTEX_POINT ( 'NONE', #3673 ) ;
#5048 = CARTESIAN_POINT ( 'NONE',  ( -39.21211990792613022, 7.201313140623350151, -9.372999999999922949 ) ) ;
#5049 = VERTEX_POINT ( 'NONE', #3629 ) ;
#5050 = EDGE_CURVE ( 'NONE', #1424, #7577, #7283, .T. ) ;
#5051 = DIRECTION ( 'NONE',  ( -1.000000000000000000, -0.0000000000000000000, 0.0000000000000000000 ) ) ;
#5052 = CARTESIAN_POINT ( 'NONE',  ( -37.93933015276888909, 7.407302895780468077, 1.472800000000076714 ) ) ;
#5053 = LINE ( 'NONE', #3960, #3733 ) ;
#5054 = EDGE_CURVE ( 'NONE', #3071, #5374, #4285, .T. ) ;
#5055 = CARTESIAN_POINT ( 'NONE',  ( -35.29416990792612552, 6.890163140623350557, -9.267789755157156861 ) ) ;
#5056 = EDGE_CURVE ( 'NONE', #1237, #4125, #6052, .T. ) ;
#5057 = PLANE ( 'NONE',  #6828 ) ;
#5058 = VECTOR ( 'NONE', #7769, 1000.000000000000000 ) ;
#5059 = EDGE_CURVE ( 'NONE', #1412, #4407, #2165, .T. ) ;
#5060 = EDGE_CURVE ( 'NONE', #381, #2270, #3587, .T. ) ;
#5061 = VERTEX_POINT ( 'NONE', #4000 ) ;
#5062 = EDGE_LOOP ( 'NONE', ( #2648, #2211, #269, #2494 ) ) ;
#5063 = UNCERTAINTY_MEASURE_WITH_UNIT (LENGTH_MEASURE( 1.000000000000000082E-05 ), #4790, 'distance_accuracy_value', 'NONE');
#5064 = CARTESIAN_POINT ( 'NONE',  ( -40.82731649811005781, -16.30398703403564653, -1.254999999999999893 ) ) ;
#5065 = FILL_AREA_STYLE_COLOUR ( '', #4975 ) ;
#5066 = EDGE_CURVE ( 'NONE', #4273, #4773, #2763, .T. ) ;
#5067 = EDGE_CURVE ( 'NONE', #2797, #3953, #4595, .T. ) ;
#5068 = CARTESIAN_POINT ( 'NONE',  ( -33.37646990792611490, 6.890163140623317695, -9.118999999999925166 ) ) ;
#5069 = FACE_OUTER_BOUND ( 'NONE', #967, .T. ) ;
#5070 =( NAMED_UNIT ( * ) PLANE_ANGLE_UNIT ( ) SI_UNIT ( $, .RADIAN. ) );
#5071 = MECHANICAL_DESIGN_GEOMETRIC_PRESENTATION_REPRESENTATION (  '', ( #6941 ), #2930 ) ;
#5072 = VERTEX_POINT ( 'NONE', #919 ) ;
#5073 = ORIENTED_EDGE ( 'NONE', *, *, #6818, .T. ) ;
#5074 = ORIENTED_EDGE ( 'NONE', *, *, #7598, .F. ) ;
#5075 = VERTEX_POINT ( 'NONE', #2008 ) ;
#5076 = AXIS2_PLACEMENT_3D ( 'NONE', #1240, #6614, #7094 ) ;
#5077 = PRESENTATION_STYLE_ASSIGNMENT (( #341 ) ) ;
#5078 = ORIENTED_EDGE ( 'NONE', *, *, #4578, .F. ) ;
#5079 = CARTESIAN_POINT ( 'NONE',  ( -41.82731649811005781, -16.30398703403564653, -1.266000000000000014 ) ) ;
#5080 = ORIENTED_EDGE ( 'NONE', *, *, #1582, .F. ) ;
#5081 = CARTESIAN_POINT ( 'NONE',  ( -45.88039062757600561, 7.056012965964359118, -1.264999999999999902 ) ) ;
#5082 =( GEOMETRIC_REPRESENTATION_CONTEXT ( 3 ) GLOBAL_UNCERTAINTY_ASSIGNED_CONTEXT ( ( #7730 ) ) GLOBAL_UNIT_ASSIGNED_CONTEXT ( ( #2722, #4898, #3956 ) ) REPRESENTATION_CONTEXT ( 'NONE', 'WORKASPACE' ) );
#5083 = CARTESIAN_POINT ( 'NONE',  ( -35.60039062757600448, 7.206012965964358585, -1.266000000000000014 ) ) ;
#5084 = DIRECTION ( 'NONE',  ( 0.0000000000000000000, 0.0000000000000000000, 1.000000000000000000 ) ) ;
#5085 = AXIS2_PLACEMENT_3D ( 'NONE', #3183, #1962, #7273 ) ;
#5086 = DIRECTION ( 'NONE',  ( 1.000000000000000000, 0.0000000000000000000, 0.0000000000000000000 ) ) ;
#5087 = CARTESIAN_POINT ( 'NONE',  ( -21.78039062757600774, -16.50398703403563871, -0.2349999999999997369 ) ) ;
#5088 = AXIS2_PLACEMENT_3D ( 'NONE', #6548, #6509, #1142 ) ;
#5089 = CARTESIAN_POINT ( 'NONE',  ( -45.82731649811005781, -13.42398703403564575, -1.245000000000000107 ) ) ;
#5090 = ORIENTED_EDGE ( 'NONE', *, *, #3870, .F. ) ;
#5091 = CARTESIAN_POINT ( 'NONE',  ( -33.12246990792611712, 7.258463140623347520, -9.372999999999922949 ) ) ;
#5092 = VERTEX_POINT ( 'NONE', #3836 ) ;
#5093 = AXIS2_PLACEMENT_3D ( 'NONE', #5083, #6879, #5540 ) ;
#5094 = DIRECTION ( 'NONE',  ( 0.0000000000000000000, 0.0000000000000000000, 1.000000000000000000 ) ) ;
#5095 = CARTESIAN_POINT ( 'NONE',  ( -28.82731649811006136, -17.69795780918340000, -1.051763686027078482 ) ) ;
#5096 = DIRECTION ( 'NONE',  ( 1.000000000000000000, 0.0000000000000000000, -0.0000000000000000000 ) ) ;
#5097 = FILL_AREA_STYLE_COLOUR ( '', #5350 ) ;
#5098 = VECTOR ( 'NONE', #5437, 1000.000000000000000 ) ;
#5099 = PRESENTATION_LAYER_ASSIGNMENT (  '', '', ( #2575 ) ) ;
#5100 = DIRECTION ( 'NONE',  ( -0.0000000000000000000, -0.0000000000000000000, -1.000000000000000000 ) ) ;
#5101 = ORIENTED_EDGE ( 'NONE', *, *, #1530, .F. ) ;
#5102 = ORIENTED_EDGE ( 'NONE', *, *, #1589, .T. ) ;
#5103 = CARTESIAN_POINT ( 'NONE',  ( -35.91651990792611571, 7.512513140623267915, -1.575199999999920664 ) ) ;
#5104 = LINE ( 'NONE', #2734, #4728 ) ;
#5105 = COLOUR_RGB ( '',0.0000000000000000000, 0.0000000000000000000, 0.0000000000000000000 ) ;
#5106 = EDGE_CURVE ( 'NONE', #6805, #6703, #6256, .T. ) ;
#5107 = LINE ( 'NONE', #6811, #2174 ) ;
#5108 = STYLED_ITEM ( 'NONE', ( #1057 ), #4102 ) ;
#5109 = CARTESIAN_POINT ( 'NONE',  ( -45.82731649811005781, -13.42398703403564575, -1.245000000000000107 ) ) ;
#5110 = SURFACE_SIDE_STYLE ('',( #6814 ) ) ;
#5111 = ORIENTED_EDGE ( 'NONE', *, *, #6766, .F. ) ;
#5112 = ADVANCED_FACE ( 'NONE', ( #1536 ), #3315, .F. ) ;
#5113 = ORIENTED_EDGE ( 'NONE', *, *, #5813, .F. ) ;
#5114 = EDGE_CURVE ( 'NONE', #6798, #7715, #1203, .T. ) ;
#5115 = CARTESIAN_POINT ( 'NONE',  ( -34.33039062757600846, -3.003987034035643600, 1.255000000000000115 ) ) ;
#5116 = VERTEX_POINT ( 'NONE', #3394 ) ;
#5117 =( GEOMETRIC_REPRESENTATION_CONTEXT ( 3 ) GLOBAL_UNCERTAINTY_ASSIGNED_CONTEXT ( ( #5214 ) ) GLOBAL_UNIT_ASSIGNED_CONTEXT ( ( #5190, #6873, #6362 ) ) REPRESENTATION_CONTEXT ( 'NONE', 'WORKASPACE' ) );
#5118 = LINE ( 'NONE', #220, #4542 ) ;
#5119 = PLANE ( 'NONE',  #6396 ) ;
#5120 = SURFACE_SIDE_STYLE ('',( #858 ) ) ;
#5121 = EDGE_LOOP ( 'NONE', ( #3637, #5349, #1365, #1167 ) ) ;
#5122 = LINE ( 'NONE', #7512, #5883 ) ;
#5123 = VECTOR ( 'NONE', #2803, 1000.000000000000000 ) ;
#5124 = LINE ( 'NONE', #828, #347 ) ;
#5125 = FILL_AREA_STYLE ('',( #2039 ) ) ;
#5126 = VECTOR ( 'NONE', #7437, 1000.000000000000000 ) ;
#5127 = DIRECTION ( 'NONE',  ( 1.000000000000000000, 0.0000000000000000000, 0.0000000000000000000 ) ) ;
#5128 = VECTOR ( 'NONE', #5928, 1000.000000000000000 ) ;
#5129 = CARTESIAN_POINT ( 'NONE',  ( -20.98039062757600703, -18.30398703403564298, -1.245000000000000107 ) ) ;
#5130 = ORIENTED_EDGE ( 'NONE', *, *, #4641, .T. ) ;
#5131 = CARTESIAN_POINT ( 'NONE',  ( -31.52742597117762102, 8.369713140623263214, -1.244999999999913287 ) ) ;
#5132 = ORIENTED_EDGE ( 'NONE', *, *, #5619, .F. ) ;
#5133 = CARTESIAN_POINT ( 'NONE',  ( -29.82736094035740138, -18.14220267626449257, 0.9035539196892449221 ) ) ;
#5134 = CYLINDRICAL_SURFACE ( 'NONE', #455, 1.000000000000000888 ) ;
#5135 = CARTESIAN_POINT ( 'NONE',  ( -34.36071990792586917, 7.861713140623145968, -3.530999999999917538 ) ) ;
#5136 =( LENGTH_UNIT ( ) NAMED_UNIT ( * ) SI_UNIT ( .MILLI., .METRE. ) );
#5137 = AXIS2_PLACEMENT_3D ( 'NONE', #6381, #410, #2059 ) ;
#5138 =( BOUNDED_CURVE ( )  B_SPLINE_CURVE ( 3, ( #5753, #3332, #7016, #2217 ),
 .UNSPECIFIED., .F., .T. ) 
 B_SPLINE_CURVE_WITH_KNOTS ( ( 4, 4 ),
 ( 1.570796326794896780, 3.141592653589792672 ),
 .UNSPECIFIED. ) 
 CURVE ( )  GEOMETRIC_REPRESENTATION_ITEM ( )  RATIONAL_B_SPLINE_CURVE ( ( 1.000000000000000000, 0.8047378541243652705, 0.8047378541243652705, 1.000000000000000000 ) ) 
 REPRESENTATION_ITEM ( '' )  );
#5139 = ORIENTED_EDGE ( 'NONE', *, *, #6875, .T. ) ;
#5140 = ORIENTED_EDGE ( 'NONE', *, *, #1537, .T. ) ;
#5141 = SURFACE_SIDE_STYLE ('',( #6935 ) ) ;
#5142 = VECTOR ( 'NONE', #1456, 1000.000000000000000 ) ;
#5143 = CARTESIAN_POINT ( 'NONE',  ( -45.88039062757600561, 7.056012965964359118, -1.264999999999999902 ) ) ;
#5144 =( NAMED_UNIT ( * ) SI_UNIT ( $, .STERADIAN. ) SOLID_ANGLE_UNIT ( ) );
#5145 = DIRECTION ( 'NONE',  ( -0.0000000000000000000, 1.000000000000000000, 1.047444401652940007E-14 ) ) ;
#5146 = SURFACE_STYLE_FILL_AREA ( #332 ) ;
#5147 = ORIENTED_EDGE ( 'NONE', *, *, #1019, .F. ) ;
#5148 = ORIENTED_EDGE ( 'NONE', *, *, #5242, .F. ) ;
#5149 = CARTESIAN_POINT ( 'NONE',  ( -39.21211990792613022, 7.258513140623235493, 1.472800000000076714 ) ) ;
#5150 = ORIENTED_EDGE ( 'NONE', *, *, #5056, .F. ) ;
#5151 = CYLINDRICAL_SURFACE ( 'NONE', #2591, 0.5000000000000004441 ) ;
#5152 = EDGE_CURVE ( 'NONE', #3081, #3326, #827, .T. ) ;
#5153 = EDGE_CURVE ( 'NONE', #3090, #6389, #5783, .T. ) ;
#5154 = CARTESIAN_POINT ( 'NONE',  ( -39.21211990792613022, 7.258513140623238158, 1.218800000000076711 ) ) ;
#5155 = ORIENTED_EDGE ( 'NONE', *, *, #7010, .F. ) ;
#5156 = ADVANCED_FACE ( 'NONE', ( #2799 ), #5134, .F. ) ;
#5157 = EDGE_CURVE ( 'NONE', #2248, #6780, #3885, .T. ) ;
#5158 = PLANE ( 'NONE',  #7644 ) ;
#5159 = DIRECTION ( 'NONE',  ( 0.0000000000000000000, 0.0000000000000000000, 1.000000000000000000 ) ) ;
#5160 = ADVANCED_FACE ( 'NONE', ( #1417 ), #3235, .F. ) ;
#5161 = CARTESIAN_POINT ( 'NONE',  ( -33.37651990792611656, 7.512513140623268804, -1.575199999999925105 ) ) ;
#5162 = FILL_AREA_STYLE_COLOUR ( '', #391 ) ;
#5163 = VECTOR ( 'NONE', #1602, 1000.000000000000000 ) ;
#5164 = ORIENTED_EDGE ( 'NONE', *, *, #2682, .F. ) ;
#5165 = CARTESIAN_POINT ( 'NONE',  ( -41.82731649811005781, -3.003987034035643600, -1.245000000000000107 ) ) ;
#5166 = VERTEX_POINT ( 'NONE', #2088 ) ;
#5167 = DIRECTION ( 'NONE',  ( 0.0000000000000000000, -1.000000000000000000, -0.0000000000000000000 ) ) ;
#5168 = CYLINDRICAL_SURFACE ( 'NONE', #5856, 1.800000000000002931 ) ;
#5169 = SURFACE_STYLE_FILL_AREA ( #2163 ) ;
#5170 = CARTESIAN_POINT ( 'NONE',  ( -39.21211990792613022, 7.201313140623236464, 1.472800000000076048 ) ) ;
#5171 = ORIENTED_EDGE ( 'NONE', *, *, #2246, .T. ) ;
#5172 = ORIENTED_EDGE ( 'NONE', *, *, #3179, .T. ) ;
#5173 = CARTESIAN_POINT ( 'NONE',  ( -40.82731649811005781, -17.69795780918340000, -1.051763686027078259 ) ) ;
#5174 = CARTESIAN_POINT ( 'NONE',  ( -32.75416990792612637, 7.512463140623347968, -9.118999999999921613 ) ) ;
#5175 = LINE ( 'NONE', #2170, #3215 ) ;
#5176 = STYLED_ITEM ( 'NONE', ( #4653 ), #2842 ) ;
#5177 = CARTESIAN_POINT ( 'NONE',  ( -35.29411990792612386, 7.512513140623235053, 1.472800000000079601 ) ) ;
#5178 = DIRECTION ( 'NONE',  ( 1.000000000000000000, 0.0000000000000000000, -0.0000000000000000000 ) ) ;
#5179 = CARTESIAN_POINT ( 'NONE',  ( -33.37646990792612200, 7.512463140623350633, -9.372999999999919396 ) ) ;
#5180 = PRESENTATION_STYLE_ASSIGNMENT (( #2775 ) ) ;
#5181 = VERTEX_POINT ( 'NONE', #6891 ) ;
#5182 = ORIENTED_EDGE ( 'NONE', *, *, #6043, .T. ) ;
#5183 = COLOUR_RGB ( '',1.000000000000000000, 0.5019607843137254832, 0.0000000000000000000 ) ;
#5184 = DIRECTION ( 'NONE',  ( 0.0000000000000000000, 1.047444401652940007E-14, -1.000000000000000000 ) ) ;
#5185 = VERTEX_POINT ( 'NONE', #1498 ) ;
#5186 = CARTESIAN_POINT ( 'NONE',  ( -35.09731990792612066, 6.032913140623267445, -1.575199999999936429 ) ) ;
#5187 = APPLICATION_PROTOCOL_DEFINITION ( 'draft international standard', 'automotive_design', 1998, #6450 ) ;
#5188 = SURFACE_SIDE_STYLE ('',( #2073 ) ) ;
#5189 = DIRECTION ( 'NONE',  ( 0.0000000000000000000, 1.000000000000000000, 1.047444401652940007E-14 ) ) ;
#5190 =( LENGTH_UNIT ( ) NAMED_UNIT ( * ) SI_UNIT ( .MILLI., .METRE. ) );
#5191 = ORIENTED_EDGE ( 'NONE', *, *, #7345, .F. ) ;
#5192 = DIRECTION ( 'NONE',  ( 0.0000000000000000000, -1.000000000000000000, -1.047444401652940007E-14 ) ) ;
#5193 = EDGE_CURVE ( 'NONE', #5633, #6251, #2124, .T. ) ;
#5194 =( LENGTH_UNIT ( ) NAMED_UNIT ( * ) SI_UNIT ( .MILLI., .METRE. ) );
#5195 =( LENGTH_UNIT ( ) NAMED_UNIT ( * ) SI_UNIT ( .MILLI., .METRE. ) );
#5196 = MECHANICAL_DESIGN_GEOMETRIC_PRESENTATION_REPRESENTATION (  '', ( #6174 ), #6701 ) ;
#5197 = CARTESIAN_POINT ( 'NONE',  ( -36.90071990792635859, 6.540913140623169753, -3.530999999999936634 ) ) ;
#5198 =( GEOMETRIC_REPRESENTATION_CONTEXT ( 3 ) GLOBAL_UNCERTAINTY_ASSIGNED_CONTEXT ( ( #6697 ) ) GLOBAL_UNIT_ASSIGNED_CONTEXT ( ( #2594, #5005, #222 ) ) REPRESENTATION_CONTEXT ( 'NONE', 'WORKASPACE' ) );
#5199 = CARTESIAN_POINT ( 'NONE',  ( -39.82267328534919670, -18.29409031937256103, -0.2464335406786998528 ) ) ;
#5200 = ORIENTED_EDGE ( 'NONE', *, *, #4686, .F. ) ;
#5201 = DIRECTION ( 'NONE',  ( -1.000000000000000000, 0.0000000000000000000, 0.0000000000000000000 ) ) ;
#5202 = EDGE_LOOP ( 'NONE', ( #2794, #3995 ) ) ;
#5203 = EDGE_CURVE ( 'NONE', #1597, #2135, #5053, .T. ) ;
#5204 = LINE ( 'NONE', #7597, #826 ) ;
#5205 = CARTESIAN_POINT ( 'NONE',  ( -35.60039062757600448, 7.206012965964358585, -0.2449999999999997735 ) ) ;
#5206 = STYLED_ITEM ( 'NONE', ( #3391 ), #278 ) ;
#5207 = CARTESIAN_POINT ( 'NONE',  ( -21.58039062757600846, 4.756012965964352190, 1.255000000000000115 ) ) ;
#5208 = LINE ( 'NONE', #4121, #3201 ) ;
#5209 = VECTOR ( 'NONE', #4843, 1000.000000000000000 ) ;
#5210 = SURFACE_STYLE_FILL_AREA ( #3431 ) ;
#5211 = EDGE_LOOP ( 'NONE', ( #3249, #5277, #4046, #3614 ) ) ;
#5212 = COLOUR_RGB ( '',0.0000000000000000000, 0.5019607843137254832, 1.000000000000000000 ) ;
#5213 = VERTEX_POINT ( 'NONE', #3358 ) ;
#5214 = UNCERTAINTY_MEASURE_WITH_UNIT (LENGTH_MEASURE( 1.000000000000000082E-05 ), #5190, 'distance_accuracy_value', 'NONE');
#5215 =( LENGTH_UNIT ( ) NAMED_UNIT ( * ) SI_UNIT ( .MILLI., .METRE. ) );
#5216 = CARTESIAN_POINT ( 'NONE',  ( -33.37651990792611656, 7.512513140623237717, 1.218800000000079597 ) ) ;
#5217 = FACE_OUTER_BOUND ( 'NONE', #6067, .T. ) ;
#5218 = STYLED_ITEM ( 'NONE', ( #4969 ), #6483 ) ;
#5219 = FACE_OUTER_BOUND ( 'NONE', #1284, .T. ) ;
#5220 =( NAMED_UNIT ( * ) PLANE_ANGLE_UNIT ( ) SI_UNIT ( $, .RADIAN. ) );
#5221 = SURFACE_STYLE_FILL_AREA ( #2814 ) ;
#5222 = FACE_OUTER_BOUND ( 'NONE', #7756, .T. ) ;
#5223 = ORIENTED_EDGE ( 'NONE', *, *, #4391, .T. ) ;
#5224 = EDGE_LOOP ( 'NONE', ( #2388, #2422, #3028, #1922, #6460, #7362 ) ) ;
#5225 = MECHANICAL_DESIGN_GEOMETRIC_PRESENTATION_REPRESENTATION (  '', ( #4354 ), #7721 ) ;
#5226 = SURFACE_STYLE_USAGE ( .BOTH. , #6987 ) ;
#5227 = EDGE_LOOP ( 'NONE', ( #4403, #449, #4922, #3336 ) ) ;
#5228 = FILL_AREA_STYLE_COLOUR ( '', #7621 ) ;
#5229 = CARTESIAN_POINT ( 'NONE',  ( -45.88039062757600561, 7.056012965964359118, -0.2349999999999997369 ) ) ;
#5230 = SURFACE_STYLE_FILL_AREA ( #465 ) ;
#5231 = ORIENTED_EDGE ( 'NONE', *, *, #4872, .F. ) ;
#5232 = AXIS2_PLACEMENT_3D ( 'NONE', #960, #2677, #6844 ) ;
#5233 = DIRECTION ( 'NONE',  ( 1.000000000000000000, 1.299418334065024133E-16, -0.0000000000000000000 ) ) ;
#5234 = VERTEX_POINT ( 'NONE', #5744 ) ;
#5235 = CARTESIAN_POINT ( 'NONE',  ( -40.82734843295796168, -17.97723040388900628, 0.2768188384184762096 ) ) ;
#5236 = PLANE ( 'NONE',  #6719 ) ;
#5237 = AXIS2_PLACEMENT_3D ( 'NONE', #6420, #1049, #3448 ) ;
#5238 = PRESENTATION_STYLE_ASSIGNMENT (( #7001 ) ) ;
#5239 = ORIENTED_EDGE ( 'NONE', *, *, #288, .F. ) ;
#5240 =( GEOMETRIC_REPRESENTATION_CONTEXT ( 3 ) GLOBAL_UNCERTAINTY_ASSIGNED_CONTEXT ( ( #2287 ) ) GLOBAL_UNIT_ASSIGNED_CONTEXT ( ( #1538, #6168, #322 ) ) REPRESENTATION_CONTEXT ( 'NONE', 'WORKASPACE' ) );
#5241 = FILL_AREA_STYLE ('',( #996 ) ) ;
#5242 = EDGE_CURVE ( 'NONE', #7254, #4134, #5275, .T. ) ;
#5243 = DIRECTION ( 'NONE',  ( -0.0000000000000000000, 1.047444401652940007E-14, -1.000000000000000000 ) ) ;
#5244 = EDGE_CURVE ( 'NONE', #6004, #5166, #5848, .T. ) ;
#5245 = COLOUR_RGB ( '',0.7529411764705882248, 0.7529411764705882248, 0.7529411764705882248 ) ;
#5246 = CYLINDRICAL_SURFACE ( 'NONE', #3879, 0.2540000000000007807 ) ;
#5247 = AXIS2_PLACEMENT_3D ( 'NONE', #7235, #1181, #6680 ) ;
#5248 =( NAMED_UNIT ( * ) SI_UNIT ( $, .STERADIAN. ) SOLID_ANGLE_UNIT ( ) );
#5249 = EDGE_CURVE ( 'NONE', #6414, #3989, #2962, .T. ) ;
#5250 = ADVANCED_FACE ( 'NONE', ( #5356 ), #504, .T. ) ;
#5251 = DIRECTION ( 'NONE',  ( -0.0000000000000000000, -1.000000000000000000, 0.0000000000000000000 ) ) ;
#5252 = ORIENTED_EDGE ( 'NONE', *, *, #2441, .F. ) ;
#5253 = EDGE_CURVE ( 'NONE', #4252, #6727, #1104, .T. ) ;
#5254 = STYLED_ITEM ( 'NONE', ( #5884 ), #5808 ) ;
#5255 = VERTEX_POINT ( 'NONE', #3459 ) ;
#5256 = LINE ( 'NONE', #2929, #6953 ) ;
#5257 = DIRECTION ( 'NONE',  ( -0.0000000000000000000, -1.000000000000000000, -0.0000000000000000000 ) ) ;
#5258 = LINE ( 'NONE', #2863, #2708 ) ;
#5259 = DIRECTION ( 'NONE',  ( 0.0000000000000000000, 0.0000000000000000000, 1.000000000000000000 ) ) ;
#5260 = FACE_OUTER_BOUND ( 'NONE', #3945, .T. ) ;
#5261 = PRESENTATION_LAYER_ASSIGNMENT (  '', '', ( #7757 ) ) ;
#5262 = FACE_OUTER_BOUND ( 'NONE', #7020, .T. ) ;
#5263 = ORIENTED_EDGE ( 'NONE', *, *, #875, .F. ) ;
#5264 = ORIENTED_EDGE ( 'NONE', *, *, #2995, .T. ) ;
#5265 = DIRECTION ( 'NONE',  ( 1.000000000000000000, 0.0000000000000000000, 0.0000000000000000000 ) ) ;
#5266 = ORIENTED_EDGE ( 'NONE', *, *, #3658, .F. ) ;
#5267 = DIRECTION ( 'NONE',  ( -1.000000000000000000, 0.0000000000000000000, -0.0000000000000000000 ) ) ;
#5268 = PRESENTATION_LAYER_ASSIGNMENT (  '', '', ( #5019 ) ) ;
#5269 = CYLINDRICAL_SURFACE ( 'NONE', #125, 0.2539999999999998925 ) ;
#5270 = FACE_OUTER_BOUND ( 'NONE', #5565, .T. ) ;
#5271 = ORIENTED_EDGE ( 'NONE', *, *, #7154, .F. ) ;
#5272 = EDGE_LOOP ( 'NONE', ( #2885, #6260, #121, #7471 ) ) ;
#5273 = CARTESIAN_POINT ( 'NONE',  ( -21.58039062757600846, 4.756012965964352190, 1.205000000000000071 ) ) ;
#5274 =( BOUNDED_CURVE ( )  B_SPLINE_CURVE ( 3, ( #7478, #993, #4032, #6884 ),
 .UNSPECIFIED., .F., .T. ) 
 B_SPLINE_CURVE_WITH_KNOTS ( ( 4, 4 ),
 ( 3.184795951792029622E-15, 1.570796326794896558 ),
 .UNSPECIFIED. ) 
 CURVE ( )  GEOMETRIC_REPRESENTATION_ITEM ( )  RATIONAL_B_SPLINE_CURVE ( ( 1.000000000000000000, 0.8047378541243658256, 0.8047378541243658256, 1.000000000000000000 ) ) 
 REPRESENTATION_ITEM ( '' )  );
#5275 = LINE ( 'NONE', #1642, #4742 ) ;
#5276 = DIRECTION ( 'NONE',  ( 0.0000000000000000000, 0.0000000000000000000, -1.000000000000000000 ) ) ;
#5277 = ORIENTED_EDGE ( 'NONE', *, *, #4159, .F. ) ;
#5278 = DIRECTION ( 'NONE',  ( -0.0000000000000000000, -1.000000000000000000, -0.0000000000000000000 ) ) ;
#5279 = DIRECTION ( 'NONE',  ( -0.0000000000000000000, 1.000000000000000000, 1.047444401652940007E-14 ) ) ;
#5280 = PRESENTATION_STYLE_ASSIGNMENT (( #2241 ) ) ;
#5281 = LINE ( 'NONE', #7599, #7322 ) ;
#5282 = FILL_AREA_STYLE ('',( #1617 ) ) ;
#5283 = STYLED_ITEM ( 'NONE', ( #6536 ), #7300 ) ;
#5284 = SURFACE_STYLE_FILL_AREA ( #6447 ) ;
#5285 = CARTESIAN_POINT ( 'NONE',  ( -28.82731649811005425, -14.00398703434601444, 1.194547131130967221 ) ) ;
#5286 = EDGE_CURVE ( 'NONE', #1884, #3124, #1027, .T. ) ;
#5287 = DIRECTION ( 'NONE',  ( 0.0000000000000000000, 1.047444401652940007E-14, -1.000000000000000000 ) ) ;
#5288 = ORIENTED_EDGE ( 'NONE', *, *, #3037, .T. ) ;
#5289 = AXIS2_PLACEMENT_3D ( 'NONE', #6709, #5463, #3740 ) ;
#5290 = EDGE_LOOP ( 'NONE', ( #841, #680, #7685, #4496 ) ) ;
#5291 = UNCERTAINTY_MEASURE_WITH_UNIT (LENGTH_MEASURE( 1.000000000000000082E-05 ), #5902, 'distance_accuracy_value', 'NONE');
#5292 = ADVANCED_FACE ( 'NONE', ( #4031 ), #542, .F. ) ;
#5293 =( LENGTH_UNIT ( ) NAMED_UNIT ( * ) SI_UNIT ( .MILLI., .METRE. ) );
#5294 = CARTESIAN_POINT ( 'NONE',  ( -35.66246990792611626, 7.201313140623350151, -9.372999999999922949 ) ) ;
#5295 = LINE ( 'NONE', #6457, #3561 ) ;
#5296 =( GEOMETRIC_REPRESENTATION_CONTEXT ( 3 ) GLOBAL_UNCERTAINTY_ASSIGNED_CONTEXT ( ( #7649 ) ) GLOBAL_UNIT_ASSIGNED_CONTEXT ( ( #1491, #2194, #5614 ) ) REPRESENTATION_CONTEXT ( 'NONE', 'WORKASPACE' ) );
#5297 = ADVANCED_FACE ( 'NONE', ( #6477 ), #4844, .T. ) ;
#5298 = ADVANCED_FACE ( 'NONE', ( #1257 ), #7180, .F. ) ;
#5299 = CARTESIAN_POINT ( 'NONE',  ( -37.63731990792611981, 6.032913140623263892, -1.244999999999911955 ) ) ;
#5300 = ORIENTED_EDGE ( 'NONE', *, *, #3761, .F. ) ;
#5301 = ORIENTED_EDGE ( 'NONE', *, *, #811, .F. ) ;
#5302 = CARTESIAN_POINT ( 'NONE',  ( -40.82733246553401329, -18.28388708950198449, -0.2449552275043976879 ) ) ;
#5303 = ORIENTED_EDGE ( 'NONE', *, *, #6770, .F. ) ;
#5304 = EDGE_CURVE ( 'NONE', #2700, #4098, #4869, .T. ) ;
#5305 = EDGE_CURVE ( 'NONE', #3187, #1544, #6035, .T. ) ;
#5306 = VECTOR ( 'NONE', #3380, 1000.000000000000000 ) ;
#5307 = FILL_AREA_STYLE_COLOUR ( '', #7222 ) ;
#5308 = CARTESIAN_POINT ( 'NONE',  ( -30.83646990792612641, 6.890163140623347893, -9.118999999999928718 ) ) ;
#5309 = VECTOR ( 'NONE', #3935, 1000.000000000000000 ) ;
#5310 = ORIENTED_EDGE ( 'NONE', *, *, #6765, .F. ) ;
#5311 = ORIENTED_EDGE ( 'NONE', *, *, #7261, .F. ) ;
#5312 = DIRECTION ( 'NONE',  ( 1.000000000000000000, -0.0000000000000000000, 0.0000000000000000000 ) ) ;
#5313 = PLANE ( 'NONE',  #306 ) ;
#5314 =( LENGTH_UNIT ( ) NAMED_UNIT ( * ) SI_UNIT ( .MILLI., .METRE. ) );
#5315 = SURFACE_STYLE_USAGE ( .BOTH. , #16 ) ;
#5316 = CARTESIAN_POINT ( 'NONE',  ( -35.29416990792612552, 7.512463140623347968, -9.118999999999921613 ) ) ;
#5317 = VERTEX_POINT ( 'NONE', #5428 ) ;
#5318 = CARTESIAN_POINT ( 'NONE',  ( -34.33039062757600846, -12.62398703403564149, 1.205000000000000071 ) ) ;
#5319 = CARTESIAN_POINT ( 'NONE',  ( -33.06039062757600533, 7.206012965964358585, -1.266000000000000014 ) ) ;
#5320 = FILL_AREA_STYLE_COLOUR ( '', #5820 ) ;
#5321 = CARTESIAN_POINT ( 'NONE',  ( -40.82734843295796168, -14.00398703482844098, 1.184899675086708237 ) ) ;
#5322 = MECHANICAL_DESIGN_GEOMETRIC_PRESENTATION_REPRESENTATION (  '', ( #7699 ), #2936 ) ;
#5323 = CARTESIAN_POINT ( 'NONE',  ( -34.36071990792594022, 6.540913140623145772, -1.244999999999931051 ) ) ;
#5324 = CARTESIAN_POINT ( 'NONE',  ( -28.82731649811005425, -14.00398703488017205, 1.184899676195318330 ) ) ;
#5325 = DIRECTION ( 'NONE',  ( -1.000000000000000000, -0.0000000000000000000, -0.0000000000000000000 ) ) ;
#5326 = VERTEX_POINT ( 'NONE', #17 ) ;
#5327 = VECTOR ( 'NONE', #546, 1000.000000000000000 ) ;
#5328 = DIRECTION ( 'NONE',  ( 0.0000000000000000000, 0.0000000000000000000, 1.000000000000000000 ) ) ;
#5329 = AXIS2_PLACEMENT_3D ( 'NONE', #7186, #5973, #2483 ) ;
#5330 = SURFACE_SIDE_STYLE ('',( #1816 ) ) ;
#5331 = FACE_OUTER_BOUND ( 'NONE', #4366, .T. ) ;
#5332 = DIRECTION ( 'NONE',  ( 0.0000000000000000000, 1.000000000000000000, -0.0000000000000000000 ) ) ;
#5333 = COLOUR_RGB ( '',0.0000000000000000000, 0.0000000000000000000, 0.0000000000000000000 ) ;
#5334 = AXIS2_PLACEMENT_3D ( 'NONE', #4745, #7081, #2970 ) ;
#5335 = ORIENTED_EDGE ( 'NONE', *, *, #1016, .T. ) ;
#5336 = EDGE_LOOP ( 'NONE', ( #4206, #1045, #5024, #5409 ) ) ;
#5337 = DIRECTION ( 'NONE',  ( 0.0000000000000000000, 1.047444401652940007E-14, -1.000000000000000000 ) ) ;
#5338 = ORIENTED_EDGE ( 'NONE', *, *, #1879, .F. ) ;
#5339 = DIRECTION ( 'NONE',  ( 0.0000000000000000000, 0.0000000000000000000, 1.000000000000000000 ) ) ;
#5340 = PRODUCT_RELATED_PRODUCT_CATEGORY ( 'part', '', ( #1066 ) ) ;
#5341 = COLOUR_RGB ( '',1.000000000000000000, 0.5019607843137254832, 0.0000000000000000000 ) ;
#5342 = EDGE_CURVE ( 'NONE', #5664, #6985, #3114, .T. ) ;
#5343 = VECTOR ( 'NONE', #7542, 1000.000000000000000 ) ;
#5344 = CARTESIAN_POINT ( 'NONE',  ( -33.37646990792612200, 6.890163140623350557, -9.372999999999926501 ) ) ;
#5345 = DIRECTION ( 'NONE',  ( 0.5000000000000017764, -0.8660254037844377084, -8.871936606718211799E-15 ) ) ;
#5346 = ADVANCED_FACE ( 'NONE', ( #6635 ), #654, .T. ) ;
#5347 = CARTESIAN_POINT ( 'NONE',  ( -39.21211990792613022, 6.032913140623324288, -3.530999999999936634 ) ) ;
#5348 = ADVANCED_FACE ( 'NONE', ( #4429 ), #5021, .F. ) ;
#5349 = ORIENTED_EDGE ( 'NONE', *, *, #7014, .T. ) ;
#5350 = COLOUR_RGB ( '',0.6470588235294117974, 0.6196078431372549211, 0.5882352941176470784 ) ;
#5351 = ORIENTED_EDGE ( 'NONE', *, *, #4525, .F. ) ;
#5352 = PRESENTATION_STYLE_ASSIGNMENT (( #7225 ) ) ;
#5353 = LINE ( 'NONE', #4266, #3346 ) ;
#5354 = VECTOR ( 'NONE', #3999, 1000.000000000000000 ) ;
#5355 = SURFACE_STYLE_FILL_AREA ( #6001 ) ;
#5356 = FACE_OUTER_BOUND ( 'NONE', #2454, .T. ) ;
#5357 =( GEOMETRIC_REPRESENTATION_CONTEXT ( 3 ) GLOBAL_UNCERTAINTY_ASSIGNED_CONTEXT ( ( #5980 ) ) GLOBAL_UNIT_ASSIGNED_CONTEXT ( ( #4930, #633, #3014 ) ) REPRESENTATION_CONTEXT ( 'NONE', 'WORKASPACE' ) );
#5358 = PLANE ( 'NONE',  #6283 ) ;
#5359 = EDGE_LOOP ( 'NONE', ( #1436, #271, #5032, #6977 ) ) ;
#5360 = CARTESIAN_POINT ( 'NONE',  ( -33.00816990792611705, 7.201313140623347486, -9.118999999999921613 ) ) ;
#5361 = CARTESIAN_POINT ( 'NONE',  ( -30.21416990792612367, 7.512463140623343527, -9.118999999999918060 ) ) ;
#5362 = LINE ( 'NONE', #7753, #5128 ) ;
#5363 =( LENGTH_UNIT ( ) NAMED_UNIT ( * ) SI_UNIT ( .MILLI., .METRE. ) );
#5364 = CARTESIAN_POINT ( 'NONE',  ( -40.82731649811006491, -16.56412639562964628, -1.249386187268214154 ) ) ;
#5365 = DIRECTION ( 'NONE',  ( 0.0000000000000000000, -1.000000000000000000, -0.0000000000000000000 ) ) ;
#5366 = VERTEX_POINT ( 'NONE', #5623 ) ;
#5367 = APPLICATION_CONTEXT ( 'automotive_design' ) ;
#5368 = AXIS2_PLACEMENT_3D ( 'NONE', #5048, #6759, #6726 ) ;
#5369 = DIRECTION ( 'NONE',  ( 0.0000000000000000000, 1.047444401652940007E-14, -1.000000000000000000 ) ) ;
#5370 = DIRECTION ( 'NONE',  ( -0.0000000000000000000, 1.047444401652940007E-14, -1.000000000000000000 ) ) ;
#5371 =( NAMED_UNIT ( * ) PLANE_ANGLE_UNIT ( ) SI_UNIT ( $, .RADIAN. ) );
#5372 = CARTESIAN_POINT ( 'NONE',  ( -34.06742597117768412, 6.032913140623286985, -3.530999999999936634 ) ) ;
#5373 = ORIENTED_EDGE ( 'NONE', *, *, #3374, .F. ) ;
#5374 = VERTEX_POINT ( 'NONE', #240 ) ;
#5375 =( NAMED_UNIT ( * ) PLANE_ANGLE_UNIT ( ) SI_UNIT ( $, .RADIAN. ) );
#5376 = VERTEX_POINT ( 'NONE', #5135 ) ;
#5377 = UNCERTAINTY_MEASURE_WITH_UNIT (LENGTH_MEASURE( 1.000000000000000082E-05 ), #5947, 'distance_accuracy_value', 'NONE');
#5378 = LINE ( 'NONE', #3064, #3981 ) ;
#5379 = AXIS2_PLACEMENT_3D ( 'NONE', #5143, #3401, #7528 ) ;
#5380 = CARTESIAN_POINT ( 'NONE',  ( -37.83416990792611756, 6.890163140623347893, -9.372999999999926501 ) ) ;
#5381 = ORIENTED_EDGE ( 'NONE', *, *, #6679, .T. ) ;
#5382 = EDGE_CURVE ( 'NONE', #5317, #7254, #3562, .T. ) ;
#5383 = PRESENTATION_LAYER_ASSIGNMENT (  '', '', ( #6253 ) ) ;
#5384 = VERTEX_POINT ( 'NONE', #3277 ) ;
#5385 = CARTESIAN_POINT ( 'NONE',  ( -39.82267328534919670, -18.13414632975169383, 0.8895037257659451635 ) ) ;
#5386 = LINE ( 'NONE', #4106, #4111 ) ;
#5387 = ADVANCED_FACE ( 'NONE', ( #6928 ), #6892, .T. ) ;
#5388 = ADVANCED_FACE ( 'NONE', ( #881 ), #5168, .T. ) ;
#5389 = LINE ( 'NONE', #6476, #4339 ) ;
#5390 = FILL_AREA_STYLE ('',( #3003 ) ) ;
#5391 = ADVANCED_FACE ( 'NONE', ( #5697 ), #1034, .T. ) ;
#5392 = ADVANCED_FACE ( 'NONE', ( #2852 ), #6374, .F. ) ;
#5393 = CARTESIAN_POINT ( 'NONE',  ( -22.78039062757601130, -16.50398703403563871, -1.264999999999999902 ) ) ;
#5394 = ORIENTED_EDGE ( 'NONE', *, *, #6877, .T. ) ;
#5395 = CARTESIAN_POINT ( 'NONE',  ( -38.08816990792612245, 7.258463140623347520, -9.372999999999921172 ) ) ;
#5396 = FILL_AREA_STYLE ('',( #6006 ) ) ;
#5397 = EDGE_CURVE ( 'NONE', #6829, #372, #2280, .T. ) ;
#5398 = B_SPLINE_CURVE_WITH_KNOTS ( 'NONE', 3,
 ( #388, #5735, #1056, #2831, #2911, #2789, #5235, #7630, #7068, #1682 ),
 .UNSPECIFIED., .F., .F.,
 ( 4, 2, 2, 2, 4 ),
 ( 0.0000000000000000000, 0.002365555485198814374, 0.003550048398062969398, 0.004142294854495046259, 0.004734541310927124422 ),
 .UNSPECIFIED. ) ;
#5399 = SURFACE_STYLE_USAGE ( .BOTH. , #26 ) ;
#5400 = LINE ( 'NONE', #629, #3707 ) ;
#5401 = CARTESIAN_POINT ( 'NONE',  ( -28.82731649811005781, -16.28837867234000925, -1.244937770040023928 ) ) ;
#5402 = CARTESIAN_POINT ( 'NONE',  ( -31.03331990792612061, 6.032913140623263892, -1.244999999999936158 ) ) ;
#5403 = ORIENTED_EDGE ( 'NONE', *, *, #1299, .T. ) ;
#5404 = PLANE ( 'NONE',  #5471 ) ;
#5405 = CARTESIAN_POINT ( 'NONE',  ( -36.90071990792635859, 6.540913140623154653, -1.244999999999931051 ) ) ;
#5406 = SURFACE_STYLE_FILL_AREA ( #593 ) ;
#5407 = CARTESIAN_POINT ( 'NONE',  ( -45.88039062757600561, 7.056012965964359118, -1.264999999999999902 ) ) ;
#5408 = CARTESIAN_POINT ( 'NONE',  ( -35.39933015276888995, 7.407302895780468077, 1.472800000000076714 ) ) ;
#5409 = ORIENTED_EDGE ( 'NONE', *, *, #728, .F. ) ;
#5410 = PRESENTATION_LAYER_ASSIGNMENT (  '', '', ( #6018 ) ) ;
#5411 =( NAMED_UNIT ( * ) SI_UNIT ( $, .STERADIAN. ) SOLID_ANGLE_UNIT ( ) );
#5412 = ORIENTED_EDGE ( 'NONE', *, *, #485, .T. ) ;
#5413 = CARTESIAN_POINT ( 'NONE',  ( -34.65401384467411816, 8.369713140623003866, -3.530999999999917538 ) ) ;
#5414 = VERTEX_POINT ( 'NONE', #3472 ) ;
#5415 = CARTESIAN_POINT ( 'NONE',  ( -30.21411990792612556, 7.512513140623237717, 1.472800000000079601 ) ) ;
#5416 = CARTESIAN_POINT ( 'NONE',  ( -31.03331990792612061, 6.032913140623267445, -1.575199999999930212 ) ) ;
#5417 = STYLED_ITEM ( 'NONE', ( #5970 ), #2542 ) ;
#5418 = LINE ( 'NONE', #2504, #6773 ) ;
#5419 = CARTESIAN_POINT ( 'NONE',  ( -33.57331990792611975, 6.032913140623267445, -1.575199999999936429 ) ) ;
#5420 = ORIENTED_EDGE ( 'NONE', *, *, #6482, .T. ) ;
#5421 = ORIENTED_EDGE ( 'NONE', *, *, #4340, .F. ) ;
#5422 = AXIS2_PLACEMENT_3D ( 'NONE', #2951, #5885, #3451 ) ;
#5423 = FILL_AREA_STYLE ('',( #3030 ) ) ;
#5424 = DIRECTION ( 'NONE',  ( 0.0000000000000000000, 0.0000000000000000000, 1.000000000000000000 ) ) ;
#5425 = CARTESIAN_POINT ( 'NONE',  ( -35.66246990792611626, 7.258463140623347520, -9.372999999999922949 ) ) ;
#5426 = CARTESIAN_POINT ( 'NONE',  ( -29.82731649811006491, -14.00398703403564049, 1.215000000000000080 ) ) ;
#5427 = CARTESIAN_POINT ( 'NONE',  ( -37.63731990792611981, 6.032913140623267445, -1.575199999999936429 ) ) ;
#5428 = CARTESIAN_POINT ( 'NONE',  ( -35.29416990792612552, 6.890163140623348781, -9.118999999999921613 ) ) ;
#5429 = LINE ( 'NONE', #4415, #2784 ) ;
#5430 = DIRECTION ( 'NONE',  ( 1.000000000000000000, 0.0000000000000000000, 0.0000000000000000000 ) ) ;
#5431 = ORIENTED_EDGE ( 'NONE', *, *, #765, .T. ) ;
#5432 = FACE_OUTER_BOUND ( 'NONE', #1720, .T. ) ;
#5433 =( LENGTH_UNIT ( ) NAMED_UNIT ( * ) SI_UNIT ( .MILLI., .METRE. ) );
#5434 = UNCERTAINTY_MEASURE_WITH_UNIT (LENGTH_MEASURE( 1.000000000000000082E-05 ), #2746, 'distance_accuracy_value', 'NONE');
#5435 = EDGE_CURVE ( 'NONE', #2263, #5040, #400, .T. ) ;
#5436 = CARTESIAN_POINT ( 'NONE',  ( -35.91646990792611405, 7.512463140623343527, -9.267789755157155085 ) ) ;
#5437 = DIRECTION ( 'NONE',  ( -0.5000000000000024425, 0.8660254037844372643, 8.871936606718224421E-15 ) ) ;
#5438 = CARTESIAN_POINT ( 'NONE',  ( -28.82731649811005781, -14.00398703403564227, 1.191331306785492705 ) ) ;
#5439 = EDGE_CURVE ( 'NONE', #4092, #3187, #6405, .T. ) ;
#5440 = EDGE_CURVE ( 'NONE', #6985, #6798, #5362, .T. ) ;
#5441 = CARTESIAN_POINT ( 'NONE',  ( -45.88039062757600561, 7.056012965964359118, -0.2349999999999997369 ) ) ;
#5442 = ORIENTED_EDGE ( 'NONE', *, *, #5529, .T. ) ;
#5443 = UNCERTAINTY_MEASURE_WITH_UNIT (LENGTH_MEASURE( 1.000000000000000082E-05 ), #7411, 'distance_accuracy_value', 'NONE');
#5444 = CARTESIAN_POINT ( 'NONE',  ( -24.58039062757600846, -16.50398703403563871, -0.2349999999999997369 ) ) ;
#5445 = CARTESIAN_POINT ( 'NONE',  ( -45.88039062757600561, -16.50398703403563871, -1.245000000000000107 ) ) ;
#5446 = COLOUR_RGB ( '',0.0000000000000000000, 0.0000000000000000000, 0.0000000000000000000 ) ;
#5447 = DIRECTION ( 'NONE',  ( 0.0000000000000000000, -1.000000000000000000, -1.047444401652940007E-14 ) ) ;
#5448 = FACE_OUTER_BOUND ( 'NONE', #4891, .T. ) ;
#5449 = CARTESIAN_POINT ( 'NONE',  ( -22.78039062757601130, -16.50398703403563871, -1.264999999999999902 ) ) ;
#5450 = VERTEX_POINT ( 'NONE', #5863 ) ;
#5451 =( NAMED_UNIT ( * ) SI_UNIT ( $, .STERADIAN. ) SOLID_ANGLE_UNIT ( ) );
#5452 = COLOUR_RGB ( '',0.0000000000000000000, 0.0000000000000000000, 0.0000000000000000000 ) ;
#5453 = ORIENTED_EDGE ( 'NONE', *, *, #3860, .T. ) ;
#5454 = CARTESIAN_POINT ( 'NONE',  ( -33.37646990792612200, 7.512463140623350633, -3.530999999999921535 ) ) ;
#5455 = CARTESIAN_POINT ( 'NONE',  ( -40.82734843295796168, -14.00398703413909907, 1.194547135019942807 ) ) ;
#5456 = CARTESIAN_POINT ( 'NONE',  ( -23.82731649811006136, -13.42398703403564575, -1.254999999999999893 ) ) ;
#5457 = ORIENTED_EDGE ( 'NONE', *, *, #2444, .T. ) ;
#5458 = ORIENTED_EDGE ( 'NONE', *, *, #3001, .F. ) ;
#5459 =( GEOMETRIC_REPRESENTATION_CONTEXT ( 3 ) GLOBAL_UNCERTAINTY_ASSIGNED_CONTEXT ( ( #3232 ) ) GLOBAL_UNIT_ASSIGNED_CONTEXT ( ( #3794, #1269, #6169 ) ) REPRESENTATION_CONTEXT ( 'NONE', 'WORKASPACE' ) );
#5460 = ORIENTED_EDGE ( 'NONE', *, *, #3864, .F. ) ;
#5461 = CYLINDRICAL_SURFACE ( 'NONE', #6206, 1.799999999999999600 ) ;
#5462 = DIRECTION ( 'NONE',  ( 0.0000000000000000000, -1.047444401652940007E-14, 1.000000000000000000 ) ) ;
#5463 = DIRECTION ( 'NONE',  ( -0.8660254037844272723, 0.5000000000000197620, 5.237222008264905926E-15 ) ) ;
#5464 = CARTESIAN_POINT ( 'NONE',  ( -45.88039062757600561, -16.50398703403563871, -1.264999999999999902 ) ) ;
#5465 = LINE ( 'NONE', #6078, #1899 ) ;
#5466 = PRESENTATION_STYLE_ASSIGNMENT (( #6507 ) ) ;
#5467 = ORIENTED_EDGE ( 'NONE', *, *, #2791, .F. ) ;
#5468 = VECTOR ( 'NONE', #7731, 1000.000000000000000 ) ;
#5469 = PRODUCT_DEFINITION_SHAPE ( 'NONE', 'NONE',  #6860 ) ;
#5470 = AXIS2_PLACEMENT_3D ( 'NONE', #1277, #3683, #6062 ) ;
#5471 = AXIS2_PLACEMENT_3D ( 'NONE', #7791, #4977, #2408 ) ;
#5472 = DIRECTION ( 'NONE',  ( 0.0000000000000000000, 0.9896714663085257602, -0.1433540678694974202 ) ) ;
#5473 =( GEOMETRIC_REPRESENTATION_CONTEXT ( 3 ) GLOBAL_UNCERTAINTY_ASSIGNED_CONTEXT ( ( #2139 ) ) GLOBAL_UNIT_ASSIGNED_CONTEXT ( ( #1268, #6166, #5020 ) ) REPRESENTATION_CONTEXT ( 'NONE', 'WORKASPACE' ) );
#5475 = EDGE_CURVE ( 'NONE', #6303, #2180, #1604, .T. ) ;
#5474 = VECTOR ( 'NONE', #5983, 1000.000000000000000 ) ;
#5476 = EDGE_LOOP ( 'NONE', ( #2108, #1825, #1323, #405 ) ) ;
#5477 = ADVANCED_FACE ( 'NONE', ( #7043 ), #5246, .T. ) ;
#5478 = FILL_AREA_STYLE_COLOUR ( '', #5841 ) ;
#5479 = PLANE ( 'NONE',  #698 ) ;
#5480 = EDGE_CURVE ( 'NONE', #6532, #4511, #2223, .T. ) ;
#5481 = EDGE_CURVE ( 'NONE', #6727, #3987, #4342, .T. ) ;
#5482 = CARTESIAN_POINT ( 'NONE',  ( -39.21211990792613022, 7.258513140623238158, 1.218800000000076711 ) ) ;
#5483 = SURFACE_STYLE_USAGE ( .BOTH. , #7286 ) ;
#5484 = VECTOR ( 'NONE', #1995, 1000.000000000000000 ) ;
#5485 = CARTESIAN_POINT ( 'NONE',  ( -37.93938015276889075, 7.407252895780580992, -9.372999999999919396 ) ) ;
#5486 = ORIENTED_EDGE ( 'NONE', *, *, #7692, .F. ) ;
#5487 = ADVANCED_FACE ( 'NONE', ( #1653 ), #4076, .T. ) ;
#5488 = EDGE_CURVE ( 'NONE', #7771, #3405, #510, .T. ) ;
#5489 = CARTESIAN_POINT ( 'NONE',  ( -33.37646990792612200, 7.512463140623350633, -9.372999999999919396 ) ) ;
#5490 = AXIS2_PLACEMENT_3D ( 'NONE', #757, #164, #3164 ) ;
#5491 = ORIENTED_EDGE ( 'NONE', *, *, #2299, .T. ) ;
#5492 = FACE_OUTER_BOUND ( 'NONE', #4910, .T. ) ;
#5493 = VERTEX_POINT ( 'NONE', #3153 ) ;
#5494 = CARTESIAN_POINT ( 'NONE',  ( -28.82731649811007202, -15.57286989385345422, 1.104876692016433459 ) ) ;
#5495 = FACE_OUTER_BOUND ( 'NONE', #761, .T. ) ;
#5496 = DIRECTION ( 'NONE',  ( 1.000000000000000000, -0.0000000000000000000, 0.0000000000000000000 ) ) ;
#5497 = AXIS2_PLACEMENT_3D ( 'NONE', #3011, #6642, #86 ) ;
#5498 = DIRECTION ( 'NONE',  ( 1.000000000000000000, 0.0000000000000000000, -0.0000000000000000000 ) ) ;
#5499 = DIRECTION ( 'NONE',  ( -0.0000000000000000000, 1.000000000000000000, 0.0000000000000000000 ) ) ;
#5500 = ORIENTED_EDGE ( 'NONE', *, *, #2598, .T. ) ;
#5501 = ORIENTED_EDGE ( 'NONE', *, *, #2840, .T. ) ;
#5502 = ORIENTED_EDGE ( 'NONE', *, *, #5860, .T. ) ;
#5503 = EDGE_LOOP ( 'NONE', ( #137, #4830, #4452, #4729 ) ) ;
#5504 = DIRECTION ( 'NONE',  ( 1.000000000000000000, 0.0000000000000000000, 0.0000000000000000000 ) ) ;
#5505 = CARTESIAN_POINT ( 'NONE',  ( -26.91167454126538061, -14.00398703403564049, 1.205000000000000071 ) ) ;
#5506 = VECTOR ( 'NONE', #5685, 1000.000000000000000 ) ;
#5507 = PRESENTATION_STYLE_ASSIGNMENT (( #3116 ) ) ;
#5508 = DIRECTION ( 'NONE',  ( 0.0000000000000000000, 0.0000000000000000000, 1.000000000000000000 ) ) ;
#5509 = ORIENTED_EDGE ( 'NONE', *, *, #5994, .F. ) ;
#5510 = DIRECTION ( 'NONE',  ( 1.000000000000000000, 0.0000000000000000000, 0.0000000000000000000 ) ) ;
#5511 = LINE ( 'NONE', #6010, #305 ) ;
#5512 = CARTESIAN_POINT ( 'NONE',  ( -38.45651990792611485, 6.890113140623239651, 1.218800000000075823 ) ) ;
#5513 = EDGE_LOOP ( 'NONE', ( #5090, #1185, #4792, #1076 ) ) ;
#5514 = CARTESIAN_POINT ( 'NONE',  ( -36.11331990792611890, 8.369713140623266767, -1.575199999999911560 ) ) ;
#5515 = CARTESIAN_POINT ( 'NONE',  ( -30.21416990792612722, 6.890163140623350557, -3.530999999999928196 ) ) ;
#5516 = EDGE_CURVE ( 'NONE', #2341, #7335, #3392, .T. ) ;
#5517 = CARTESIAN_POINT ( 'NONE',  ( -38.35130966308334877, 7.407302895780468077, 1.472800000000076492 ) ) ;
#5518 = EDGE_CURVE ( 'NONE', #4547, #1630, #6086, .T. ) ;
#5519 = ORIENTED_EDGE ( 'NONE', *, *, #2508, .F. ) ;
#5520 = ORIENTED_EDGE ( 'NONE', *, *, #2099, .F. ) ;
#5521 = UNCERTAINTY_MEASURE_WITH_UNIT (LENGTH_MEASURE( 1.000000000000000082E-05 ), #7368, 'distance_accuracy_value', 'NONE');
#5522 = FACE_BOUND ( 'NONE', #4485, .T. ) ;
#5523 = EDGE_CURVE ( 'NONE', #4512, #4945, #4926, .T. ) ;
#5524 = DIRECTION ( 'NONE',  ( 0.0000000000000000000, 0.0000000000000000000, 1.000000000000000000 ) ) ;
#5525 = SURFACE_STYLE_USAGE ( .BOTH. , #106 ) ;
#5526 = ORIENTED_EDGE ( 'NONE', *, *, #7497, .T. ) ;
#5527 = EDGE_CURVE ( 'NONE', #2380, #2993, #4888, .T. ) ;
#5528 = ORIENTED_EDGE ( 'NONE', *, *, #5066, .F. ) ;
#5529 = EDGE_CURVE ( 'NONE', #742, #3454, #7312, .T. ) ;
#5530 = PLANE ( 'NONE',  #4575 ) ;
#5531 = ORIENTED_EDGE ( 'NONE', *, *, #1106, .F. ) ;
#5532 = VECTOR ( 'NONE', #3182, 1000.000000000000227 ) ;
#5533 =( NAMED_UNIT ( * ) SI_UNIT ( $, .STERADIAN. ) SOLID_ANGLE_UNIT ( ) );
#5534 =( LENGTH_UNIT ( ) NAMED_UNIT ( * ) SI_UNIT ( .MILLI., .METRE. ) );
#5535 = LINE ( 'NONE', #2552, #3413 ) ;
#5536 = CIRCLE ( 'NONE', #4051, 0.5000000000000004441 ) ;
#5537 = VERTEX_POINT ( 'NONE', #1928 ) ;
#5538 = EDGE_LOOP ( 'NONE', ( #2869, #5502, #1864, #5509 ) ) ;
#5539 = CARTESIAN_POINT ( 'NONE',  ( -41.82731649811005781, -16.30398703403564653, -1.266000000000000014 ) ) ;
#5540 = DIRECTION ( 'NONE',  ( 1.000000000000000000, 0.0000000000000000000, 0.0000000000000000000 ) ) ;
#5541 = CARTESIAN_POINT ( 'NONE',  ( -47.58039062757602267, -14.00398703403564227, 1.041666666666666963 ) ) ;
#5542 =( NAMED_UNIT ( * ) PLANE_ANGLE_UNIT ( ) SI_UNIT ( $, .RADIAN. ) );
#5543 = CARTESIAN_POINT ( 'NONE',  ( -38.45651990792611485, 6.890113140623240540, 1.367589755157307296 ) ) ;
#5544 = VECTOR ( 'NONE', #3212, 1000.000000000000000 ) ;
#5545 = CARTESIAN_POINT ( 'NONE',  ( -33.00811990792611539, 7.201313140623236464, 1.472800000000073606 ) ) ;
#5546 = EDGE_LOOP ( 'NONE', ( #4708, #3464, #3446, #1396 ) ) ;
#5547 = DIRECTION ( 'NONE',  ( -0.0000000000000000000, -0.0000000000000000000, -1.000000000000000000 ) ) ;
#5548 = DIRECTION ( 'NONE',  ( 0.0000000000000000000, 0.0000000000000000000, 1.000000000000000000 ) ) ;
#5549 = STYLED_ITEM ( 'NONE', ( #5180 ), #3173 ) ;
#5550 = FACE_OUTER_BOUND ( 'NONE', #3141, .T. ) ;
#5551 = SURFACE_STYLE_FILL_AREA ( #1500 ) ;
#5552 = ORIENTED_EDGE ( 'NONE', *, *, #7692, .T. ) ;
#5553 = VECTOR ( 'NONE', #1645, 1000.000000000000000 ) ;
#5554 = CARTESIAN_POINT ( 'NONE',  ( -47.68039062757600988, -18.30398703403564653, -1.245000000000000107 ) ) ;
#5555 = VERTEX_POINT ( 'NONE', #705 ) ;
#5556 =( BOUNDED_CURVE ( )  B_SPLINE_CURVE ( 3, ( #6149, #6707, #6784, #1400 ),
 .UNSPECIFIED., .F., .T. ) 
 B_SPLINE_CURVE_WITH_KNOTS ( ( 4, 4 ),
 ( -3.552713678800500929E-15, 1.570796326794898334 ),
 .UNSPECIFIED. ) 
 CURVE ( )  GEOMETRIC_REPRESENTATION_ITEM ( )  RATIONAL_B_SPLINE_CURVE ( ( 1.000000000000000000, 0.8047378541243637162, 0.8047378541243637162, 1.000000000000000000 ) ) 
 REPRESENTATION_ITEM ( '' )  );
#5557 = CARTESIAN_POINT ( 'NONE',  ( -28.82731649811005781, -18.18510063209038208, 0.03766094568891640432 ) ) ;
#5558 = CARTESIAN_POINT ( 'NONE',  ( -47.68039062757600988, -18.30398703403564653, -1.245000000000000107 ) ) ;
#5559 = VECTOR ( 'NONE', #4422, 1000.000000000000000 ) ;
#5560 = SURFACE_STYLE_FILL_AREA ( #3025 ) ;
#5561 = DIRECTION ( 'NONE',  ( -0.0000000000000000000, 1.000000000000000000, 0.0000000000000000000 ) ) ;
#5562 = EDGE_LOOP ( 'NONE', ( #2320, #437, #2276, #5591 ) ) ;
#5563 = EDGE_LOOP ( 'NONE', ( #6820, #7175, #1414, #3381 ) ) ;
#5564 = EDGE_CURVE ( 'NONE', #4825, #3405, #117, .T. ) ;
#5565 = EDGE_LOOP ( 'NONE', ( #812, #2778, #7206, #7445 ) ) ;
#5566 = VECTOR ( 'NONE', #2366, 1000.000000000000000 ) ;
#5567 = AXIS2_PLACEMENT_3D ( 'NONE', #6777, #3806, #2022 ) ;
#5568 = DIRECTION ( 'NONE',  ( 0.0000000000000000000, 0.0000000000000000000, 1.000000000000000000 ) ) ;
#5569 = PRESENTATION_STYLE_ASSIGNMENT (( #3817 ) ) ;
#5570 = ADVANCED_FACE ( 'NONE', ( #6009 ), #1297, .T. ) ;
#5571 = LINE ( 'NONE', #6748, #6650 ) ;
#5572 = CARTESIAN_POINT ( 'NONE',  ( -38.45646990792611319, 6.890163140623288385, -3.530999999999928196 ) ) ;
#5573 =( GEOMETRIC_REPRESENTATION_CONTEXT ( 3 ) GLOBAL_UNCERTAINTY_ASSIGNED_CONTEXT ( ( #1348 ) ) GLOBAL_UNIT_ASSIGNED_CONTEXT ( ( #5967, #541, #6545 ) ) REPRESENTATION_CONTEXT ( 'NONE', 'WORKASPACE' ) );
#5574 = AXIS2_PLACEMENT_3D ( 'NONE', #7124, #1706, #4130 ) ;
#5575 = CARTESIAN_POINT ( 'NONE',  ( -23.78039062757601130, 7.056012965964359118, -1.264999999999999902 ) ) ;
#5576 = EDGE_LOOP ( 'NONE', ( #5182, #6186, #4447, #2423, #6815, #5816, #4998, #1122 ) ) ;
#5577 = SURFACE_SIDE_STYLE ('',( #781 ) ) ;
#5578 = PRESENTATION_STYLE_ASSIGNMENT (( #5043 ) ) ;
#5579 = AXIS2_PLACEMENT_3D ( 'NONE', #3933, #6266, #928 ) ;
#5580 = CARTESIAN_POINT ( 'NONE',  ( -37.83411990792612301, 6.890113140623235211, 1.472800000000072718 ) ) ;
#5581 = VECTOR ( 'NONE', #637, 1000.000000000000000 ) ;
#5582 = LINE ( 'NONE', #2086, #2480 ) ;
#5583 =( GEOMETRIC_REPRESENTATION_CONTEXT ( 3 ) GLOBAL_UNCERTAINTY_ASSIGNED_CONTEXT ( ( #6533 ) ) GLOBAL_UNIT_ASSIGNED_CONTEXT ( ( #1724, #2473, #1876 ) ) REPRESENTATION_CONTEXT ( 'NONE', 'WORKASPACE' ) );
#5584 = ORIENTED_EDGE ( 'NONE', *, *, #1446, .F. ) ;
#5585 = CARTESIAN_POINT ( 'NONE',  ( -28.82731649811005781, -18.17279833390455224, -0.6621407731115727113 ) ) ;
#5586 = AXIS2_PLACEMENT_3D ( 'NONE', #6127, #3160, #592 ) ;
#5587 = FILL_AREA_STYLE ('',( #4427 ) ) ;
#5588 =( NAMED_UNIT ( * ) SI_UNIT ( $, .STERADIAN. ) SOLID_ANGLE_UNIT ( ) );
#5589 = AXIS2_PLACEMENT_3D ( 'NONE', #1576, #6372, #1000 ) ;
#5590 = PRESENTATION_STYLE_ASSIGNMENT (( #6894 ) ) ;
#5591 = ORIENTED_EDGE ( 'NONE', *, *, #473, .F. ) ;
#5592 = VERTEX_POINT ( 'NONE', #1887 ) ;
#5593 = UNCERTAINTY_MEASURE_WITH_UNIT (LENGTH_MEASURE( 1.000000000000000082E-05 ), #1337, 'distance_accuracy_value', 'NONE');
#5594 = CARTESIAN_POINT ( 'NONE',  ( -28.82731649811005425, -14.00398703434601444, 1.194547131130967221 ) ) ;
#5595 = CARTESIAN_POINT ( 'NONE',  ( -28.82731649811005781, -17.35233244112356488, 0.6628850845770686284 ) ) ;
#5596 = AXIS2_PLACEMENT_3D ( 'NONE', #1093, #6023, #5882 ) ;
#5597 = VECTOR ( 'NONE', #4434, 1000.000000000000000 ) ;
#5598 = FACE_OUTER_BOUND ( 'NONE', #5869, .T. ) ;
#5599 = ORIENTED_EDGE ( 'NONE', *, *, #769, .T. ) ;
#5600 = ORIENTED_EDGE ( 'NONE', *, *, #4815, .F. ) ;
#5601 = ORIENTED_EDGE ( 'NONE', *, *, #3507, .F. ) ;
#5602 = VERTEX_POINT ( 'NONE', #3583 ) ;
#5603 = LINE ( 'NONE', #4376, #447 ) ;
#5604 = CARTESIAN_POINT ( 'NONE',  ( -41.82731649811005781, -18.30398703403564653, -1.245000000000000107 ) ) ;
#5605 = FILL_AREA_STYLE_COLOUR ( '', #2955 ) ;
#5606 = CARTESIAN_POINT ( 'NONE',  ( -30.21411990792612201, 7.512513140623236829, 1.218800000000075823 ) ) ;
#5607 = EDGE_CURVE ( 'NONE', #834, #5450, #3009, .T. ) ;
#5608 = ORIENTED_EDGE ( 'NONE', *, *, #230, .F. ) ;
#5609 = AXIS2_PLACEMENT_3D ( 'NONE', #5736, #5646, #784 ) ;
#5610 = EDGE_CURVE ( 'NONE', #2510, #2407, #1469, .T. ) ;
#5611 = EDGE_CURVE ( 'NONE', #4227, #3772, #4088, .T. ) ;
#5612 = FACE_OUTER_BOUND ( 'NONE', #4019, .T. ) ;
#5613 = ADVANCED_FACE ( 'NONE', ( #4276 ), #660, .T. ) ;
#5614 =( NAMED_UNIT ( * ) SI_UNIT ( $, .STERADIAN. ) SOLID_ANGLE_UNIT ( ) );
#5615 = ORIENTED_EDGE ( 'NONE', *, *, #1391, .F. ) ;
#5616 = DIRECTION ( 'NONE',  ( 0.0000000000000000000, 0.0000000000000000000, 1.000000000000000000 ) ) ;
#5617 = EDGE_CURVE ( 'NONE', #7298, #5602, #908, .T. ) ;
#5618 = ORIENTED_EDGE ( 'NONE', *, *, #3558, .F. ) ;
#5619 = EDGE_CURVE ( 'NONE', #2177, #2984, #6880, .T. ) ;
#5620 = AXIS2_PLACEMENT_3D ( 'NONE', #4620, #3570, #7223 ) ;
#5621 = DIRECTION ( 'NONE',  ( -1.000000000000000000, 0.0000000000000000000, 0.0000000000000000000 ) ) ;
#5622 = CARTESIAN_POINT ( 'NONE',  ( -35.91646990792612115, 7.512463140623350633, -9.372999999999919396 ) ) ;
#5623 = CARTESIAN_POINT ( 'NONE',  ( -33.37646990792611490, 6.890163140623317695, -9.118999999999925166 ) ) ;
#5624 =( NAMED_UNIT ( * ) PLANE_ANGLE_UNIT ( ) SI_UNIT ( $, .RADIAN. ) );
#5625 = LINE ( 'NONE', #3888, #7365 ) ;
#5626 = ORIENTED_EDGE ( 'NONE', *, *, #6909, .T. ) ;
#5627 = ORIENTED_EDGE ( 'NONE', *, *, #7736, .T. ) ;
#5628 =( LENGTH_UNIT ( ) NAMED_UNIT ( * ) SI_UNIT ( .MILLI., .METRE. ) );
#5629 = DIRECTION ( 'NONE',  ( -0.0000000000000000000, 1.047444401652940007E-14, -1.000000000000000000 ) ) ;
#5630 = LINE ( 'NONE', #1591, #3125 ) ;
#5631 = DIRECTION ( 'NONE',  ( 0.0000000000000000000, 0.0000000000000000000, 1.000000000000000000 ) ) ;
#5632 = CARTESIAN_POINT ( 'NONE',  ( -32.75416990792612637, 7.512463140623287572, -3.530999999999924643 ) ) ;
#5633 = VERTEX_POINT ( 'NONE', #1970 ) ;
#5634 = ORIENTED_EDGE ( 'NONE', *, *, #4530, .F. ) ;
#5635 = EDGE_LOOP ( 'NONE', ( #4782, #344, #1052, #7055 ) ) ;
#5636 = ORIENTED_EDGE ( 'NONE', *, *, #2608, .T. ) ;
#5637 = CARTESIAN_POINT ( 'NONE',  ( -35.60039062757600448, 7.206012965964358585, -1.266000000000000014 ) ) ;
#5638 = CARTESIAN_POINT ( 'NONE',  ( -22.78039062757601130, -16.50398703403563871, -0.2349999999999997369 ) ) ;
#5639 = VECTOR ( 'NONE', #5678, 1000.000000000000000 ) ;
#5640 = DIRECTION ( 'NONE',  ( 0.0000000000000000000, 1.024442997624109662E-14, -1.000000000000000000 ) ) ;
#5641 = DIRECTION ( 'NONE',  ( 0.4999999999999999445, -0.8660254037844385966, 0.0000000000000000000 ) ) ;
#5642 = SURFACE_SIDE_STYLE ('',( #2554 ) ) ;
#5643 = EDGE_LOOP ( 'NONE', ( #5945, #3195, #1529 ) ) ;
#5644 = PRESENTATION_LAYER_ASSIGNMENT (  '', '', ( #1888 ) ) ;
#5645 = CARTESIAN_POINT ( 'NONE',  ( -40.82734843295796168, -15.56870022452160818, 1.095715338311892939 ) ) ;
#5646 = DIRECTION ( 'NONE',  ( -0.0000000000000000000, 1.000000000000000000, 1.047444401652940007E-14 ) ) ;
#5647 = CARTESIAN_POINT ( 'NONE',  ( -22.78039062757601130, -16.50398703403563871, -0.2449999999999997735 ) ) ;
#5648 = FACE_OUTER_BOUND ( 'NONE', #2269, .T. ) ;
#5649 = ORIENTED_EDGE ( 'NONE', *, *, #7266, .F. ) ;
#5650 = DIRECTION ( 'NONE',  ( 1.000000000000000000, -0.0000000000000000000, 0.0000000000000000000 ) ) ;
#5651 = VERTEX_POINT ( 'NONE', #7431 ) ;
#5652 = COLOUR_RGB ( '',0.6470588235294117974, 0.6196078431372549211, 0.5882352941176470784 ) ;
#5653 = EDGE_CURVE ( 'NONE', #1953, #6377, #312, .T. ) ;
#5654 = CARTESIAN_POINT ( 'NONE',  ( -40.94731649811006235, -16.30398703403564653, -1.254999999999999893 ) ) ;
#5655 = DIRECTION ( 'NONE',  ( 0.0000000000000000000, -1.000000000000000000, -1.047444401652940007E-14 ) ) ;
#5656 = CARTESIAN_POINT ( 'NONE',  ( -30.21411990792612201, 7.512513140623236829, 1.218800000000075823 ) ) ;
#5657 = FILL_AREA_STYLE_COLOUR ( '', #1465 ) ;
#5658 =( LENGTH_UNIT ( ) NAMED_UNIT ( * ) SI_UNIT ( .MILLI., .METRE. ) );
#5659 = SURFACE_STYLE_FILL_AREA ( #7442 ) ;
#5660 = ADVANCED_FACE ( 'NONE', ( #5612 ), #227, .F. ) ;
#5661 = EDGE_CURVE ( 'NONE', #3090, #6221, #5124, .T. ) ;
#5662 = CARTESIAN_POINT ( 'NONE',  ( -23.78039062757601130, 7.056012965964359118, -1.264999999999999902 ) ) ;
#5663 = ORIENTED_EDGE ( 'NONE', *, *, #6176, .F. ) ;
#5664 = VERTEX_POINT ( 'NONE', #3352 ) ;
#5665 = UNCERTAINTY_MEASURE_WITH_UNIT (LENGTH_MEASURE( 1.000000000000000082E-05 ), #4042, 'distance_accuracy_value', 'NONE');
#5666 = PLANE ( 'NONE',  #4949 ) ;
#5667 = LINE ( 'NONE', #4599, #561 ) ;
#5668 = SURFACE_SIDE_STYLE ('',( #1473 ) ) ;
#5669 =( NAMED_UNIT ( * ) SI_UNIT ( $, .STERADIAN. ) SOLID_ANGLE_UNIT ( ) );
#5670 = FILL_AREA_STYLE_COLOUR ( '', #776 ) ;
#5671 = ORIENTED_EDGE ( 'NONE', *, *, #2010, .T. ) ;
#5672 = EDGE_LOOP ( 'NONE', ( #5147, #5618, #4947, #5600 ) ) ;
#5673 = FACE_OUTER_BOUND ( 'NONE', #5062, .T. ) ;
#5674 = ORIENTED_EDGE ( 'NONE', *, *, #6040, .F. ) ;
#5675 = CARTESIAN_POINT ( 'NONE',  ( -39.21211990792613022, 6.032913140623269221, -1.244999999999936158 ) ) ;
#5676 = MECHANICAL_DESIGN_GEOMETRIC_PRESENTATION_REPRESENTATION (  '', ( #4702 ), #5198 ) ;
#5677 = DIRECTION ( 'NONE',  ( 1.000000000000000000, 0.0000000000000000000, 0.0000000000000000000 ) ) ;
#5678 = DIRECTION ( 'NONE',  ( -0.0000000000000000000, 1.047444401652940007E-14, -1.000000000000000000 ) ) ;
#5679 = CARTESIAN_POINT ( 'NONE',  ( -22.78039062757601130, 7.056012965964359118, -1.264999999999999902 ) ) ;
#5680 = LINE ( 'NONE', #2709, #4369 ) ;
#5681 = VERTEX_POINT ( 'NONE', #869 ) ;
#5682 = DIRECTION ( 'NONE',  ( -0.0000000000000000000, -0.0000000000000000000, -1.000000000000000000 ) ) ;
#5683 = AXIS2_PLACEMENT_3D ( 'NONE', #6292, #6653, #7291 ) ;
#5684 = CARTESIAN_POINT ( 'NONE',  ( -30.83646990792612641, 6.890163140623287497, -9.372999999999919396 ) ) ;
#5685 = DIRECTION ( 'NONE',  ( 0.0000000000000000000, 1.000000000000000000, 1.047444401652940007E-14 ) ) ;
#5686 = AXIS2_PLACEMENT_3D ( 'NONE', #3674, #91, #1897 ) ;
#5687 = CARTESIAN_POINT ( 'NONE',  ( -41.82731649811005781, -12.62398703403564149, 1.215000000000000080 ) ) ;
#5688 = CARTESIAN_POINT ( 'NONE',  ( -29.45851990792611730, 8.369713140623270320, -1.244999999999911955 ) ) ;
#5689 = EDGE_LOOP ( 'NONE', ( #5102, #5101, #7764, #3980 ) ) ;
#5690 = LINE ( 'NONE', #2605, #4378 ) ;
#5691 = EDGE_LOOP ( 'NONE', ( #2435, #6156 ) ) ;
#5692 = PRESENTATION_STYLE_ASSIGNMENT (( #679 ) ) ;
#5693 = VECTOR ( 'NONE', #909, 1000.000000000000000 ) ;
#5694 = STYLED_ITEM ( 'NONE', ( #5578 ), #386 ) ;
#5695 = CARTESIAN_POINT ( 'NONE',  ( -39.82267328534919670, -18.14220267626449257, 0.9035539196892449221 ) ) ;
#5696 = DIRECTION ( 'NONE',  ( 0.0000000000000000000, -1.000000000000000000, -1.047444401652940007E-14 ) ) ;
#5697 = FACE_OUTER_BOUND ( 'NONE', #3205, .T. ) ;
#5698 = CARTESIAN_POINT ( 'NONE',  ( -22.78039062757601130, -16.50398703403563871, -0.2349999999999997369 ) ) ;
#5699 = COLOUR_RGB ( '',0.6470588235294117974, 0.6196078431372549211, 0.5882352941176470784 ) ;
#5700 = EDGE_CURVE ( 'NONE', #6287, #2270, #1489, .T. ) ;
#5701 = VECTOR ( 'NONE', #889, 1000.000000000000000 ) ;
#5702 = DIRECTION ( 'NONE',  ( -0.0000000000000000000, 1.000000000000000000, 1.047444401652940007E-14 ) ) ;
#5703 = ORIENTED_EDGE ( 'NONE', *, *, #4530, .T. ) ;
#5704 = EDGE_LOOP ( 'NONE', ( #2293, #1533 ) ) ;
#5705 = FACE_BOUND ( 'NONE', #1915, .T. ) ;
#5706 = EDGE_CURVE ( 'NONE', #6952, #6988, #6756, .T. ) ;
#5707 = EDGE_CURVE ( 'NONE', #2873, #7031, #2631, .T. ) ;
#5708 = STYLED_ITEM ( 'NONE', ( #204 ), #1053 ) ;
#5709 = AXIS2_PLACEMENT_3D ( 'NONE', #3366, #367, #2772 ) ;
#5710 = DIRECTION ( 'NONE',  ( 0.0000000000000000000, 1.000000000000000000, 1.047444401652940007E-14 ) ) ;
#5711 = PLANE ( 'NONE',  #5579 ) ;
#5712 = PRESENTATION_LAYER_ASSIGNMENT (  '', '', ( #4482 ) ) ;
#5713 = EDGE_CURVE ( 'NONE', #1782, #2585, #7535, .T. ) ;
#5714 = DIRECTION ( 'NONE',  ( 0.0000000000000000000, 0.0000000000000000000, 1.000000000000000000 ) ) ;
#5715 = EDGE_CURVE ( 'NONE', #4758, #5376, #6914, .T. ) ;
#5716 =( BOUNDED_CURVE ( )  B_SPLINE_CURVE ( 3, ( #7694, #4256, #2149, #3609 ),
 .UNSPECIFIED., .F., .T. ) 
 B_SPLINE_CURVE_WITH_KNOTS ( ( 4, 4 ),
 ( 3.184795951792029622E-15, 1.570796326794896558 ),
 .UNSPECIFIED. ) 
 CURVE ( )  GEOMETRIC_REPRESENTATION_ITEM ( )  RATIONAL_B_SPLINE_CURVE ( ( 1.000000000000000000, 0.8047378541243658256, 0.8047378541243658256, 1.000000000000000000 ) ) 
 REPRESENTATION_ITEM ( '' )  );
#5717 = CARTESIAN_POINT ( 'NONE',  ( -45.11039062757600249, -8.053987034035651860, 1.255000000000000115 ) ) ;
#5718 = ORIENTED_EDGE ( 'NONE', *, *, #3323, .T. ) ;
#5719 = STYLED_ITEM ( 'NONE', ( #5280 ), #1211 ) ;
#5720 = EDGE_LOOP ( 'NONE', ( #5457, #4394, #6112 ) ) ;
#5721 = PRESENTATION_LAYER_ASSIGNMENT (  '', '', ( #832 ) ) ;
#5722 = PRESENTATION_STYLE_ASSIGNMENT (( #5226 ) ) ;
#5723 = VECTOR ( 'NONE', #1137, 1000.000000000000000 ) ;
#5724 = EDGE_CURVE ( 'NONE', #3519, #5006, #6833, .T. ) ;
#5725 = LINE ( 'NONE', #6390, #3866 ) ;
#5726 =( NAMED_UNIT ( * ) SI_UNIT ( $, .STERADIAN. ) SOLID_ANGLE_UNIT ( ) );
#5727 = DIRECTION ( 'NONE',  ( -0.0000000000000000000, -1.047444401652940007E-14, 1.000000000000000000 ) ) ;
#5728 = COLOUR_RGB ( '',0.0000000000000000000, 0.007843137254901960675, 0.3098039215686274606 ) ;
#5729 = DIRECTION ( 'NONE',  ( -1.801374326040298222E-16, 1.000000000000000000, 0.0000000000000000000 ) ) ;
#5730 = VERTEX_POINT ( 'NONE', #1454 ) ;
#5731 = CYLINDRICAL_SURFACE ( 'NONE', #3727, 1.799999999999999600 ) ;
#5732 = ORIENTED_EDGE ( 'NONE', *, *, #3407, .T. ) ;
#5733 = FACE_BOUND ( 'NONE', #2776, .T. ) ;
#5734 = MECHANICAL_DESIGN_GEOMETRIC_PRESENTATION_REPRESENTATION (  '', ( #7116 ), #7505 ) ;
#5735 = CARTESIAN_POINT ( 'NONE',  ( -40.82734843295796168, -14.55917908500957481, 1.164798537475171258 ) ) ;
#5736 = CARTESIAN_POINT ( 'NONE',  ( -35.29411990792612386, 6.890113140623235211, 1.472800000000072718 ) ) ;
#5737 = DIRECTION ( 'NONE',  ( 0.0000000000000000000, 0.0000000000000000000, -1.000000000000000000 ) ) ;
#5738 = CARTESIAN_POINT ( 'NONE',  ( -22.78039062757601130, -16.50398703403563871, -1.264999999999999902 ) ) ;
#5739 = DIRECTION ( 'NONE',  ( 1.000000000000000000, 0.0000000000000000000, 0.0000000000000000000 ) ) ;
#5740 = ORIENTED_EDGE ( 'NONE', *, *, #36, .F. ) ;
#5741 = LINE ( 'NONE', #5165, #1972 ) ;
#5742 = EDGE_LOOP ( 'NONE', ( #2787, #4518, #7282, #1712 ) ) ;
#5743 = LINE ( 'NONE', #6338, #7610 ) ;
#5744 = CARTESIAN_POINT ( 'NONE',  ( -45.11039062757600249, 3.166012965964347003, 1.255000000000000115 ) ) ;
#5745 = DIRECTION ( 'NONE',  ( 0.0000000000000000000, -1.000000000000000000, -1.047444401652940007E-14 ) ) ;
#5746 = CARTESIAN_POINT ( 'NONE',  ( -40.82734843295796168, -14.00398703482844098, 1.184899675086708237 ) ) ;
#5747 = DIRECTION ( 'NONE',  ( 0.0000000000000000000, 1.000000000000000000, 1.047444401652940007E-14 ) ) ;
#5748 = SURFACE_STYLE_USAGE ( .BOTH. , #966 ) ;
#5749 = EDGE_LOOP ( 'NONE', ( #1328, #7058, #2828, #2026 ) ) ;
#5750 = ORIENTED_EDGE ( 'NONE', *, *, #2212, .F. ) ;
#5751 = SURFACE_STYLE_FILL_AREA ( #1620 ) ;
#5752 = EDGE_CURVE ( 'NONE', #7549, #1875, #2038, .T. ) ;
#5753 = CARTESIAN_POINT ( 'NONE',  ( -33.12251990792611878, 7.258513140623235493, 1.472800000000076714 ) ) ;
#5754 = PRESENTATION_STYLE_ASSIGNMENT (( #3139 ) ) ;
#5755 = EDGE_CURVE ( 'NONE', #5049, #4739, #4884, .T. ) ;
#5756 = SURFACE_STYLE_FILL_AREA ( #521 ) ;
#5757 = ORIENTED_EDGE ( 'NONE', *, *, #480, .F. ) ;
#5758 = ORIENTED_EDGE ( 'NONE', *, *, #7605, .T. ) ;
#5759 = VECTOR ( 'NONE', #6836, 1000.000000000000000 ) ;
#5760 = LINE ( 'NONE', #5149, #1924 ) ;
#5761 = VERTEX_POINT ( 'NONE', #6160 ) ;
#5762 = CARTESIAN_POINT ( 'NONE',  ( -28.82731649811006136, -15.57128888243232190, 1.095134310963488566 ) ) ;
#5763 =( LENGTH_UNIT ( ) NAMED_UNIT ( * ) SI_UNIT ( .MILLI., .METRE. ) );
#5764 = ADVANCED_FACE ( 'NONE', ( #7476 ), #350, .F. ) ;
#5765 = DIRECTION ( 'NONE',  ( 1.000000000000000000, 0.0000000000000000000, 0.0000000000000000000 ) ) ;
#5766 = DIRECTION ( 'NONE',  ( -0.0000000000000000000, -0.0000000000000000000, -1.000000000000000000 ) ) ;
#5767 = ADVANCED_FACE ( 'NONE', ( #197, #2600 ), #2002, .F. ) ;
#5768 = PLANE ( 'NONE',  #7425 ) ;
#5769 = ADVANCED_FACE ( 'NONE', ( #2346 ), #2948, .F. ) ;
#5770 =( LENGTH_UNIT ( ) NAMED_UNIT ( * ) SI_UNIT ( .MILLI., .METRE. ) );
#5771 = VERTEX_POINT ( 'NONE', #5953 ) ;
#5772 = CARTESIAN_POINT ( 'NONE',  ( -44.88039062757600561, 7.056012965964359118, -1.264999999999999902 ) ) ;
#5773 = VECTOR ( 'NONE', #6900, 1000.000000000000114 ) ;
#5774 = PRESENTATION_STYLE_ASSIGNMENT (( #2316 ) ) ;
#5775 = PLANE ( 'NONE',  #7789 ) ;
#5776 = MECHANICAL_DESIGN_GEOMETRIC_PRESENTATION_REPRESENTATION (  '', ( #1763 ), #5899 ) ;
#5777 = CARTESIAN_POINT ( 'NONE',  ( -30.46816990792611790, 7.258463140623347520, -9.372999999999922949 ) ) ;
#5778 = EDGE_LOOP ( 'NONE', ( #3432, #2415, #20, #458, #4170, #5584 ) ) ;
#5779 = VERTEX_POINT ( 'NONE', #4175 ) ;
#5780 =( NAMED_UNIT ( * ) SI_UNIT ( $, .STERADIAN. ) SOLID_ANGLE_UNIT ( ) );
#5781 = STYLED_ITEM ( 'NONE', ( #2358 ), #2502 ) ;
#5782 = DIRECTION ( 'NONE',  ( -1.000000000000000000, 0.0000000000000000000, -0.0000000000000000000 ) ) ;
#5783 = LINE ( 'NONE', #6216, #1833 ) ;
#5784 = AXIS2_PLACEMENT_3D ( 'NONE', #7529, #2133, #4554 ) ;
#5785 = SURFACE_SIDE_STYLE ('',( #2801 ) ) ;
#5786 = FILL_AREA_STYLE_COLOUR ( '', #1587 ) ;
#5787 = ORIENTED_EDGE ( 'NONE', *, *, #6421, .F. ) ;
#5788 = ORIENTED_EDGE ( 'NONE', *, *, #4685, .T. ) ;
#5789 = FACE_BOUND ( 'NONE', #4486, .T. ) ;
#5790 = DIRECTION ( 'NONE',  ( 0.0000000000000000000, -1.047444401652940007E-14, 1.000000000000000000 ) ) ;
#5791 = LINE ( 'NONE', #6937, #7346 ) ;
#5792 = MECHANICAL_DESIGN_GEOMETRIC_PRESENTATION_REPRESENTATION (  '', ( #6027 ), #3406 ) ;
#5793 = DIRECTION ( 'NONE',  ( -0.0000000000000000000, -0.0000000000000000000, -1.000000000000000000 ) ) ;
#5794 = CARTESIAN_POINT ( 'NONE',  ( -31.02039062757600618, 7.206012965964358585, -0.2449999999999997735 ) ) ;
#5795 = CARTESIAN_POINT ( 'NONE',  ( -33.12251990792611878, 7.201313140623239129, 1.218800000000076267 ) ) ;
#5796 = DIRECTION ( 'NONE',  ( -0.0000000000000000000, -1.000000000000000000, -1.047444401652940007E-14 ) ) ;
#5797 = ORIENTED_EDGE ( 'NONE', *, *, #5059, .F. ) ;
#5798 = ORIENTED_EDGE ( 'NONE', *, *, #3646, .F. ) ;
#5799 = DIRECTION ( 'NONE',  ( 0.0000000000000000000, -1.000000000000000000, -1.047444401652940007E-14 ) ) ;
#5800 = EDGE_LOOP ( 'NONE', ( #87, #5310, #3780, #2249 ) ) ;
#5801 = CARTESIAN_POINT ( 'NONE',  ( -33.37651990792611656, 6.890113140623235211, 1.472800000000072718 ) ) ;
#5802 = CARTESIAN_POINT ( 'NONE',  ( -46.88039062757600561, 7.056012965964359118, -1.245000000000000107 ) ) ;
#5803 = LINE ( 'NONE', #2782, #620 ) ;
#5804 = DIRECTION ( 'NONE',  ( -0.0000000000000000000, 1.000000000000000000, 1.047444401652940007E-14 ) ) ;
#5805 = EDGE_CURVE ( 'NONE', #3788, #982, #7170, .T. ) ;
#5806 =( NAMED_UNIT ( * ) SI_UNIT ( $, .STERADIAN. ) SOLID_ANGLE_UNIT ( ) );
#5807 = EDGE_LOOP ( 'NONE', ( #2034, #4211 ) ) ;
#5808 = ADVANCED_FACE ( 'NONE', ( #2905 ), #2384, .F. ) ;
#5809 = DIRECTION ( 'NONE',  ( 0.0000000000000000000, -1.000000000000000000, -0.0000000000000000000 ) ) ;
#5810 = STYLED_ITEM ( 'NONE', ( #4805 ), #3410 ) ;
#5811 =( NAMED_UNIT ( * ) SI_UNIT ( $, .STERADIAN. ) SOLID_ANGLE_UNIT ( ) );
#5812 = EDGE_CURVE ( 'NONE', #2742, #6519, #5716, .T. ) ;
#5813 = EDGE_CURVE ( 'NONE', #215, #5829, #4832, .T. ) ;
#5814 = EDGE_CURVE ( 'NONE', #5072, #2418, #3525, .T. ) ;
#5815 = SURFACE_STYLE_FILL_AREA ( #6331 ) ;
#5816 = ORIENTED_EDGE ( 'NONE', *, *, #485, .F. ) ;
#5817 = DIRECTION ( 'NONE',  ( 0.0000000000000000000, 0.0000000000000000000, 1.000000000000000000 ) ) ;
#5818 = ORIENTED_EDGE ( 'NONE', *, *, #6875, .F. ) ;
#5819 = PRESENTATION_STYLE_ASSIGNMENT (( #2240 ) ) ;
#5820 = COLOUR_RGB ( '',0.0000000000000000000, 0.5019607843137254832, 1.000000000000000000 ) ;
#5821 = CARTESIAN_POINT ( 'NONE',  ( -46.88039062757600561, 7.056012965964359118, -1.264999999999999902 ) ) ;
#5822 = CARTESIAN_POINT ( 'NONE',  ( -29.45851990792611730, 8.369713140623288083, -3.530999999999912209 ) ) ;
#5823 = CARTESIAN_POINT ( 'NONE',  ( -28.82731649811005425, -14.00398703488017205, 1.184899676195318330 ) ) ;
#5824 = DIRECTION ( 'NONE',  ( 0.0000000000000000000, 0.0000000000000000000, 1.000000000000000000 ) ) ;
#5825 = MECHANICAL_DESIGN_GEOMETRIC_PRESENTATION_REPRESENTATION (  '', ( #7707 ), #2260 ) ;
#5826 = VECTOR ( 'NONE', #6767, 1000.000000000000000 ) ;
#5827 = DIRECTION ( 'NONE',  ( 1.000000000000000000, 1.299418334065024133E-16, -0.0000000000000000000 ) ) ;
#5828 = COLOUR_RGB ( '',1.000000000000000000, 0.5019607843137254832, 0.0000000000000000000 ) ;
#5829 = VERTEX_POINT ( 'NONE', #6500 ) ;
#5830 = ORIENTED_EDGE ( 'NONE', *, *, #758, .T. ) ;
#5831 = UNCERTAINTY_MEASURE_WITH_UNIT (LENGTH_MEASURE( 1.000000000000000082E-05 ), #3565, 'distance_accuracy_value', 'NONE');
#5832 = VECTOR ( 'NONE', #3353, 1000.000000000000000 ) ;
#5833 = CARTESIAN_POINT ( 'NONE',  ( -22.78039062757601130, 7.056012965964359118, -1.264999999999999902 ) ) ;
#5834 = DIRECTION ( 'NONE',  ( 1.000000000000000000, 0.0000000000000000000, 0.0000000000000000000 ) ) ;
#5835 = ORIENTED_EDGE ( 'NONE', *, *, #6623, .T. ) ;
#5836 = ORIENTED_EDGE ( 'NONE', *, *, #4576, .T. ) ;
#5837 = LINE ( 'NONE', #460, #2671 ) ;
#5838 = ORIENTED_EDGE ( 'NONE', *, *, #4254, .T. ) ;
#5839 = VECTOR ( 'NONE', #5257, 1000.000000000000000 ) ;
#5840 = PLANE ( 'NONE',  #5237 ) ;
#5841 = COLOUR_RGB ( '',1.000000000000000000, 0.5019607843137254832, 0.0000000000000000000 ) ;
#5842 = CARTESIAN_POINT ( 'NONE',  ( -30.83646990792612641, 7.201313140623287978, -3.530999999999924199 ) ) ;
#5843 = ORIENTED_EDGE ( 'NONE', *, *, #5305, .T. ) ;
#5844 = EDGE_LOOP ( 'NONE', ( #4662, #7093, #3252, #396 ) ) ;
#5845 = SURFACE_STYLE_USAGE ( .BOTH. , #6394 ) ;
#5846 = LINE ( 'NONE', #427, #5343 ) ;
#5847 = DIRECTION ( 'NONE',  ( 0.0000000000000000000, 0.0000000000000000000, 1.000000000000000000 ) ) ;
#5848 = CIRCLE ( 'NONE', #2977, 1.800000000000002931 ) ;
#5849 = EDGE_CURVE ( 'NONE', #1665, #725, #1132, .T. ) ;
#5850 = CARTESIAN_POINT ( 'NONE',  ( -20.98039062757600703, 9.556012965964354677, -1.245000000000000107 ) ) ;
#5851 = CARTESIAN_POINT ( 'NONE',  ( -35.91646990792611405, 6.890163140623317695, -9.118999999999925166 ) ) ;
#5852 = VECTOR ( 'NONE', #5251, 1000.000000000000000 ) ;
#5853 = ADVANCED_FACE ( 'NONE', ( #686 ), #3805, .F. ) ;
#5854 = EDGE_LOOP ( 'NONE', ( #3531, #6449, #3012, #1991 ) ) ;
#5855 = ADVANCED_FACE ( 'NONE', ( #2618 ), #4293, .T. ) ;
#5856 = AXIS2_PLACEMENT_3D ( 'NONE', #1499, #4543, #6297 ) ;
#5857 = DIRECTION ( 'NONE',  ( -0.0000000000000000000, 1.000000000000000000, 1.047444401652940007E-14 ) ) ;
#5858 = CARTESIAN_POINT ( 'NONE',  ( -21.08039062757600846, -14.00398703403564049, 0.7150000000000003020 ) ) ;
#5859 = LINE ( 'NONE', #5821, #2582 ) ;
#5860 = EDGE_CURVE ( 'NONE', #2380, #3645, #4325, .T. ) ;
#5861 = FACE_OUTER_BOUND ( 'NONE', #4717, .T. ) ;
#5862 = EDGE_CURVE ( 'NONE', #6303, #1483, #6750, .T. ) ;
#5863 = CARTESIAN_POINT ( 'NONE',  ( -32.55731990792611441, 8.369713140623263214, -1.244999999999911955 ) ) ;
#5864 = AXIS2_PLACEMENT_3D ( 'NONE', #2438, #6042, #4852 ) ;
#5865 = CYLINDRICAL_SURFACE ( 'NONE', #178, 1.800000000000002931 ) ;
#5866 = CARTESIAN_POINT ( 'NONE',  ( -40.82731649811006491, -16.28837867234000925, -1.244937770040023928 ) ) ;
#5867 = EDGE_CURVE ( 'NONE', #2553, #1047, #6882, .T. ) ;
#5868 = EDGE_CURVE ( 'NONE', #7054, #4445, #3209, .T. ) ;
#5869 = EDGE_LOOP ( 'NONE', ( #6026, #1030, #2413, #3452 ) ) ;
#5870 =( GEOMETRIC_REPRESENTATION_CONTEXT ( 3 ) GLOBAL_UNCERTAINTY_ASSIGNED_CONTEXT ( ( #3627 ) ) GLOBAL_UNIT_ASSIGNED_CONTEXT ( ( #1243, #7, #6576 ) ) REPRESENTATION_CONTEXT ( 'NONE', 'WORKASPACE' ) );
#5871 = ORIENTED_EDGE ( 'NONE', *, *, #5475, .F. ) ;
#5872 = DIRECTION ( 'NONE',  ( 0.0000000000000000000, 0.0000000000000000000, -1.000000000000000000 ) ) ;
#5873 = DIRECTION ( 'NONE',  ( 1.000000000000000000, 0.0000000000000000000, 0.0000000000000000000 ) ) ;
#5874 = LINE ( 'NONE', #5294, #1705 ) ;
#5875 = PLANE ( 'NONE',  #5574 ) ;
#5876 = FACE_OUTER_BOUND ( 'NONE', #296, .T. ) ;
#5877 = CARTESIAN_POINT ( 'NONE',  ( -21.08039062757600846, -10.24398703403563893, 0.7150000000000003020 ) ) ;
#5878 = ORIENTED_EDGE ( 'NONE', *, *, #1830, .T. ) ;
#5879 = VERTEX_POINT ( 'NONE', #4874 ) ;
#5880 = CARTESIAN_POINT ( 'NONE',  ( -36.90071990792587542, 7.861713140623420415, -1.244999999999917284 ) ) ;
#5881 = ORIENTED_EDGE ( 'NONE', *, *, #3710, .F. ) ;
#5882 = DIRECTION ( 'NONE',  ( 1.000000000000000000, 0.0000000000000000000, 0.0000000000000000000 ) ) ;
#5883 = VECTOR ( 'NONE', #5809, 1000.000000000000000 ) ;
#5884 = PRESENTATION_STYLE_ASSIGNMENT (( #7735 ) ) ;
#5885 = DIRECTION ( 'NONE',  ( 0.0000000000000000000, 0.0000000000000000000, 1.000000000000000000 ) ) ;
#5886 = ORIENTED_EDGE ( 'NONE', *, *, #4734, .T. ) ;
#5887 = EDGE_LOOP ( 'NONE', ( #3843, #6316 ) ) ;
#5888 = FILL_AREA_STYLE ('',( #1253 ) ) ;
#5889 =( LENGTH_UNIT ( ) NAMED_UNIT ( * ) SI_UNIT ( .MILLI., .METRE. ) );
#5890 = ORIENTED_EDGE ( 'NONE', *, *, #2857, .F. ) ;
#5891 = CARTESIAN_POINT ( 'NONE',  ( -45.88039062757600561, -16.50398703403563871, -1.264999999999999902 ) ) ;
#5892 = FACE_OUTER_BOUND ( 'NONE', #7739, .T. ) ;
#5893 = CARTESIAN_POINT ( 'NONE',  ( -45.82731649811005781, -13.42398703403564575, -1.254999999999999893 ) ) ;
#5894 = CIRCLE ( 'NONE', #3026, 1.000000000000000888 ) ;
#5895 = CARTESIAN_POINT ( 'NONE',  ( -30.46811990792611979, 7.201313140623239129, 1.218800000000076267 ) ) ;
#5896 = SURFACE_STYLE_FILL_AREA ( #2369 ) ;
#5897 = CARTESIAN_POINT ( 'NONE',  ( -37.63731990792611981, 6.032913140623267445, -1.575199999999936429 ) ) ;
#5898 = ORIENTED_EDGE ( 'NONE', *, *, #1340, .F. ) ;
#5899 =( GEOMETRIC_REPRESENTATION_CONTEXT ( 3 ) GLOBAL_UNCERTAINTY_ASSIGNED_CONTEXT ( ( #7474 ) ) GLOBAL_UNIT_ASSIGNED_CONTEXT ( ( #1961, #3147, #5533 ) ) REPRESENTATION_CONTEXT ( 'NONE', 'WORKASPACE' ) );
#5900 = UNCERTAINTY_MEASURE_WITH_UNIT (LENGTH_MEASURE( 1.000000000000000082E-05 ), #5658, 'distance_accuracy_value', 'NONE');
#5901 = DIRECTION ( 'NONE',  ( 1.000000000000000000, 0.0000000000000000000, 0.0000000000000000000 ) ) ;
#5902 =( LENGTH_UNIT ( ) NAMED_UNIT ( * ) SI_UNIT ( .MILLI., .METRE. ) );
#5903 = ADVANCED_FACE ( 'NONE', ( #766 ), #2537, .F. ) ;
#5904 = LINE ( 'NONE', #2978, #7641 ) ;
#5905 = DIRECTION ( 'NONE',  ( -0.0000000000000000000, -0.0000000000000000000, -1.000000000000000000 ) ) ;
#5906 = PRESENTATION_LAYER_ASSIGNMENT (  '', '', ( #5781 ) ) ;
#5907 = DIRECTION ( 'NONE',  ( 0.0000000000000000000, 0.0000000000000000000, 1.000000000000000000 ) ) ;
#5908 = ORIENTED_EDGE ( 'NONE', *, *, #7108, .T. ) ;
#5909 = ORIENTED_EDGE ( 'NONE', *, *, #6433, .T. ) ;
#5910 = CARTESIAN_POINT ( 'NONE',  ( -24.58039062757600846, 7.056012965964359118, -1.264999999999999902 ) ) ;
#5911 = UNCERTAINTY_MEASURE_WITH_UNIT (LENGTH_MEASURE( 1.000000000000000082E-05 ), #468, 'distance_accuracy_value', 'NONE');
#5912 = CARTESIAN_POINT ( 'NONE',  ( -23.55039062757601087, 3.166012965964347003, 1.265000000000000124 ) ) ;
#5913 = LINE ( 'NONE', #6424, #7284 ) ;
#5914 = DIRECTION ( 'NONE',  ( 0.0000000000000000000, 0.0000000000000000000, 1.000000000000000000 ) ) ;
#5915 = VECTOR ( 'NONE', #5561, 1000.000000000000000 ) ;
#5916 = EDGE_LOOP ( 'NONE', ( #1676, #4064, #1077, #2953 ) ) ;
#5917 = EDGE_LOOP ( 'NONE', ( #4679, #4912, #6801, #5674 ) ) ;
#5918 = DIRECTION ( 'NONE',  ( 1.000000000000000000, -1.182766006347823109E-16, 0.0000000000000000000 ) ) ;
#5919 = PLANE ( 'NONE',  #2826 ) ;
#5920 = PRESENTATION_LAYER_ASSIGNMENT (  '', '', ( #5549 ) ) ;
#5921 = CARTESIAN_POINT ( 'NONE',  ( -21.08039062757600846, -10.24398703403564070, -0.2450000000000001066 ) ) ;
#5922 = CARTESIAN_POINT ( 'NONE',  ( -21.08039062757600846, -14.00398703403564227, 0.7150000000000003020 ) ) ;
#5923 = CARTESIAN_POINT ( 'NONE',  ( -45.88039062757600561, 7.056012965964359118, -1.264999999999999902 ) ) ;
#5924 = VERTEX_POINT ( 'NONE', #2577 ) ;
#5925 = CARTESIAN_POINT ( 'NONE',  ( -45.11039062757600249, 3.166012965964347003, 1.265000000000000124 ) ) ;
#5926 = AXIS2_PLACEMENT_3D ( 'NONE', #1966, #7428, #4454 ) ;
#5927 = CARTESIAN_POINT ( 'NONE',  ( -28.82731649811005781, -18.27407675507290818, -0.2449113037486423394 ) ) ;
#5928 = DIRECTION ( 'NONE',  ( 0.0000000000000000000, 0.0000000000000000000, 1.000000000000000000 ) ) ;
#5929 = STYLED_ITEM ( 'NONE', ( #154 ), #3652 ) ;
#5930 = CARTESIAN_POINT ( 'NONE',  ( -34.33039062757600846, -18.30398703403564653, -0.2450000000000043254 ) ) ;
#5931 = PRESENTATION_LAYER_ASSIGNMENT (  '', '', ( #4078 ) ) ;
#5932 = CARTESIAN_POINT ( 'NONE',  ( -30.46811990792611979, 7.144113140623235658, 1.472800000000076048 ) ) ;
#5933 = PLANE ( 'NONE',  #3743 ) ;
#5934 = ORIENTED_EDGE ( 'NONE', *, *, #92, .F. ) ;
#5935 = VECTOR ( 'NONE', #451, 1000.000000000000000 ) ;
#5936 = STYLED_ITEM ( 'NONE', ( #3320 ), #6927 ) ;
#5937 = CARTESIAN_POINT ( 'NONE',  ( -40.82732714305935673, -17.34927814454643524, 0.6534813890873568676 ) ) ;
#5938 = DIRECTION ( 'NONE',  ( 0.0000000000000000000, 1.047444401652940007E-14, -1.000000000000000000 ) ) ;
#5939 = COLOUR_RGB ( '',0.0000000000000000000, 0.0000000000000000000, 0.0000000000000000000 ) ;
#5940 = ADVANCED_FACE ( 'NONE', ( #1869 ), #1908, .F. ) ;
#5941 = VECTOR ( 'NONE', #4934, 1000.000000000000000 ) ;
#5942 = ORIENTED_EDGE ( 'NONE', *, *, #3372, .F. ) ;
#5943 = SURFACE_SIDE_STYLE ('',( #2188 ) ) ;
#5944 = EDGE_CURVE ( 'NONE', #5979, #3070, #6064, .T. ) ;
#5945 = ORIENTED_EDGE ( 'NONE', *, *, #3280, .F. ) ;
#5946 = EDGE_CURVE ( 'NONE', #5049, #7577, #6177, .T. ) ;
#5947 =( LENGTH_UNIT ( ) NAMED_UNIT ( * ) SI_UNIT ( .MILLI., .METRE. ) );
#5948 = VERTEX_POINT ( 'NONE', #173 ) ;
#5949 = FACE_OUTER_BOUND ( 'NONE', #1208, .T. ) ;
#5950 = AXIS2_PLACEMENT_3D ( 'NONE', #5687, #4533, #2756 ) ;
#5951 = EDGE_CURVE ( 'NONE', #4692, #2581, #7383, .T. ) ;
#5952 = EDGE_CURVE ( 'NONE', #4626, #3968, #5138, .T. ) ;
#5953 = CARTESIAN_POINT ( 'NONE',  ( -28.82731649811005425, -14.00398703434601444, 1.194547131130967221 ) ) ;
#5954 = CARTESIAN_POINT ( 'NONE',  ( -31.82071990792610805, 6.540913140622651056, -1.244999999999931051 ) ) ;
#5955 = DIRECTION ( 'NONE',  ( 1.000000000000000000, 0.0000000000000000000, 0.0000000000000000000 ) ) ;
#5956 = ORIENTED_EDGE ( 'NONE', *, *, #1870, .T. ) ;
#5957 = STYLED_ITEM ( 'NONE', ( #3548 ), #6769 ) ;
#5958 = B_SPLINE_SURFACE_WITH_KNOTS ( 'NONE', 1, 3, ( 
 ( #1291, #7044, #4192, #6516, #5977, #1699, #7677, #2403, #4780, #2282, #4746, #1737, #5401 ),
 ( #4814, #1143, #3506, #2245, #4666, #1226, #7190, #630, #5364, #1809, #1073, #7152, #5866 ) ),
 .UNSPECIFIED., .F., .F., .F.,
 ( 2, 2 ),
 ( 4, 2, 2, 2, 3, 4 ),
 ( 0.0000000000000000000, 1.000000000000000000 ),
 ( 0.0000000000000000000, 0.1250000000000000000, 0.2500000000000000000, 0.5000000000000000000, 1.000000000000000000, 1.010000000000000009 ),
 .UNSPECIFIED. ) ;
#5959 = ORIENTED_EDGE ( 'NONE', *, *, #3507, .T. ) ;
#5960 = EDGE_CURVE ( 'NONE', #6377, #4445, #890, .T. ) ;
#5961 = VECTOR ( 'NONE', #727, 1000.000000000000000 ) ;
#5962 = LINE ( 'NONE', #536, #1609 ) ;
#5963 = ORIENTED_EDGE ( 'NONE', *, *, #3909, .F. ) ;
#5964 = DIRECTION ( 'NONE',  ( 0.0000000000000000000, -1.047444401652940007E-14, 1.000000000000000000 ) ) ;
#5965 = CARTESIAN_POINT ( 'NONE',  ( -27.82731649811005781, -12.62398703403564149, 1.215000000000000080 ) ) ;
#5966 = AXIS2_PLACEMENT_3D ( 'NONE', #879, #3357, #358 ) ;
#5967 =( LENGTH_UNIT ( ) NAMED_UNIT ( * ) SI_UNIT ( .MILLI., .METRE. ) );
#5968 =( NAMED_UNIT ( * ) PLANE_ANGLE_UNIT ( ) SI_UNIT ( $, .RADIAN. ) );
#5969 = VECTOR ( 'NONE', #715, 1000.000000000000000 ) ;
#5970 = PRESENTATION_STYLE_ASSIGNMENT (( #3421 ) ) ;
#5971 = SURFACE_SIDE_STYLE ('',( #7672 ) ) ;
#5972 =( LENGTH_UNIT ( ) NAMED_UNIT ( * ) SI_UNIT ( .MILLI., .METRE. ) );
#5973 = DIRECTION ( 'NONE',  ( -1.000000000000000000, 0.0000000000000000000, 0.0000000000000000000 ) ) ;
#5974 = CARTESIAN_POINT ( 'NONE',  ( -34.33039062757600846, -9.423987034035643973, -1.245000000000000107 ) ) ;
#5975 = FACE_OUTER_BOUND ( 'NONE', #3577, .T. ) ;
#5976 = AXIS2_PLACEMENT_3D ( 'NONE', #362, #4079, #483 ) ;
#5977 = CARTESIAN_POINT ( 'NONE',  ( -28.82731649811005781, -18.10562529651155117, -0.7373595690760407217 ) ) ;
#5978 = CARTESIAN_POINT ( 'NONE',  ( -23.82731649811006136, -13.42398703403564575, -1.254999999999999893 ) ) ;
#5979 = VERTEX_POINT ( 'NONE', #4515 ) ;
#5980 = UNCERTAINTY_MEASURE_WITH_UNIT (LENGTH_MEASURE( 1.000000000000000082E-05 ), #4930, 'distance_accuracy_value', 'NONE');
#5981 = VECTOR ( 'NONE', #5817, 1000.000000000000000 ) ;
#5982 = PRESENTATION_STYLE_ASSIGNMENT (( #2893 ) ) ;
#5983 = DIRECTION ( 'NONE',  ( 0.0000000000000000000, 0.0000000000000000000, 1.000000000000000000 ) ) ;
#5984 = DIRECTION ( 'NONE',  ( 0.0000000000000000000, 1.000000000000000000, 1.047444401652940007E-14 ) ) ;
#5985 = ORIENTED_EDGE ( 'NONE', *, *, #1446, .T. ) ;
#5986 = MECHANICAL_DESIGN_GEOMETRIC_PRESENTATION_REPRESENTATION (  '', ( #588 ), #5870 ) ;
#5987 = DIRECTION ( 'NONE',  ( 0.8660254037844272723, 0.5000000000000197620, 5.237222008264905926E-15 ) ) ;
#5988 = VERTEX_POINT ( 'NONE', #2737 ) ;
#5989 =( NAMED_UNIT ( * ) SI_UNIT ( $, .STERADIAN. ) SOLID_ANGLE_UNIT ( ) );
#5990 = ORIENTED_EDGE ( 'NONE', *, *, #2736, .T. ) ;
#5991 = CARTESIAN_POINT ( 'NONE',  ( -31.52742597117812196, 6.032913140623280768, -3.530999999999936634 ) ) ;
#5992 = ORIENTED_EDGE ( 'NONE', *, *, #2682, .T. ) ;
#5993 = ORIENTED_EDGE ( 'NONE', *, *, #4686, .T. ) ;
#5994 = EDGE_CURVE ( 'NONE', #7287, #6451, #3932, .T. ) ;
#5995 =( NAMED_UNIT ( * ) SI_UNIT ( $, .STERADIAN. ) SOLID_ANGLE_UNIT ( ) );
#5996 = EDGE_LOOP ( 'NONE', ( #434, #6593, #3283, #3308 ) ) ;
#5997 = PRESENTATION_STYLE_ASSIGNMENT (( #1252 ) ) ;
#5998 = CARTESIAN_POINT ( 'NONE',  ( -34.33039062757600846, -10.24398703403564781, -0.2449999999999997735 ) ) ;
#5999 = EDGE_CURVE ( 'NONE', #4547, #10, #5630, .T. ) ;
#6000 = EDGE_CURVE ( 'NONE', #7277, #5366, #6990, .T. ) ;
#6001 = FILL_AREA_STYLE ('',( #4802 ) ) ;
#6002 = DIRECTION ( 'NONE',  ( 1.000000000000000000, 0.0000000000000000000, 0.0000000000000000000 ) ) ;
#6003 = DIRECTION ( 'NONE',  ( -1.000000000000000000, -1.801374326040298222E-16, 0.0000000000000000000 ) ) ;
#6004 = VERTEX_POINT ( 'NONE', #4011 ) ;
#6005 = DIRECTION ( 'NONE',  ( 0.0000000000000000000, -1.000000000000000000, -1.047444401652940007E-14 ) ) ;
#6006 = FILL_AREA_STYLE_COLOUR ( '', #5452 ) ;
#6007 =( LENGTH_UNIT ( ) NAMED_UNIT ( * ) SI_UNIT ( .MILLI., .METRE. ) );
#6008 = B_SPLINE_CURVE_WITH_KNOTS ( 'NONE', 3,
 ( #6114, #5505, #7271, #1878 ),
 .UNSPECIFIED., .F., .F.,
 ( 4, 4 ),
 ( 0.0000000000000000000, 1.000000000000000000 ),
 .UNSPECIFIED. ) ;
#6009 = FACE_OUTER_BOUND ( 'NONE', #700, .T. ) ;
#6010 = CARTESIAN_POINT ( 'NONE',  ( -35.91646990792612115, 7.512463140623350633, -3.530999999999921535 ) ) ;
#6011 = CARTESIAN_POINT ( 'NONE',  ( -20.98039062757600703, 9.556012965964356454, -0.2449999999999997735 ) ) ;
#6012 = VERTEX_POINT ( 'NONE', #6938 ) ;
#6013 = PRESENTATION_STYLE_ASSIGNMENT (( #6763 ) ) ;
#6014 = DIRECTION ( 'NONE',  ( 0.0000000000000000000, 0.0000000000000000000, 1.000000000000000000 ) ) ;
#6015 = AXIS2_PLACEMENT_3D ( 'NONE', #58, #1949, #6106 ) ;
#6016 = CARTESIAN_POINT ( 'NONE',  ( -20.98039062757601059, 7.056012965964359118, -1.264999999999999902 ) ) ;
#6017 = PLANE ( 'NONE',  #1552 ) ;
#6018 = STYLED_ITEM ( 'NONE', ( #5077 ), #935 ) ;
#6019 = LINE ( 'NONE', #6569, #6224 ) ;
#6020 = ORIENTED_EDGE ( 'NONE', *, *, #6247, .F. ) ;
#6021 = LINE ( 'NONE', #1711, #7070 ) ;
#6022 = ORIENTED_EDGE ( 'NONE', *, *, #2305, .F. ) ;
#6023 = DIRECTION ( 'NONE',  ( 0.0000000000000000000, 0.0000000000000000000, 1.000000000000000000 ) ) ;
#6024 = AXIS2_PLACEMENT_3D ( 'NONE', #2883, #1061, #3575 ) ;
#6025 = VERTEX_POINT ( 'NONE', #976 ) ;
#6026 = ORIENTED_EDGE ( 'NONE', *, *, #1671, .F. ) ;
#6027 = STYLED_ITEM ( 'NONE', ( #4956 ), #2597 ) ;
#6028 = SURFACE_SIDE_STYLE ('',( #1212 ) ) ;
#6029 = VERTEX_POINT ( 'NONE', #7451 ) ;
#6030 = CARTESIAN_POINT ( 'NONE',  ( -29.82736094035740138, -15.29897745040698176, 1.199928837669093751 ) ) ;
#6031 = CARTESIAN_POINT ( 'NONE',  ( -20.98039062757600703, 9.556012965964356454, -1.245000000000000107 ) ) ;
#6032 =( NAMED_UNIT ( * ) SI_UNIT ( $, .STERADIAN. ) SOLID_ANGLE_UNIT ( ) );
#6033 = AXIS2_PLACEMENT_3D ( 'NONE', #767, #4834, #3770 ) ;
#6034 = CARTESIAN_POINT ( 'NONE',  ( -29.82734586157200241, -14.00398703403564049, 1.209999965707260872 ) ) ;
#6035 = LINE ( 'NONE', #614, #7746 ) ;
#6036 = ADVANCED_FACE ( 'NONE', ( #250 ), #927, .F. ) ;
#6037 = EDGE_CURVE ( 'NONE', #7715, #6798, #729, .T. ) ;
#6038 = EDGE_LOOP ( 'NONE', ( #3476, #3106, #5663, #3271, #6490, #1956 ) ) ;
#6039 = PRESENTATION_STYLE_ASSIGNMENT (( #4274 ) ) ;
#6040 = EDGE_CURVE ( 'NONE', #1710, #1875, #4271, .T. ) ;
#6041 = EDGE_CURVE ( 'NONE', #5092, #4974, #4552, .T. ) ;
#6042 = DIRECTION ( 'NONE',  ( -0.0000000000000000000, -0.0000000000000000000, -1.000000000000000000 ) ) ;
#6043 = EDGE_CURVE ( 'NONE', #723, #6886, #1549, .T. ) ;
#6044 = CARTESIAN_POINT ( 'NONE',  ( -30.01731990792611526, 6.032913140623263892, -1.244999999999936158 ) ) ;
#6045 = ADVANCED_FACE ( 'NONE', ( #6981 ), #3367, .F. ) ;
#6046 = CARTESIAN_POINT ( 'NONE',  ( -33.56039062757600533, 7.206012965964358585, -1.266000000000000014 ) ) ;
#6047 = ORIENTED_EDGE ( 'NONE', *, *, #1106, .T. ) ;
#6048 = EDGE_CURVE ( 'NONE', #7438, #4125, #1607, .T. ) ;
#6049 = SURFACE_STYLE_FILL_AREA ( #4892 ) ;
#6050 = COLOUR_RGB ( '',1.000000000000000000, 0.5019607843137254832, 0.0000000000000000000 ) ;
#6051 = SURFACE_STYLE_USAGE ( .BOTH. , #4396 ) ;
#6052 = LINE ( 'NONE', #1896, #4234 ) ;
#6053 =( BOUNDED_CURVE ( )  B_SPLINE_CURVE ( 3, ( #4319, #1313, #5485, #7434 ),
 .UNSPECIFIED., .F., .T. ) 
 B_SPLINE_CURVE_WITH_KNOTS ( ( 4, 4 ),
 ( -3.552713678800500929E-15, 1.570796326794898334 ),
 .UNSPECIFIED. ) 
 CURVE ( )  GEOMETRIC_REPRESENTATION_ITEM ( )  RATIONAL_B_SPLINE_CURVE ( ( 1.000000000000000000, 0.8047378541243637162, 0.8047378541243637162, 1.000000000000000000 ) ) 
 REPRESENTATION_ITEM ( '' )  );
#6054 = LINE ( 'NONE', #4894, #1306 ) ;
#6055 = DIRECTION ( 'NONE',  ( 0.0000000000000000000, 0.0000000000000000000, 1.000000000000000000 ) ) ;
#6056 = CARTESIAN_POINT ( 'NONE',  ( -38.45651990792611485, 7.512513140623234165, 1.367589755157312625 ) ) ;
#6057 = VERTEX_POINT ( 'NONE', #3896 ) ;
#6058 = AXIS2_PLACEMENT_3D ( 'NONE', #7233, #4924, #6549 ) ;
#6059 = ORIENTED_EDGE ( 'NONE', *, *, #25, .T. ) ;
#6060 = DIRECTION ( 'NONE',  ( 0.0000000000000000000, 0.0000000000000000000, -1.000000000000000000 ) ) ;
#6061 = ORIENTED_EDGE ( 'NONE', *, *, #2448, .T. ) ;
#6062 = DIRECTION ( 'NONE',  ( 0.0000000000000000000, -0.0000000000000000000, -1.000000000000000000 ) ) ;
#6063 = MECHANICAL_DESIGN_GEOMETRIC_PRESENTATION_REPRESENTATION (  '', ( #1677 ), #4957 ) ;
#6064 = LINE ( 'NONE', #5558, #6496 ) ;
#6065 = CIRCLE ( 'NONE', #7197, 1.000000000000000888 ) ;
#6066 = FILL_AREA_STYLE_COLOUR ( '', #1503 ) ;
#6067 = EDGE_LOOP ( 'NONE', ( #7192, #4248, #5034, #6734 ) ) ;
#6068 = ORIENTED_EDGE ( 'NONE', *, *, #3557, .F. ) ;
#6069 = AXIS2_PLACEMENT_3D ( 'NONE', #3584, #2368, #7151 ) ;
#6070 = ORIENTED_EDGE ( 'NONE', *, *, #2357, .T. ) ;
#6071 = ORIENTED_EDGE ( 'NONE', *, *, #4819, .T. ) ;
#6072 = COLOUR_RGB ( '',0.6470588235294117974, 0.6196078431372549211, 0.5882352941176470784 ) ;
#6073 = LINE ( 'NONE', #695, #1812 ) ;
#6074 = SURFACE_STYLE_FILL_AREA ( #4335 ) ;
#6075 = VECTOR ( 'NONE', #1300, 1000.000000000000000 ) ;
#6076 = CARTESIAN_POINT ( 'NONE',  ( -22.78039062757601130, -18.30398703403564298, -1.245000000000000107 ) ) ;
#6077 = VECTOR ( 'NONE', #2055, 1000.000000000000000 ) ;
#6078 = CARTESIAN_POINT ( 'NONE',  ( -47.08039062757600846, 4.756012965964352190, 1.255000000000000115 ) ) ;
#6079 = PRESENTATION_LAYER_ASSIGNMENT (  '', '', ( #2576 ) ) ;
#6080 = FILL_AREA_STYLE ('',( #3702 ) ) ;
#6081 = ORIENTED_EDGE ( 'NONE', *, *, #4953, .T. ) ;
#6082 = DIRECTION ( 'NONE',  ( 0.0000000000000000000, 0.0000000000000000000, 1.000000000000000000 ) ) ;
#6083 = SURFACE_STYLE_USAGE ( .BOTH. , #1296 ) ;
#6084 = AXIS2_PLACEMENT_3D ( 'NONE', #123, #2527, #41 ) ;
#6085 = ADVANCED_FACE ( 'NONE', ( #5219 ), #7612, .F. ) ;
#6086 = LINE ( 'NONE', #4350, #6735 ) ;
#6087 = CARTESIAN_POINT ( 'NONE',  ( -44.88039062757600561, 7.056012965964359118, -1.245000000000000107 ) ) ;
#6088 = EDGE_CURVE ( 'NONE', #641, #656, #5904, .T. ) ;
#6089 = PRESENTATION_LAYER_ASSIGNMENT (  '', '', ( #5719 ) ) ;
#6090 = COLOUR_RGB ( '',0.0000000000000000000, 0.0000000000000000000, 0.0000000000000000000 ) ;
#6091 = ORIENTED_EDGE ( 'NONE', *, *, #2246, .F. ) ;
#6092 = ADVANCED_FACE ( 'NONE', ( #7159 ), #3438, .F. ) ;
#6093 = CARTESIAN_POINT ( 'NONE',  ( -47.68039062757600988, -16.50398703403563871, -1.264999999999999902 ) ) ;
#6094 = PLANE ( 'NONE',  #6218 ) ;
#6095 = FACE_BOUND ( 'NONE', #3099, .T. ) ;
#6096 = CARTESIAN_POINT ( 'NONE',  ( -20.98039062757600703, -18.30398703403564298, -0.2449999999999997735 ) ) ;
#6097 = DIRECTION ( 'NONE',  ( 0.8660254037844388186, -0.4999999999999997780, -5.237222008264697666E-15 ) ) ;
#6098 = EDGE_CURVE ( 'NONE', #5664, #7715, #7653, .T. ) ;
#6099 = FILL_AREA_STYLE ('',( #48 ) ) ;
#6100 = VECTOR ( 'NONE', #514, 1000.000000000000000 ) ;
#6101 = ORIENTED_EDGE ( 'NONE', *, *, #6345, .F. ) ;
#6102 = STYLED_ITEM ( 'NONE', ( #6670 ), #5298 ) ;
#6103 = ORIENTED_EDGE ( 'NONE', *, *, #1883, .T. ) ;
#6104 = CARTESIAN_POINT ( 'NONE',  ( -35.29411990792612386, 7.512513140623235053, 1.218800000000072270 ) ) ;
#6105 = DIRECTION ( 'NONE',  ( -0.0000000000000000000, -1.047444401652940007E-14, 1.000000000000000000 ) ) ;
#6106 = DIRECTION ( 'NONE',  ( 1.000000000000000000, 0.0000000000000000000, 0.0000000000000000000 ) ) ;
#6107 = VECTOR ( 'NONE', #6720, 1000.000000000000000 ) ;
#6108 = PLANE ( 'NONE',  #2919 ) ;
#6109 = VERTEX_POINT ( 'NONE', #559 ) ;
#6110 = ORIENTED_EDGE ( 'NONE', *, *, #5253, .T. ) ;
#6111 = ORIENTED_EDGE ( 'NONE', *, *, #6631, .T. ) ;
#6112 = ORIENTED_EDGE ( 'NONE', *, *, #2058, .F. ) ;
#6113 = DIRECTION ( 'NONE',  ( -6.566942292462172298E-16, -0.0000000000000000000, 1.000000000000000000 ) ) ;
#6114 = CARTESIAN_POINT ( 'NONE',  ( -29.82734586157200241, -14.00398703403564049, 1.209999965707260872 ) ) ;
#6115 = LINE ( 'NONE', #1332, #4916 ) ;
#6116 = CARTESIAN_POINT ( 'NONE',  ( -37.63731990792611981, 6.032913140623265669, -1.575199999999936429 ) ) ;
#6117 = CARTESIAN_POINT ( 'NONE',  ( -28.82731649811005781, -16.30398703403564653, -0.2449552275043981875 ) ) ;
#6118 =( GEOMETRIC_REPRESENTATION_CONTEXT ( 3 ) GLOBAL_UNCERTAINTY_ASSIGNED_CONTEXT ( ( #7316 ) ) GLOBAL_UNIT_ASSIGNED_CONTEXT ( ( #4722, #530, #4215 ) ) REPRESENTATION_CONTEXT ( 'NONE', 'WORKASPACE' ) );
#6119 = DIRECTION ( 'NONE',  ( -1.000000000000000000, 0.0000000000000000000, -0.0000000000000000000 ) ) ;
#6120 = ORIENTED_EDGE ( 'NONE', *, *, #6088, .F. ) ;
#6121 = FACE_OUTER_BOUND ( 'NONE', #1356, .T. ) ;
#6122 = AXIS2_PLACEMENT_3D ( 'NONE', #6628, #3647, #6582 ) ;
#6123 =( NAMED_UNIT ( * ) PLANE_ANGLE_UNIT ( ) SI_UNIT ( $, .RADIAN. ) );
#6124 = CARTESIAN_POINT ( 'NONE',  ( -33.37646990792612200, 6.890163140623288385, -3.530999999999928196 ) ) ;
#6125 = EDGE_LOOP ( 'NONE', ( #4314, #5636, #4080, #7635 ) ) ;
#6126 = UNCERTAINTY_MEASURE_WITH_UNIT (LENGTH_MEASURE( 1.000000000000000082E-05 ), #4148, 'distance_accuracy_value', 'NONE');
#6127 = CARTESIAN_POINT ( 'NONE',  ( -30.58251990792611963, 7.201313140623239129, 1.218800000000076267 ) ) ;
#6128 = FILL_AREA_STYLE ('',( #6644 ) ) ;
#6129 = DIRECTION ( 'NONE',  ( -1.000000000000000000, 0.0000000000000000000, -0.0000000000000000000 ) ) ;
#6130 = LINE ( 'NONE', #6016, #3196 ) ;
#6131 =( NAMED_UNIT ( * ) PLANE_ANGLE_UNIT ( ) SI_UNIT ( $, .RADIAN. ) );
#6132 = ADVANCED_FACE ( 'NONE', ( #5331 ), #5875, .T. ) ;
#6133 = PLANE ( 'NONE',  #5490 ) ;
#6134 = ORIENTED_EDGE ( 'NONE', *, *, #4494, .F. ) ;
#6135 = DIRECTION ( 'NONE',  ( -6.226573854905984859E-17, 1.000000000000000000, 0.0000000000000000000 ) ) ;
#6136 = ORIENTED_EDGE ( 'NONE', *, *, #4346, .F. ) ;
#6137 = UNCERTAINTY_MEASURE_WITH_UNIT (LENGTH_MEASURE( 1.000000000000000082E-05 ), #645, 'distance_accuracy_value', 'NONE');
#6138 = ADVANCED_FACE ( 'NONE', ( #6494 ), #3515, .F. ) ;
#6139 = ADVANCED_FACE ( 'NONE', ( #4165 ), #6524, .T. ) ;
#6140 = CARTESIAN_POINT ( 'NONE',  ( -39.21211990792613022, 7.144113140623235658, 1.472800000000075604 ) ) ;
#6141 = DIRECTION ( 'NONE',  ( 1.000000000000000000, 0.0000000000000000000, 0.0000000000000000000 ) ) ;
#6142 = LINE ( 'NONE', #1244, #3781 ) ;
#6143 = AXIS2_PLACEMENT_3D ( 'NONE', #5179, #806, #5031 ) ;
#6144 = DIRECTION ( 'NONE',  ( -0.5000000000000162093, 0.8660254037844292707, 0.0000000000000000000 ) ) ;
#6145 = ORIENTED_EDGE ( 'NONE', *, *, #432, .F. ) ;
#6146 = ORIENTED_EDGE ( 'NONE', *, *, #1019, .T. ) ;
#6147 = ORIENTED_EDGE ( 'NONE', *, *, #5518, .F. ) ;
#6148 = ORIENTED_EDGE ( 'NONE', *, *, #3171, .T. ) ;
#6149 = CARTESIAN_POINT ( 'NONE',  ( -35.29416990792612552, 7.512463140623347968, -9.118999999999921613 ) ) ;
#6150 =( NAMED_UNIT ( * ) PLANE_ANGLE_UNIT ( ) SI_UNIT ( $, .RADIAN. ) );
#6151 = PRESENTATION_LAYER_ASSIGNMENT (  '', '', ( #1763 ) ) ;
#6152 = CARTESIAN_POINT ( 'NONE',  ( -28.82731649811004360, -17.05521404066708513, -1.240305603012645363 ) ) ;
#6153 = PLANE ( 'NONE',  #6699 ) ;
#6154 = DIRECTION ( 'NONE',  ( 0.0000000000000000000, 1.000000000000000000, 1.047444401652940007E-14 ) ) ;
#6155 = LINE ( 'NONE', #4341, #4570 ) ;
#6156 = ORIENTED_EDGE ( 'NONE', *, *, #2508, .T. ) ;
#6157 = FILL_AREA_STYLE ('',( #3782 ) ) ;
#6158 = FACE_OUTER_BOUND ( 'NONE', #4556, .T. ) ;
#6159 = CIRCLE ( 'NONE', #3796, 0.5000000000000004441 ) ;
#6160 = CARTESIAN_POINT ( 'NONE',  ( -38.65331990792612515, 8.369713140623263214, -1.244999999999924167 ) ) ;
#6161 = DIRECTION ( 'NONE',  ( 1.000000000000000000, 0.0000000000000000000, -0.0000000000000000000 ) ) ;
#6162 = VECTOR ( 'NONE', #2740, 1000.000000000000000 ) ;
#6163 = CARTESIAN_POINT ( 'NONE',  ( -35.91646990792612115, 6.890163140623347893, -9.118999999999925166 ) ) ;
#6164 = EDGE_LOOP ( 'NONE', ( #2306, #1522, #1903, #4410 ) ) ;
#6165 =( BOUNDED_CURVE ( )  B_SPLINE_CURVE ( 3, ( #3237, #6375, #360, #1002 ),
 .UNSPECIFIED., .F., .T. ) 
 B_SPLINE_CURVE_WITH_KNOTS ( ( 4, 4 ),
 ( -3.552713678800500929E-15, 1.570796326794898334 ),
 .UNSPECIFIED. ) 
 CURVE ( )  GEOMETRIC_REPRESENTATION_ITEM ( )  RATIONAL_B_SPLINE_CURVE ( ( 1.000000000000000000, 0.8047378541243637162, 0.8047378541243637162, 1.000000000000000000 ) ) 
 REPRESENTATION_ITEM ( '' )  );
#6166 =( NAMED_UNIT ( * ) PLANE_ANGLE_UNIT ( ) SI_UNIT ( $, .RADIAN. ) );
#6167 = CARTESIAN_POINT ( 'NONE',  ( -33.00811990792611539, 7.258513140623235493, 1.472800000000075382 ) ) ;
#6168 =( NAMED_UNIT ( * ) PLANE_ANGLE_UNIT ( ) SI_UNIT ( $, .RADIAN. ) );
#6169 =( NAMED_UNIT ( * ) SI_UNIT ( $, .STERADIAN. ) SOLID_ANGLE_UNIT ( ) );
#6170 =( NAMED_UNIT ( * ) SI_UNIT ( $, .STERADIAN. ) SOLID_ANGLE_UNIT ( ) );
#6171 = ORIENTED_EDGE ( 'NONE', *, *, #6679, .F. ) ;
#6172 = VECTOR ( 'NONE', #911, 1000.000000000000000 ) ;
#6173 = EDGE_LOOP ( 'NONE', ( #3063, #2467 ) ) ;
#6174 = STYLED_ITEM ( 'NONE', ( #6039 ), #2143 ) ;
#6175 = CARTESIAN_POINT ( 'NONE',  ( -40.82734843295796168, -17.97723040388900628, 0.2768188384184762096 ) ) ;
#6176 = EDGE_CURVE ( 'NONE', #4436, #2561, #6608, .T. ) ;
#6177 = LINE ( 'NONE', #3729, #4143 ) ;
#6178 = DIRECTION ( 'NONE',  ( 1.000000000000000000, -0.0000000000000000000, 0.0000000000000000000 ) ) ;
#6179 = VECTOR ( 'NONE', #4171, 1000.000000000000000 ) ;
#6180 = ADVANCED_FACE ( 'NONE', ( #4239 ), #206, .F. ) ;
#6181 = CARTESIAN_POINT ( 'NONE',  ( -38.45646990792611319, 7.512463140623287572, -3.530999999999921535 ) ) ;
#6182 = EDGE_CURVE ( 'NONE', #254, #5537, #4398, .T. ) ;
#6183 = ORIENTED_EDGE ( 'NONE', *, *, #3502, .F. ) ;
#6184 = ORIENTED_EDGE ( 'NONE', *, *, #666, .F. ) ;
#6185 = ORIENTED_EDGE ( 'NONE', *, *, #6515, .F. ) ;
#6186 = ORIENTED_EDGE ( 'NONE', *, *, #1288, .F. ) ;
#6187 = MECHANICAL_DESIGN_GEOMETRIC_PRESENTATION_REPRESENTATION (  '', ( #3579 ), #1189 ) ;
#6188 = SURFACE_STYLE_FILL_AREA ( #7465 ) ;
#6189 = EDGE_CURVE ( 'NONE', #6862, #1237, #4466, .T. ) ;
#6190 = DIRECTION ( 'NONE',  ( -0.0000000000000000000, -0.0000000000000000000, -1.000000000000000000 ) ) ;
#6191 = EDGE_CURVE ( 'NONE', #59, #4944, #6130, .T. ) ;
#6192 = VECTOR ( 'NONE', #6924, 1000.000000000000000 ) ;
#6193 = DIRECTION ( 'NONE',  ( 1.000000000000000000, 0.0000000000000000000, 0.0000000000000000000 ) ) ;
#6194 = CARTESIAN_POINT ( 'NONE',  ( -39.21211990792613022, 6.032913140623286985, -3.530999999999936634 ) ) ;
#6195 = EDGE_CURVE ( 'NONE', #2659, #3900, #6054, .T. ) ;
#6196 = CARTESIAN_POINT ( 'NONE',  ( -33.12246990792611712, 7.201313140623347486, -9.118999999999921613 ) ) ;
#6197 = ADVANCED_FACE ( 'NONE', ( #753 ), #7366, .T. ) ;
#6198 = VECTOR ( 'NONE', #4399, 1000.000000000000000 ) ;
#6199 = ORIENTED_EDGE ( 'NONE', *, *, #1867, .T. ) ;
#6200 = AXIS2_PLACEMENT_3D ( 'NONE', #719, #3095, #1818 ) ;
#6201 = CARTESIAN_POINT ( 'NONE',  ( -23.55039062757601087, -8.053987034035651860, 1.255000000000000115 ) ) ;
#6202 = EDGE_LOOP ( 'NONE', ( #5080, #3940 ) ) ;
#6203 = PRESENTATION_STYLE_ASSIGNMENT (( #6878 ) ) ;
#6204 = FACE_OUTER_BOUND ( 'NONE', #5290, .T. ) ;
#6205 = STYLED_ITEM ( 'NONE', ( #329 ), #6678 ) ;
#6206 = AXIS2_PLACEMENT_3D ( 'NONE', #3693, #4182, #2354 ) ;
#6207 = FILL_AREA_STYLE ('',( #4420 ) ) ;
#6208 = FILL_AREA_STYLE_COLOUR ( '', #3331 ) ;
#6209 = AXIS2_PLACEMENT_3D ( 'NONE', #6865, #1479, #3941 ) ;
#6210 = SURFACE_STYLE_USAGE ( .BOTH. , #3156 ) ;
#6211 = VERTEX_POINT ( 'NONE', #4317 ) ;
#6212 = CIRCLE ( 'NONE', #4606, 1.000000000000000888 ) ;
#6213 = AXIS2_PLACEMENT_3D ( 'NONE', #3639, #5339, #2344 ) ;
#6214 = UNCERTAINTY_MEASURE_WITH_UNIT (LENGTH_MEASURE( 1.000000000000000082E-05 ), #431, 'distance_accuracy_value', 'NONE');
#6215 =( NAMED_UNIT ( * ) PLANE_ANGLE_UNIT ( ) SI_UNIT ( $, .RADIAN. ) );
#6216 = CARTESIAN_POINT ( 'NONE',  ( -34.33039062757600846, -9.643987034035646388, 1.205000000000000071 ) ) ;
#6217 =( NAMED_UNIT ( * ) PLANE_ANGLE_UNIT ( ) SI_UNIT ( $, .RADIAN. ) );
#6218 = AXIS2_PLACEMENT_3D ( 'NONE', #1032, #3921, #5782 ) ;
#6219 = AXIS2_PLACEMENT_3D ( 'NONE', #3275, #5696, #4469 ) ;
#6220 = DIRECTION ( 'NONE',  ( -1.000000000000000000, 0.0000000000000000000, -0.0000000000000000000 ) ) ;
#6221 = VERTEX_POINT ( 'NONE', #1383 ) ;
#6222 = ORIENTED_EDGE ( 'NONE', *, *, #722, .T. ) ;
#6223 = UNCERTAINTY_MEASURE_WITH_UNIT (LENGTH_MEASURE( 1.000000000000000082E-05 ), #5972, 'distance_accuracy_value', 'NONE');
#6224 = VECTOR ( 'NONE', #50, 1000.000000000000000 ) ;
#6225 = CYLINDRICAL_SURFACE ( 'NONE', #2702, 0.2539999999999972835 ) ;
#6226 = LINE ( 'NONE', #2093, #952 ) ;
#6227 = MECHANICAL_DESIGN_GEOMETRIC_PRESENTATION_REPRESENTATION (  '', ( #7619 ), #80 ) ;
#6228 = FILL_AREA_STYLE ('',( #1623 ) ) ;
#6229 = LINE ( 'NONE', #846, #4045 ) ;
#6230 = VECTOR ( 'NONE', #1826, 1000.000000000000000 ) ;
#6231 =( NAMED_UNIT ( * ) SI_UNIT ( $, .STERADIAN. ) SOLID_ANGLE_UNIT ( ) );
#6232 = ORIENTED_EDGE ( 'NONE', *, *, #6818, .F. ) ;
#6233 = EDGE_LOOP ( 'NONE', ( #1625, #1266, #4537, #6146 ) ) ;
#6234 = ORIENTED_EDGE ( 'NONE', *, *, #1441, .T. ) ;
#6235 = EDGE_LOOP ( 'NONE', ( #1902, #5264, #937, #948 ) ) ;
#6236 = LINE ( 'NONE', #3816, #2968 ) ;
#6237 = DIRECTION ( 'NONE',  ( 1.000000000000000000, -0.0000000000000000000, 0.0000000000000000000 ) ) ;
#6238 = VECTOR ( 'NONE', #2204, 1000.000000000000114 ) ;
#6239 = DIRECTION ( 'NONE',  ( 0.0000000000000000000, 1.000000000000000000, 0.0000000000000000000 ) ) ;
#6240 = FACE_OUTER_BOUND ( 'NONE', #5272, .T. ) ;
#6241 = EDGE_LOOP ( 'NONE', ( #6888, #2907 ) ) ;
#6242 = SURFACE_STYLE_USAGE ( .BOTH. , #5642 ) ;
#6243 = ORIENTED_EDGE ( 'NONE', *, *, #1541, .F. ) ;
#6244 = DIRECTION ( 'NONE',  ( 0.0000000000000000000, 0.0000000000000000000, 1.000000000000000000 ) ) ;
#6245 = CARTESIAN_POINT ( 'NONE',  ( -28.82731649811005781, -18.24566889786878576, -0.09758404293604464042 ) ) ;
#6246 = ADVANCED_FACE ( 'NONE', ( #5550 ), #4861, .T. ) ;
#6247 = EDGE_CURVE ( 'NONE', #3433, #7085, #4363, .T. ) ;
#6248 = CARTESIAN_POINT ( 'NONE',  ( -21.08039062757600846, 5.256012965964359296, 1.205000000000000071 ) ) ;
#6249 = AXIS2_PLACEMENT_3D ( 'NONE', #2653, #2773, #2132 ) ;
#6250 = CARTESIAN_POINT ( 'NONE',  ( -39.21211990792613022, 6.032913140623286985, -3.530999999999936634 ) ) ;
#6251 = VERTEX_POINT ( 'NONE', #5514 ) ;
#6252 = ORIENTED_EDGE ( 'NONE', *, *, #1288, .T. ) ;
#6253 = STYLED_ITEM ( 'NONE', ( #3529 ), #2404 ) ;
#6254 = CARTESIAN_POINT ( 'NONE',  ( -41.82731649811005781, -16.30398703403564653, -1.245000000000000107 ) ) ;
#6255 = FACE_OUTER_BOUND ( 'NONE', #7164, .T. ) ;
#6256 = LINE ( 'NONE', #7440, #4617 ) ;
#6257 = FACE_OUTER_BOUND ( 'NONE', #3773, .T. ) ;
#6258 = CARTESIAN_POINT ( 'NONE',  ( -30.83646990792612286, 7.512463140623350633, -9.118999999999923389 ) ) ;
#6259 = DIRECTION ( 'NONE',  ( -1.000000000000000000, -0.0000000000000000000, 0.0000000000000000000 ) ) ;
#6260 = ORIENTED_EDGE ( 'NONE', *, *, #46, .T. ) ;
#6261 = ORIENTED_EDGE ( 'NONE', *, *, #1016, .F. ) ;
#6262 = LINE ( 'NONE', #1505, #4213 ) ;
#6263 = CARTESIAN_POINT ( 'NONE',  ( -30.83651990792612452, 6.890113140623236099, 1.218800000000075823 ) ) ;
#6264 = PRESENTATION_STYLE_ASSIGNMENT (( #1472 ) ) ;
#6265 = CARTESIAN_POINT ( 'NONE',  ( -33.12246990792611712, 7.144163140623349229, -9.372999999999922949 ) ) ;
#6266 = DIRECTION ( 'NONE',  ( -0.8660254037844387076, -0.4999999999999998890, -5.237222008264700822E-15 ) ) ;
#6267 = DIRECTION ( 'NONE',  ( 0.0000000000000000000, 0.0000000000000000000, 1.000000000000000000 ) ) ;
#6268 = CARTESIAN_POINT ( 'NONE',  ( -39.21211990792613022, 8.369713140623288083, -1.244999999999936158 ) ) ;
#6269 = ORIENTED_EDGE ( 'NONE', *, *, #1727, .T. ) ;
#6270 = ORIENTED_EDGE ( 'NONE', *, *, #3276, .T. ) ;
#6271 = DIRECTION ( 'NONE',  ( 1.000000000000000000, 0.0000000000000000000, -0.0000000000000000000 ) ) ;
#6272 = ORIENTED_EDGE ( 'NONE', *, *, #1969, .T. ) ;
#6273 = CYLINDRICAL_SURFACE ( 'NONE', #6973, 1.799999999999999600 ) ;
#6274 = DIRECTION ( 'NONE',  ( -1.000000000000000000, -0.0000000000000000000, -0.0000000000000000000 ) ) ;
#6275 = DIRECTION ( 'NONE',  ( 0.0000000000000000000, 0.0000000000000000000, 1.000000000000000000 ) ) ;
#6276 = CARTESIAN_POINT ( 'NONE',  ( -23.55039062757601087, 3.166012965964347003, 1.265000000000000124 ) ) ;
#6277 = DIRECTION ( 'NONE',  ( 0.0000000000000000000, -1.024442997624109662E-14, 1.000000000000000000 ) ) ;
#6278 = DIRECTION ( 'NONE',  ( 0.0000000000000000000, 1.000000000000000000, 0.0000000000000000000 ) ) ;
#6279 = ORIENTED_EDGE ( 'NONE', *, *, #232, .T. ) ;
#6280 = AXIS2_PLACEMENT_3D ( 'NONE', #1509, #5714, #7565 ) ;
#6281 = CARTESIAN_POINT ( 'NONE',  ( -28.82731649811005781, -17.96944709205484259, 0.2706792717290131267 ) ) ;
#6282 = DIRECTION ( 'NONE',  ( -0.0000000000000000000, -1.000000000000000000, -0.0000000000000000000 ) ) ;
#6283 = AXIS2_PLACEMENT_3D ( 'NONE', #1802, #5276, #1173 ) ;
#6284 = EDGE_CURVE ( 'NONE', #507, #3484, #126, .T. ) ;
#6285 = CARTESIAN_POINT ( 'NONE',  ( -37.19401384467411731, 8.369713140623288083, -3.530999999999912209 ) ) ;
#6286 = EDGE_CURVE ( 'NONE', #3061, #5234, #2567, .T. ) ;
#6287 = VERTEX_POINT ( 'NONE', #1351 ) ;
#6288 = EDGE_CURVE ( 'NONE', #3858, #4044, #3084, .T. ) ;
#6289 = CARTESIAN_POINT ( 'NONE',  ( -39.21211990792613022, 7.144163140623349229, -9.372999999999922949 ) ) ;
#6290 = ORIENTED_EDGE ( 'NONE', *, *, #6619, .T. ) ;
#6291 = PRESENTATION_LAYER_ASSIGNMENT (  '', '', ( #902 ) ) ;
#6292 = CARTESIAN_POINT ( 'NONE',  ( -20.98039062757600703, 9.556012965964356454, -1.245000000000000107 ) ) ;
#6293 = UNCERTAINTY_MEASURE_WITH_UNIT (LENGTH_MEASURE( 1.000000000000000082E-05 ), #2385, 'distance_accuracy_value', 'NONE');
#6294 = ADVANCED_FACE ( 'NONE', ( #1539, #6929 ), #3319, .T. ) ;
#6295 = CARTESIAN_POINT ( 'NONE',  ( -22.78039062757601130, -16.50398703403563871, -0.2449999999999997735 ) ) ;
#6296 = ADVANCED_FACE ( 'NONE', ( #6257 ), #3278, .T. ) ;
#6297 = DIRECTION ( 'NONE',  ( 1.000000000000000000, 0.0000000000000000000, 0.0000000000000000000 ) ) ;
#6298 = SURFACE_STYLE_USAGE ( .BOTH. , #5785 ) ;
#6299 = STYLED_ITEM ( 'NONE', ( #3808 ), #3083 ) ;
#6300 = EDGE_CURVE ( 'NONE', #2584, #770, #6342, .T. ) ;
#6301 = LINE ( 'NONE', #2013, #1843 ) ;
#6302 = ORIENTED_EDGE ( 'NONE', *, *, #5812, .F. ) ;
#6303 = VERTEX_POINT ( 'NONE', #5746 ) ;
#6304 = SURFACE_STYLE_USAGE ( .BOTH. , #5141 ) ;
#6305 = CIRCLE ( 'NONE', #6416, 1.799999999999999600 ) ;
#6306 = CARTESIAN_POINT ( 'NONE',  ( -20.98039062757600703, -3.003987034035643600, -1.245000000000000107 ) ) ;
#6307 = CARTESIAN_POINT ( 'NONE',  ( -34.36071990792586917, 7.861713140623137086, -1.244999999999914619 ) ) ;
#6308 = CARTESIAN_POINT ( 'NONE',  ( -30.01731990792611526, 6.890113140623267185, -1.575199999999927547 ) ) ;
#6309 = PRESENTATION_STYLE_ASSIGNMENT (( #1508 ) ) ;
#6310 = LINE ( 'NONE', #2738, #628 ) ;
#6311 = LINE ( 'NONE', #7457, #6162 ) ;
#6312 =( GEOMETRIC_REPRESENTATION_CONTEXT ( 3 ) GLOBAL_UNCERTAINTY_ASSIGNED_CONTEXT ( ( #1904 ) ) GLOBAL_UNIT_ASSIGNED_CONTEXT ( ( #1258, #4959, #4416 ) ) REPRESENTATION_CONTEXT ( 'NONE', 'WORKASPACE' ) );
#6313 = EDGE_LOOP ( 'NONE', ( #4029, #6945, #4425, #2015 ) ) ;
#6314 = ORIENTED_EDGE ( 'NONE', *, *, #3646, .T. ) ;
#6315 = FACE_OUTER_BOUND ( 'NONE', #7183, .T. ) ;
#6316 = ORIENTED_EDGE ( 'NONE', *, *, #6048, .T. ) ;
#6317 = FACE_OUTER_BOUND ( 'NONE', #263, .T. ) ;
#6318 = CARTESIAN_POINT ( 'NONE',  ( -30.02039062757600618, 7.206012965964358585, -0.2449999999999997735 ) ) ;
#6319 = CARTESIAN_POINT ( 'NONE',  ( -30.21416990792612722, 6.890163140623350557, -9.372999999999926501 ) ) ;
#6320 = DIRECTION ( 'NONE',  ( 0.0000000000000000000, 0.0000000000000000000, 1.000000000000000000 ) ) ;
#6321 = PLANE ( 'NONE',  #1960 ) ;
#6322 = ORIENTED_EDGE ( 'NONE', *, *, #3542, .T. ) ;
#6323 = SURFACE_STYLE_FILL_AREA ( #7067 ) ;
#6324 = AXIS2_PLACEMENT_3D ( 'NONE', #1805, #4229, #3873 ) ;
#6325 = DIRECTION ( 'NONE',  ( 0.0000000000000000000, 0.0000000000000000000, -1.000000000000000000 ) ) ;
#6326 = CARTESIAN_POINT ( 'NONE',  ( -33.12246990792611712, 7.258463140623347520, -9.372999999999922949 ) ) ;
#6327 = STYLED_ITEM ( 'NONE', ( #4589 ), #7065 ) ;
#6328 = COLOUR_RGB ( '',0.6470588235294117974, 0.6196078431372549211, 0.5882352941176470784 ) ;
#6329 = DIRECTION ( 'NONE',  ( 1.000000000000000000, 0.0000000000000000000, 0.0000000000000000000 ) ) ;
#6330 = PRESENTATION_LAYER_ASSIGNMENT (  '', '', ( #1938 ) ) ;
#6331 = FILL_AREA_STYLE ('',( #7548 ) ) ;
#6332 = EDGE_LOOP ( 'NONE', ( #5788, #1773, #257, #4323 ) ) ;
#6333 = CARTESIAN_POINT ( 'NONE',  ( -35.54811990792612164, 7.144113140623235658, 1.472800000000074272 ) ) ;
#6334 = ORIENTED_EDGE ( 'NONE', *, *, #816, .F. ) ;
#6335 = CARTESIAN_POINT ( 'NONE',  ( -39.82267328534919670, -14.00398703403564227, 1.205000000000000071 ) ) ;
#6336 = EDGE_CURVE ( 'NONE', #6952, #1739, #6165, .T. ) ;
#6337 =( GEOMETRIC_REPRESENTATION_CONTEXT ( 3 ) GLOBAL_UNCERTAINTY_ASSIGNED_CONTEXT ( ( #7717 ) ) GLOBAL_UNIT_ASSIGNED_CONTEXT ( ( #4553, #3210, #5144 ) ) REPRESENTATION_CONTEXT ( 'NONE', 'WORKASPACE' ) );
#6338 = CARTESIAN_POINT ( 'NONE',  ( -35.29411990792612386, 6.890113140623267185, 1.472800000000079601 ) ) ;
#6339 = DIRECTION ( 'NONE',  ( -0.0000000000000000000, 1.047444401652940007E-14, -1.000000000000000000 ) ) ;
#6340 = ADVANCED_FACE ( 'NONE', ( #1579 ), #5057, .F. ) ;
#6341 = DIRECTION ( 'NONE',  ( 0.0000000000000000000, -0.0000000000000000000, -1.000000000000000000 ) ) ;
#6342 = LINE ( 'NONE', #3360, #1936 ) ;
#6343 = FACE_BOUND ( 'NONE', #2350, .T. ) ;
#6344 = AXIS2_PLACEMENT_3D ( 'NONE', #7654, #5905, #1009 ) ;
#6345 = EDGE_CURVE ( 'NONE', #2166, #7549, #7709, .T. ) ;
#6346 = PLANE ( 'NONE',  #6365 ) ;
#6347 = VECTOR ( 'NONE', #7196, 1000.000000000000000 ) ;
#6348 = ORIENTED_EDGE ( 'NONE', *, *, #7199, .T. ) ;
#6349 = DIRECTION ( 'NONE',  ( 1.000000000000000000, -0.0000000000000000000, 0.0000000000000000000 ) ) ;
#6350 = DIRECTION ( 'NONE',  ( 0.0000000000000000000, -1.047444401652940007E-14, 1.000000000000000000 ) ) ;
#6351 = AXIS2_PLACEMENT_3D ( 'NONE', #959, #6371, #5094 ) ;
#6352 = EDGE_CURVE ( 'NONE', #5213, #7379, #3449, .T. ) ;
#6353 = VECTOR ( 'NONE', #6129, 1000.000000000000000 ) ;
#6354 = DIRECTION ( 'NONE',  ( 0.0000000000000000000, 0.0000000000000000000, -1.000000000000000000 ) ) ;
#6355 = VERTEX_POINT ( 'NONE', #4077 ) ;
#6356 = MECHANICAL_DESIGN_GEOMETRIC_PRESENTATION_REPRESENTATION (  '', ( #963 ), #1580 ) ;
#6357 = ORIENTED_EDGE ( 'NONE', *, *, #6909, .F. ) ;
#6358 = ORIENTED_EDGE ( 'NONE', *, *, #3963, .T. ) ;
#6359 = CARTESIAN_POINT ( 'NONE',  ( -34.36071990792594022, 6.540913140623145772, -1.244999999999933715 ) ) ;
#6360 = CARTESIAN_POINT ( 'NONE',  ( -33.06039062757600533, 7.206012965964358585, -1.266000000000000014 ) ) ;
#6361 = FACE_OUTER_BOUND ( 'NONE', #2816, .T. ) ;
#6362 =( NAMED_UNIT ( * ) SI_UNIT ( $, .STERADIAN. ) SOLID_ANGLE_UNIT ( ) );
#6363 = ORIENTED_EDGE ( 'NONE', *, *, #4340, .T. ) ;
#6364 = CARTESIAN_POINT ( 'NONE',  ( -45.82731649811005781, -13.42398703403564575, -1.254999999999999893 ) ) ;
#6365 = AXIS2_PLACEMENT_3D ( 'NONE', #4705, #3123, #590 ) ;
#6366 =( NAMED_UNIT ( * ) PLANE_ANGLE_UNIT ( ) SI_UNIT ( $, .RADIAN. ) );
#6367 = FILL_AREA_STYLE ('',( #2193 ) ) ;
#6368 = MECHANICAL_DESIGN_GEOMETRIC_PRESENTATION_REPRESENTATION (  '', ( #6997 ), #3318 ) ;
#6369 = ORIENTED_EDGE ( 'NONE', *, *, #2365, .F. ) ;
#6370 = PLANE ( 'NONE',  #4217 ) ;
#6371 = DIRECTION ( 'NONE',  ( -1.000000000000000000, 0.0000000000000000000, 0.0000000000000000000 ) ) ;
#6372 = DIRECTION ( 'NONE',  ( -0.0000000000000000000, -0.0000000000000000000, -1.000000000000000000 ) ) ;
#6373 = AXIS2_PLACEMENT_3D ( 'NONE', #1989, #4989, #4643 ) ;
#6374 = PLANE ( 'NONE',  #6604 ) ;
#6375 = CARTESIAN_POINT ( 'NONE',  ( -30.83646990792611930, 7.512463140623347968, -9.267789755157153309 ) ) ;
#6376 = FACE_OUTER_BOUND ( 'NONE', #2741, .T. ) ;
#6377 = VERTEX_POINT ( 'NONE', #7711 ) ;
#6378 = CARTESIAN_POINT ( 'NONE',  ( -40.82731649811005781, -18.11334830678238461, -0.7435084826342410746 ) ) ;
#6379 = FACE_OUTER_BOUND ( 'NONE', #5121, .T. ) ;
#6380 = EDGE_CURVE ( 'NONE', #6480, #7771, #4779, .T. ) ;
#6381 = CARTESIAN_POINT ( 'NONE',  ( -30.52039062757600618, 7.206012965964358585, -0.2449999999999997735 ) ) ;
#6382 = LINE ( 'NONE', #1746, #7603 ) ;
#6383 = DIRECTION ( 'NONE',  ( 0.0000000000000000000, 1.000000000000000000, -0.0000000000000000000 ) ) ;
#6384 = EDGE_LOOP ( 'NONE', ( #2750, #5908, #5338, #3555 ) ) ;
#6385 = ADVANCED_FACE ( 'NONE', ( #5975 ), #4157, .T. ) ;
#6386 = ORIENTED_EDGE ( 'NONE', *, *, #7060, .T. ) ;
#6387 = ADVANCED_FACE ( 'NONE', ( #1769 ), #5865, .T. ) ;
#6388 = FILL_AREA_STYLE ('',( #3979 ) ) ;
#6389 = VERTEX_POINT ( 'NONE', #2281 ) ;
#6390 = CARTESIAN_POINT ( 'NONE',  ( -39.21211990792613022, 7.258513140623235493, 1.472800000000076714 ) ) ;
#6391 = FACE_OUTER_BOUND ( 'NONE', #6529, .T. ) ;
#6392 = SURFACE_STYLE_USAGE ( .BOTH. , #4028 ) ;
#6393 = ORIENTED_EDGE ( 'NONE', *, *, #92, .T. ) ;
#6394 = SURFACE_SIDE_STYLE ('',( #6323 ) ) ;
#6395 = CARTESIAN_POINT ( 'NONE',  ( -40.82731649811006491, -16.56462454409308904, -1.259197900737540454 ) ) ;
#6396 = AXIS2_PLACEMENT_3D ( 'NONE', #3343, #857, #6825 ) ;
#6397 = DIRECTION ( 'NONE',  ( -0.0000000000000000000, 1.000000000000000000, 1.047444401652940007E-14 ) ) ;
#6398 = CARTESIAN_POINT ( 'NONE',  ( -34.33039062757600846, -3.003987034035643600, 1.205000000000000071 ) ) ;
#6399 = AXIS2_PLACEMENT_3D ( 'NONE', #2175, #6982, #7412 ) ;
#6400 = FACE_OUTER_BOUND ( 'NONE', #6498, .T. ) ;
#6401 = ORIENTED_EDGE ( 'NONE', *, *, #37, .T. ) ;
#6402 = DIRECTION ( 'NONE',  ( -1.000000000000000000, -0.0000000000000000000, -0.0000000000000000000 ) ) ;
#6403 = CARTESIAN_POINT ( 'NONE',  ( -32.75411990792612471, 7.512513140623234165, 1.218800000000075823 ) ) ;
#6404 = CARTESIAN_POINT ( 'NONE',  ( -39.21211990792613022, 8.369713140623288083, -3.530999999999912209 ) ) ;
#6405 = LINE ( 'NONE', #3428, #3119 ) ;
#6406 = PLANE ( 'NONE',  #6832 ) ;
#6407 = AXIS2_PLACEMENT_3D ( 'NONE', #1217, #6003, #7344 ) ;
#6408 = EDGE_LOOP ( 'NONE', ( #6101, #3853, #6508, #2389 ) ) ;
#6409 =( NAMED_UNIT ( * ) PLANE_ANGLE_UNIT ( ) SI_UNIT ( $, .RADIAN. ) );
#6410 = DIRECTION ( 'NONE',  ( 0.0000000000000000000, 1.000000000000000000, -0.0000000000000000000 ) ) ;
#6411 = CARTESIAN_POINT ( 'NONE',  ( -20.98039062757601059, -16.50398703403563871, -1.264999999999999902 ) ) ;
#6412 = DIRECTION ( 'NONE',  ( 0.0000000000000000000, 1.024442997624109662E-14, -1.000000000000000000 ) ) ;
#6413 = DIRECTION ( 'NONE',  ( -1.000000000000000000, 0.0000000000000000000, 0.0000000000000000000 ) ) ;
#6414 = VERTEX_POINT ( 'NONE', #4191 ) ;
#6415 = ORIENTED_EDGE ( 'NONE', *, *, #5242, .T. ) ;
#6416 = AXIS2_PLACEMENT_3D ( 'NONE', #5449, #1900, #2493 ) ;
#6417 = LINE ( 'NONE', #3291, #2938 ) ;
#6418 = EDGE_LOOP ( 'NONE', ( #231, #6147, #4288, #3230 ) ) ;
#6419 = EDGE_CURVE ( 'NONE', #3019, #295, #1035, .T. ) ;
#6420 = CARTESIAN_POINT ( 'NONE',  ( -39.21211990792613022, 7.201313140623350151, -9.372999999999922949 ) ) ;
#6421 = EDGE_CURVE ( 'NONE', #1282, #6463, #5208, .T. ) ;
#6422 = EDGE_CURVE ( 'NONE', #4098, #2407, #7009, .T. ) ;
#6423 = VECTOR ( 'NONE', #1527, 1000.000000000000000 ) ;
#6424 = CARTESIAN_POINT ( 'NONE',  ( -47.58039062757602267, -3.003987034035643600, -0.2449999999999997735 ) ) ;
#6425 = FACE_OUTER_BOUND ( 'NONE', #5643, .T. ) ;
#6426 = EDGE_LOOP ( 'NONE', ( #6501, #4748 ) ) ;
#6427 = ADVANCED_FACE ( 'NONE', ( #4041 ), #6406, .F. ) ;
#6428 = EDGE_CURVE ( 'NONE', #2089, #5234, #3504, .T. ) ;
#6429 =( NAMED_UNIT ( * ) PLANE_ANGLE_UNIT ( ) SI_UNIT ( $, .RADIAN. ) );
#6430 = STYLED_ITEM ( 'NONE', ( #5466 ), #3461 ) ;
#6431 = FACE_OUTER_BOUND ( 'NONE', #2053, .T. ) ;
#6432 = CARTESIAN_POINT ( 'NONE',  ( -37.64039062757601073, 7.206012965964358585, -0.2449999999999997735 ) ) ;
#6433 = EDGE_CURVE ( 'NONE', #691, #2753, #2923, .T. ) ;
#6434 = EDGE_CURVE ( 'NONE', #4244, #6805, #1930, .T. ) ;
#6435 = CARTESIAN_POINT ( 'NONE',  ( -39.21211990792613022, 6.032913140623286985, -3.530999999999936634 ) ) ;
#6436 = SURFACE_SIDE_STYLE ('',( #7777 ) ) ;
#6437 = VECTOR ( 'NONE', #6797, 1000.000000000000000 ) ;
#6438 = SURFACE_STYLE_USAGE ( .BOTH. , #5971 ) ;
#6439 =( GEOMETRIC_REPRESENTATION_CONTEXT ( 3 ) GLOBAL_UNCERTAINTY_ASSIGNED_CONTEXT ( ( #3340 ) ) GLOBAL_UNIT_ASSIGNED_CONTEXT ( ( #7040, #3998, #5780 ) ) REPRESENTATION_CONTEXT ( 'NONE', 'WORKASPACE' ) );
#6440 = ORIENTED_EDGE ( 'NONE', *, *, #6048, .F. ) ;
#6441 = COLOUR_RGB ( '',0.0000000000000000000, 0.5019607843137254832, 1.000000000000000000 ) ;
#6442 = AXIS2_PLACEMENT_3D ( 'NONE', #5003, #3777, #3741 ) ;
#6443 = DIRECTION ( 'NONE',  ( -0.0000000000000000000, 1.000000000000000000, 1.047444401652940007E-14 ) ) ;
#6444 = DIRECTION ( 'NONE',  ( -0.0000000000000000000, -0.0000000000000000000, -1.000000000000000000 ) ) ;
#6445 = DIRECTION ( 'NONE',  ( 0.0000000000000000000, 0.0000000000000000000, 1.000000000000000000 ) ) ;
#6446 = VECTOR ( 'NONE', #4579, 1000.000000000000000 ) ;
#6447 = FILL_AREA_STYLE ('',( #7118 ) ) ;
#6448 = PRESENTATION_LAYER_ASSIGNMENT (  '', '', ( #172 ) ) ;
#6449 = ORIENTED_EDGE ( 'NONE', *, *, #1294, .T. ) ;
#6450 = APPLICATION_CONTEXT ( 'automotive_design' ) ;
#6451 = VERTEX_POINT ( 'NONE', #662 ) ;
#6452 = UNCERTAINTY_MEASURE_WITH_UNIT (LENGTH_MEASURE( 1.000000000000000082E-05 ), #1595, 'distance_accuracy_value', 'NONE');
#6453 = DIRECTION ( 'NONE',  ( 0.0000000000000000000, 0.0000000000000000000, 1.000000000000000000 ) ) ;
#6454 = DIRECTION ( 'NONE',  ( 1.000000000000000000, 0.0000000000000000000, 0.0000000000000000000 ) ) ;
#6455 = CARTESIAN_POINT ( 'NONE',  ( -35.91651990792611571, 6.890113140623239651, 1.218800000000075823 ) ) ;
#6456 = DIRECTION ( 'NONE',  ( 0.0000000000000000000, 0.0000000000000000000, 1.000000000000000000 ) ) ;
#6457 = CARTESIAN_POINT ( 'NONE',  ( -45.82731649811005781, -3.003987034035643600, -1.245000000000000107 ) ) ;
#6458 = AXIS2_PLACEMENT_3D ( 'NONE', #2987, #6574, #2298 ) ;
#6459 = LINE ( 'NONE', #7127, #6676 ) ;
#6460 = ORIENTED_EDGE ( 'NONE', *, *, #4058, .F. ) ;
#6461 = ORIENTED_EDGE ( 'NONE', *, *, #4432, .F. ) ;
#6462 = LINE ( 'NONE', #5880, #1418 ) ;
#6463 = VERTEX_POINT ( 'NONE', #83 ) ;
#6464 = COLOUR_RGB ( '',0.0000000000000000000, 0.5019607843137254832, 1.000000000000000000 ) ;
#6465 = CARTESIAN_POINT ( 'NONE',  ( -39.82267328534919670, -14.00398703403564227, 1.205000000000000071 ) ) ;
#6466 = PRESENTATION_LAYER_ASSIGNMENT (  '', '', ( #1696 ) ) ;
#6467 = FILL_AREA_STYLE ('',( #4652 ) ) ;
#6468 = MECHANICAL_DESIGN_GEOMETRIC_PRESENTATION_REPRESENTATION (  '', ( #5708 ), #4614 ) ;
#6469 = LINE ( 'NONE', #5842, #4056 ) ;
#6470 = VERTEX_POINT ( 'NONE', #3747 ) ;
#6471 = VECTOR ( 'NONE', #7651, 1000.000000000000000 ) ;
#6472 = ORIENTED_EDGE ( 'NONE', *, *, #6428, .T. ) ;
#6473 = DIRECTION ( 'NONE',  ( -0.0000000000000000000, -0.0000000000000000000, -1.000000000000000000 ) ) ;
#6474 = DIRECTION ( 'NONE',  ( 1.000000000000000000, 0.0000000000000000000, 0.0000000000000000000 ) ) ;
#6475 = CARTESIAN_POINT ( 'NONE',  ( -27.82731649811005781, -18.30398703403564298, -1.266000000000000014 ) ) ;
#6476 = CARTESIAN_POINT ( 'NONE',  ( -39.21211990792613022, 7.258463140623345744, -9.372999999999922949 ) ) ;
#6477 = FACE_OUTER_BOUND ( 'NONE', #76, .T. ) ;
#6478 =( LENGTH_UNIT ( ) NAMED_UNIT ( * ) SI_UNIT ( .MILLI., .METRE. ) );
#6479 = CARTESIAN_POINT ( 'NONE',  ( -39.21211990792613022, 6.032913140623263892, -1.244999999999936158 ) ) ;
#6480 = VERTEX_POINT ( 'NONE', #1225 ) ;
#6481 = LINE ( 'NONE', #3996, #979 ) ;
#6482 = EDGE_CURVE ( 'NONE', #7002, #1597, #6757, .T. ) ;
#6483 = ADVANCED_FACE ( 'NONE', ( #4232 ), #28, .F. ) ;
#6484 = FILL_AREA_STYLE ('',( #998 ) ) ;
#6485 = FACE_OUTER_BOUND ( 'NONE', #2486, .T. ) ;
#6486 = DIRECTION ( 'NONE',  ( 0.5000000000000011102, 0.8660254037844379305, 8.871936606718199177E-15 ) ) ;
#6487 = VECTOR ( 'NONE', #833, 1000.000000000000000 ) ;
#6488 = CARTESIAN_POINT ( 'NONE',  ( -30.83651990792612452, 6.890113140623235211, 1.472800000000072718 ) ) ;
#6489 = CARTESIAN_POINT ( 'NONE',  ( -39.21211990792613022, 8.369713140623263214, -1.244999999999911955 ) ) ;
#6490 = ORIENTED_EDGE ( 'NONE', *, *, #7462, .T. ) ;
#6491 = CARTESIAN_POINT ( 'NONE',  ( -35.09731990792612066, 6.032913140623265669, -1.575199999999936429 ) ) ;
#6492 = FACE_OUTER_BOUND ( 'NONE', #4895, .T. ) ;
#6493 = DIRECTION ( 'NONE',  ( 0.0000000000000000000, 0.0000000000000000000, 1.000000000000000000 ) ) ;
#6494 = FACE_OUTER_BOUND ( 'NONE', #2634, .T. ) ;
#6495 = SURFACE_STYLE_USAGE ( .BOTH. , #4131 ) ;
#6496 = VECTOR ( 'NONE', #1320, 1000.000000000000000 ) ;
#6497 = ORIENTED_EDGE ( 'NONE', *, *, #486, .F. ) ;
#6498 = EDGE_LOOP ( 'NONE', ( #885, #6393, #4435, #6022, #3880, #3677, #7779, #6942 ) ) ;
#6499 = SURFACE_STYLE_USAGE ( .BOTH. , #4138 ) ;
#6500 = CARTESIAN_POINT ( 'NONE',  ( -24.58039062757600846, 7.056012965964359118, -0.2349999999999997369 ) ) ;
#6501 = ORIENTED_EDGE ( 'NONE', *, *, #7261, .T. ) ;
#6502 = ORIENTED_EDGE ( 'NONE', *, *, #4432, .T. ) ;
#6503 = DIRECTION ( 'NONE',  ( -1.000000000000000000, -0.0000000000000000000, -0.0000000000000000000 ) ) ;
#6504 = CARTESIAN_POINT ( 'NONE',  ( -39.21211990792613022, 6.032913140623263892, -1.244999999999936158 ) ) ;
#6505 = DIRECTION ( 'NONE',  ( 0.0000000000000000000, -1.000000000000000000, -1.047444401652940007E-14 ) ) ;
#6506 = DIRECTION ( 'NONE',  ( 0.0000000000000000000, 1.000000000000000000, 1.047444401652940007E-14 ) ) ;
#6507 = SURFACE_STYLE_USAGE ( .BOTH. , #4150 ) ;
#6508 = ORIENTED_EDGE ( 'NONE', *, *, #659, .F. ) ;
#6509 = DIRECTION ( 'NONE',  ( 0.0000000000000000000, -1.047444401652940007E-14, 1.000000000000000000 ) ) ;
#6510 = CYLINDRICAL_SURFACE ( 'NONE', #931, 0.5000000000000004441 ) ;
#6511 = CARTESIAN_POINT ( 'NONE',  ( -32.75411990792613182, 7.512513140623235053, 1.218800000000072270 ) ) ;
#6512 = EDGE_CURVE ( 'NONE', #7637, #742, #5511, .T. ) ;
#6513 = CARTESIAN_POINT ( 'NONE',  ( -39.21211990792613022, 7.258513140623238158, 1.472800000000076492 ) ) ;
#6514 = VECTOR ( 'NONE', #5727, 1000.000000000000000 ) ;
#6515 = EDGE_CURVE ( 'NONE', #5234, #507, #7236, .T. ) ;
#6516 = CARTESIAN_POINT ( 'NONE',  ( -28.82731649811005781, -18.16430169093150226, -0.6570559913331650570 ) ) ;
#6517 = EDGE_CURVE ( 'NONE', #5493, #2248, #1889, .T. ) ;
#6518 =( NAMED_UNIT ( * ) SI_UNIT ( $, .STERADIAN. ) SOLID_ANGLE_UNIT ( ) );
#6519 = VERTEX_POINT ( 'NONE', #3086 ) ;
#6520 = EDGE_CURVE ( 'NONE', #6613, #6685, #4889, .T. ) ;
#6521 = LINE ( 'NONE', #4083, #796 ) ;
#6522 = CARTESIAN_POINT ( 'NONE',  ( -40.82731915934738964, -18.21734245870245772, 0.04932097214352581388 ) ) ;
#6523 = CYLINDRICAL_SURFACE ( 'NONE', #7733, 0.5000000000000004441 ) ;
#6524 = CYLINDRICAL_SURFACE ( 'NONE', #3701, 0.2539999999999972835 ) ;
#6525 = DIRECTION ( 'NONE',  ( -1.000000000000000000, -0.0000000000000000000, -0.0000000000000000000 ) ) ;
#6526 = EDGE_CURVE ( 'NONE', #3830, #1397, #5400, .T. ) ;
#6527 = PRESENTATION_LAYER_ASSIGNMENT (  '', '', ( #5417 ) ) ;
#6528 = CARTESIAN_POINT ( 'NONE',  ( -37.19401384467462179, 6.032913140623297643, -3.530999999999936634 ) ) ;
#6529 = EDGE_LOOP ( 'NONE', ( #7136, #202, #7224, #3613 ) ) ;
#6530 = EDGE_LOOP ( 'NONE', ( #5381, #7665, #6386, #3217, #5500, #1156, #1099, #1999 ) ) ;
#6531 = DIRECTION ( 'NONE',  ( 0.0000000000000000000, 0.0000000000000000000, 1.000000000000000000 ) ) ;
#6532 = VERTEX_POINT ( 'NONE', #6087 ) ;
#6533 = UNCERTAINTY_MEASURE_WITH_UNIT (LENGTH_MEASURE( 1.000000000000000082E-05 ), #1724, 'distance_accuracy_value', 'NONE');
#6534 = AXIS2_PLACEMENT_3D ( 'NONE', #7538, #5729, #6826 ) ;
#6535 = CARTESIAN_POINT ( 'NONE',  ( -39.82267328534919670, -15.29897745040698176, 1.199928837669093751 ) ) ;
#6536 = PRESENTATION_STYLE_ASSIGNMENT (( #4178 ) ) ;
#6537 = FACE_OUTER_BOUND ( 'NONE', #6629, .T. ) ;
#6538 =( GEOMETRIC_REPRESENTATION_CONTEXT ( 3 ) GLOBAL_UNCERTAINTY_ASSIGNED_CONTEXT ( ( #2614 ) ) GLOBAL_UNIT_ASSIGNED_CONTEXT ( ( #3611, #3069, #6940 ) ) REPRESENTATION_CONTEXT ( 'NONE', 'WORKASPACE' ) );
#6539 = EDGE_LOOP ( 'NONE', ( #1793, #2657, #356, #4760 ) ) ;
#6540 = ORIENTED_EDGE ( 'NONE', *, *, #2360, .T. ) ;
#6541 = FILL_AREA_STYLE ('',( #2471 ) ) ;
#6542 = ORIENTED_EDGE ( 'NONE', *, *, #4576, .F. ) ;
#6543 = DIRECTION ( 'NONE',  ( -1.000000000000000000, -1.734723475976805714E-15, 0.0000000000000000000 ) ) ;
#6544 = AXIS2_PLACEMENT_3D ( 'NONE', #1154, #6413, #5907 ) ;
#6545 =( NAMED_UNIT ( * ) SI_UNIT ( $, .STERADIAN. ) SOLID_ANGLE_UNIT ( ) );
#6546 =( NAMED_UNIT ( * ) SI_UNIT ( $, .STERADIAN. ) SOLID_ANGLE_UNIT ( ) );
#6547 = EDGE_LOOP ( 'NONE', ( #933, #851, #5486, #3214 ) ) ;
#6548 = CARTESIAN_POINT ( 'NONE',  ( -39.21211990792613022, 7.201313140623350151, -9.372999999999922949 ) ) ;
#6549 = DIRECTION ( 'NONE',  ( 0.0000000000000000000, 1.000000000000000000, 1.047444401652940007E-14 ) ) ;
#6550 = DIRECTION ( 'NONE',  ( 6.226573854905984859E-17, -1.000000000000000000, -0.0000000000000000000 ) ) ;
#6551 = DIRECTION ( 'NONE',  ( 0.0000000000000000000, 0.0000000000000000000, 1.000000000000000000 ) ) ;
#6552 = AXIS2_PLACEMENT_3D ( 'NONE', #1089, #3486, #5337 ) ;
#6553 =( LENGTH_UNIT ( ) NAMED_UNIT ( * ) SI_UNIT ( .MILLI., .METRE. ) );
#6554 = DIRECTION ( 'NONE',  ( -0.0000000000000000000, -0.0000000000000000000, -1.000000000000000000 ) ) ;
#6555 = ORIENTED_EDGE ( 'NONE', *, *, #6965, .F. ) ;
#6556 = MECHANICAL_DESIGN_GEOMETRIC_PRESENTATION_REPRESENTATION (  '', ( #2173 ), #1054 ) ;
#6557 = SURFACE_SIDE_STYLE ('',( #3591 ) ) ;
#6558 = AXIS2_PLACEMENT_3D ( 'NONE', #2457, #6736, #7371 ) ;
#6559 = EDGE_CURVE ( 'NONE', #3830, #5384, #4853, .T. ) ;
#6560 = CARTESIAN_POINT ( 'NONE',  ( -29.45851990792611730, 7.201313140623287978, -3.530999999999924199 ) ) ;
#6561 = LINE ( 'NONE', #3593, #6471 ) ;
#6562 = LINE ( 'NONE', #4318, #310 ) ;
#6563 = MECHANICAL_DESIGN_GEOMETRIC_PRESENTATION_REPRESENTATION (  '', ( #429 ), #4714 ) ;
#6564 = AXIS2_PLACEMENT_3D ( 'NONE', #2491, #1233, #5447 ) ;
#6565 = ADVANCED_FACE ( 'NONE', ( #1854 ), #706, .F. ) ;
#6566 = DIRECTION ( 'NONE',  ( 0.0000000000000000000, -1.000000000000000000, -0.0000000000000000000 ) ) ;
#6567 = VECTOR ( 'NONE', #4188, 1000.000000000000000 ) ;
#6568 = ORIENTED_EDGE ( 'NONE', *, *, #2251, .T. ) ;
#6569 = CARTESIAN_POINT ( 'NONE',  ( -39.21211990792613022, 7.144163140623349229, -9.372999999999922949 ) ) ;
#6570 = EDGE_LOOP ( 'NONE', ( #4994, #5830, #876, #7267 ) ) ;
#6571 = CARTESIAN_POINT ( 'NONE',  ( -30.52039062757600618, 7.206012965964358585, -1.266000000000000014 ) ) ;
#6572 = ORIENTED_EDGE ( 'NONE', *, *, #2101, .F. ) ;
#6573 = ADVANCED_FACE ( 'NONE', ( #7432 ), #7477, .F. ) ;
#6574 = DIRECTION ( 'NONE',  ( 0.0000000000000000000, 0.0000000000000000000, 1.000000000000000000 ) ) ;
#6575 =( GEOMETRIC_REPRESENTATION_CONTEXT ( 3 ) GLOBAL_UNCERTAINTY_ASSIGNED_CONTEXT ( ( #6762 ) ) GLOBAL_UNIT_ASSIGNED_CONTEXT ( ( #5363, #2205, #5248 ) ) REPRESENTATION_CONTEXT ( 'NONE', 'WORKASPACE' ) );
#6576 =( NAMED_UNIT ( * ) SI_UNIT ( $, .STERADIAN. ) SOLID_ANGLE_UNIT ( ) );
#6577 = CARTESIAN_POINT ( 'NONE',  ( -33.12246990792611712, 7.144163140623349229, -9.372999999999922949 ) ) ;
#6578 = FILL_AREA_STYLE_COLOUR ( '', #265 ) ;
#6579 = ORIENTED_EDGE ( 'NONE', *, *, #1772, .T. ) ;
#6580 = VECTOR ( 'NONE', #2182, 1000.000000000000000 ) ;
#6581 = ORIENTED_EDGE ( 'NONE', *, *, #6623, .F. ) ;
#6582 = DIRECTION ( 'NONE',  ( 0.0000000000000000000, -1.047444401652940007E-14, 1.000000000000000000 ) ) ;
#6583 = VERTEX_POINT ( 'NONE', #1455 ) ;
#6584 = VECTOR ( 'NONE', #5462, 1000.000000000000000 ) ;
#6585 =( NAMED_UNIT ( * ) SI_UNIT ( $, .STERADIAN. ) SOLID_ANGLE_UNIT ( ) );
#6586 = LINE ( 'NONE', #610, #6584 ) ;
#6587 = CARTESIAN_POINT ( 'NONE',  ( -29.82731649811006491, -3.003987034035643600, 1.205000000000000071 ) ) ;
#6588 =( LENGTH_UNIT ( ) NAMED_UNIT ( * ) SI_UNIT ( .MILLI., .METRE. ) );
#6589 = MECHANICAL_DESIGN_GEOMETRIC_PRESENTATION_REPRESENTATION (  '', ( #4487 ), #4736 ) ;
#6590 = VECTOR ( 'NONE', #1442, 1000.000000000000000 ) ;
#6591 = CARTESIAN_POINT ( 'NONE',  ( -47.68039062757600988, 7.056012965964359118, -0.2349999999999997369 ) ) ;
#6592 = FILL_AREA_STYLE_COLOUR ( '', #7313 ) ;
#6593 = ORIENTED_EDGE ( 'NONE', *, *, #4819, .F. ) ;
#6594 = DIRECTION ( 'NONE',  ( -1.000000000000000000, -0.0000000000000000000, 0.0000000000000000000 ) ) ;
#6595 = CIRCLE ( 'NONE', #200, 1.000000000000000888 ) ;
#6596 = CARTESIAN_POINT ( 'NONE',  ( -38.14039062757601073, 7.206012965964358585, -1.266000000000000014 ) ) ;
#6597 = VECTOR ( 'NONE', #7670, 1000.000000000000000 ) ;
#6598 = CIRCLE ( 'NONE', #4241, 0.5000000000000004441 ) ;
#6599 = SURFACE_SIDE_STYLE ('',( #7115 ) ) ;
#6600 = CARTESIAN_POINT ( 'NONE',  ( -34.82501711285329549, -18.29409031937256103, -0.2464335406786998528 ) ) ;
#6601 = FILL_AREA_STYLE ('',( #6640 ) ) ;
#6602 = AXIS2_PLACEMENT_3D ( 'NONE', #7606, #403, #2164 ) ;
#6603 = CARTESIAN_POINT ( 'NONE',  ( -29.45851990792611730, 6.032913140623286985, -3.530999999999936634 ) ) ;
#6604 = AXIS2_PLACEMENT_3D ( 'NONE', #5207, #4744, #7117 ) ;
#6605 = EDGE_LOOP ( 'NONE', ( #988, #4194, #1136, #7533, #3443, #1176, #4984, #7130 ) ) ;
#6606 = VECTOR ( 'NONE', #667, 1000.000000000000000 ) ;
#6607 = FACE_OUTER_BOUND ( 'NONE', #6872, .T. ) ;
#6608 = LINE ( 'NONE', #6096, #2563 ) ;
#6609 = DIRECTION ( 'NONE',  ( 1.000000000000000000, 0.0000000000000000000, 0.0000000000000000000 ) ) ;
#6610 = LINE ( 'NONE', #5129, #2283 ) ;
#6611 = ORIENTED_EDGE ( 'NONE', *, *, #5060, .F. ) ;
#6612 = FILL_AREA_STYLE_COLOUR ( '', #7745 ) ;
#6613 = VERTEX_POINT ( 'NONE', #871 ) ;
#6614 = DIRECTION ( 'NONE',  ( -0.0000000000000000000, -0.0000000000000000000, -1.000000000000000000 ) ) ;
#6615 = ORIENTED_EDGE ( 'NONE', *, *, #4099, .F. ) ;
#6616 = UNCERTAINTY_MEASURE_WITH_UNIT (LENGTH_MEASURE( 1.000000000000000082E-05 ), #1957, 'distance_accuracy_value', 'NONE');
#6617 = CARTESIAN_POINT ( 'NONE',  ( -35.91646990792612115, 6.890163140623288385, -3.530999999999923311 ) ) ;
#6618 = DIRECTION ( 'NONE',  ( -0.0000000000000000000, -1.000000000000000000, -1.047444401652940007E-14 ) ) ;
#6619 = EDGE_CURVE ( 'NONE', #5255, #2940, #1490, .T. ) ;
#6620 =( GEOMETRIC_REPRESENTATION_CONTEXT ( 3 ) GLOBAL_UNCERTAINTY_ASSIGNED_CONTEXT ( ( #488 ) ) GLOBAL_UNIT_ASSIGNED_CONTEXT ( ( #6898, #5371, #4202 ) ) REPRESENTATION_CONTEXT ( 'NONE', 'WORKASPACE' ) );
#6621 = DIRECTION ( 'NONE',  ( 0.0000000000000000000, 0.0000000000000000000, -1.000000000000000000 ) ) ;
#6622 = CARTESIAN_POINT ( 'NONE',  ( -38.64039062757601073, 7.206012965964358585, -0.2449999999999997735 ) ) ;
#6623 = EDGE_CURVE ( 'NONE', #4773, #5730, #6883, .T. ) ;
#6624 = SURFACE_SIDE_STYLE ('',( #4798 ) ) ;
#6625 = ADVANCED_FACE ( 'NONE', ( #2669 ), #6915, .F. ) ;
#6626 = ORIENTED_EDGE ( 'NONE', *, *, #2208, .F. ) ;
#6627 = ORIENTED_EDGE ( 'NONE', *, *, #3502, .T. ) ;
#6628 = CARTESIAN_POINT ( 'NONE',  ( -37.83411990792612301, 6.890113140623235211, 1.472800000000072718 ) ) ;
#6629 = EDGE_LOOP ( 'NONE', ( #3158, #1219, #5139, #5073 ) ) ;
#6630 = FILL_AREA_STYLE_COLOUR ( '', #6072 ) ;
#6631 = EDGE_CURVE ( 'NONE', #2270, #5006, #6705, .T. ) ;
#6632 = LINE ( 'NONE', #5998, #7734 ) ;
#6633 = CARTESIAN_POINT ( 'NONE',  ( -28.82731649811004360, -18.16430169093150226, -0.6570559913331650570 ) ) ;
#6634 = CYLINDRICAL_SURFACE ( 'NONE', #669, 0.2539999999999972835 ) ;
#6635 = FACE_OUTER_BOUND ( 'NONE', #3257, .T. ) ;
#6636 = CYLINDRICAL_SURFACE ( 'NONE', #262, 0.2540000000000007807 ) ;
#6637 = ORIENTED_EDGE ( 'NONE', *, *, #2304, .F. ) ;
#6638 = CARTESIAN_POINT ( 'NONE',  ( -47.68039062757600988, 9.556012965964352901, -1.245000000000000107 ) ) ;
#6639 = DIRECTION ( 'NONE',  ( 0.0000000000000000000, 0.0000000000000000000, -1.000000000000000000 ) ) ;
#6640 = FILL_AREA_STYLE_COLOUR ( '', #2066 ) ;
#6641 = CARTESIAN_POINT ( 'NONE',  ( -47.68039062757600988, 7.056012965964359118, -1.264999999999999902 ) ) ;
#6642 = DIRECTION ( 'NONE',  ( 0.0000000000000000000, 0.0000000000000000000, 1.000000000000000000 ) ) ;
#6643 = ORIENTED_EDGE ( 'NONE', *, *, #5480, .F. ) ;
#6644 = FILL_AREA_STYLE_COLOUR ( '', #3586 ) ;
#6645 = CARTESIAN_POINT ( 'NONE',  ( -39.21211990792613022, 7.512463140623287572, -3.530999999999921091 ) ) ;
#6646 = VECTOR ( 'NONE', #2228, 1000.000000000000114 ) ;
#6647 = DIRECTION ( 'NONE',  ( 0.0000000000000000000, 0.0000000000000000000, 1.000000000000000000 ) ) ;
#6648 = PRESENTATION_STYLE_ASSIGNMENT (( #2453 ) ) ;
#6649 = EDGE_LOOP ( 'NONE', ( #6184, #4004, #3297, #2900, #5164, #2572 ) ) ;
#6650 = VECTOR ( 'NONE', #613, 1000.000000000000000 ) ;
#6651 = LINE ( 'NONE', #1238, #6723 ) ;
#6652 = EDGE_LOOP ( 'NONE', ( #2105, #6760, #4446, #4224 ) ) ;
#6653 = DIRECTION ( 'NONE',  ( -1.299418334065024133E-16, 1.000000000000000000, 0.0000000000000000000 ) ) ;
#6654 = ORIENTED_EDGE ( 'NONE', *, *, #7199, .F. ) ;
#6655 = CARTESIAN_POINT ( 'NONE',  ( -33.00811990792611539, 7.201313140623239129, 1.218800000000076267 ) ) ;
#6656 = PLANE ( 'NONE',  #5470 ) ;
#6657 =( GEOMETRIC_REPRESENTATION_CONTEXT ( 3 ) GLOBAL_UNCERTAINTY_ASSIGNED_CONTEXT ( ( #4987 ) ) GLOBAL_UNIT_ASSIGNED_CONTEXT ( ( #6478, #2318, #1728 ) ) REPRESENTATION_CONTEXT ( 'NONE', 'WORKASPACE' ) );
#6658 = CARTESIAN_POINT ( 'NONE',  ( -45.88039062757600561, 7.056012965964359118, -1.264999999999999902 ) ) ;
#6659 = DIRECTION ( 'NONE',  ( 0.0000000000000000000, 1.047444401652940007E-14, -1.000000000000000000 ) ) ;
#6660 = ORIENTED_EDGE ( 'NONE', *, *, #3914, .F. ) ;
#6661 = ORIENTED_EDGE ( 'NONE', *, *, #3813, .T. ) ;
#6662 = COLOUR_RGB ( '',0.0000000000000000000, 0.0000000000000000000, 0.0000000000000000000 ) ;
#6663 = EDGE_CURVE ( 'NONE', #6355, #4181, #3913, .T. ) ;
#6664 = VERTEX_POINT ( 'NONE', #5161 ) ;
#6665 = FACE_OUTER_BOUND ( 'NONE', #4034, .T. ) ;
#6666 = DIRECTION ( 'NONE',  ( 0.0000000000000000000, -1.047444401652940007E-14, 1.000000000000000000 ) ) ;
#6667 = EDGE_CURVE ( 'NONE', #2341, #1953, #4421, .T. ) ;
#6668 = CARTESIAN_POINT ( 'NONE',  ( -47.68039062757600988, 9.556012965964352901, -1.245000000000000107 ) ) ;
#6669 = FACE_OUTER_BOUND ( 'NONE', #5749, .T. ) ;
#6670 = PRESENTATION_STYLE_ASSIGNMENT (( #582 ) ) ;
#6671 = CARTESIAN_POINT ( 'NONE',  ( -38.74705729424268696, -14.00398703403564227, 0.7150000000000003020 ) ) ;
#6672 = ADVANCED_FACE ( 'NONE', ( #7547 ), #5711, .F. ) ;
#6673 = FACE_OUTER_BOUND ( 'NONE', #2128, .T. ) ;
#6674 = ORIENTED_EDGE ( 'NONE', *, *, #665, .F. ) ;
#6675 = CARTESIAN_POINT ( 'NONE',  ( -39.21211990792613022, 8.369713140623263214, -1.244999999999911955 ) ) ;
#6676 = VECTOR ( 'NONE', #5796, 1000.000000000000000 ) ;
#6677 =( LENGTH_UNIT ( ) NAMED_UNIT ( * ) SI_UNIT ( .MILLI., .METRE. ) );
#6678 = ADVANCED_FACE ( 'NONE', ( #2095 ), #7375, .F. ) ;
#6679 = EDGE_CURVE ( 'NONE', #4409, #3900, #4516, .T. ) ;
#6680 = DIRECTION ( 'NONE',  ( 0.0000000000000000000, -1.000000000000000000, -1.047444401652940007E-14 ) ) ;
#6681 = DIRECTION ( 'NONE',  ( 0.0000000000000000000, -0.0000000000000000000, -1.000000000000000000 ) ) ;
#6682 = SURFACE_STYLE_FILL_AREA ( #3829 ) ;
#6683 = VECTOR ( 'NONE', #2397, 1000.000000000000000 ) ;
#6684 = SURFACE_STYLE_FILL_AREA ( #3625 ) ;
#6685 = VERTEX_POINT ( 'NONE', #251 ) ;
#6686 = UNCERTAINTY_MEASURE_WITH_UNIT (LENGTH_MEASURE( 1.000000000000000082E-05 ), #1359, 'distance_accuracy_value', 'NONE');
#6687 = FILL_AREA_STYLE ('',( #5478 ) ) ;
#6688 = COLOUR_RGB ( '',0.0000000000000000000, 0.0000000000000000000, 0.0000000000000000000 ) ;
#6689 = LINE ( 'NONE', #3161, #454 ) ;
#6690 =( NAMED_UNIT ( * ) PLANE_ANGLE_UNIT ( ) SI_UNIT ( $, .RADIAN. ) );
#6691 = FILL_AREA_STYLE_COLOUR ( '', #2057 ) ;
#6692 = LINE ( 'NONE', #5515, #424 ) ;
#6693 = LINE ( 'NONE', #5372, #1785 ) ;
#6694 = VECTOR ( 'NONE', #6550, 1000.000000000000000 ) ;
#6695 = VERTEX_POINT ( 'NONE', #291 ) ;
#6696 = ORIENTED_EDGE ( 'NONE', *, *, #721, .T. ) ;
#6697 = UNCERTAINTY_MEASURE_WITH_UNIT (LENGTH_MEASURE( 1.000000000000000082E-05 ), #2594, 'distance_accuracy_value', 'NONE');
#6698 = CARTESIAN_POINT ( 'NONE',  ( -30.83646990792612641, 6.890163140623288385, -3.530999999999928196 ) ) ;
#6699 = AXIS2_PLACEMENT_3D ( 'NONE', #2747, #3379, #6870 ) ;
#6700 = DIRECTION ( 'NONE',  ( 0.0000000000000000000, 0.0000000000000000000, 1.000000000000000000 ) ) ;
#6701 =( GEOMETRIC_REPRESENTATION_CONTEXT ( 3 ) GLOBAL_UNCERTAINTY_ASSIGNED_CONTEXT ( ( #6223 ) ) GLOBAL_UNIT_ASSIGNED_CONTEXT ( ( #5972, #1261, #4886 ) ) REPRESENTATION_CONTEXT ( 'NONE', 'WORKASPACE' ) );
#6702 = CARTESIAN_POINT ( 'NONE',  ( -46.88039062757600561, 7.056012965964359118, -1.264999999999999902 ) ) ;
#6703 = VERTEX_POINT ( 'NONE', #2694 ) ;
#6704 = VERTEX_POINT ( 'NONE', #4990 ) ;
#6705 = CIRCLE ( 'NONE', #4600, 1.799999999999999600 ) ;
#6706 = CARTESIAN_POINT ( 'NONE',  ( -47.58039062757602267, -10.24398703403564426, -0.2450000000000002176 ) ) ;
#6707 = CARTESIAN_POINT ( 'NONE',  ( -35.29416990792612552, 7.512463140623346192, -9.267789755157151532 ) ) ;
#6708 = SURFACE_SIDE_STYLE ('',( #6074 ) ) ;
#6709 = CARTESIAN_POINT ( 'NONE',  ( -36.60742597117763353, 8.369713140623288083, -3.530999999999912209 ) ) ;
#6710 = FACE_OUTER_BOUND ( 'NONE', #1944, .T. ) ;
#6711 = VECTOR ( 'NONE', #5036, 1000.000000000000000 ) ;
#6712 = CARTESIAN_POINT ( 'NONE',  ( -39.21211990792613022, 8.369713140623280978, -3.530999999999912209 ) ) ;
#6713 = VECTOR ( 'NONE', #2809, 1000.000000000000000 ) ;
#6714 = PRESENTATION_STYLE_ASSIGNMENT (( #4382 ) ) ;
#6715 = ORIENTED_EDGE ( 'NONE', *, *, #7539, .T. ) ;
#6716 = FILL_AREA_STYLE_COLOUR ( '', #5212 ) ;
#6717 = CARTESIAN_POINT ( 'NONE',  ( -28.82731649811005781, -17.83264710389341801, 0.3756754925351361574 ) ) ;
#6718 = EDGE_CURVE ( 'NONE', #5681, #1282, #548, .T. ) ;
#6719 = AXIS2_PLACEMENT_3D ( 'NONE', #7631, #5621, #2045 ) ;
#6720 = DIRECTION ( 'NONE',  ( -0.0000000000000000000, -0.0000000000000000000, 1.000000000000000000 ) ) ;
#6721 = CARTESIAN_POINT ( 'NONE',  ( -35.91651990792611571, 7.512513140623237717, 1.218800000000079597 ) ) ;
#6722 = CARTESIAN_POINT ( 'NONE',  ( -30.21411990792612556, 7.512513140623252816, -1.575199999999920664 ) ) ;
#6723 = VECTOR ( 'NONE', #7208, 1000.000000000000000 ) ;
#6724 = ADVANCED_FACE ( 'NONE', ( #2619 ), #2061, .F. ) ;
#6725 = EDGE_CURVE ( 'NONE', #2424, #2096, #5107, .T. ) ;
#6726 = DIRECTION ( 'NONE',  ( 0.0000000000000000000, -1.000000000000000000, -1.047444401652940007E-14 ) ) ;
#6727 = VERTEX_POINT ( 'NONE', #2811 ) ;
#6728 = CARTESIAN_POINT ( 'NONE',  ( -38.45646990792611319, 7.512463140623343527, -9.267789755157155085 ) ) ;
#6729 = DIRECTION ( 'NONE',  ( 0.0000000000000000000, 0.0000000000000000000, 1.000000000000000000 ) ) ;
#6730 =( GEOMETRIC_REPRESENTATION_CONTEXT ( 3 ) GLOBAL_UNCERTAINTY_ASSIGNED_CONTEXT ( ( #3013 ) ) GLOBAL_UNIT_ASSIGNED_CONTEXT ( ( #2726, #6217, #5588 ) ) REPRESENTATION_CONTEXT ( 'NONE', 'WORKASPACE' ) );
#6731 = DIRECTION ( 'NONE',  ( -0.0000000000000000000, 1.000000000000000000, 0.0000000000000000000 ) ) ;
#6732 = LINE ( 'NONE', #5489, #2853 ) ;
#6733 = VECTOR ( 'NONE', #1613, 1000.000000000000000 ) ;
#6734 = ORIENTED_EDGE ( 'NONE', *, *, #3709, .T. ) ;
#6735 = VECTOR ( 'NONE', #3665, 1000.000000000000000 ) ;
#6736 = DIRECTION ( 'NONE',  ( -2.478176394252582127E-16, -1.000000000000000000, 0.0000000000000000000 ) ) ;
#6737 = ORIENTED_EDGE ( 'NONE', *, *, #728, .T. ) ;
#6738 = CARTESIAN_POINT ( 'NONE',  ( -40.82734843295796168, -18.25548052603022953, -0.09568576697269767783 ) ) ;
#6739 =( NAMED_UNIT ( * ) PLANE_ANGLE_UNIT ( ) SI_UNIT ( $, .RADIAN. ) );
#6740 = SURFACE_STYLE_USAGE ( .BOTH. , #8 ) ;
#6741 = CARTESIAN_POINT ( 'NONE',  ( -29.45851990792611730, 6.032913140623276327, -3.530999999999936634 ) ) ;
#6742 = ORIENTED_EDGE ( 'NONE', *, *, #1926, .T. ) ;
#6743 = VERTEX_POINT ( 'NONE', #2255 ) ;
#6744 = SURFACE_STYLE_FILL_AREA ( #4375 ) ;
#6745 = ORIENTED_EDGE ( 'NONE', *, *, #5617, .F. ) ;
#6746 = DIRECTION ( 'NONE',  ( 1.000000000000000000, -0.0000000000000000000, 0.0000000000000000000 ) ) ;
#6747 = DIRECTION ( 'NONE',  ( -0.0000000000000000000, 1.000000000000000000, 1.047444401652940007E-14 ) ) ;
#6748 = CARTESIAN_POINT ( 'NONE',  ( -21.08039062757600846, -10.24398703403563893, 0.7150000000000003020 ) ) ;
#6749 = DIRECTION ( 'NONE',  ( 0.0000000000000000000, 0.0000000000000000000, 1.000000000000000000 ) ) ;
#6750 = B_SPLINE_CURVE_WITH_KNOTS ( 'NONE', 3,
 ( #3849, #5029, #644, #5455 ),
 .UNSPECIFIED., .F., .F.,
 ( 4, 4 ),
 ( 0.0000000000000000000, 1.000000000000000000 ),
 .UNSPECIFIED. ) ;
#6751 = DIRECTION ( 'NONE',  ( -0.0000000000000000000, -0.0000000000000000000, -1.000000000000000000 ) ) ;
#6752 = VERTEX_POINT ( 'NONE', #3439 ) ;
#6753 = DIRECTION ( 'NONE',  ( 0.0000000000000000000, 0.0000000000000000000, 1.000000000000000000 ) ) ;
#6754 = CARTESIAN_POINT ( 'NONE',  ( -40.82734843295796168, -14.55371549771724382, 1.155471809595395971 ) ) ;
#6755 =( GEOMETRIC_REPRESENTATION_CONTEXT ( 3 ) GLOBAL_UNCERTAINTY_ASSIGNED_CONTEXT ( ( #969 ) ) GLOBAL_UNIT_ASSIGNED_CONTEXT ( ( #7772, #1250, #4144 ) ) REPRESENTATION_CONTEXT ( 'NONE', 'WORKASPACE' ) );
#6756 = LINE ( 'NONE', #3827, #1601 ) ;
#6757 = LINE ( 'NONE', #3785, #5098 ) ;
#6758 = DIRECTION ( 'NONE',  ( -1.000000000000000000, 0.0000000000000000000, 0.0000000000000000000 ) ) ;
#6759 = DIRECTION ( 'NONE',  ( 0.0000000000000000000, -1.047444401652940007E-14, 1.000000000000000000 ) ) ;
#6760 = ORIENTED_EDGE ( 'NONE', *, *, #5617, .T. ) ;
#6761 = EDGE_CURVE ( 'NONE', #742, #6414, #1041, .T. ) ;
#6762 = UNCERTAINTY_MEASURE_WITH_UNIT (LENGTH_MEASURE( 1.000000000000000082E-05 ), #5363, 'distance_accuracy_value', 'NONE');
#6763 = SURFACE_STYLE_USAGE ( .BOTH. , #4283 ) ;
#6764 = SURFACE_STYLE_FILL_AREA ( #4397 ) ;
#6765 = EDGE_CURVE ( 'NONE', #3947, #3111, #4602, .T. ) ;
#6766 = EDGE_CURVE ( 'NONE', #139, #295, #4050, .T. ) ;
#6767 = DIRECTION ( 'NONE',  ( -0.0000000000000000000, -0.0000000000000000000, -1.000000000000000000 ) ) ;
#6768 = CARTESIAN_POINT ( 'NONE',  ( -32.55731990792611441, 6.032913140623263892, -1.575199999999936429 ) ) ;
#6769 = ADVANCED_FACE ( 'NONE', ( #4713 ), #493, .F. ) ;
#6770 = EDGE_CURVE ( 'NONE', #381, #4089, #1592, .T. ) ;
#6771 = B_SPLINE_CURVE_WITH_KNOTS ( 'NONE', 3,
 ( #7394, #1413, #3749, #270, #3881, #2673, #3194, #3787, #156, #7314 ),
 .UNSPECIFIED., .F., .F.,
 ( 4, 2, 2, 2, 4 ),
 ( 0.0000000000000000000, 0.0003067810426444167004, 0.0006135620852888334009, 0.001227124170577666802, 0.002454250744826491984 ),
 .UNSPECIFIED. ) ;
#6772 = ORIENTED_EDGE ( 'NONE', *, *, #4021, .F. ) ;
#6773 = VECTOR ( 'NONE', #4904, 1000.000000000000000 ) ;
#6774 = EDGE_LOOP ( 'NONE', ( #1985, #3216, #4524, #849, #3371, #7417 ) ) ;
#6775 = EDGE_CURVE ( 'NONE', #2561, #3383, #6382, .T. ) ;
#6776 = EDGE_CURVE ( 'NONE', #1468, #7372, #1174, .T. ) ;
#6777 = CARTESIAN_POINT ( 'NONE',  ( -37.83411990792612301, 7.512513140623235053, 1.472800000000079601 ) ) ;
#6778 = LINE ( 'NONE', #1395, #1626 ) ;
#6779 = CIRCLE ( 'NONE', #6280, 0.5000000000000004441 ) ;
#6780 = VERTEX_POINT ( 'NONE', #3402 ) ;
#6781 = VERTEX_POINT ( 'NONE', #7052 ) ;
#6782 = ORIENTED_EDGE ( 'NONE', *, *, #25, .F. ) ;
#6783 = ORIENTED_EDGE ( 'NONE', *, *, #1974, .F. ) ;
#6784 = CARTESIAN_POINT ( 'NONE',  ( -35.39938015276889161, 7.407252895780580992, -9.372999999999919396 ) ) ;
#6785 = FACE_OUTER_BOUND ( 'NONE', #4638, .T. ) ;
#6786 = CARTESIAN_POINT ( 'NONE',  ( -44.88039062757600561, 7.056012965964359118, -0.2349999999999997369 ) ) ;
#6787 =( NAMED_UNIT ( * ) PLANE_ANGLE_UNIT ( ) SI_UNIT ( $, .RADIAN. ) );
#6788 = CARTESIAN_POINT ( 'NONE',  ( -39.21211990792613022, 7.201313140623236464, 1.472800000000076048 ) ) ;
#6789 = AXIS2_PLACEMENT_3D ( 'NONE', #5154, #6908, #6320 ) ;
#6790 = B_SPLINE_CURVE_WITH_KNOTS ( 'NONE', 3,
 ( #760, #52, #97, #6335 ),
 .UNSPECIFIED., .F., .F.,
 ( 4, 4 ),
 ( 0.0000000000000000000, 1.000000000000000000 ),
 .UNSPECIFIED. ) ;
#6791 = ORIENTED_EDGE ( 'NONE', *, *, #3001, .T. ) ;
#6792 = CARTESIAN_POINT ( 'NONE',  ( -28.82731649811005425, -14.00398703488017205, 1.184899676195318330 ) ) ;
#6793 = SURFACE_STYLE_USAGE ( .BOTH. , #4419 ) ;
#6794 = VECTOR ( 'NONE', #1963, 1000.000000000000000 ) ;
#6795 = DIRECTION ( 'NONE',  ( 0.0000000000000000000, 0.0000000000000000000, 1.000000000000000000 ) ) ;
#6796 = DIRECTION ( 'NONE',  ( -1.000000000000000000, 0.0000000000000000000, -0.0000000000000000000 ) ) ;
#6797 = DIRECTION ( 'NONE',  ( 0.0000000000000000000, -1.047444401652940007E-14, 1.000000000000000000 ) ) ;
#6798 = VERTEX_POINT ( 'NONE', #5794 ) ;
#6799 = PRESENTATION_LAYER_ASSIGNMENT (  '', '', ( #2410 ) ) ;
#6800 = LINE ( 'NONE', #2005, #4875 ) ;
#6801 = ORIENTED_EDGE ( 'NONE', *, *, #5752, .T. ) ;
#6802 = CARTESIAN_POINT ( 'NONE',  ( -40.82731649811006491, -18.25679195885846795, -0.4738175444318649121 ) ) ;
#6803 = CARTESIAN_POINT ( 'NONE',  ( -39.21211990792613022, 7.144163140623349229, -9.372999999999922949 ) ) ;
#6804 = PRESENTATION_LAYER_ASSIGNMENT (  '', '', ( #3943 ) ) ;
#6805 = VERTEX_POINT ( 'NONE', #2896 ) ;
#6806 = COLOUR_RGB ( '',0.6470588235294117974, 0.6196078431372549211, 0.5882352941176470784 ) ;
#6807 = CARTESIAN_POINT ( 'NONE',  ( -40.82731649811005781, -16.56462454409308549, -1.259197900737540454 ) ) ;
#6808 = CARTESIAN_POINT ( 'NONE',  ( -28.82731649811005781, -16.92798137956646443, 0.8003829443833530011 ) ) ;
#6809 = EDGE_CURVE ( 'NONE', #7290, #7531, #5295, .T. ) ;
#6810 = DIRECTION ( 'NONE',  ( 1.000000000000000000, 0.0000000000000000000, 0.0000000000000000000 ) ) ;
#6811 = CARTESIAN_POINT ( 'NONE',  ( -39.21211990792613022, 8.369713140623288083, -3.530999999999912209 ) ) ;
#6812 = MECHANICAL_DESIGN_GEOMETRIC_PRESENTATION_REPRESENTATION (  '', ( #2292 ), #27 ) ;
#6813 =( GEOMETRIC_REPRESENTATION_CONTEXT ( 3 ) GLOBAL_UNCERTAINTY_ASSIGNED_CONTEXT ( ( #3638 ) ) GLOBAL_UNIT_ASSIGNED_CONTEXT ( ( #7022, #3375, #337 ) ) REPRESENTATION_CONTEXT ( 'NONE', 'WORKASPACE' ) );
#6814 = SURFACE_STYLE_FILL_AREA ( #3898 ) ;
#6815 = ORIENTED_EDGE ( 'NONE', *, *, #1429, .T. ) ;
#6816 = ADVANCED_FACE ( 'NONE', ( #5876 ), #3482, .F. ) ;
#6817 = ORIENTED_EDGE ( 'NONE', *, *, #2681, .T. ) ;
#6818 = EDGE_CURVE ( 'NONE', #4298, #6685, #3129, .T. ) ;
#6819 = ORIENTED_EDGE ( 'NONE', *, *, #2356, .F. ) ;
#6820 = ORIENTED_EDGE ( 'NONE', *, *, #6971, .F. ) ;
#6821 = VECTOR ( 'NONE', #7006, 1000.000000000000000 ) ;
#6822 = CARTESIAN_POINT ( 'NONE',  ( -30.83646990792612286, 6.890163140623317695, -9.118999999999928718 ) ) ;
#6823 = CARTESIAN_POINT ( 'NONE',  ( -32.75411990792613182, 6.890113140623237875, 1.218800000000072270 ) ) ;
#6824 = PRESENTATION_LAYER_ASSIGNMENT (  '', '', ( #5206 ) ) ;
#6825 = DIRECTION ( 'NONE',  ( 0.0000000000000000000, 0.0000000000000000000, 1.000000000000000000 ) ) ;
#6826 = DIRECTION ( 'NONE',  ( -1.000000000000000000, -1.801374326040298222E-16, 0.0000000000000000000 ) ) ;
#6827 = EDGE_LOOP ( 'NONE', ( #759, #4628, #450, #7297 ) ) ;
#6828 = AXIS2_PLACEMENT_3D ( 'NONE', #1182, #1654, #7643 ) ;
#6829 = VERTEX_POINT ( 'NONE', #1898 ) ;
#6830 = PRESENTATION_STYLE_ASSIGNMENT (( #2596 ) ) ;
#6831 = SURFACE_STYLE_FILL_AREA ( #4499 ) ;
#6832 = AXIS2_PLACEMENT_3D ( 'NONE', #6488, #3536, #1116 ) ;
#6833 = LINE ( 'NONE', #3911, #1853 ) ;
#6834 = CARTESIAN_POINT ( 'NONE',  ( -45.11039062757600249, 3.166012965964347003, 1.265000000000000124 ) ) ;
#6835 = CIRCLE ( 'NONE', #2856, 1.799999999999999600 ) ;
#6836 = DIRECTION ( 'NONE',  ( -4.535567304416186281E-15, -2.618611004132350805E-15, 1.000000000000000000 ) ) ;
#6837 = CARTESIAN_POINT ( 'NONE',  ( -47.08039062757600846, 4.756012965964352190, 1.255000000000000115 ) ) ;
#6838 = ORIENTED_EDGE ( 'NONE', *, *, #6345, .T. ) ;
#6839 = VECTOR ( 'NONE', #4334, 1000.000000000000000 ) ;
#6840 = EDGE_LOOP ( 'NONE', ( #5266, #7336, #5740, #6497 ) ) ;
#6841 = UNCERTAINTY_MEASURE_WITH_UNIT (LENGTH_MEASURE( 1.000000000000000082E-05 ), #3066, 'distance_accuracy_value', 'NONE');
#6842 = DIRECTION ( 'NONE',  ( 6.226573854905984859E-17, -1.000000000000000000, -0.0000000000000000000 ) ) ;
#6843 = CARTESIAN_POINT ( 'NONE',  ( -39.82267328534919670, -18.30398703403564653, -0.2450000000000049916 ) ) ;
#6844 = DIRECTION ( 'NONE',  ( 1.000000000000000000, 0.0000000000000000000, 0.0000000000000000000 ) ) ;
#6845 = SURFACE_STYLE_FILL_AREA ( #2679 ) ;
#6846 = DIRECTION ( 'NONE',  ( 1.000000000000000000, 0.0000000000000000000, 0.0000000000000000000 ) ) ;
#6847 = DIRECTION ( 'NONE',  ( 0.0000000000000000000, -1.047444401652940007E-14, 1.000000000000000000 ) ) ;
#6848 = ORIENTED_EDGE ( 'NONE', *, *, #476, .F. ) ;
#6849 = ORIENTED_EDGE ( 'NONE', *, *, #7148, .F. ) ;
#6850 = FACE_BOUND ( 'NONE', #7095, .T. ) ;
#6851 = VECTOR ( 'NONE', #4169, 1000.000000000000000 ) ;
#6852 = PLANE ( 'NONE',  #5709 ) ;
#6853 = AXIS2_PLACEMENT_3D ( 'NONE', #1958, #6747, #6666 ) ;
#6854 = DIRECTION ( 'NONE',  ( -0.0000000000000000000, 1.047444401652940007E-14, -1.000000000000000000 ) ) ;
#6855 = LINE ( 'NONE', #1593, #4168 ) ;
#6856 = PRESENTATION_LAYER_ASSIGNMENT (  '', '', ( #1717 ) ) ;
#6857 = ORIENTED_EDGE ( 'NONE', *, *, #142, .T. ) ;
#6858 = COLOUR_RGB ( '',0.0000000000000000000, 0.0000000000000000000, 0.0000000000000000000 ) ;
#6859 = ORIENTED_EDGE ( 'NONE', *, *, #4587, .F. ) ;
#6860 = PRODUCT_DEFINITION ( 'UNKNOWN', '', #1634, #2037 ) ;
#6861 = EDGE_CURVE ( 'NONE', #5061, #7388, #6212, .T. ) ;
#6862 = VERTEX_POINT ( 'NONE', #4364 ) ;
#6863 =( NAMED_UNIT ( * ) SI_UNIT ( $, .STERADIAN. ) SOLID_ANGLE_UNIT ( ) );
#6864 = EDGE_CURVE ( 'NONE', #4152, #5879, #6692, .T. ) ;
#6865 = CARTESIAN_POINT ( 'NONE',  ( -20.98039062757600703, -18.30398703403564298, -1.245000000000000107 ) ) ;
#6866 = B_SPLINE_CURVE_WITH_KNOTS ( 'NONE', 3,
 ( #1775, #407, #2213, #4162 ),
 .UNSPECIFIED., .F., .F.,
 ( 4, 4 ),
 ( 0.0000000000000000000, 1.000000000000000000 ),
 .UNSPECIFIED. ) ;
#6867 =( BOUNDED_CURVE ( )  B_SPLINE_CURVE ( 3, ( #1194, #5517, #6056, #3598 ),
 .UNSPECIFIED., .F., .F. ) 
 B_SPLINE_CURVE_WITH_KNOTS ( ( 4, 4 ),
 ( 1.570796326794896780, 3.141592653589792672 ),
 .UNSPECIFIED. ) 
 CURVE ( )  GEOMETRIC_REPRESENTATION_ITEM ( )  RATIONAL_B_SPLINE_CURVE ( ( 1.000000000000000000, 0.8047378541243652705, 0.8047378541243652705, 1.000000000000000000 ) ) 
 REPRESENTATION_ITEM ( '' )  );
#6868 = EDGE_CURVE ( 'NONE', #5829, #4944, #4214, .T. ) ;
#6869 = CARTESIAN_POINT ( 'NONE',  ( 0.0000000000000000000, 0.0000000000000000000, 0.0000000000000000000 ) ) ;
#6870 = DIRECTION ( 'NONE',  ( 0.0000000000000000000, -1.000000000000000000, -1.047444401652940007E-14 ) ) ;
#6871 = CARTESIAN_POINT ( 'NONE',  ( -40.82731649811006491, -16.30398703403564653, -1.245094783620809942 ) ) ;
#6872 = EDGE_LOOP ( 'NONE', ( #4172, #3165, #383, #3176 ) ) ;
#6873 =( NAMED_UNIT ( * ) PLANE_ANGLE_UNIT ( ) SI_UNIT ( $, .RADIAN. ) );
#6874 = ORIENTED_EDGE ( 'NONE', *, *, #6971, .T. ) ;
#6875 = EDGE_CURVE ( 'NONE', #5326, #4298, #7160, .T. ) ;
#6876 = MECHANICAL_DESIGN_GEOMETRIC_PRESENTATION_REPRESENTATION (  '', ( #5254 ), #6118 ) ;
#6877 = EDGE_CURVE ( 'NONE', #3670, #5879, #2979, .T. ) ;
#6878 = SURFACE_STYLE_USAGE ( .BOTH. , #3824 ) ;
#6879 = DIRECTION ( 'NONE',  ( 0.0000000000000000000, 0.0000000000000000000, 1.000000000000000000 ) ) ;
#6880 = LINE ( 'NONE', #3303, #5506 ) ;
#6881 = EDGE_CURVE ( 'NONE', #5255, #1630, #4286, .T. ) ;
#6882 = CIRCLE ( 'NONE', #4646, 1.800000000000002931 ) ;
#6883 = LINE ( 'NONE', #198, #5832 ) ;
#6884 = CARTESIAN_POINT ( 'NONE',  ( -33.00816990792611705, 7.144163140623349229, -9.372999999999921172 ) ) ;
#6885 = LINE ( 'NONE', #954, #4071 ) ;
#6886 = VERTEX_POINT ( 'NONE', #3631 ) ;
#6887 = CARTESIAN_POINT ( 'NONE',  ( -33.37651990792611656, 6.890113140623235211, -1.575199999999927325 ) ) ;
#6888 = ORIENTED_EDGE ( 'NONE', *, *, #7266, .T. ) ;
#6889 = DIRECTION ( 'NONE',  ( 1.000000000000000000, -0.0000000000000000000, 0.0000000000000000000 ) ) ;
#6890 = CARTESIAN_POINT ( 'NONE',  ( -32.75416990792612637, 6.890163140623351445, -9.118999999999921613 ) ) ;
#6891 = CARTESIAN_POINT ( 'NONE',  ( -37.83416990792612467, 7.512463140623347080, -9.118999999999918060 ) ) ;
#6892 = CYLINDRICAL_SURFACE ( 'NONE', #1968, 0.2539999999999972835 ) ;
#6893 = SURFACE_STYLE_USAGE ( .BOTH. , #2126 ) ;
#6894 = SURFACE_STYLE_USAGE ( .BOTH. , #324 ) ;
#6895 = ORIENTED_EDGE ( 'NONE', *, *, #1774, .F. ) ;
#6896 = EDGE_LOOP ( 'NONE', ( #1688, #1405, #6874, #7292 ) ) ;
#6897 = CARTESIAN_POINT ( 'NONE',  ( -33.00811990792611539, 7.144113140623235658, 1.472800000000074494 ) ) ;
#6898 =( LENGTH_UNIT ( ) NAMED_UNIT ( * ) SI_UNIT ( .MILLI., .METRE. ) );
#6899 = SURFACE_STYLE_USAGE ( .BOTH. , #4440 ) ;
#6900 = DIRECTION ( 'NONE',  ( -0.5000000000000003331, -0.8660254037844383745, 0.0000000000000000000 ) ) ;
#6901 = VERTEX_POINT ( 'NONE', #720 ) ;
#6902 = ORIENTED_EDGE ( 'NONE', *, *, #5114, .F. ) ;
#6903 = CARTESIAN_POINT ( 'NONE',  ( -45.88039062757600561, -16.50398703403563871, -0.2349999999999997369 ) ) ;
#6904 = VERTEX_POINT ( 'NONE', #4203 ) ;
#6905 = SURFACE_STYLE_USAGE ( .BOTH. , #2100 ) ;
#6906 = CARTESIAN_POINT ( 'NONE',  ( -34.33039062757600846, -3.003987034035643600, -1.245000000000000107 ) ) ;
#6907 = CARTESIAN_POINT ( 'NONE',  ( -29.45851990792611730, 6.032913140623286985, -3.530999999999936634 ) ) ;
#6908 = DIRECTION ( 'NONE',  ( -1.000000000000000000, 0.0000000000000000000, 0.0000000000000000000 ) ) ;
#6909 = EDGE_CURVE ( 'NONE', #4101, #3800, #6562, .T. ) ;
#6910 = DIRECTION ( 'NONE',  ( -1.000000000000000000, 0.0000000000000000000, 0.0000000000000000000 ) ) ;
#6911 = ORIENTED_EDGE ( 'NONE', *, *, #289, .F. ) ;
#6912 = CARTESIAN_POINT ( 'NONE',  ( -29.82736094035740138, -18.30398703403564653, -0.2450000000000046585 ) ) ;
#6913 = EDGE_CURVE ( 'NONE', #6025, #7002, #2411, .T. ) ;
#6914 = LINE ( 'NONE', #1375, #3122 ) ;
#6915 = PLANE ( 'NONE',  #5950 ) ;
#6916 = ADVANCED_FACE ( 'NONE', ( #5448 ), #1191, .T. ) ;
#6917 = PLANE ( 'NONE',  #7269 ) ;
#6918 = CARTESIAN_POINT ( 'NONE',  ( -30.21416990792612367, 7.512463140623347968, -9.267789755157153309 ) ) ;
#6919 = ORIENTED_EDGE ( 'NONE', *, *, #1528, .F. ) ;
#6920 = EDGE_CURVE ( 'NONE', #7551, #1412, #1820, .T. ) ;
#6921 = ORIENTED_EDGE ( 'NONE', *, *, #7682, .T. ) ;
#6922 = ADVANCED_FACE ( 'NONE', ( #1234 ), #6017, .F. ) ;
#6923 = AXIS2_PLACEMENT_3D ( 'NONE', #3490, #2268, #420 ) ;
#6924 = DIRECTION ( 'NONE',  ( -0.5000000000000113243, -0.8660254037844321573, -8.871936606718172356E-15 ) ) ;
#6925 = CARTESIAN_POINT ( 'NONE',  ( -38.45646990792611319, 6.890163140623287497, -9.372999999999919396 ) ) ;
#6926 = DIRECTION ( 'NONE',  ( 1.000000000000000000, 0.0000000000000000000, 0.0000000000000000000 ) ) ;
#6927 = MANIFOLD_SOLID_BREP ( '128x64I2COLEDDisplay-1-solid2', #4827 ) ;
#6928 = FACE_OUTER_BOUND ( 'NONE', #5635, .T. ) ;
#6929 = FACE_OUTER_BOUND ( 'NONE', #2499, .T. ) ;
#6930 =( NAMED_UNIT ( * ) PLANE_ANGLE_UNIT ( ) SI_UNIT ( $, .RADIAN. ) );
#6931 = STYLED_ITEM ( 'NONE', ( #1791 ), #3039 ) ;
#6932 = ORIENTED_EDGE ( 'NONE', *, *, #4484, .T. ) ;
#6933 = ORIENTED_EDGE ( 'NONE', *, *, #5700, .T. ) ;
#6934 = UNCERTAINTY_MEASURE_WITH_UNIT (LENGTH_MEASURE( 1.000000000000000082E-05 ), #4473, 'distance_accuracy_value', 'NONE');
#6935 = SURFACE_STYLE_FILL_AREA ( #1426 ) ;
#6936 = FACE_OUTER_BOUND ( 'NONE', #1304, .T. ) ;
#6937 = CARTESIAN_POINT ( 'NONE',  ( -24.58039062757600846, -16.50398703403563871, -1.264999999999999902 ) ) ;
#6938 = CARTESIAN_POINT ( 'NONE',  ( -47.68039062757600988, -18.30398703403564653, -0.2449999999999997735 ) ) ;
#6939 = CYLINDRICAL_SURFACE ( 'NONE', #2009, 0.2539999999999972835 ) ;
#6940 =( NAMED_UNIT ( * ) SI_UNIT ( $, .STERADIAN. ) SOLID_ANGLE_UNIT ( ) );
#6941 = STYLED_ITEM ( 'NONE', ( #2965 ), #3415 ) ;
#6942 = ORIENTED_EDGE ( 'NONE', *, *, #612, .F. ) ;
#6943 = ORIENTED_EDGE ( 'NONE', *, *, #4775, .F. ) ;
#6944 = PLANE ( 'NONE',  #2556 ) ;
#6945 = ORIENTED_EDGE ( 'NONE', *, *, #3047, .T. ) ;
#6946 = VECTOR ( 'NONE', #5014, 1000.000000000000000 ) ;
#6947 = AXIS2_PLACEMENT_3D ( 'NONE', #566, #4829, #4091 ) ;
#6948 = CARTESIAN_POINT ( 'NONE',  ( -28.82731649811005781, -16.30398703403564653, -1.245000000000000107 ) ) ;
#6949 = DIRECTION ( 'NONE',  ( 0.0000000000000000000, 1.000000000000000000, 1.047444401652940007E-14 ) ) ;
#6950 = ORIENTED_EDGE ( 'NONE', *, *, #228, .T. ) ;
#6951 =( NAMED_UNIT ( * ) PLANE_ANGLE_UNIT ( ) SI_UNIT ( $, .RADIAN. ) );
#6952 = VERTEX_POINT ( 'NONE', #6258 ) ;
#6953 = VECTOR ( 'NONE', #6453, 1000.000000000000000 ) ;
#6954 = PRESENTATION_STYLE_ASSIGNMENT (( #5845 ) ) ;
#6955 = SURFACE_SIDE_STYLE ('',( #4571 ) ) ;
#6956 = PRESENTATION_LAYER_ASSIGNMENT (  '', '', ( #7707 ) ) ;
#6957 = CARTESIAN_POINT ( 'NONE',  ( -30.83646990792612286, 6.890163140623317695, -9.118999999999928718 ) ) ;
#6958 = CIRCLE ( 'NONE', #1162, 1.000000000000000888 ) ;
#6959 = CARTESIAN_POINT ( 'NONE',  ( -34.65401384467418922, 6.032913140623278103, -1.244999999999936158 ) ) ;
#6960 = ORIENTED_EDGE ( 'NONE', *, *, #2637, .T. ) ;
#6961 = PLANE ( 'NONE',  #5088 ) ;
#6962 = ORIENTED_EDGE ( 'NONE', *, *, #4587, .T. ) ;
#6963 =( NAMED_UNIT ( * ) PLANE_ANGLE_UNIT ( ) SI_UNIT ( $, .RADIAN. ) );
#6964 = AXIS2_PLACEMENT_3D ( 'NONE', #6834, #4460, #5737 ) ;
#6965 = EDGE_CURVE ( 'NONE', #2398, #5988, #4431, .T. ) ;
#6966 = VECTOR ( 'NONE', #1967, 1000.000000000000000 ) ;
#6967 = DIRECTION ( 'NONE',  ( 1.000000000000000000, 0.0000000000000000000, 0.0000000000000000000 ) ) ;
#6968 = SURFACE_STYLE_USAGE ( .BOTH. , #2049 ) ;
#6969 = DIRECTION ( 'NONE',  ( 0.0000000000000000000, 0.0000000000000000000, 1.000000000000000000 ) ) ;
#6970 = EDGE_CURVE ( 'NONE', #150, #831, #1610, .T. ) ;
#6971 = EDGE_CURVE ( 'NONE', #4945, #834, #1980, .T. ) ;
#6972 = VECTOR ( 'NONE', #977, 1000.000000000000000 ) ;
#6973 = AXIS2_PLACEMENT_3D ( 'NONE', #898, #1917, #5504 ) ;
#6974 = STYLED_ITEM ( 'NONE', ( #6264 ), #4818 ) ;
#6975 = LINE ( 'NONE', #4003, #4992 ) ;
#6976 = ORIENTED_EDGE ( 'NONE', *, *, #2251, .F. ) ;
#6977 = ORIENTED_EDGE ( 'NONE', *, *, #6098, .F. ) ;
#6978 = DIRECTION ( 'NONE',  ( 0.0000000000000000000, 0.0000000000000000000, -1.000000000000000000 ) ) ;
#6979 = VECTOR ( 'NONE', #7041, 1000.000000000000000 ) ;
#6980 = AXIS2_PLACEMENT_3D ( 'NONE', #5445, #6014, #90 ) ;
#6981 = FACE_OUTER_BOUND ( 'NONE', #3250, .T. ) ;
#6982 = DIRECTION ( 'NONE',  ( 0.0000000000000000000, 0.0000000000000000000, 1.000000000000000000 ) ) ;
#6983 = CARTESIAN_POINT ( 'NONE',  ( -23.82731649811006136, -9.423987034035643973, -1.254999999999999893 ) ) ;
#6984 = ORIENTED_EDGE ( 'NONE', *, *, #1920, .T. ) ;
#6985 = VERTEX_POINT ( 'NONE', #3279 ) ;
#6986 = AXIS2_PLACEMENT_3D ( 'NONE', #5622, #239, #2639 ) ;
#6987 = SURFACE_SIDE_STYLE ('',( #414 ) ) ;
#6988 = VERTEX_POINT ( 'NONE', #7401 ) ;
#6989 = DIRECTION ( 'NONE',  ( -1.000000000000000000, 0.0000000000000000000, -0.0000000000000000000 ) ) ;
#6990 =( BOUNDED_CURVE ( )  B_SPLINE_CURVE ( 3, ( #6265, #3286, #328, #5068 ),
 .UNSPECIFIED., .F., .T. ) 
 B_SPLINE_CURVE_WITH_KNOTS ( ( 4, 4 ),
 ( 1.570796326794896780, 3.141592653589790007 ),
 .UNSPECIFIED. ) 
 CURVE ( )  GEOMETRIC_REPRESENTATION_ITEM ( )  RATIONAL_B_SPLINE_CURVE ( ( 1.000000000000000000, 0.8047378541243658256, 0.8047378541243658256, 1.000000000000000000 ) ) 
 REPRESENTATION_ITEM ( '' )  );
#6991 = AXIS2_PLACEMENT_3D ( 'NONE', #7557, #2767, #2210 ) ;
#6992 = CARTESIAN_POINT ( 'NONE',  ( -47.08039062757600846, -9.643987034035646388, 1.255000000000000115 ) ) ;
#6993 = PRESENTATION_LAYER_ASSIGNMENT (  '', '', ( #6102 ) ) ;
#6994 = ORIENTED_EDGE ( 'NONE', *, *, #1535, .F. ) ;
#6995 = ORIENTED_EDGE ( 'NONE', *, *, #4346, .T. ) ;
#6996 = MANIFOLD_SOLID_BREP ( '128x64I2COLEDDisplay-1-solid3', #3554 ) ;
#6997 = STYLED_ITEM ( 'NONE', ( #472 ), #1927 ) ;
#6998 = CARTESIAN_POINT ( 'NONE',  ( -33.00816990792611705, 7.201313140623350151, -9.372999999999919396 ) ) ;
#6999 = DIRECTION ( 'NONE',  ( 1.000000000000000000, 0.0000000000000000000, 0.0000000000000000000 ) ) ;
#7000 = DIRECTION ( 'NONE',  ( 1.000000000000000000, 0.0000000000000000000, 0.0000000000000000000 ) ) ;
#7001 = SURFACE_STYLE_USAGE ( .BOTH. , #4659 ) ;
#7002 = VERTEX_POINT ( 'NONE', #4109 ) ;
#7003 = LINE ( 'NONE', #4115, #7327 ) ;
#7004 = ORIENTED_EDGE ( 'NONE', *, *, #3097, .T. ) ;
#7005 = CARTESIAN_POINT ( 'NONE',  ( -38.20251990792611707, 7.201313140623239129, 1.218800000000076267 ) ) ;
#7006 = DIRECTION ( 'NONE',  ( -1.000000000000000000, -0.0000000000000000000, -0.0000000000000000000 ) ) ;
#7007 = VECTOR ( 'NONE', #2463, 1000.000000000000000 ) ;
#7008 = CARTESIAN_POINT ( 'NONE',  ( -39.21211990792613022, 7.144163140623346564, -9.118999999999921613 ) ) ;
#7009 = LINE ( 'NONE', #1618, #7214 ) ;
#7010 = EDGE_CURVE ( 'NONE', #5049, #1159, #4980, .T. ) ;
#7011 = ORIENTED_EDGE ( 'NONE', *, *, #2110, .F. ) ;
#7012 = ORIENTED_EDGE ( 'NONE', *, *, #2264, .F. ) ;
#7013 = DIRECTION ( 'NONE',  ( 1.000000000000000000, 0.0000000000000000000, 0.0000000000000000000 ) ) ;
#7014 = EDGE_CURVE ( 'NONE', #4739, #1782, #5389, .T. ) ;
#7015 = CARTESIAN_POINT ( 'NONE',  ( -33.37651990792611656, 7.512513140623268804, 1.472800000000072718 ) ) ;
#7016 = CARTESIAN_POINT ( 'NONE',  ( -33.37651990792611656, 7.512513140623234165, 1.367589755157312625 ) ) ;
#7017 =( LENGTH_UNIT ( ) NAMED_UNIT ( * ) SI_UNIT ( .MILLI., .METRE. ) );
#7018 = EDGE_CURVE ( 'NONE', #4082, #3177, #3617, .T. ) ;
#7019 = CARTESIAN_POINT ( 'NONE',  ( -29.82734586157200241, -14.00398703403564049, 1.209999965707260872 ) ) ;
#7020 = EDGE_LOOP ( 'NONE', ( #1656, #2372, #1364, #4568, #7762 ) ) ;
#7021 = EDGE_LOOP ( 'NONE', ( #3810, #995, #1983, #108 ) ) ;
#7022 =( LENGTH_UNIT ( ) NAMED_UNIT ( * ) SI_UNIT ( .MILLI., .METRE. ) );
#7023 = EDGE_LOOP ( 'NONE', ( #2927, #5394, #7726, #6348 ) ) ;
#7024 = ADVANCED_FACE ( 'NONE', ( #6343, #1139 ), #3035, .F. ) ;
#7025 = LINE ( 'NONE', #1631, #1692 ) ;
#7026 =( NAMED_UNIT ( * ) SI_UNIT ( $, .STERADIAN. ) SOLID_ANGLE_UNIT ( ) );
#7027 = FACE_OUTER_BOUND ( 'NONE', #4726, .T. ) ;
#7028 = LINE ( 'NONE', #5380, #5058 ) ;
#7029 = EDGE_LOOP ( 'NONE', ( #5078, #5252, #7558, #7657 ) ) ;
#7030 = B_SPLINE_SURFACE_WITH_KNOTS ( 'NONE', 1, 3, ( 
 ( #4768, #3032, #5385, #4732 ),
 ( #1214, #6030, #1759, #3573 ) ),
 .UNSPECIFIED., .F., .F., .F.,
 ( 2, 2 ),
 ( 4, 4 ),
 ( 0.0000000000000000000, 1.000000000000000000 ),
 ( 0.0000000000000000000, 1.000000000000000000 ),
 .UNSPECIFIED. ) ;
#7031 = VERTEX_POINT ( 'NONE', #7179 ) ;
#7032 = FILL_AREA_STYLE ('',( #2147 ) ) ;
#7033 = CARTESIAN_POINT ( 'NONE',  ( -40.82731649811006491, -16.30398703403564653, -1.254999999999999893 ) ) ;
#7034 =( GEOMETRIC_REPRESENTATION_CONTEXT ( 3 ) GLOBAL_UNCERTAINTY_ASSIGNED_CONTEXT ( ( #2122 ) ) GLOBAL_UNIT_ASSIGNED_CONTEXT ( ( #4406, #4327, #3769 ) ) REPRESENTATION_CONTEXT ( 'NONE', 'WORKASPACE' ) );
#7035 = SURFACE_STYLE_FILL_AREA ( #2835 ) ;
#7036 = SURFACE_SIDE_STYLE ('',( #4658 ) ) ;
#7037 = DIRECTION ( 'NONE',  ( 1.000000000000000000, 0.0000000000000000000, 0.0000000000000000000 ) ) ;
#7038 = ORIENTED_EDGE ( 'NONE', *, *, #4494, .T. ) ;
#7039 = DIRECTION ( 'NONE',  ( 0.0000000000000000000, -1.000000000000000000, -0.0000000000000000000 ) ) ;
#7040 =( LENGTH_UNIT ( ) NAMED_UNIT ( * ) SI_UNIT ( .MILLI., .METRE. ) );
#7041 = DIRECTION ( 'NONE',  ( 0.0000000000000000000, -1.000000000000000000, -0.0000000000000000000 ) ) ;
#7042 = CARTESIAN_POINT ( 'NONE',  ( -31.52742597117762102, 8.369713140623263214, -1.244999999999911955 ) ) ;
#7043 = FACE_OUTER_BOUND ( 'NONE', #1043, .T. ) ;
#7044 = CARTESIAN_POINT ( 'NONE',  ( -28.82731649811005781, -18.27155679741174765, -0.3655902959306274735 ) ) ;
#7045 = PRESENTATION_LAYER_ASSIGNMENT (  '', '', ( #6027 ) ) ;
#7046 = LINE ( 'NONE', #3966, #4498 ) ;
#7047 = ORIENTED_EDGE ( 'NONE', *, *, #2257, .T. ) ;
#7048 = ORIENTED_EDGE ( 'NONE', *, *, #4304, .F. ) ;
#7049 = CARTESIAN_POINT ( 'NONE',  ( -30.21416990792612367, 6.890163140623349669, -9.118999999999921613 ) ) ;
#7050 = CARTESIAN_POINT ( 'NONE',  ( -40.82733778800866986, -15.57419855633425421, 1.094963012941896574 ) ) ;
#7051 = FACE_BOUND ( 'NONE', #5691, .T. ) ;
#7052 = CARTESIAN_POINT ( 'NONE',  ( -44.08039062757600135, -16.50398703403563871, -0.2449999999999997735 ) ) ;
#7053 = CARTESIAN_POINT ( 'NONE',  ( -37.83416990792611756, 6.890163140623350557, -3.530999999999928196 ) ) ;
#7054 = VERTEX_POINT ( 'NONE', #5921 ) ;
#7055 = ORIENTED_EDGE ( 'NONE', *, *, #1290, .T. ) ;
#7056 = COLOUR_RGB ( '',0.6470588235294117974, 0.6196078431372549211, 0.5882352941176470784 ) ;
#7057 = CARTESIAN_POINT ( 'NONE',  ( -30.21416990792612722, 7.512463140623350633, -9.372999999999919396 ) ) ;
#7058 = ORIENTED_EDGE ( 'NONE', *, *, #3419, .T. ) ;
#7059 = DIRECTION ( 'NONE',  ( 0.0000000000000000000, 0.0000000000000000000, -1.000000000000000000 ) ) ;
#7060 = EDGE_CURVE ( 'NONE', #3142, #107, #2315, .T. ) ;
#7061 = DIRECTION ( 'NONE',  ( -0.0000000000000000000, 1.000000000000000000, 1.047444401652940007E-14 ) ) ;
#7062 = CARTESIAN_POINT ( 'NONE',  ( -47.58039062757602267, -14.00398703403564049, 0.7150000000000003020 ) ) ;
#7063 = EDGE_CURVE ( 'NONE', #413, #3337, #361, .T. ) ;
#7064 = CARTESIAN_POINT ( 'NONE',  ( -29.82731649811006491, -14.00398703403564049, 1.215000000000000080 ) ) ;
#7065 = ADVANCED_FACE ( 'NONE', ( #2766 ), #4147, .F. ) ;
#7066 = VERTEX_POINT ( 'NONE', #6116 ) ;
#7067 = FILL_AREA_STYLE ('',( #4569 ) ) ;
#7068 = CARTESIAN_POINT ( 'NONE',  ( -40.82734843295796168, -18.25548052603022953, -0.09568576697269767783 ) ) ;
#7069 = B_SPLINE_CURVE_WITH_KNOTS ( 'NONE', 3,
 ( #1787, #2945, #3022, #4873 ),
 .UNSPECIFIED., .F., .F.,
 ( 4, 4 ),
 ( 0.0000000000000000000, 1.000000000000000000 ),
 .UNSPECIFIED. ) ;
#7070 = VECTOR ( 'NONE', #4251, 1000.000000000000000 ) ;
#7071 = CARTESIAN_POINT ( 'NONE',  ( -34.33039062757600846, -3.003987034035643600, -0.2449999999999997735 ) ) ;
#7072 = FILL_AREA_STYLE ('',( #5162 ) ) ;
#7073 = VECTOR ( 'NONE', #2771, 1000.000000000000000 ) ;
#7074 = ORIENTED_EDGE ( 'NONE', *, *, #7645, .F. ) ;
#7075 = DIRECTION ( 'NONE',  ( 0.0000000000000000000, 0.0000000000000000000, 1.000000000000000000 ) ) ;
#7076 =( NAMED_UNIT ( * ) SI_UNIT ( $, .STERADIAN. ) SOLID_ANGLE_UNIT ( ) );
#7077 = VECTOR ( 'NONE', #6749, 1000.000000000000000 ) ;
#7078 = CARTESIAN_POINT ( 'NONE',  ( -45.11039062757600249, 3.166012965964347003, 1.265000000000000124 ) ) ;
#7079 = PRESENTATION_LAYER_ASSIGNMENT (  '', '', ( #430 ) ) ;
#7080 = VECTOR ( 'NONE', #77, 1000.000000000000000 ) ;
#7081 = DIRECTION ( 'NONE',  ( -0.0000000000000000000, -0.0000000000000000000, -1.000000000000000000 ) ) ;
#7082 = PRESENTATION_STYLE_ASSIGNMENT (( #2971 ) ) ;
#7083 = LINE ( 'NONE', #6489, #2725 ) ;
#7084 =( GEOMETRIC_REPRESENTATION_CONTEXT ( 3 ) GLOBAL_UNCERTAINTY_ASSIGNED_CONTEXT ( ( #5911 ) ) GLOBAL_UNIT_ASSIGNED_CONTEXT ( ( #468, #6366, #5811 ) ) REPRESENTATION_CONTEXT ( 'NONE', 'WORKASPACE' ) );
#7085 = VERTEX_POINT ( 'NONE', #6076 ) ;
#7086 = ORIENTED_EDGE ( 'NONE', *, *, #5862, .T. ) ;
#7087 = SURFACE_STYLE_USAGE ( .BOTH. , #6557 ) ;
#7088 = LINE ( 'NONE', #1703, #4855 ) ;
#7089 = VECTOR ( 'NONE', #2439, 1000.000000000000000 ) ;
#7090 = DIRECTION ( 'NONE',  ( 1.000000000000000000, 0.0000000000000000000, 0.0000000000000000000 ) ) ;
#7091 = LINE ( 'NONE', #7053, #4316 ) ;
#7092 = ORIENTED_EDGE ( 'NONE', *, *, #7732, .F. ) ;
#7093 = ORIENTED_EDGE ( 'NONE', *, *, #4201, .T. ) ;
#7094 = DIRECTION ( 'NONE',  ( 1.000000000000000000, 0.0000000000000000000, 0.0000000000000000000 ) ) ;
#7095 = EDGE_LOOP ( 'NONE', ( #6502, #6715 ) ) ;
#7096 = LINE ( 'NONE', #642, #3580 ) ;
#7097 = SURFACE_STYLE_FILL_AREA ( #4720 ) ;
#7098 = STYLED_ITEM ( 'NONE', ( #3054 ), #5016 ) ;
#7099 = VECTOR ( 'NONE', #2488, 1000.000000000000000 ) ;
#7100 = DIRECTION ( 'NONE',  ( 1.000000000000000000, 0.0000000000000000000, 0.0000000000000000000 ) ) ;
#7101 = PRESENTATION_LAYER_ASSIGNMENT (  '', '', ( #4122 ) ) ;
#7102 = ORIENTED_EDGE ( 'NONE', *, *, #811, .T. ) ;
#7103 = EDGE_LOOP ( 'NONE', ( #1135, #7270, #1477, #2859 ) ) ;
#7104 = FACE_OUTER_BOUND ( 'NONE', #2902, .T. ) ;
#7105 = SURFACE_STYLE_FILL_AREA ( #2998 ) ;
#7106 = DIRECTION ( 'NONE',  ( 1.000000000000000000, 0.0000000000000000000, 0.0000000000000000000 ) ) ;
#7107 = ADVANCED_FACE ( 'NONE', ( #6710 ), #3819, .T. ) ;
#7108 = EDGE_CURVE ( 'NONE', #1159, #2571, #4269, .T. ) ;
#7109 = EDGE_CURVE ( 'NONE', #3177, #4825, #4981, .T. ) ;
#7110 = ADVANCED_FACE ( 'NONE', ( #739 ), #6634, .T. ) ;
#7111 = LINE ( 'NONE', #6479, #5553 ) ;
#7112 = ORIENTED_EDGE ( 'NONE', *, *, #1973, .T. ) ;
#7113 = DIRECTION ( 'NONE',  ( -0.0000000000000000000, -0.0000000000000000000, -1.000000000000000000 ) ) ;
#7114 = EDGE_CURVE ( 'NONE', #4044, #3858, #7464, .T. ) ;
#7115 = SURFACE_STYLE_FILL_AREA ( #4743 ) ;
#7116 = STYLED_ITEM ( 'NONE', ( #3089 ), #1644 ) ;
#7117 = DIRECTION ( 'NONE',  ( 0.0000000000000000000, 0.0000000000000000000, 1.000000000000000000 ) ) ;
#7118 = FILL_AREA_STYLE_COLOUR ( '', #6328 ) ;
#7119 = CARTESIAN_POINT ( 'NONE',  ( -44.08039062757600135, -16.50398703403563871, -1.264999999999999902 ) ) ;
#7120 = CARTESIAN_POINT ( 'NONE',  ( -32.11401384467411901, 8.369713140623263214, -1.244999999999913287 ) ) ;
#7121 = ORIENTED_EDGE ( 'NONE', *, *, #1633, .F. ) ;
#7122 = LINE ( 'NONE', #88, #7099 ) ;
#7123 = PRESENTATION_STYLE_ASSIGNMENT (( #4085 ) ) ;
#7124 = CARTESIAN_POINT ( 'NONE',  ( -34.33039062757600846, -18.29409031937256103, -0.2464335406786998528 ) ) ;
#7125 = DIRECTION ( 'NONE',  ( 1.000000000000000000, -6.878506940217426576E-30, 6.566942292462172298E-16 ) ) ;
#7126 = AXIS2_PLACEMENT_3D ( 'NONE', #213, #803, #4941 ) ;
#7127 = CARTESIAN_POINT ( 'NONE',  ( -35.54811990792612164, 7.201313140623236464, 1.472800000000073606 ) ) ;
#7128 = EDGE_LOOP ( 'NONE', ( #1994, #2892, #210, #6068 ) ) ;
#7129 = CARTESIAN_POINT ( 'NONE',  ( -41.82731649811005781, -16.30398703403564653, -1.245000000000000107 ) ) ;
#7130 = ORIENTED_EDGE ( 'NONE', *, *, #7652, .T. ) ;
#7131 = FILL_AREA_STYLE ('',( #1828 ) ) ;
#7132 = CARTESIAN_POINT ( 'NONE',  ( -28.82731649811007202, -17.97723040388900628, 0.2768188384184762096 ) ) ;
#7133 = CARTESIAN_POINT ( 'NONE',  ( -38.45651990792611485, 7.512513140623237717, 1.218800000000079597 ) ) ;
#7134 = CARTESIAN_POINT ( 'NONE',  ( -27.82731649811005781, -16.30398703403564653, -1.266000000000000014 ) ) ;
#7135 = DIRECTION ( 'NONE',  ( 1.000000000000000000, 0.0000000000000000000, 0.0000000000000000000 ) ) ;
#7136 = ORIENTED_EDGE ( 'NONE', *, *, #3186, .T. ) ;
#7137 = ORIENTED_EDGE ( 'NONE', *, *, #3329, .F. ) ;
#7138 = SURFACE_SIDE_STYLE ('',( #7743 ) ) ;
#7139 = DIRECTION ( 'NONE',  ( 1.313388458492434460E-15, 0.0000000000000000000, 1.000000000000000000 ) ) ;
#7140 = ADVANCED_FACE ( 'NONE', ( #4881 ), #7343, .F. ) ;
#7141 = PRESENTATION_STYLE_ASSIGNMENT (( #5315 ) ) ;
#7142 = CARTESIAN_POINT ( 'NONE',  ( -35.29416990792612552, 6.890163140623350557, -3.530999999999928196 ) ) ;
#7143 = FILL_AREA_STYLE ('',( #2917 ) ) ;
#7144 = ADVANCED_FACE ( 'NONE', ( #6669 ), #6153, .T. ) ;
#7145 = ORIENTED_EDGE ( 'NONE', *, *, #3762, .F. ) ;
#7146 = PLANE ( 'NONE',  #7587 ) ;
#7147 = DIRECTION ( 'NONE',  ( 0.0000000000000000000, 0.0000000000000000000, 1.000000000000000000 ) ) ;
#7148 = EDGE_CURVE ( 'NONE', #725, #507, #2032, .T. ) ;
#7149 = CARTESIAN_POINT ( 'NONE',  ( -47.58039062757602267, -14.00398703403564049, 0.7150000000000003020 ) ) ;
#7150 = VECTOR ( 'NONE', #5498, 1000.000000000000000 ) ;
#7151 = DIRECTION ( 'NONE',  ( 1.000000000000000000, 0.0000000000000000000, 0.0000000000000000000 ) ) ;
#7152 = CARTESIAN_POINT ( 'NONE',  ( -40.82731649811006491, -16.29358145957188952, -1.245021702440555877 ) ) ;
#7153 = ADVANCED_FACE ( 'NONE', ( #4450 ), #5119, .F. ) ;
#7154 = EDGE_CURVE ( 'NONE', #3900, #3142, #5803, .T. ) ;
#7155 = ORIENTED_EDGE ( 'NONE', *, *, #6765, .T. ) ;
#7156 = LINE ( 'NONE', #4196, #3313 ) ;
#7157 = CARTESIAN_POINT ( 'NONE',  ( -45.88039062757600561, -16.50398703403563871, -1.264999999999999902 ) ) ;
#7158 = CARTESIAN_POINT ( 'NONE',  ( -35.66251990792611792, 7.144113140623235658, 1.472800000000075382 ) ) ;
#7159 = FACE_OUTER_BOUND ( 'NONE', #4209, .T. ) ;
#7160 = LINE ( 'NONE', #7793, #5581 ) ;
#7161 = DIRECTION ( 'NONE',  ( 0.0000000000000000000, 0.0000000000000000000, 1.000000000000000000 ) ) ;
#7162 = VERTEX_POINT ( 'NONE', #3255 ) ;
#7163 = DIRECTION ( 'NONE',  ( -0.5000000000000197620, 0.8660254037844272723, 0.0000000000000000000 ) ) ;
#7164 = EDGE_LOOP ( 'NONE', ( #4372, #3299, #4605, #5140 ) ) ;
#7165 = CYLINDRICAL_SURFACE ( 'NONE', #4703, 0.5000000000000004441 ) ;
#7166 = ORIENTED_EDGE ( 'NONE', *, *, #1113, .T. ) ;
#7167 = UNCERTAINTY_MEASURE_WITH_UNIT (LENGTH_MEASURE( 1.000000000000000082E-05 ), #2920, 'distance_accuracy_value', 'NONE');
#7168 = AXIS2_PLACEMENT_3D ( 'NONE', #6196, #3904, #6277 ) ;
#7169 = CARTESIAN_POINT ( 'NONE',  ( -28.82731649811007202, -16.92798137956646443, 0.8003829443833530011 ) ) ;
#7170 = LINE ( 'NONE', #1094, #2227 ) ;
#7171 = PLANE ( 'NONE',  #1013 ) ;
#7172 = SURFACE_STYLE_USAGE ( .BOTH. , #6624 ) ;
#7173 = PRESENTATION_LAYER_ASSIGNMENT (  '', '', ( #6299 ) ) ;
#7174 = EDGE_LOOP ( 'NONE', ( #6848, #4383, #1865, #2507 ) ) ;
#7175 = ORIENTED_EDGE ( 'NONE', *, *, #5523, .F. ) ;
#7176 = ORIENTED_EDGE ( 'NONE', *, *, #6419, .T. ) ;
#7177 = CARTESIAN_POINT ( 'NONE',  ( -36.11331990792611890, 6.032913140623267445, -1.575199999999936429 ) ) ;
#7178 = AXIS2_PLACEMENT_3D ( 'NONE', #7204, #1824, #3676 ) ;
#7179 = CARTESIAN_POINT ( 'NONE',  ( -37.83411990792612301, 6.890113140623267185, -1.575199999999923994 ) ) ;
#7180 = PLANE ( 'NONE',  #4250 ) ;
#7181 = CARTESIAN_POINT ( 'NONE',  ( -30.01731990792611526, 6.032913140623267445, -1.575199999999936429 ) ) ;
#7182 = CYLINDRICAL_SURFACE ( 'NONE', #7566, 1.799999999999999600 ) ;
#7183 = EDGE_LOOP ( 'NONE', ( #3901, #315, #3602, #6859 ) ) ;
#7184 = CARTESIAN_POINT ( 'NONE',  ( -44.08039062757600135, 7.056012965964359118, -1.264999999999999902 ) ) ;
#7185 = PRESENTATION_LAYER_ASSIGNMENT (  '', '', ( #6174 ) ) ;
#7186 = CARTESIAN_POINT ( 'NONE',  ( -38.65331990792612515, 6.032913140623267445, -1.575199999999936429 ) ) ;
#7187 = CARTESIAN_POINT ( 'NONE',  ( -32.55731990792611441, 6.032913140623263892, -1.244999999999936158 ) ) ;
#7188 = PRESENTATION_LAYER_ASSIGNMENT (  '', '', ( #5929 ) ) ;
#7189 = SURFACE_SIDE_STYLE ('',( #3624 ) ) ;
#7190 = CARTESIAN_POINT ( 'NONE',  ( -40.82731649811006491, -17.69395963581152031, -1.042749610596882981 ) ) ;
#7191 = EDGE_CURVE ( 'NONE', #6109, #6389, #7537, .T. ) ;
#7192 = ORIENTED_EDGE ( 'NONE', *, *, #1144, .T. ) ;
#7193 = STYLED_ITEM ( 'NONE', ( #3512 ), #3905 ) ;
#7194 =( GEOMETRIC_REPRESENTATION_CONTEXT ( 3 ) GLOBAL_UNCERTAINTY_ASSIGNED_CONTEXT ( ( #2445 ) ) GLOBAL_UNIT_ASSIGNED_CONTEXT ( ( #7017, #5220, #1662 ) ) REPRESENTATION_CONTEXT ( 'NONE', 'WORKASPACE' ) );
#7195 = EDGE_CURVE ( 'NONE', #770, #4092, #3295, .T. ) ;
#7196 = DIRECTION ( 'NONE',  ( 4.336808689942014285E-16, 1.000000000000000000, 0.0000000000000000000 ) ) ;
#7197 = AXIS2_PLACEMENT_3D ( 'NONE', #5891, #7592, #7518 ) ;
#7198 = CARTESIAN_POINT ( 'NONE',  ( -30.73130966308335132, 7.407302895780472518, 1.472800000000078713 ) ) ;
#7199 = EDGE_CURVE ( 'NONE', #4152, #5072, #1444, .T. ) ;
#7200 = EDGE_CURVE ( 'NONE', #2516, #3989, #3411, .T. ) ;
#7201 = DIRECTION ( 'NONE',  ( 0.0000000000000000000, 1.000000000000000000, -0.0000000000000000000 ) ) ;
#7202 = COLOUR_RGB ( '',0.08235294117647058709, 0.08235294117647058709, 0.08235294117647058709 ) ;
#7203 = MECHANICAL_DESIGN_GEOMETRIC_PRESENTATION_REPRESENTATION (  '', ( #172 ), #4837 ) ;
#7204 = CARTESIAN_POINT ( 'NONE',  ( -35.29416990792612552, 6.890163140623350557, -9.372999999999926501 ) ) ;
#7205 = AXIS2_PLACEMENT_3D ( 'NONE', #5081, #6244, #3188 ) ;
#7206 = ORIENTED_EDGE ( 'NONE', *, *, #3037, .F. ) ;
#7207 = ADVANCED_FACE ( 'NONE', ( #260 ), #3865, .T. ) ;
#7208 = DIRECTION ( 'NONE',  ( -0.5000000000000001110, 0.8660254037844385966, 0.0000000000000000000 ) ) ;
#7209 = ORIENTED_EDGE ( 'NONE', *, *, #3964, .F. ) ;
#7210 = CARTESIAN_POINT ( 'NONE',  ( -40.82733246553402040, -18.27407675507290463, -0.2449113037486425060 ) ) ;
#7211 = EDGE_LOOP ( 'NONE', ( #1355, #6911, #3485 ) ) ;
#7212 = FACE_OUTER_BOUND ( 'NONE', #2533, .T. ) ;
#7213 = CARTESIAN_POINT ( 'NONE',  ( -34.33039062757600846, 5.256012965964359296, -0.2449999999999997735 ) ) ;
#7214 = VECTOR ( 'NONE', #5824, 1000.000000000000000 ) ;
#7215 = VECTOR ( 'NONE', #5424, 1000.000000000000000 ) ;
#7216 = CARTESIAN_POINT ( 'NONE',  ( -30.21411990792612201, 6.890113140623239651, 1.218800000000072270 ) ) ;
#7217 = CARTESIAN_POINT ( 'NONE',  ( -27.82731649811005781, -12.62398703403564326, 1.205000000000000071 ) ) ;
#7218 = ORIENTED_EDGE ( 'NONE', *, *, #2151, .T. ) ;
#7219 = VECTOR ( 'NONE', #5178, 1000.000000000000000 ) ;
#7220 = PRESENTATION_LAYER_ASSIGNMENT (  '', '', ( #3096 ) ) ;
#7221 = ORIENTED_EDGE ( 'NONE', *, *, #5946, .F. ) ;
#7222 = COLOUR_RGB ( '',1.000000000000000000, 0.5019607843137254832, 0.0000000000000000000 ) ;
#7223 = DIRECTION ( 'NONE',  ( 1.000000000000000000, 0.0000000000000000000, 0.0000000000000000000 ) ) ;
#7224 = ORIENTED_EDGE ( 'NONE', *, *, #4099, .T. ) ;
#7225 = SURFACE_STYLE_USAGE ( .BOTH. , #7138 ) ;
#7226 = LINE ( 'NONE', #6475, #3211 ) ;
#7227 = VECTOR ( 'NONE', #7554, 1000.000000000000000 ) ;
#7228 = DIRECTION ( 'NONE',  ( 1.000000000000000000, 0.0000000000000000000, 0.0000000000000000000 ) ) ;
#7229 = DIRECTION ( 'NONE',  ( 0.0000000000000000000, 0.0000000000000000000, 1.000000000000000000 ) ) ;
#7230 = DIRECTION ( 'NONE',  ( -0.0000000000000000000, 1.000000000000000000, 1.047444401652940007E-14 ) ) ;
#7231 = ORIENTED_EDGE ( 'NONE', *, *, #5480, .T. ) ;
#7232 = CARTESIAN_POINT ( 'NONE',  ( -37.63731990792611981, 8.369713140623266767, -1.575199999999911782 ) ) ;
#7233 = CARTESIAN_POINT ( 'NONE',  ( -35.09731990792612066, 6.032913140623267445, -1.575199999999936429 ) ) ;
#7234 = VECTOR ( 'NONE', #6274, 1000.000000000000000 ) ;
#7235 = CARTESIAN_POINT ( 'NONE',  ( -39.21211990792613022, 7.201313140623263997, -1.244999999999924167 ) ) ;
#7236 = LINE ( 'NONE', #3666, #2314 ) ;
#7237 = MECHANICAL_DESIGN_GEOMETRIC_PRESENTATION_REPRESENTATION (  '', ( #1717 ), #3113 ) ;
#7238 = CARTESIAN_POINT ( 'NONE',  ( -35.09731990792612066, 6.032913140623263892, -1.244999999999936158 ) ) ;
#7239 = STYLED_ITEM ( 'NONE', ( #3837 ), #5348 ) ;
#7240 = LINE ( 'NONE', #3669, #6606 ) ;
#7241 = ORIENTED_EDGE ( 'NONE', *, *, #6517, .T. ) ;
#7242 = CARTESIAN_POINT ( 'NONE',  ( -35.29411990792612386, 6.890113140623267185, -1.575199999999926215 ) ) ;
#7243 = CIRCLE ( 'NONE', #5497, 1.799999999999999600 ) ;
#7244 = FACE_BOUND ( 'NONE', #5807, .T. ) ;
#7245 = LINE ( 'NONE', #4978, #7611 ) ;
#7246 = VECTOR ( 'NONE', #3708, 1000.000000000000000 ) ;
#7247 = DIRECTION ( 'NONE',  ( 1.000000000000000000, 1.299418334065024133E-16, -0.0000000000000000000 ) ) ;
#7248 = EDGE_CURVE ( 'NONE', #3070, #7687, #4025, .T. ) ;
#7249 = CARTESIAN_POINT ( 'NONE',  ( -22.78039062757601130, -16.50398703403563871, -1.264999999999999902 ) ) ;
#7250 = ORIENTED_EDGE ( 'NONE', *, *, #710, .F. ) ;
#7251 = VECTOR ( 'NONE', #7356, 1000.000000000000000 ) ;
#7252 =( LENGTH_UNIT ( ) NAMED_UNIT ( * ) SI_UNIT ( .MILLI., .METRE. ) );
#7253 = EDGE_CURVE ( 'NONE', #2966, #4997, #4523, .T. ) ;
#7254 = VERTEX_POINT ( 'NONE', #419 ) ;
#7255 = ADVANCED_FACE ( 'NONE', ( #2662 ), #5269, .T. ) ;
#7256 = FACE_OUTER_BOUND ( 'NONE', #3487, .T. ) ;
#7257 = ORIENTED_EDGE ( 'NONE', *, *, #2114, .T. ) ;
#7258 = LINE ( 'NONE', #5415, #5468 ) ;
#7259 = EDGE_CURVE ( 'NONE', #2873, #5988, #2980, .T. ) ;
#7260 = AXIS2_PLACEMENT_3D ( 'NONE', #5177, #7563, #2094 ) ;
#7261 = EDGE_CURVE ( 'NONE', #1047, #2553, #752, .T. ) ;
#7262 = DIRECTION ( 'NONE',  ( -1.000000000000000000, 0.0000000000000000000, 0.0000000000000000000 ) ) ;
#7263 = CARTESIAN_POINT ( 'NONE',  ( -38.45646990792611319, 7.512463140623350633, -9.372999999999919396 ) ) ;
#7264 = CARTESIAN_POINT ( 'NONE',  ( -30.83651990792612452, 7.512513140623252816, 1.218800000000078931 ) ) ;
#7265 = ORIENTED_EDGE ( 'NONE', *, *, #765, .F. ) ;
#7266 = EDGE_CURVE ( 'NONE', #6901, #821, #5894, .T. ) ;
#7267 = ORIENTED_EDGE ( 'NONE', *, *, #5106, .F. ) ;
#7268 = EDGE_CURVE ( 'NONE', #6685, #5255, #4797, .T. ) ;
#7269 = AXIS2_PLACEMENT_3D ( 'NONE', #4573, #7515, #2116 ) ;
#7270 = ORIENTED_EDGE ( 'NONE', *, *, #1770, .T. ) ;
#7271 = CARTESIAN_POINT ( 'NONE',  ( -23.99603258442069276, -14.00398703403564049, 1.205000000000000071 ) ) ;
#7272 = CARTESIAN_POINT ( 'NONE',  ( -28.82731649811004360, -18.24724142043159247, -0.4712031309831639647 ) ) ;
#7273 = DIRECTION ( 'NONE',  ( 0.0000000000000000000, 0.0000000000000000000, 1.000000000000000000 ) ) ;
#7274 = CARTESIAN_POINT ( 'NONE',  ( -35.66251990792611792, 7.201313140623239129, 1.218800000000076267 ) ) ;
#7275 = CARTESIAN_POINT ( 'NONE',  ( -35.10039062757600448, 7.206012965964358585, -1.245000000000000107 ) ) ;
#7276 = CARTESIAN_POINT ( 'NONE',  ( -29.45851990792611730, 8.369713140623288083, -3.530999999999912209 ) ) ;
#7277 = VERTEX_POINT ( 'NONE', #6577 ) ;
#7278 =( NAMED_UNIT ( * ) PLANE_ANGLE_UNIT ( ) SI_UNIT ( $, .RADIAN. ) );
#7279 = CARTESIAN_POINT ( 'NONE',  ( -35.91646990792611405, 7.512463140623347080, -9.118999999999923389 ) ) ;
#7280 =( LENGTH_UNIT ( ) NAMED_UNIT ( * ) SI_UNIT ( .MILLI., .METRE. ) );
#7281 = FILL_AREA_STYLE_COLOUR ( '', #5245 ) ;
#7282 = ORIENTED_EDGE ( 'NONE', *, *, #5481, .F. ) ;
#7283 = LINE ( 'NONE', #3162, #5969 ) ;
#7284 = VECTOR ( 'NONE', #1050, 1000.000000000000000 ) ;
#7285 = FILL_AREA_STYLE ('',( #6691 ) ) ;
#7286 = SURFACE_SIDE_STYLE ('',( #3675 ) ) ;
#7287 = VERTEX_POINT ( 'NONE', #7695 ) ;
#7288 = VECTOR ( 'NONE', #900, 1000.000000000000114 ) ;
#7289 = SURFACE_STYLE_FILL_AREA ( #4896 ) ;
#7290 = VERTEX_POINT ( 'NONE', #1754 ) ;
#7291 = DIRECTION ( 'NONE',  ( -1.000000000000000000, -1.299418334065024133E-16, 0.0000000000000000000 ) ) ;
#7292 = ORIENTED_EDGE ( 'NONE', *, *, #1973, .F. ) ;
#7293 = FACE_OUTER_BOUND ( 'NONE', #5476, .T. ) ;
#7294 = PRESENTATION_STYLE_ASSIGNMENT (( #1392 ) ) ;
#7295 = CARTESIAN_POINT ( 'NONE',  ( -39.21211990792613022, 6.032913140623286985, -3.530999999999936634 ) ) ;
#7296 = SURFACE_STYLE_FILL_AREA ( #3105 ) ;
#7297 = ORIENTED_EDGE ( 'NONE', *, *, #3870, .T. ) ;
#7298 = VERTEX_POINT ( 'NONE', #4096 ) ;
#7299 = PRESENTATION_LAYER_ASSIGNMENT (  '', '', ( #5176 ) ) ;
#7300 = ADVANCED_FACE ( 'NONE', ( #4688, #604, #7027, #1635, #1096 ), #7171, .F. ) ;
#7301 = EDGE_LOOP ( 'NONE', ( #7532, #6401, #1784, #5836 ) ) ;
#7302 = ORIENTED_EDGE ( 'NONE', *, *, #7544, .F. ) ;
#7303 = CARTESIAN_POINT ( 'NONE',  ( -30.58246990792611797, 7.144163140623349229, -9.372999999999922949 ) ) ;
#7304 = LINE ( 'NONE', #5000, #73 ) ;
#7305 = CARTESIAN_POINT ( 'NONE',  ( -35.91646990792611405, 6.890163140623350557, -9.267789755157156861 ) ) ;
#7306 = EDGE_CURVE ( 'NONE', #5414, #3424, #5913, .T. ) ;
#7307 = DIRECTION ( 'NONE',  ( 0.0000000000000000000, -1.000000000000000000, -1.047444401652940007E-14 ) ) ;
#7308 = DIRECTION ( 'NONE',  ( 0.0000000000000000000, 1.000000000000000000, -0.0000000000000000000 ) ) ;
#7309 = ORIENTED_EDGE ( 'NONE', *, *, #5860, .F. ) ;
#7310 = PLANE ( 'NONE',  #4344 ) ;
#7311 = CARTESIAN_POINT ( 'NONE',  ( -35.54811990792612164, 7.258513140623236382, 1.472800000000075160 ) ) ;
#7312 = LINE ( 'NONE', #153, #4633 ) ;
#7313 = COLOUR_RGB ( '',0.6470588235294117974, 0.6196078431372549211, 0.5882352941176470784 ) ;
#7314 = CARTESIAN_POINT ( 'NONE',  ( -40.82731649811006491, -16.30398703403564653, -1.245094783620809942 ) ) ;
#7315 = VERTEX_POINT ( 'NONE', #2876 ) ;
#7316 = UNCERTAINTY_MEASURE_WITH_UNIT (LENGTH_MEASURE( 1.000000000000000082E-05 ), #4722, 'distance_accuracy_value', 'NONE');
#7317 = CYLINDRICAL_SURFACE ( 'NONE', #5586, 0.2540000000000007807 ) ;
#7318 =( NAMED_UNIT ( * ) SI_UNIT ( $, .STERADIAN. ) SOLID_ANGLE_UNIT ( ) );
#7319 = FILL_AREA_STYLE_COLOUR ( '', #1082 ) ;
#7320 = CARTESIAN_POINT ( 'NONE',  ( -45.11039062757600249, -3.003987034035643600, 1.255000000000000115 ) ) ;
#7321 = DIRECTION ( 'NONE',  ( 1.000000000000000000, 0.0000000000000000000, 0.0000000000000000000 ) ) ;
#7322 = VECTOR ( 'NONE', #4039, 1000.000000000000000 ) ;
#7323 =( NAMED_UNIT ( * ) PLANE_ANGLE_UNIT ( ) SI_UNIT ( $, .RADIAN. ) );
#7324 =( BOUNDED_CURVE ( )  B_SPLINE_CURVE ( 3, ( #199, #1302, #5543, #5512 ),
 .UNSPECIFIED., .F., .T. ) 
 B_SPLINE_CURVE_WITH_KNOTS ( ( 4, 4 ),
 ( 1.570796326794896558, 3.141592653589782902 ),
 .UNSPECIFIED. ) 
 CURVE ( )  GEOMETRIC_REPRESENTATION_ITEM ( )  RATIONAL_B_SPLINE_CURVE ( ( 1.000000000000000000, 0.8047378541243672689, 0.8047378541243672689, 1.000000000000000000 ) ) 
 REPRESENTATION_ITEM ( '' )  );
#7325 = COLOUR_RGB ( '',0.0000000000000000000, 0.5019607843137254832, 1.000000000000000000 ) ;
#7326 = ORIENTED_EDGE ( 'NONE', *, *, #2593, .F. ) ;
#7327 = VECTOR ( 'NONE', #5857, 1000.000000000000000 ) ;
#7328 = PLANE ( 'NONE',  #7582 ) ;
#7329 = VERTEX_POINT ( 'NONE', #4218 ) ;
#7330 = DIRECTION ( 'NONE',  ( 1.000000000000000000, 0.0000000000000000000, 0.0000000000000000000 ) ) ;
#7331 = PRESENTATION_LAYER_ASSIGNMENT (  '', '', ( #1677 ) ) ;
#7332 = PRESENTATION_LAYER_ASSIGNMENT (  '', '', ( #4593 ) ) ;
#7333 = CARTESIAN_POINT ( 'NONE',  ( -30.21416990792612722, 6.890163140623350557, -9.372999999999926501 ) ) ;
#7334 = PRESENTATION_STYLE_ASSIGNMENT (( #5525 ) ) ;
#7335 = VERTEX_POINT ( 'NONE', #7062 ) ;
#7336 = ORIENTED_EDGE ( 'NONE', *, *, #5805, .T. ) ;
#7337 = AXIS2_PLACEMENT_3D ( 'NONE', #4927, #3155, #6681 ) ;
#7338 = FACE_BOUND ( 'NONE', #6125, .T. ) ;
#7339 = VERTEX_POINT ( 'NONE', #4724 ) ;
#7340 = VECTOR ( 'NONE', #1524, 1000.000000000000000 ) ;
#7341 = DIRECTION ( 'NONE',  ( 1.000000000000000000, 0.0000000000000000000, 0.0000000000000000000 ) ) ;
#7342 = PRESENTATION_LAYER_ASSIGNMENT (  '', '', ( #3579 ) ) ;
#7343 = PLANE ( 'NONE',  #5085 ) ;
#7344 = DIRECTION ( 'NONE',  ( 1.801374326040298222E-16, -1.000000000000000000, 0.0000000000000000000 ) ) ;
#7345 = EDGE_CURVE ( 'NONE', #897, #4897, #531, .T. ) ;
#7346 = VECTOR ( 'NONE', #1548, 1000.000000000000000 ) ;
#7347 = DIRECTION ( 'NONE',  ( 0.0000000000000000000, 0.0000000000000000000, 1.000000000000000000 ) ) ;
#7348 = EDGE_LOOP ( 'NONE', ( #3869, #467, #5703, #1389 ) ) ;
#7349 = CARTESIAN_POINT ( 'NONE',  ( -39.82267328534919670, -14.00398703403564227, 1.205000000000000071 ) ) ;
#7350 = EDGE_CURVE ( 'NONE', #6057, #7673, #3520, .T. ) ;
#7351 = EDGE_CURVE ( 'NONE', #6109, #6221, #7376, .T. ) ;
#7352 = CARTESIAN_POINT ( 'NONE',  ( -30.21416990792612722, 6.890163140623350557, -9.118999999999918060 ) ) ;
#7353 = AXIS2_PLACEMENT_3D ( 'NONE', #7005, #1461, #4038 ) ;
#7354 = VECTOR ( 'NONE', #4893, 1000.000000000000000 ) ;
#7355 = COLOUR_RGB ( '',0.6470588235294117974, 0.6196078431372549211, 0.5882352941176470784 ) ;
#7356 = DIRECTION ( 'NONE',  ( 1.000000000000000000, 1.299418334065024133E-16, -0.0000000000000000000 ) ) ;
#7357 = EDGE_CURVE ( 'NONE', #1397, #5924, #5418, .T. ) ;
#7358 =( LENGTH_UNIT ( ) NAMED_UNIT ( * ) SI_UNIT ( .MILLI., .METRE. ) );
#7359 = ADVANCED_FACE ( 'NONE', ( #3642 ), #174, .T. ) ;
#7360 = DIRECTION ( 'NONE',  ( 0.0000000000000000000, 0.0000000000000000000, -1.000000000000000000 ) ) ;
#7361 = LINE ( 'NONE', #1494, #713 ) ;
#7362 = ORIENTED_EDGE ( 'NONE', *, *, #6300, .F. ) ;
#7363 = CARTESIAN_POINT ( 'NONE',  ( -30.01731990792611526, 7.201313140623263997, -1.244999999999924167 ) ) ;
#7364 = DIRECTION ( 'NONE',  ( 1.000000000000000000, 0.0000000000000000000, -0.0000000000000000000 ) ) ;
#7365 = VECTOR ( 'NONE', #6259, 1000.000000000000000 ) ;
#7366 = CYLINDRICAL_SURFACE ( 'NONE', #1059, 0.2539999999999998925 ) ;
#7367 = FILL_AREA_STYLE_COLOUR ( '', #7202 ) ;
#7368 =( LENGTH_UNIT ( ) NAMED_UNIT ( * ) SI_UNIT ( .MILLI., .METRE. ) );
#7369 = CIRCLE ( 'NONE', #5001, 1.800000000000002931 ) ;
#7370 = ORIENTED_EDGE ( 'NONE', *, *, #5805, .F. ) ;
#7371 = DIRECTION ( 'NONE',  ( 1.000000000000000000, -2.478176394252582127E-16, 0.0000000000000000000 ) ) ;
#7372 = VERTEX_POINT ( 'NONE', #2538 ) ;
#7373 = DIRECTION ( 'NONE',  ( -1.000000000000000000, 0.0000000000000000000, 0.0000000000000000000 ) ) ;
#7374 = CARTESIAN_POINT ( 'NONE',  ( -45.88039062757600561, -16.50398703403563871, -1.264999999999999902 ) ) ;
#7375 = PLANE ( 'NONE',  #163 ) ;
#7376 = LINE ( 'NONE', #3807, #7150 ) ;
#7377 = DIRECTION ( 'NONE',  ( 1.000000000000000000, 0.0000000000000000000, 0.0000000000000000000 ) ) ;
#7378 = ORIENTED_EDGE ( 'NONE', *, *, #6512, .F. ) ;
#7379 = VERTEX_POINT ( 'NONE', #4833 ) ;
#7380 = VERTEX_POINT ( 'NONE', #7216 ) ;
#7381 = FILL_AREA_STYLE_COLOUR ( '', #5699 ) ;
#7382 = CARTESIAN_POINT ( 'NONE',  ( -22.78039062757601130, 7.056012965964359118, -1.264999999999999902 ) ) ;
#7383 = CIRCLE ( 'NONE', #6373, 1.000000000000000888 ) ;
#7384 = PRESENTATION_STYLE_ASSIGNMENT (( #3654 ) ) ;
#7385 = CARTESIAN_POINT ( 'NONE',  ( -29.82736094035740138, -18.29409031937256103, -0.2464335406786998528 ) ) ;
#7386 = SURFACE_STYLE_USAGE ( .BOTH. , #4338 ) ;
#7387 = DIRECTION ( 'NONE',  ( 0.0000000000000000000, 1.000000000000000000, 1.047444401652940007E-14 ) ) ;
#7388 = VERTEX_POINT ( 'NONE', #6702 ) ;
#7389 = DIRECTION ( 'NONE',  ( -0.0000000000000000000, -0.0000000000000000000, -1.000000000000000000 ) ) ;
#7390 = FILL_AREA_STYLE ('',( #3189 ) ) ;
#7391 = CARTESIAN_POINT ( 'NONE',  ( -33.27125966308334881, 7.407252895780579216, -9.372999999999919396 ) ) ;
#7392 = DIRECTION ( 'NONE',  ( 1.000000000000000000, -4.336808689942014285E-16, 0.0000000000000000000 ) ) ;
#7393 = PLANE ( 'NONE',  #537 ) ;
#7394 = CARTESIAN_POINT ( 'NONE',  ( -40.82733246553402040, -18.27407675507290463, -0.2449113037486425060 ) ) ;
#7395 = ORIENTED_EDGE ( 'NONE', *, *, #7686, .T. ) ;
#7396 = EDGE_CURVE ( 'NONE', #3111, #4637, #2579, .T. ) ;
#7397 = UNCERTAINTY_MEASURE_WITH_UNIT (LENGTH_MEASURE( 1.000000000000000082E-05 ), #5195, 'distance_accuracy_value', 'NONE');
#7398 = CARTESIAN_POINT ( 'NONE',  ( -20.98039062757601059, -16.50398703403563871, -1.264999999999999902 ) ) ;
#7399 = DIRECTION ( 'NONE',  ( 1.000000000000000000, 0.0000000000000000000, 0.0000000000000000000 ) ) ;
#7400 = DIRECTION ( 'NONE',  ( 0.5000000000000197620, 0.8660254037844272723, 0.0000000000000000000 ) ) ;
#7401 = CARTESIAN_POINT ( 'NONE',  ( -30.83646990792612641, 7.512463140623303559, -3.530999999999921535 ) ) ;
#7402 = EDGE_CURVE ( 'NONE', #3071, #6463, #3730, .T. ) ;
#7403 = EDGE_CURVE ( 'NONE', #7687, #2509, #6778, .T. ) ;
#7404 = CARTESIAN_POINT ( 'NONE',  ( -28.82731649811005781, -18.28388708950198804, -0.2449552275043978544 ) ) ;
#7405 = ORIENTED_EDGE ( 'NONE', *, *, #4062, .T. ) ;
#7406 = AXIS2_PLACEMENT_3D ( 'NONE', #2348, #4763, #7135 ) ;
#7407 = VERTEX_POINT ( 'NONE', #1834 ) ;
#7408 = UNCERTAINTY_MEASURE_WITH_UNIT (LENGTH_MEASURE( 1.000000000000000082E-05 ), #6553, 'distance_accuracy_value', 'NONE');
#7409 = LINE ( 'NONE', #5103, #7073 ) ;
#7410 = FACE_OUTER_BOUND ( 'NONE', #1317, .T. ) ;
#7411 =( LENGTH_UNIT ( ) NAMED_UNIT ( * ) SI_UNIT ( .MILLI., .METRE. ) );
#7412 = DIRECTION ( 'NONE',  ( 1.000000000000000000, 0.0000000000000000000, 0.0000000000000000000 ) ) ;
#7413 = MECHANICAL_DESIGN_GEOMETRIC_PRESENTATION_REPRESENTATION (  '', ( #6018 ), #3651 ) ;
#7414 = LINE ( 'NONE', #253, #1905 ) ;
#7415 = EDGE_LOOP ( 'NONE', ( #709, #4879, #1612, #4219 ) ) ;
#7416 = ORIENTED_EDGE ( 'NONE', *, *, #4590, .T. ) ;
#7417 = ORIENTED_EDGE ( 'NONE', *, *, #6667, .T. ) ;
#7418 = ORIENTED_EDGE ( 'NONE', *, *, #2299, .F. ) ;
#7419 = CARTESIAN_POINT ( 'NONE',  ( -28.82731649811006136, -14.55953255205335140, 1.155128106397925292 ) ) ;
#7420 = CARTESIAN_POINT ( 'NONE',  ( -21.78039062757600774, 7.056012965964359118, -0.2449999999999997735 ) ) ;
#7421 =( BOUNDED_CURVE ( )  B_SPLINE_CURVE ( 3, ( #7483, #2638, #5052, #4508 ),
 .UNSPECIFIED., .F., .T. ) 
 B_SPLINE_CURVE_WITH_KNOTS ( ( 4, 4 ),
 ( 0.0000000000000000000, 1.570796326794896558 ),
 .UNSPECIFIED. ) 
 CURVE ( )  GEOMETRIC_REPRESENTATION_ITEM ( )  RATIONAL_B_SPLINE_CURVE ( ( 1.000000000000000000, 0.8047378541243649375, 0.8047378541243649375, 1.000000000000000000 ) ) 
 REPRESENTATION_ITEM ( '' )  );
#7422 = FILL_AREA_STYLE ('',( #2183 ) ) ;
#7423 =( NAMED_UNIT ( * ) SI_UNIT ( $, .STERADIAN. ) SOLID_ANGLE_UNIT ( ) );
#7424 = FACE_OUTER_BOUND ( 'NONE', #498, .T. ) ;
#7425 = AXIS2_PLACEMENT_3D ( 'NONE', #6788, #3820, #5189 ) ;
#7426 = ORIENTED_EDGE ( 'NONE', *, *, #3171, .F. ) ;
#7427 = PRESENTATION_STYLE_ASSIGNMENT (( #6242 ) ) ;
#7428 = DIRECTION ( 'NONE',  ( 0.0000000000000000000, 0.0000000000000000000, 1.000000000000000000 ) ) ;
#7429 =( LENGTH_UNIT ( ) NAMED_UNIT ( * ) SI_UNIT ( .MILLI., .METRE. ) );
#7430 = VECTOR ( 'NONE', #6144, 1000.000000000000000 ) ;
#7431 = CARTESIAN_POINT ( 'NONE',  ( -35.66246990792611626, 7.144163140623349229, -9.372999999999922949 ) ) ;
#7432 = FACE_OUTER_BOUND ( 'NONE', #790, .T. ) ;
#7433 = FACE_BOUND ( 'NONE', #7021, .T. ) ;
#7434 = CARTESIAN_POINT ( 'NONE',  ( -38.08816990792612245, 7.258463140623347520, -9.372999999999921172 ) ) ;
#7435 = ORIENTED_EDGE ( 'NONE', *, *, #7591, .T. ) ;
#7436 = AXIS2_PLACEMENT_3D ( 'NONE', #7249, #3131, #1236 ) ;
#7437 = DIRECTION ( 'NONE',  ( -1.000000000000000000, -0.0000000000000000000, -0.0000000000000000000 ) ) ;
#7438 = VERTEX_POINT ( 'NONE', #6622 ) ;
#7439 = LINE ( 'NONE', #6998, #3850 ) ;
#7440 = CARTESIAN_POINT ( 'NONE',  ( -35.91651990792611571, 7.512513140623235053, 1.472800000000079601 ) ) ;
#7441 = CARTESIAN_POINT ( 'NONE',  ( -35.39938015276889161, 6.995373385466116645, -9.372999999999922949 ) ) ;
#7442 = FILL_AREA_STYLE ('',( #7367 ) ) ;
#7443 = EDGE_CURVE ( 'NONE', #4044, #3070, #6142, .T. ) ;
#7444 = ORIENTED_EDGE ( 'NONE', *, *, #2601, .F. ) ;
#7445 = ORIENTED_EDGE ( 'NONE', *, *, #4156, .T. ) ;
#7446 = B_SPLINE_CURVE_WITH_KNOTS ( 'NONE', 3,
 ( #7766, #1866, #1092, #7132, #2382, #4793, #7169, #5494, #3206, #5594 ),
 .UNSPECIFIED., .F., .F.,
 ( 4, 2, 2, 2, 4 ),
 ( 2.710505431213761085E-19, 0.0005960047817170912535, 0.001192009563434182290, 0.002384019126868364580, 0.004764586144084012424 ),
 .UNSPECIFIED. ) ;
#7447 = CARTESIAN_POINT ( 'NONE',  ( -40.82731649811005781, -17.05636897394359863, -1.250249856270432947 ) ) ;
#7448 = EDGE_CURVE ( 'NONE', #4436, #6781, #3643, .T. ) ;
#7449 = EDGE_CURVE ( 'NONE', #6029, #3187, #3685, .T. ) ;
#7450 = DIRECTION ( 'NONE',  ( 0.0000000000000000000, -1.024442997624109662E-14, 1.000000000000000000 ) ) ;
#7451 = CARTESIAN_POINT ( 'NONE',  ( -41.82731649811005781, -11.62398703403563793, 1.215000000000000080 ) ) ;
#7452 =( NAMED_UNIT ( * ) PLANE_ANGLE_UNIT ( ) SI_UNIT ( $, .RADIAN. ) );
#7453 = VECTOR ( 'NONE', #6119, 1000.000000000000000 ) ;
#7454 = ADVANCED_FACE ( 'NONE', ( #4876 ), #1321, .T. ) ;
#7455 = PLANE ( 'NONE',  #1386 ) ;
#7456 = COLOUR_RGB ( '',0.0000000000000000000, 0.0000000000000000000, 0.0000000000000000000 ) ;
#7457 = CARTESIAN_POINT ( 'NONE',  ( -35.09731990792612066, 8.369713140623266767, -1.575199999999911782 ) ) ;
#7458 = ORIENTED_EDGE ( 'NONE', *, *, #4156, .F. ) ;
#7459 = EDGE_LOOP ( 'NONE', ( #4939, #4835, #1493, #6020, #3661, #2296 ) ) ;
#7460 = PLANE ( 'NONE',  #540 ) ;
#7461 = VERTEX_POINT ( 'NONE', #4441 ) ;
#7462 = EDGE_CURVE ( 'NONE', #6012, #5979, #6855, .T. ) ;
#7463 = VECTOR ( 'NONE', #3930, 1000.000000000000000 ) ;
#7464 = CIRCLE ( 'NONE', #2181, 1.800000000000002931 ) ;
#7465 = FILL_AREA_STYLE ('',( #7381 ) ) ;
#7466 = FILL_AREA_STYLE_COLOUR ( '', #2562 ) ;
#7467 = CARTESIAN_POINT ( 'NONE',  ( -32.11401384467411901, 8.369713140623288083, -3.530999999999912209 ) ) ;
#7468 = MECHANICAL_DESIGN_GEOMETRIC_PRESENTATION_REPRESENTATION (  '', ( #4593 ), #1807 ) ;
#7469 =( GEOMETRIC_REPRESENTATION_CONTEXT ( 3 ) GLOBAL_UNCERTAINTY_ASSIGNED_CONTEXT ( ( #1048 ) ) GLOBAL_UNIT_ASSIGNED_CONTEXT ( ( #7429, #3152, #4456 ) ) REPRESENTATION_CONTEXT ( 'NONE', 'WORKASPACE' ) );
#7470 = CARTESIAN_POINT ( 'NONE',  ( -37.64039062757601073, 7.206012965964358585, -1.245000000000000107 ) ) ;
#7471 = ORIENTED_EDGE ( 'NONE', *, *, #4159, .T. ) ;
#7472 = LINE ( 'NONE', #151, #532 ) ;
#7473 = DIRECTION ( 'NONE',  ( -0.0000000000000000000, 1.000000000000000000, 1.047444401652940007E-14 ) ) ;
#7474 = UNCERTAINTY_MEASURE_WITH_UNIT (LENGTH_MEASURE( 1.000000000000000082E-05 ), #1961, 'distance_accuracy_value', 'NONE');
#7475 = AXIS2_PLACEMENT_3D ( 'NONE', #4049, #4477, #3893 ) ;
#7476 = FACE_OUTER_BOUND ( 'NONE', #5672, .T. ) ;
#7477 = PLANE ( 'NONE',  #6964 ) ;
#7478 = CARTESIAN_POINT ( 'NONE',  ( -32.75416990792612637, 6.890163140623351445, -9.118999999999921613 ) ) ;
#7479 = CARTESIAN_POINT ( 'NONE',  ( -30.31938015276888265, 7.407252895780580992, -9.372999999999922949 ) ) ;
#7480 = EDGE_LOOP ( 'NONE', ( #1849, #2804, #2628, #748 ) ) ;
#7481 = ORIENTED_EDGE ( 'NONE', *, *, #2018, .F. ) ;
#7482 = AXIS2_PLACEMENT_3D ( 'NONE', #4225, #7106, #4183 ) ;
#7483 = CARTESIAN_POINT ( 'NONE',  ( -37.83411990792612301, 7.512513140623236829, 1.218800000000075823 ) ) ;
#7484 = CARTESIAN_POINT ( 'NONE',  ( -30.01731990792611526, 6.032913140623263892, -1.575199999999936429 ) ) ;
#7485 = CARTESIAN_POINT ( 'NONE',  ( -35.54816990792612330, 7.144163140623349229, -9.372999999999921172 ) ) ;
#7486 = AXIS2_PLACEMENT_3D ( 'NONE', #2975, #2253, #5369 ) ;
#7487 = CARTESIAN_POINT ( 'NONE',  ( -30.83651990792612452, 6.890113140623236099, 1.218800000000075823 ) ) ;
#7488 = ORIENTED_EDGE ( 'NONE', *, *, #824, .T. ) ;
#7489 =( NAMED_UNIT ( * ) SI_UNIT ( $, .STERADIAN. ) SOLID_ANGLE_UNIT ( ) );
#7490 = COLOUR_RGB ( '',1.000000000000000000, 0.5019607843137254832, 0.0000000000000000000 ) ;
#7491 = PLANE ( 'NONE',  #2451 ) ;
#7492 = VECTOR ( 'NONE', #359, 1000.000000000000000 ) ;
#7493 = EDGE_CURVE ( 'NONE', #5376, #641, #3369, .T. ) ;
#7494 = SURFACE_STYLE_FILL_AREA ( #2150 ) ;
#7495 = CARTESIAN_POINT ( 'NONE',  ( -32.56039062757600533, 7.206012965964358585, -1.245000000000000107 ) ) ;
#7496 =( GEOMETRIC_REPRESENTATION_CONTEXT ( 3 ) GLOBAL_UNCERTAINTY_ASSIGNED_CONTEXT ( ( #6934 ) ) GLOBAL_UNIT_ASSIGNED_CONTEXT ( ( #4473, #2730, #6170 ) ) REPRESENTATION_CONTEXT ( 'NONE', 'WORKASPACE' ) );
#7497 = EDGE_CURVE ( 'NONE', #2456, #3566, #930, .T. ) ;
#7498 =( LENGTH_UNIT ( ) NAMED_UNIT ( * ) SI_UNIT ( .MILLI., .METRE. ) );
#7499 = EDGE_LOOP ( 'NONE', ( #2497, #4073, #7265, #4619 ) ) ;
#7500 = MECHANICAL_DESIGN_GEOMETRIC_PRESENTATION_REPRESENTATION (  '', ( #1844 ), #5240 ) ;
#7501 = ORIENTED_EDGE ( 'NONE', *, *, #6286, .F. ) ;
#7502 =( NAMED_UNIT ( * ) SI_UNIT ( $, .STERADIAN. ) SOLID_ANGLE_UNIT ( ) );
#7503 = ORIENTED_EDGE ( 'NONE', *, *, #3876, .F. ) ;
#7504 = LINE ( 'NONE', #462, #7234 ) ;
#7505 =( GEOMETRIC_REPRESENTATION_CONTEXT ( 3 ) GLOBAL_UNCERTAINTY_ASSIGNED_CONTEXT ( ( #886 ) ) GLOBAL_UNIT_ASSIGNED_CONTEXT ( ( #1891, #1811, #6518 ) ) REPRESENTATION_CONTEXT ( 'NONE', 'WORKASPACE' ) );
#7506 = DIRECTION ( 'NONE',  ( -1.000000000000000000, -0.0000000000000000000, 0.0000000000000000000 ) ) ;
#7507 = ADVANCED_FACE ( 'NONE', ( #2620 ), #2774, .F. ) ;
#7508 = DIRECTION ( 'NONE',  ( 0.0000000000000000000, -1.000000000000000000, -1.047444401652940007E-14 ) ) ;
#7509 = EDGE_CURVE ( 'NONE', #4101, #4374, #293, .T. ) ;
#7510 = FILL_AREA_STYLE ('',( #1485 ) ) ;
#7511 = ORIENTED_EDGE ( 'NONE', *, *, #3269, .T. ) ;
#7512 = CARTESIAN_POINT ( 'NONE',  ( -33.37651990792611656, 6.890113140623235211, 1.218800000000079597 ) ) ;
#7513 = DIRECTION ( 'NONE',  ( 0.0000000000000000000, 0.0000000000000000000, -1.000000000000000000 ) ) ;
#7514 = CARTESIAN_POINT ( 'NONE',  ( -35.29411990792612386, 6.890113140623237875, 1.218800000000072270 ) ) ;
#7515 = DIRECTION ( 'NONE',  ( 1.000000000000000000, -0.0000000000000000000, 0.0000000000000000000 ) ) ;
#7516 = DIRECTION ( 'NONE',  ( 0.0000000000000000000, 1.000000000000000000, 1.047444401652940007E-14 ) ) ;
#7517 = ORIENTED_EDGE ( 'NONE', *, *, #1192, .F. ) ;
#7518 = DIRECTION ( 'NONE',  ( 1.000000000000000000, 0.0000000000000000000, 0.0000000000000000000 ) ) ;
#7519 = ORIENTED_EDGE ( 'NONE', *, *, #1590, .F. ) ;
#7520 = CARTESIAN_POINT ( 'NONE',  ( -36.60742597117763353, 8.369713140623263214, -1.244999999999911955 ) ) ;
#7521 = STYLED_ITEM ( 'NONE', ( #4767 ), #2405 ) ;
#7522 = CARTESIAN_POINT ( 'NONE',  ( -39.82267328534919670, -15.29564772441671394, 1.209947844275661488 ) ) ;
#7523 = DIRECTION ( 'NONE',  ( -0.0000000000000000000, 1.000000000000000000, 0.0000000000000000000 ) ) ;
#7524 = SURFACE_STYLE_USAGE ( .BOTH. , #3886 ) ;
#7525 = ORIENTED_EDGE ( 'NONE', *, *, #3097, .F. ) ;
#7526 = B_SPLINE_CURVE_WITH_KNOTS ( 'NONE', 3,
 ( #191, #864, #4497, #7349 ),
 .UNSPECIFIED., .F., .F.,
 ( 4, 4 ),
 ( 0.0000000000000000000, 1.000000000000000000 ),
 .UNSPECIFIED. ) ;
#7527 = CARTESIAN_POINT ( 'NONE',  ( -30.46816990792611790, 7.144163140623349229, -9.372999999999922949 ) ) ;
#7528 = DIRECTION ( 'NONE',  ( 1.000000000000000000, 0.0000000000000000000, 0.0000000000000000000 ) ) ;
#7529 = CARTESIAN_POINT ( 'NONE',  ( -22.78039062757601130, 7.056012965964359118, -0.2349999999999997369 ) ) ;
#7530 = SURFACE_STYLE_USAGE ( .BOTH. , #2134 ) ;
#7531 = VERTEX_POINT ( 'NONE', #5109 ) ;
#7532 = ORIENTED_EDGE ( 'NONE', *, *, #3225, .F. ) ;
#7533 = ORIENTED_EDGE ( 'NONE', *, *, #3663, .T. ) ;
#7534 = DIRECTION ( 'NONE',  ( 1.000000000000000000, 0.0000000000000000000, 0.0000000000000000000 ) ) ;
#7535 =( BOUNDED_CURVE ( )  B_SPLINE_CURVE ( 3, ( #6326, #7391, #2113, #4532 ),
 .UNSPECIFIED., .F., .T. ) 
 B_SPLINE_CURVE_WITH_KNOTS ( ( 4, 4 ),
 ( 1.570796326794894782, 3.141592653589775797 ),
 .UNSPECIFIED. ) 
 CURVE ( )  GEOMETRIC_REPRESENTATION_ITEM ( )  RATIONAL_B_SPLINE_CURVE ( ( 1.000000000000000000, 0.8047378541243686012, 0.8047378541243686012, 1.000000000000000000 ) ) 
 REPRESENTATION_ITEM ( '' )  );
#7536 = STYLED_ITEM ( 'NONE', ( #1362 ), #7359 ) ;
#7537 = LINE ( 'NONE', #6992, #5163 ) ;
#7538 = CARTESIAN_POINT ( 'NONE',  ( -21.08039062757600846, -10.24398703403563893, -0.2450000000000002176 ) ) ;
#7539 = EDGE_CURVE ( 'NONE', #1619, #2583, #6779, .T. ) ;
#7540 = VERTEX_POINT ( 'NONE', #2696 ) ;
#7541 = CARTESIAN_POINT ( 'NONE',  ( -22.78039062757601130, 7.056012965964359118, -0.2349999999999997369 ) ) ;
#7542 = DIRECTION ( 'NONE',  ( -1.000000000000000000, -0.0000000000000000000, -0.0000000000000000000 ) ) ;
#7543 = EDGE_CURVE ( 'NONE', #6781, #3527, #4795, .T. ) ;
#7544 = EDGE_CURVE ( 'NONE', #736, #3830, #6229, .T. ) ;
#7545 = CARTESIAN_POINT ( 'NONE',  ( -45.88039062757600561, -16.50398703403563871, -1.264999999999999902 ) ) ;
#7546 = AXIS2_PLACEMENT_3D ( 'NONE', #5738, #313, #5127 ) ;
#7547 = FACE_OUTER_BOUND ( 'NONE', #7029, .T. ) ;
#7548 = FILL_AREA_STYLE_COLOUR ( '', #646 ) ;
#7549 = VERTEX_POINT ( 'NONE', #7495 ) ;
#7550 = FACE_OUTER_BOUND ( 'NONE', #5546, .T. ) ;
#7551 = VERTEX_POINT ( 'NONE', #3247 ) ;
#7552 = MECHANICAL_DESIGN_GEOMETRIC_PRESENTATION_REPRESENTATION (  '', ( #902 ), #4184 ) ;
#7553 = FACE_OUTER_BOUND ( 'NONE', #1873, .T. ) ;
#7554 = DIRECTION ( 'NONE',  ( 0.0000000000000000000, 0.0000000000000000000, -1.000000000000000000 ) ) ;
#7555 = CARTESIAN_POINT ( 'NONE',  ( -30.21411990792612201, 7.512513140623235053, 1.367589755157313292 ) ) ;
#7556 = SURFACE_SIDE_STYLE ('',( #5169 ) ) ;
#7557 = CARTESIAN_POINT ( 'NONE',  ( -22.78039062757601130, 7.056012965964359118, -0.2349999999999997369 ) ) ;
#7558 = ORIENTED_EDGE ( 'NONE', *, *, #4920, .F. ) ;
#7559 = ORIENTED_EDGE ( 'NONE', *, *, #4585, .F. ) ;
#7560 = CARTESIAN_POINT ( 'NONE',  ( -40.82731649811005781, -18.17279833390455224, -0.6621407731115727113 ) ) ;
#7561 = AXIS2_PLACEMENT_3D ( 'NONE', #3442, #5834, #7656 ) ;
#7562 = CARTESIAN_POINT ( 'NONE',  ( -33.00816990792611705, 7.258463140623347520, -9.372999999999921172 ) ) ;
#7563 = DIRECTION ( 'NONE',  ( -1.000000000000000000, 0.0000000000000000000, 0.0000000000000000000 ) ) ;
#7564 = DIRECTION ( 'NONE',  ( 6.566942292462172298E-16, 0.0000000000000000000, -1.000000000000000000 ) ) ;
#7565 = DIRECTION ( 'NONE',  ( 1.000000000000000000, 0.0000000000000000000, 0.0000000000000000000 ) ) ;
#7566 = AXIS2_PLACEMENT_3D ( 'NONE', #544, #506, #7037 ) ;
#7567 = ORIENTED_EDGE ( 'NONE', *, *, #5382, .F. ) ;
#7568 = PRESENTATION_LAYER_ASSIGNMENT (  '', '', ( #1808 ) ) ;
#7569 = ORIENTED_EDGE ( 'NONE', *, *, #1622, .T. ) ;
#7570 = DIRECTION ( 'NONE',  ( 1.000000000000000000, 0.0000000000000000000, 0.0000000000000000000 ) ) ;
#7571 = CARTESIAN_POINT ( 'NONE',  ( -36.60742597117763353, 8.369713140623288083, -3.530999999999912209 ) ) ;
#7572 = SURFACE_STYLE_FILL_AREA ( #3377 ) ;
#7573 = AXIS2_PLACEMENT_3D ( 'NONE', #1344, #6758, #1932 ) ;
#7574 = AXIS2_PLACEMENT_3D ( 'NONE', #7057, #4681, #1158 ) ;
#7575 = CARTESIAN_POINT ( 'NONE',  ( -39.82267328534919670, -18.30398703403564653, -0.2450000000000048250 ) ) ;
#7576 = FACE_OUTER_BOUND ( 'NONE', #5996, .T. ) ;
#7577 = VERTEX_POINT ( 'NONE', #5632 ) ;
#7578 = FACE_OUTER_BOUND ( 'NONE', #6649, .T. ) ;
#7579 = ORIENTED_EDGE ( 'NONE', *, *, #7403, .T. ) ;
#7580 = AXIS2_PLACEMENT_3D ( 'NONE', #3892, #2615, #5027 ) ;
#7581 = COLOUR_RGB ( '',0.0000000000000000000, 0.0000000000000000000, 0.0000000000000000000 ) ;
#7582 = AXIS2_PLACEMENT_3D ( 'NONE', #4507, #1984, #6060 ) ;
#7583 = CARTESIAN_POINT ( 'NONE',  ( -40.94731649811006235, -17.05636897394360219, -1.250249856270432947 ) ) ;
#7584 = MECHANICAL_DESIGN_GEOMETRIC_PRESENTATION_REPRESENTATION (  '', ( #2308 ), #4459 ) ;
#7585 = EDGE_CURVE ( 'NONE', #5075, #3383, #252, .T. ) ;
#7586 = SURFACE_STYLE_USAGE ( .BOTH. , #4623 ) ;
#7587 = AXIS2_PLACEMENT_3D ( 'NONE', #7705, #1766, #4740 ) ;
#7588 = FACE_OUTER_BOUND ( 'NONE', #3844, .T. ) ;
#7589 = ADVANCED_FACE ( 'NONE', ( #5069 ), #7455, .F. ) ;
#7590 = ORIENTED_EDGE ( 'NONE', *, *, #7493, .T. ) ;
#7591 = EDGE_CURVE ( 'NONE', #6695, #5633, #6310, .T. ) ;
#7592 = DIRECTION ( 'NONE',  ( -0.0000000000000000000, -0.0000000000000000000, -1.000000000000000000 ) ) ;
#7593 = ORIENTED_EDGE ( 'NONE', *, *, #1678, .F. ) ;
#7594 = SURFACE_SIDE_STYLE ('',( #3133 ) ) ;
#7595 = VECTOR ( 'NONE', #4389, 1000.000000000000227 ) ;
#7596 = MECHANICAL_DESIGN_GEOMETRIC_PRESENTATION_REPRESENTATION (  '', ( #2317 ), #1943 ) ;
#7597 = CARTESIAN_POINT ( 'NONE',  ( -31.52742597117762102, 8.369713140623288083, -3.530999999999912209 ) ) ;
#7598 = EDGE_CURVE ( 'NONE', #4944, #5829, #756, .T. ) ;
#7599 = CARTESIAN_POINT ( 'NONE',  ( -30.21411990792612556, 7.512513140623235053, -1.575199999999920664 ) ) ;
#7600 = ADVANCED_FACE ( 'NONE', ( #1553 ), #6939, .T. ) ;
#7601 = SURFACE_STYLE_USAGE ( .BOTH. , #2800 ) ;
#7602 = DIRECTION ( 'NONE',  ( -1.000000000000000000, -0.0000000000000000000, -0.0000000000000000000 ) ) ;
#7603 = VECTOR ( 'NONE', #5332, 1000.000000000000000 ) ;
#7604 = ADVANCED_FACE ( 'NONE', ( #5260 ), #7655, .T. ) ;
#7605 = EDGE_CURVE ( 'NONE', #4765, #3124, #5571, .T. ) ;
#7606 = CARTESIAN_POINT ( 'NONE',  ( -22.78039062757601130, -16.50398703403563871, -1.264999999999999902 ) ) ;
#7607 = VERTEX_POINT ( 'NONE', #652 ) ;
#7608 = ORIENTED_EDGE ( 'NONE', *, *, #5868, .F. ) ;
#7609 = DIRECTION ( 'NONE',  ( 0.0000000000000000000, 0.0000000000000000000, 1.000000000000000000 ) ) ;
#7610 = VECTOR ( 'NONE', #3393, 1000.000000000000000 ) ;
#7611 = VECTOR ( 'NONE', #4362, 1000.000000000000000 ) ;
#7612 = PLANE ( 'NONE',  #3239 ) ;
#7613 = CARTESIAN_POINT ( 'NONE',  ( -29.82731649811006491, -12.62398703403564149, 1.215000000000000080 ) ) ;
#7614 = SURFACE_SIDE_STYLE ('',( #5221 ) ) ;
#7615 = CYLINDRICAL_SURFACE ( 'NONE', #524, 1.800000000000002931 ) ;
#7616 = ORIENTED_EDGE ( 'NONE', *, *, #1113, .F. ) ;
#7617 = MECHANICAL_DESIGN_GEOMETRIC_PRESENTATION_REPRESENTATION (  '', ( #78 ), #2712 ) ;
#7618 = VERTEX_POINT ( 'NONE', #1286 ) ;
#7619 = STYLED_ITEM ( 'NONE', ( #5774 ), #5292 ) ;
#7620 = ORIENTED_EDGE ( 'NONE', *, *, #2114, .F. ) ;
#7621 = COLOUR_RGB ( '',0.0000000000000000000, 0.5019607843137254832, 1.000000000000000000 ) ;
#7622 = DIRECTION ( 'NONE',  ( -1.000000000000000000, 2.478176394252582127E-16, -0.0000000000000000000 ) ) ;
#7623 = CARTESIAN_POINT ( 'NONE',  ( -28.82731649811005781, -16.30398703403564653, -1.254999999999999671 ) ) ;
#7624 = PRESENTATION_LAYER_ASSIGNMENT (  '', '', ( #3223 ) ) ;
#7625 = DIRECTION ( 'NONE',  ( 0.0000000000000000000, 0.0000000000000000000, 1.000000000000000000 ) ) ;
#7626 = SURFACE_STYLE_USAGE ( .BOTH. , #2906 ) ;
#7627 = ORIENTED_EDGE ( 'NONE', *, *, #6098, .T. ) ;
#7628 = LINE ( 'NONE', #2664, #1835 ) ;
#7629 = ORIENTED_EDGE ( 'NONE', *, *, #2151, .F. ) ;
#7630 = CARTESIAN_POINT ( 'NONE',  ( -40.82734843295796168, -18.18510063209038208, 0.03766094568891640432 ) ) ;
#7631 = CARTESIAN_POINT ( 'NONE',  ( -37.83416990792611756, 6.890163140623350557, -9.372999999999926501 ) ) ;
#7632 = AXIS2_PLACEMENT_3D ( 'NONE', #7642, #3503, #478 ) ;
#7633 = SURFACE_STYLE_USAGE ( .BOTH. , #7036 ) ;
#7634 =( NAMED_UNIT ( * ) SI_UNIT ( $, .STERADIAN. ) SOLID_ANGLE_UNIT ( ) );
#7635 = ORIENTED_EDGE ( 'NONE', *, *, #6515, .T. ) ;
#7636 = SURFACE_STYLE_USAGE ( .BOTH. , #2239 ) ;
#7637 = VERTEX_POINT ( 'NONE', #4268 ) ;
#7638 = CARTESIAN_POINT ( 'NONE',  ( -20.98039062757600703, -18.30398703403564298, -1.245000000000000107 ) ) ;
#7639 = FILL_AREA_STYLE_COLOUR ( '', #4860 ) ;
#7640 = DIRECTION ( 'NONE',  ( 0.0000000000000000000, 1.000000000000000000, -0.0000000000000000000 ) ) ;
#7641 = VECTOR ( 'NONE', #3481, 1000.000000000000000 ) ;
#7642 = CARTESIAN_POINT ( 'NONE',  ( -45.88039062757600561, 7.056012965964359118, -1.245000000000000107 ) ) ;
#7643 = DIRECTION ( 'NONE',  ( -0.5000000000000001110, 0.8660254037844385966, 0.0000000000000000000 ) ) ;
#7644 = AXIS2_PLACEMENT_3D ( 'NONE', #7541, #990, #3384 ) ;
#7645 = EDGE_CURVE ( 'NONE', #4758, #5092, #775, .T. ) ;
#7646 = PLANE ( 'NONE',  #2340 ) ;
#7647 = EDGE_LOOP ( 'NONE', ( #3928, #4135, #1667, #1478, #412, #179, #3822, #5420, #7102, #3771 ) ) ;
#7648 = ORIENTED_EDGE ( 'NONE', *, *, #1780, .F. ) ;
#7649 = UNCERTAINTY_MEASURE_WITH_UNIT (LENGTH_MEASURE( 1.000000000000000082E-05 ), #1491, 'distance_accuracy_value', 'NONE');
#7650 = DIRECTION ( 'NONE',  ( -0.0000000000000000000, -0.0000000000000000000, -1.000000000000000000 ) ) ;
#7651 = DIRECTION ( 'NONE',  ( 0.0000000000000000000, -1.000000000000000000, -1.047444401652940007E-14 ) ) ;
#7652 = EDGE_CURVE ( 'NONE', #3177, #139, #696, .T. ) ;
#7653 = LINE ( 'NONE', #2254, #3832 ) ;
#7654 = CARTESIAN_POINT ( 'NONE',  ( -22.78039062757601130, 7.056012965964359118, -1.264999999999999902 ) ) ;
#7655 = PLANE ( 'NONE',  #5289 ) ;
#7656 = DIRECTION ( 'NONE',  ( 0.0000000000000000000, 0.0000000000000000000, -1.000000000000000000 ) ) ;
#7657 = ORIENTED_EDGE ( 'NONE', *, *, #195, .F. ) ;
#7658 = ORIENTED_EDGE ( 'NONE', *, *, #4395, .F. ) ;
#7659 = LINE ( 'NONE', #1200, #6179 ) ;
#7660 = ORIENTED_EDGE ( 'NONE', *, *, #1733, .T. ) ;
#7661 = PLANE ( 'NONE',  #685 ) ;
#7662 = CARTESIAN_POINT ( 'NONE',  ( -39.21211990792613022, 7.144113140623238323, 1.218800000000075823 ) ) ;
#7663 = PLANE ( 'NONE',  #6923 ) ;
#7664 = ORIENTED_EDGE ( 'NONE', *, *, #718, .F. ) ;
#7665 = ORIENTED_EDGE ( 'NONE', *, *, #7154, .T. ) ;
#7666 = PLANE ( 'NONE',  #2370 ) ;
#7667 = PRESENTATION_STYLE_ASSIGNMENT (( #6793 ) ) ;
#7668 =( NAMED_UNIT ( * ) SI_UNIT ( $, .STERADIAN. ) SOLID_ANGLE_UNIT ( ) );
#7669 = VECTOR ( 'NONE', #4991, 1000.000000000000000 ) ;
#7670 = DIRECTION ( 'NONE',  ( 0.0000000000000000000, 1.000000000000000000, 0.0000000000000000000 ) ) ;
#7671 = CARTESIAN_POINT ( 'NONE',  ( -28.82731649811005781, -16.30398703403564653, -1.254999999999999893 ) ) ;
#7672 = SURFACE_STYLE_FILL_AREA ( #1764 ) ;
#7673 = VERTEX_POINT ( 'NONE', #6786 ) ;
#7674 = CARTESIAN_POINT ( 'NONE',  ( -21.08039062757600846, -14.00398703403564049, 0.7150000000000003020 ) ) ;
#7675 = LINE ( 'NONE', #6511, #5327 ) ;
#7676 = DIRECTION ( 'NONE',  ( -0.0000000000000000000, 1.000000000000000000, 0.0000000000000000000 ) ) ;
#7677 = CARTESIAN_POINT ( 'NONE',  ( -28.82731649811005781, -17.69395963581152031, -1.042749610596882981 ) ) ;
#7678 = ORIENTED_EDGE ( 'NONE', *, *, #134, .F. ) ;
#7679 = ORIENTED_EDGE ( 'NONE', *, *, #3710, .T. ) ;
#7680 = PLANE ( 'NONE',  #929 ) ;
#7681 = CYLINDRICAL_SURFACE ( 'NONE', #2844, 1.800000000000002931 ) ;
#7682 = EDGE_CURVE ( 'NONE', #3799, #3403, #1675, .T. ) ;
#7683 = FILL_AREA_STYLE ('',( #411 ) ) ;
#7684 = FACE_OUTER_BOUND ( 'NONE', #5503, .T. ) ;
#7685 = ORIENTED_EDGE ( 'NONE', *, *, #1488, .F. ) ;
#7686 = EDGE_CURVE ( 'NONE', #723, #3936, #4954, .T. ) ;
#7687 = VERTEX_POINT ( 'NONE', #6668 ) ;
#7688 = EDGE_CURVE ( 'NONE', #5006, #4063, #4917, .T. ) ;
#7689 = PLANE ( 'NONE',  #4952 ) ;
#7690 = EDGE_LOOP ( 'NONE', ( #1022, #2636 ) ) ;
#7691 = LINE ( 'NONE', #2874, #4622 ) ;
#7692 = EDGE_CURVE ( 'NONE', #5116, #7461, #6115, .T. ) ;
#7693 = EDGE_CURVE ( 'NONE', #5651, #3454, #4390, .T. ) ;
#7694 = CARTESIAN_POINT ( 'NONE',  ( -37.83416990792612467, 6.890163140623345228, -9.118999999999921613 ) ) ;
#7695 = CARTESIAN_POINT ( 'NONE',  ( -30.83651990792612096, 6.890113140623267185, -1.575199999999927547 ) ) ;
#7696 = ORIENTED_EDGE ( 'NONE', *, *, #3267, .F. ) ;
#7697 = ADVANCED_FACE ( 'NONE', ( #4841 ), #3776, .T. ) ;
#7698 = CARTESIAN_POINT ( 'NONE',  ( -35.81130966308334962, 7.407302895780468077, 1.472800000000076714 ) ) ;
#7699 = STYLED_ITEM ( 'NONE', ( #3786 ), #3608 ) ;
#7700 = CARTESIAN_POINT ( 'NONE',  ( -30.83646990792612641, 6.890163140623350557, -9.372999999999926501 ) ) ;
#7701 = CARTESIAN_POINT ( 'NONE',  ( -30.58246990792611797, 7.144163140623349229, -9.372999999999922949 ) ) ;
#7702 = CIRCLE ( 'NONE', #4333, 1.000000000000000888 ) ;
#7703 = ORIENTED_EDGE ( 'NONE', *, *, #6433, .F. ) ;
#7704 = VECTOR ( 'NONE', #2759, 1000.000000000000000 ) ;
#7705 = CARTESIAN_POINT ( 'NONE',  ( -47.08039062757600846, 4.756012965964352190, 1.255000000000000115 ) ) ;
#7706 = LINE ( 'NONE', #7638, #3316 ) ;
#7707 = STYLED_ITEM ( 'NONE', ( #4613 ), #7153 ) ;
#7708 = DIRECTION ( 'NONE',  ( 0.0000000000000000000, 1.000000000000000000, 0.0000000000000000000 ) ) ;
#7709 = CIRCLE ( 'NONE', #6069, 0.5000000000000004441 ) ;
#7710 = CIRCLE ( 'NONE', #3181, 1.000000000000000888 ) ;
#7711 = CARTESIAN_POINT ( 'NONE',  ( -21.08039062757600846, 5.256012965964359296, 1.205000000000000071 ) ) ;
#7712 = DIRECTION ( 'NONE',  ( 0.0000000000000000000, 0.0000000000000000000, -1.000000000000000000 ) ) ;
#7713 = VECTOR ( 'NONE', #2327, 1000.000000000000000 ) ;
#7714 = DIRECTION ( 'NONE',  ( 1.000000000000000000, 0.0000000000000000000, 0.0000000000000000000 ) ) ;
#7715 = VERTEX_POINT ( 'NONE', #6318 ) ;
#7716 = B_SPLINE_CURVE_WITH_KNOTS ( 'NONE', 3,
 ( #5285, #5438, #3048, #5324 ),
 .UNSPECIFIED., .F., .F.,
 ( 4, 4 ),
 ( 0.0000000000000000000, 1.000000000000000000 ),
 .UNSPECIFIED. ) ;
#7717 = UNCERTAINTY_MEASURE_WITH_UNIT (LENGTH_MEASURE( 1.000000000000000082E-05 ), #4553, 'distance_accuracy_value', 'NONE');
#7718 = FACE_OUTER_BOUND ( 'NONE', #5563, .T. ) ;
#7719 = CARTESIAN_POINT ( 'NONE',  ( -40.82732182058472148, -17.99512419977405031, 0.2820932619173211475 ) ) ;
#7720 = DIRECTION ( 'NONE',  ( -0.8660254037844272723, -0.5000000000000197620, -5.237222008264905926E-15 ) ) ;
#7721 =( GEOMETRIC_REPRESENTATION_CONTEXT ( 3 ) GLOBAL_UNCERTAINTY_ASSIGNED_CONTEXT ( ( #1814 ) ) GLOBAL_UNIT_ASSIGNED_CONTEXT ( ( #5136, #6131, #242 ) ) REPRESENTATION_CONTEXT ( 'NONE', 'WORKASPACE' ) );
#7722 = CARTESIAN_POINT ( 'NONE',  ( -22.78039062757601130, 7.056012965964359118, -1.264999999999999902 ) ) ;
#7723 = AXIS2_PLACEMENT_3D ( 'NONE', #3544, #2931, #5873 ) ;
#7724 = SURFACE_SIDE_STYLE ('',( #1126 ) ) ;
#7725 =( NAMED_UNIT ( * ) SI_UNIT ( $, .STERADIAN. ) SOLID_ANGLE_UNIT ( ) );
#7726 = ORIENTED_EDGE ( 'NONE', *, *, #6864, .F. ) ;
#7727 = EDGE_LOOP ( 'NONE', ( #734, #6960, #6059, #1786 ) ) ;
#7728 = CARTESIAN_POINT ( 'NONE',  ( -39.21211990792613022, 7.201313140623236464, 1.472800000000076048 ) ) ;
#7729 = ORIENTED_EDGE ( 'NONE', *, *, #7248, .T. ) ;
#7730 = UNCERTAINTY_MEASURE_WITH_UNIT (LENGTH_MEASURE( 1.000000000000000082E-05 ), #2722, 'distance_accuracy_value', 'NONE');
#7731 = DIRECTION ( 'NONE',  ( -0.0000000000000000000, -0.0000000000000000000, -1.000000000000000000 ) ) ;
#7732 = EDGE_CURVE ( 'NONE', #3403, #5779, #3218, .T. ) ;
#7733 = AXIS2_PLACEMENT_3D ( 'NONE', #1660, #6493, #3514 ) ;
#7734 = VECTOR ( 'NONE', #3496, 1000.000000000000000 ) ;
#7735 = SURFACE_STYLE_USAGE ( .BOTH. , #1716 ) ;
#7736 = EDGE_CURVE ( 'NONE', #5924, #2873, #1558, .T. ) ;
#7737 = SURFACE_STYLE_FILL_AREA ( #6467 ) ;
#7738 = AXIS2_PLACEMENT_3D ( 'NONE', #1651, #4074, #1068 ) ;
#7739 = EDGE_LOOP ( 'NONE', ( #217, #6270, #3620, #1584, #584, #415 ) ) ;
#7740 = EDGE_LOOP ( 'NONE', ( #4054, #6782, #6540, #2663 ) ) ;
#7741 = EDGE_CURVE ( 'NONE', #5555, #1086, #3784, .T. ) ;
#7742 = CARTESIAN_POINT ( 'NONE',  ( -35.91651990792611571, 7.512513140623233276, 1.367589755157312181 ) ) ;
#7743 = SURFACE_STYLE_FILL_AREA ( #3649 ) ;
#7744 = PRESENTATION_STYLE_ASSIGNMENT (( #2912 ) ) ;
#7745 = COLOUR_RGB ( '',0.0000000000000000000, 0.0000000000000000000, 0.0000000000000000000 ) ;
#7746 = VECTOR ( 'NONE', #3036, 1000.000000000000000 ) ;
#7747 = SURFACE_STYLE_USAGE ( .BOTH. , #7556 ) ;
#7748 = LINE ( 'NONE', #7671, #2909 ) ;
#7749 =( NAMED_UNIT ( * ) PLANE_ANGLE_UNIT ( ) SI_UNIT ( $, .RADIAN. ) );
#7750 = EDGE_LOOP ( 'NONE', ( #6581, #5528, #2710, #5750 ) ) ;
#7751 = FACE_OUTER_BOUND ( 'NONE', #7740, .T. ) ;
#7752 = DIRECTION ( 'NONE',  ( 1.000000000000000000, 0.0000000000000000000, 0.0000000000000000000 ) ) ;
#7753 = CARTESIAN_POINT ( 'NONE',  ( -31.02039062757600618, 7.206012965964358585, -1.266000000000000014 ) ) ;
#7754 = AXIS2_PLACEMENT_3D ( 'NONE', #3262, #4968, #3190 ) ;
#7755 = DIRECTION ( 'NONE',  ( 1.000000000000000000, 0.0000000000000000000, 0.0000000000000000000 ) ) ;
#7756 = EDGE_LOOP ( 'NONE', ( #6637, #2294, #1012, #2994 ) ) ;
#7757 = STYLED_ITEM ( 'NONE', ( #730 ), #5855 ) ;
#7758 = CYLINDRICAL_SURFACE ( 'NONE', #690, 0.2539999999999998925 ) ;
#7759 = DIRECTION ( 'NONE',  ( -1.000000000000000000, 0.0000000000000000000, -0.0000000000000000000 ) ) ;
#7760 = CARTESIAN_POINT ( 'NONE',  ( -39.21211990792613022, 6.032913140623263892, -1.244999999999936158 ) ) ;
#7761 = CYLINDRICAL_SURFACE ( 'NONE', #2661, 0.2539999999999998925 ) ;
#7762 = ORIENTED_EDGE ( 'NONE', *, *, #2058, .T. ) ;
#7763 = PLANE ( 'NONE',  #2206 ) ;
#7764 = ORIENTED_EDGE ( 'NONE', *, *, #1877, .F. ) ;
#7765 = ORIENTED_EDGE ( 'NONE', *, *, #7357, .T. ) ;
#7766 = CARTESIAN_POINT ( 'NONE',  ( -28.82731649811005781, -18.28388708950198804, -0.2449552275043978544 ) ) ;
#7767 =( NAMED_UNIT ( * ) SI_UNIT ( $, .STERADIAN. ) SOLID_ANGLE_UNIT ( ) );
#7768 =( NAMED_UNIT ( * ) SI_UNIT ( $, .STERADIAN. ) SOLID_ANGLE_UNIT ( ) );
#7769 = DIRECTION ( 'NONE',  ( 0.0000000000000000000, 0.0000000000000000000, 1.000000000000000000 ) ) ;
#7770 = ORIENTED_EDGE ( 'NONE', *, *, #3467, .T. ) ;
#7771 = VERTEX_POINT ( 'NONE', #7575 ) ;
#7772 =( LENGTH_UNIT ( ) NAMED_UNIT ( * ) SI_UNIT ( .MILLI., .METRE. ) );
#7773 = ORIENTED_EDGE ( 'NONE', *, *, #147, .T. ) ;
#7774 = CARTESIAN_POINT ( 'NONE',  ( -23.78039062757601130, -16.50398703403563871, -1.264999999999999902 ) ) ;
#7775 = CARTESIAN_POINT ( 'NONE',  ( -30.21416990792612722, 6.890163140623288385, -3.530999999999928196 ) ) ;
#7776 = DIRECTION ( 'NONE',  ( 0.0000000000000000000, -1.000000000000000000, -1.047444401652940007E-14 ) ) ;
#7777 = SURFACE_STYLE_FILL_AREA ( #5390 ) ;
#7778 = LINE ( 'NONE', #19, #2547 ) ;
#7779 = ORIENTED_EDGE ( 'NONE', *, *, #2986, .T. ) ;
#7780 = AXIS2_PLACEMENT_3D ( 'NONE', #5229, #7625, #1161 ) ;
#7781 = CARTESIAN_POINT ( 'NONE',  ( -45.88039062757600561, -16.50398703403563871, -1.245000000000000107 ) ) ;
#7782 = EDGE_CURVE ( 'NONE', #2561, #5948, #856, .T. ) ;
#7783 = EDGE_CURVE ( 'NONE', #4692, #4281, #5118, .T. ) ;
#7784 = FACE_OUTER_BOUND ( 'NONE', #1198, .T. ) ;
#7785 = VECTOR ( 'NONE', #378, 1000.000000000000000 ) ;
#7786 = FILL_AREA_STYLE_COLOUR ( '', #5341 ) ;
#7787 = PLANE ( 'NONE',  #4453 ) ;
#7788 = ORIENTED_EDGE ( 'NONE', *, *, #4299, .F. ) ;
#7789 = AXIS2_PLACEMENT_3D ( 'NONE', #6398, #4624, #229 ) ;
#7790 = UNCERTAINTY_MEASURE_WITH_UNIT (LENGTH_MEASURE( 1.000000000000000082E-05 ), #3228, 'distance_accuracy_value', 'NONE');
#7791 = CARTESIAN_POINT ( 'NONE',  ( -47.08039062757600846, -9.643987034035646388, 1.255000000000000115 ) ) ;
#7792 = CARTESIAN_POINT ( 'NONE',  ( -20.98039062757601059, -16.50398703403563871, -0.2349999999999997369 ) ) ;
#7793 = CARTESIAN_POINT ( 'NONE',  ( -32.11401384467410480, 6.032913140623270110, -3.530999999999936634 ) ) ;
#7794 = VECTOR ( 'NONE', #5641, 1000.000000000000114 ) ;
ENDSEC;
END-ISO-10303-21;
