ISO-10303-21;
HEADER;
FILE_DESCRIPTION (( 'STEP AP214' ),
    '1' );
FILE_NAME ('6B32B94C-5F29-461E-87AC-33F4407AC0DD.STEP',
    '2025-10-09T23:52:55',
    ( '' ),
    ( '' ),
    'SwSTEP 2.0',
    'SolidWorks 2022',
    '' );
FILE_SCHEMA (( 'AUTOMOTIVE_DESIGN' ));
ENDSEC;

DATA;
#1 = CIRCLE ( 'NONE', #1968, 1.399999852478509554 ) ;
#2 = LINE ( 'NONE', #7093, #4460 ) ;
#3 = CARTESIAN_POINT ( 'NONE',  ( -1.799805307122310127, 25.00000000000000000, -2.144924440733130044 ) ) ;
#4 = CARTESIAN_POINT ( 'NONE',  ( 4.399999951145479926, 1.099999526143019990, -7.199999851520569649 ) ) ;
#5 = AXIS2_PLACEMENT_3D ( 'NONE', #1037, #494, #4988 ) ;
#6 = ORIENTED_EDGE ( 'NONE', *, *, #4770, .F. ) ;
#7 = VERTEX_POINT ( 'NONE', #6911 ) ;
#8 = DIRECTION ( 'NONE',  ( 0.0000000000000000000, 1.000000000000000000, 0.0000000000000000000 ) ) ;
#9 = ADVANCED_FACE ( 'NONE', ( #4154 ), #920, .T. ) ;
#10 = DIRECTION ( 'NONE',  ( 0.0000000000000000000, 0.0000000000000000000, 1.000000000000000000 ) ) ;
#11 = AXIS2_PLACEMENT_3D ( 'NONE', #2876, #2952, #1798 ) ;
#12 = CARTESIAN_POINT ( 'NONE',  ( 2.343422432170029879, 25.30000000000001137, -1.541073283884879297 ) ) ;
#13 = ADVANCED_FACE ( 'NONE', ( #1956 ), #3622, .T. ) ;
#14 = CARTESIAN_POINT ( 'NONE',  ( -2.499999978626150199, 4.099999999999999645, 7.124999866099100743 ) ) ;
#15 =( LENGTH_UNIT ( ) NAMED_UNIT ( * ) SI_UNIT ( .MILLI., .METRE. ) );
#16 = FACE_OUTER_BOUND ( 'NONE', #2033, .T. ) ;
#17 = ORIENTED_EDGE ( 'NONE', *, *, #2016, .T. ) ;
#18 = VERTEX_POINT ( 'NONE', #401 ) ;
#19 = CARTESIAN_POINT ( 'NONE',  ( 1.450000000000003730, 25.14999999999999858, -2.511473670974865069 ) ) ;
#20 = EDGE_CURVE ( 'NONE', #6488, #5322, #4766, .T. ) ;
#21 = LINE ( 'NONE', #6006, #4391 ) ;
#22 = DIRECTION ( 'NONE',  ( 0.0000000000000000000, 1.000000000000000000, 0.0000000000000000000 ) ) ;
#23 = LINE ( 'NONE', #680, #3414 ) ;
#24 = ORIENTED_EDGE ( 'NONE', *, *, #5878, .T. ) ;
#25 = VECTOR ( 'NONE', #3051, 1000.000000000000000 ) ;
#26 = ORIENTED_EDGE ( 'NONE', *, *, #743, .T. ) ;
#27 = CARTESIAN_POINT ( 'NONE',  ( -2.757461708434179926, 25.14999999999999858, -0.4862148974674024848 ) ) ;
#28 = LINE ( 'NONE', #3353, #3114 ) ;
#29 = DIRECTION ( 'NONE',  ( 0.0000000000000000000, 1.000000000000000000, 0.0000000000000000000 ) ) ;
#30 = AXIS2_PLACEMENT_3D ( 'NONE', #2812, #6653, #5010 ) ;
#31 = EDGE_LOOP ( 'NONE', ( #927, #489, #5011, #5115, #5897, #974 ) ) ;
#32 = FACE_OUTER_BOUND ( 'NONE', #4011, .T. ) ;
#33 = DIRECTION ( 'NONE',  ( 0.0000000000000000000, 1.000000000000000000, 0.0000000000000000000 ) ) ;
#34 = AXIS2_PLACEMENT_3D ( 'NONE', #3566, #4247, #827 ) ;
#35 = CARTESIAN_POINT ( 'NONE',  ( -3.000000000000000444, 25.00000000000000000, 4.334256731713430483E-15 ) ) ;
#36 = CARTESIAN_POINT ( 'NONE',  ( 1.466666666666669894, 25.10000000000000142, -2.540341184434350197 ) ) ;
#37 = CARTESIAN_POINT ( 'NONE',  ( 1.799805307122310349, 18.00000000000000355, 2.144924440733140258 ) ) ;
#38 = EDGE_LOOP ( 'NONE', ( #2819, #3523, #2181, #4596 ) ) ;
#39 = ORIENTED_EDGE ( 'NONE', *, *, #2672, .T. ) ;
#40 = CARTESIAN_POINT ( 'NONE',  ( 2.819077862357721287, 25.00000000000000355, 1.026060429977012189 ) ) ;
#41 = CARTESIAN_POINT ( 'NONE',  ( -2.132023988612059995, 25.00000000000000000, 2.000550032950799917 ) ) ;
#42 = DIRECTION ( 'NONE',  ( 0.0000000000000000000, 0.0000000000000000000, 1.000000000000000000 ) ) ;
#43 = CARTESIAN_POINT ( 'NONE',  ( 5.599999852478511286, 7.700000000000000178, -5.200000000000001066 ) ) ;
#44 = EDGE_CURVE ( 'NONE', #2246, #4132, #1098, .T. ) ;
#45 = CYLINDRICAL_SURFACE ( 'NONE', #2489, 4.453999999999999737 ) ;
#46 = VERTEX_POINT ( 'NONE', #443 ) ;
#47 = CIRCLE ( 'NONE', #4659, 0.5500000000000001554 ) ;
#48 = EDGE_CURVE ( 'NONE', #7024, #4131, #2068, .T. ) ;
#49 = EDGE_CURVE ( 'NONE', #5553, #3109, #986, .T. ) ;
#50 = ORIENTED_EDGE ( 'NONE', *, *, #4787, .F. ) ;
#51 = CARTESIAN_POINT ( 'NONE',  ( -2.249632869080310016, 25.30000000000000071, -1.675018661464670044 ) ) ;
#52 = VECTOR ( 'NONE', #6889, 1000.000000000000114 ) ;
#53 = CARTESIAN_POINT ( 'NONE',  ( -2.499999978626150199, 4.400000000000000355, 6.599999872595070372 ) ) ;
#54 = CARTESIAN_POINT ( 'NONE',  ( 2.424871130596430113, 25.30000000000000071, 1.400000000000009903 ) ) ;
#55 = EDGE_CURVE ( 'NONE', #5775, #1491, #2604, .T. ) ;
#56 = EDGE_LOOP ( 'NONE', ( #1154, #355, #5635, #4797 ) ) ;
#57 = ORIENTED_EDGE ( 'NONE', *, *, #2879, .F. ) ;
#58 = LINE ( 'NONE', #3831, #911 ) ;
#59 = DIRECTION ( 'NONE',  ( -1.000000000000000000, 0.0000000000000000000, -0.0000000000000000000 ) ) ;
#60 = VECTOR ( 'NONE', #5498, 1000.000000000000114 ) ;
#61 = CARTESIAN_POINT ( 'NONE',  ( 2.950000000000000178, -2.500000000000000000, 7.499999852478500095 ) ) ;
#62 = ORIENTED_EDGE ( 'NONE', *, *, #6499, .T. ) ;
#63 = PLANE ( 'NONE',  #1897 ) ;
#64 = FACE_OUTER_BOUND ( 'NONE', #1077, .T. ) ;
#65 = ADVANCED_FACE ( 'NONE', ( #4303 ), #1405, .F. ) ;
#66 = ORIENTED_EDGE ( 'NONE', *, *, #6782, .T. ) ;
#67 = VECTOR ( 'NONE', #5014, 1000.000000000000000 ) ;
#68 = LINE ( 'NONE', #2888, #2741 ) ;
#69 = CARTESIAN_POINT ( 'NONE',  ( 6.750000000000000000, 7.799999999999999822, 1.026460751119010054E-07 ) ) ;
#70 = CIRCLE ( 'NONE', #5598, 3.000000000000000000 ) ;
#71 = CARTESIAN_POINT ( 'NONE',  ( 1.499999999999998890, 25.00000000000000000, -2.598076211353308018 ) ) ;
#72 = EDGE_LOOP ( 'NONE', ( #6717, #1280, #163, #3391 ) ) ;
#73 = ORIENTED_EDGE ( 'NONE', *, *, #2889, .T. ) ;
#74 = DIRECTION ( 'NONE',  ( 0.0000000000000000000, 0.0000000000000000000, 1.000000000000000000 ) ) ;
#75 = FILL_AREA_STYLE ('',( #4418 ) ) ;
#76 = CIRCLE ( 'NONE', #5032, 1.399999852478509998 ) ;
#77 = CARTESIAN_POINT ( 'NONE',  ( -4.099999999999999645, 8.000000000000000000, 5.099999999999999645 ) ) ;
#78 = CARTESIAN_POINT ( 'NONE',  ( 0.5093679878229959712, 25.10000000000000142, -2.888769408835799801 ) ) ;
#79 = B_SPLINE_SURFACE_WITH_KNOTS ( 'NONE', 3, 3, ( 
 ( #2284, #590, #4551, #2757 ),
 ( #4952, #2317, #2786, #4984 ),
 ( #41, #4484, #1747, #4517 ),
 ( #2500, #779, #5238, #2932 ) ),
 .UNSPECIFIED., .F., .F., .F.,
 ( 4, 4 ),
 ( 4, 4 ),
 ( 0.0000000000000000000, 1.000000000000000000 ),
 ( 0.0000000000000000000, 1.000000000000000000 ),
 .UNSPECIFIED. ) ;
#80 = DIRECTION ( 'NONE',  ( 0.0000000000000000000, 0.0000000000000000000, 1.000000000000000000 ) ) ;
#81 = EDGE_LOOP ( 'NONE', ( #6635, #711, #6170, #5748 ) ) ;
#82 = VECTOR ( 'NONE', #4683, 1000.000000000000000 ) ;
#83 = ORIENTED_EDGE ( 'NONE', *, *, #4398, .T. ) ;
#84 = CARTESIAN_POINT ( 'NONE',  ( -0.8120857785415119823, 25.00000000000000000, 2.738900645145910140 ) ) ;
#85 = AXIS2_PLACEMENT_3D ( 'NONE', #1080, #2120, #4323 ) ;
#86 = DIRECTION ( 'NONE',  ( 1.000000000000000000, 0.0000000000000000000, -0.0000000000000000000 ) ) ;
#87 = DIRECTION ( 'NONE',  ( -0.0000000000000000000, -1.000000000000000000, -2.220446049250310123E-16 ) ) ;
#88 = CARTESIAN_POINT ( 'NONE',  ( 6.200000000000001066, 7.799999999999999822, 1.000000102646080080 ) ) ;
#89 = CARTESIAN_POINT ( 'NONE',  ( -7.358883331755660784, -2.058883450219890054, 1.000000102646080080 ) ) ;
#90 = ORIENTED_EDGE ( 'NONE', *, *, #3595, .T. ) ;
#91 = ADVANCED_FACE ( 'NONE', ( #3835 ), #3291, .T. ) ;
#92 = ORIENTED_EDGE ( 'NONE', *, *, #3415, .F. ) ;
#93 = DIRECTION ( 'NONE',  ( 1.021793428552867908E-16, -1.000000000000000000, -6.760187480755030621E-17 ) ) ;
#94 = DIRECTION ( 'NONE',  ( 0.2332523937523069968, -0.0000000000000000000, -0.9724162281702309896 ) ) ;
#95 = DIRECTION ( 'NONE',  ( -1.000000000000000000, 0.0000000000000000000, -0.0000000000000000000 ) ) ;
#96 = EDGE_CURVE ( 'NONE', #2543, #5656, #4974, .T. ) ;
#97 = ADVANCED_FACE ( 'NONE', ( #4377 ), #3868, .F. ) ;
#98 = LINE ( 'NONE', #131, #4899 ) ;
#99 = CARTESIAN_POINT ( 'NONE',  ( 4.200000000000000178, 8.000000000000000000, 5.200000000000001066 ) ) ;
#100 = DIRECTION ( 'NONE',  ( 0.0000000000000000000, 1.000000000000000000, 0.0000000000000000000 ) ) ;
#101 = VERTEX_POINT ( 'NONE', #1634 ) ;
#102 = ADVANCED_FACE ( 'NONE', ( #1123 ), #2709, .T. ) ;
#103 = CARTESIAN_POINT ( 'NONE',  ( -4.400000123892501058, -2.899999912893960197, -6.999999989462749816 ) ) ;
#104 = B_SPLINE_CURVE_WITH_KNOTS ( 'NONE', 3,
 ( #2138, #4346, #3259, #1674 ),
 .UNSPECIFIED., .F., .F.,
 ( 4, 4 ),
 ( 0.0000000000000000000, 0.0004885781678749989872 ),
 .UNSPECIFIED. ) ;
#105 = ADVANCED_FACE ( 'NONE', ( #32 ), #958, .F. ) ;
#106 = LINE ( 'NONE', #6693, #4287 ) ;
#107 = DIRECTION ( 'NONE',  ( 0.0000000000000000000, 0.0000000000000000000, 1.000000000000000000 ) ) ;
#108 = EDGE_LOOP ( 'NONE', ( #5208, #6661, #303, #921 ) ) ;
#109 = ORIENTED_EDGE ( 'NONE', *, *, #4685, .F. ) ;
#110 = LINE ( 'NONE', #1233, #1650 ) ;
#111 = CIRCLE ( 'NONE', #5873, 1.399999852478509998 ) ;
#112 = CARTESIAN_POINT ( 'NONE',  ( -6.199999861419200009, 7.700000000000000178, -5.200000000000001066 ) ) ;
#113 = CARTESIAN_POINT ( 'NONE',  ( -1.924591952779949988, 25.30000000000000071, 2.040216012385970057 ) ) ;
#114 = CARTESIAN_POINT ( 'NONE',  ( 4.200000000000000178, 7.799999999999999822, 6.599999852478505069 ) ) ;
#115 = AXIS2_PLACEMENT_3D ( 'NONE', #4612, #1870, #4068 ) ;
#116 = DIRECTION ( 'NONE',  ( -0.5517714909206801188, 0.0000000000000000000, -0.8339953368018132585 ) ) ;
#117 = ORIENTED_EDGE ( 'NONE', *, *, #2348, .T. ) ;
#118 = AXIS2_PLACEMENT_3D ( 'NONE', #930, #3599, #3086 ) ;
#119 = ORIENTED_EDGE ( 'NONE', *, *, #5128, .T. ) ;
#120 = FACE_OUTER_BOUND ( 'NONE', #4348, .T. ) ;
#121 = CARTESIAN_POINT ( 'NONE',  ( 1.799805307122310127, 25.30000000000000071, -2.144924440733130044 ) ) ;
#122 = PLANE ( 'NONE',  #2231 ) ;
#123 = CARTESIAN_POINT ( 'NONE',  ( -2.424871130596430557, 25.00000000000000000, 1.399999999999999911 ) ) ;
#124 = VECTOR ( 'NONE', #5550, 1000.000000000000114 ) ;
#125 = LINE ( 'NONE', #5947, #3314 ) ;
#126 = VERTEX_POINT ( 'NONE', #5544 ) ;
#127 = ORIENTED_EDGE ( 'NONE', *, *, #3184, .F. ) ;
#128 = DIRECTION ( 'NONE',  ( -0.7071067811865470176, 0.7071067811865480168, 0.0000000000000000000 ) ) ;
#129 = DIRECTION ( 'NONE',  ( -0.9999999999999998890, 0.0000000000000000000, -1.332507709966289905E-08 ) ) ;
#130 = DIRECTION ( 'NONE',  ( 0.0000000000000000000, 1.000000000000000000, 0.0000000000000000000 ) ) ;
#131 = CARTESIAN_POINT ( 'NONE',  ( -2.424871130596429225, 25.00000000000000000, -1.399999999999999023 ) ) ;
#132 = EDGE_CURVE ( 'NONE', #3739, #556, #614, .T. ) ;
#133 = ORIENTED_EDGE ( 'NONE', *, *, #6530, .T. ) ;
#134 = CARTESIAN_POINT ( 'NONE',  ( -4.199999906122680038, 7.700000000000000178, 6.599999852478499740 ) ) ;
#135 = DIRECTION ( 'NONE',  ( -0.0000000000000000000, 0.0000000000000000000, -1.000000000000000000 ) ) ;
#136 = VERTEX_POINT ( 'NONE', #3899 ) ;
#137 = ADVANCED_FACE ( 'NONE', ( #5009 ), #63, .T. ) ;
#138 = ADVANCED_FACE ( 'NONE', ( #1771 ), #2957, .T. ) ;
#139 = CARTESIAN_POINT ( 'NONE',  ( 0.4862148974674044277, 25.30000000000000071, -2.757461708434171932 ) ) ;
#140 = B_SPLINE_SURFACE_WITH_KNOTS ( 'NONE', 3, 3, ( 
 ( #6084, #4344, #2137, #6528 ),
 ( #3258, #2211, #4412, #3837 ),
 ( #1099, #6594, #4380, #6056 ),
 ( #4876, #36, #6023, #3769 ) ),
 .UNSPECIFIED., .F., .F., .F.,
 ( 4, 4 ),
 ( 4, 4 ),
 ( 0.0000000000000000000, 1.000000000000000000 ),
 ( 0.0000000000000000000, 1.000000000000000000 ),
 .UNSPECIFIED. ) ;
#141 = AXIS2_PLACEMENT_3D ( 'NONE', #5216, #2474, #1251 ) ;
#142 = LINE ( 'NONE', #6119, #6910 ) ;
#143 = DIRECTION ( 'NONE',  ( 0.0000000000000000000, 2.220446049250310123E-16, -1.000000000000000000 ) ) ;
#144 = ADVANCED_FACE ( 'NONE', ( #6828 ), #6192, .T. ) ;
#145 = ORIENTED_EDGE ( 'NONE', *, *, #3368, .F. ) ;
#146 = ORIENTED_EDGE ( 'NONE', *, *, #683, .T. ) ;
#147 = CARTESIAN_POINT ( 'NONE',  ( -0.3257922781012559943, 25.30000000000000071, 2.785748544544360161 ) ) ;
#148 = AXIS2_PLACEMENT_3D ( 'NONE', #570, #22, #4964 ) ;
#149 = EDGE_CURVE ( 'NONE', #5747, #5400, #6795, .T. ) ;
#150 = DIRECTION ( 'NONE',  ( -1.332507709966289905E-08, 0.0000000000000000000, 0.9999999999999998890 ) ) ;
#151 = VECTOR ( 'NONE', #2438, 1000.000000000000000 ) ;
#152 = CARTESIAN_POINT ( 'NONE',  ( -1.599999914744069995, 0.7999995261430199456, -6.599999864931620053 ) ) ;
#153 = LINE ( 'NONE', #1889, #6518 ) ;
#154 = EDGE_LOOP ( 'NONE', ( #5795, #6495, #248, #670 ) ) ;
#155 = ADVANCED_FACE ( 'NONE', ( #2380 ), #6762, .T. ) ;
#156 = ORIENTED_EDGE ( 'NONE', *, *, #4394, .F. ) ;
#157 = PLANE ( 'NONE',  #2283 ) ;
#158 = CARTESIAN_POINT ( 'NONE',  ( 1.965914647867190057, 25.00000000000000000, -2.072737236841959874 ) ) ;
#159 =( NAMED_UNIT ( * ) SI_UNIT ( $, .STERADIAN. ) SOLID_ANGLE_UNIT ( ) );
#160 = DIRECTION ( 'NONE',  ( -0.0000000000000000000, -1.000000000000000000, -0.0000000000000000000 ) ) ;
#161 = VECTOR ( 'NONE', #1598, 1000.000000000000000 ) ;
#162 = DIRECTION ( 'NONE',  ( -0.9999999999999997780, 0.0000000000000000000, -1.756208306888519797E-08 ) ) ;
#163 = ORIENTED_EDGE ( 'NONE', *, *, #2318, .T. ) ;
#164 = CARTESIAN_POINT ( 'NONE',  ( 2.424871130596430113, 25.00000000000000000, -1.399999999999989919 ) ) ;
#165 = ORIENTED_EDGE ( 'NONE', *, *, #6582, .F. ) ;
#166 = CARTESIAN_POINT ( 'NONE',  ( 1.599935102374110185, 25.00000000000000000, -2.447025621146579955 ) ) ;
#167 = LINE ( 'NONE', #6757, #4007 ) ;
#168 = FACE_OUTER_BOUND ( 'NONE', #1065, .T. ) ;
#169 = DIRECTION ( 'NONE',  ( -0.4463754028477891489, 0.0000000000000000000, -0.8948457966222302939 ) ) ;
#170 = PRESENTATION_LAYER_ASSIGNMENT (  '', '', ( #7070 ) ) ;
#171 = ORIENTED_EDGE ( 'NONE', *, *, #6956, .F. ) ;
#172 = DIRECTION ( 'NONE',  ( 0.0000000000000000000, -0.0000000000000000000, -1.000000000000000000 ) ) ;
#173 = ORIENTED_EDGE ( 'NONE', *, *, #1330, .T. ) ;
#174 = EDGE_CURVE ( 'NONE', #1290, #3298, #3541, .T. ) ;
#175 = VECTOR ( 'NONE', #802, 1000.000000000000114 ) ;
#176 = DIRECTION ( 'NONE',  ( 0.9999999999999997780, -0.0000000000000000000, 1.756208306888519797E-08 ) ) ;
#177 = CARTESIAN_POINT ( 'NONE',  ( 2.757461708434179926, 25.19999999999999929, -0.4862148974673989876 ) ) ;
#178 = EDGE_CURVE ( 'NONE', #1058, #3678, #4074, .T. ) ;
#179 = ORIENTED_EDGE ( 'NONE', *, *, #5962, .F. ) ;
#180 = VECTOR ( 'NONE', #80, 1000.000000000000000 ) ;
#181 = ORIENTED_EDGE ( 'NONE', *, *, #1623, .T. ) ;
#182 = CARTESIAN_POINT ( 'NONE',  ( -0.1628973968528039939, 25.30000000000000071, 2.800000000000010036 ) ) ;
#183 = ADVANCED_FACE ( 'NONE', ( #6151 ), #4567, .F. ) ;
#184 = CARTESIAN_POINT ( 'NONE',  ( -6.199999861419200009, 7.700000000000000178, -5.200000000000001066 ) ) ;
#185 = AXIS2_PLACEMENT_3D ( 'NONE', #2636, #1991, #6908 ) ;
#186 = DIRECTION ( 'NONE',  ( 0.0000000000000000000, 0.0000000000000000000, 1.000000000000000000 ) ) ;
#187 = CARTESIAN_POINT ( 'NONE',  ( 1.888303403068486415E-15, 25.00000000000000355, 2.800000000000005151 ) ) ;
#188 = EDGE_CURVE ( 'NONE', #5942, #6387, #5116, .T. ) ;
#189 = CARTESIAN_POINT ( 'NONE',  ( 7.931754456707185661E-16, 25.30000000000000071, 2.800000000000010036 ) ) ;
#190 = ADVANCED_FACE ( 'NONE', ( #1840 ), #4040, .T. ) ;
#191 = VERTEX_POINT ( 'NONE', #209 ) ;
#192 = CIRCLE ( 'NONE', #899, 3.000000000000000000 ) ;
#193 = ORIENTED_EDGE ( 'NONE', *, *, #2391, .T. ) ;
#194 = VERTEX_POINT ( 'NONE', #2415 ) ;
#195 = EDGE_CURVE ( 'NONE', #1117, #2682, #4616, .T. ) ;
#196 = LINE ( 'NONE', #1352, #2631 ) ;
#197 = CARTESIAN_POINT ( 'NONE',  ( -2.686853529219519920, 25.30000000000000071, 0.8045829195440630244 ) ) ;
#198 = FACE_OUTER_BOUND ( 'NONE', #2613, .T. ) ;
#199 = LINE ( 'NONE', #3455, #6369 ) ;
#200 = DIRECTION ( 'NONE',  ( -1.000000000000000000, -0.0000000000000000000, 0.0000000000000000000 ) ) ;
#201 = CARTESIAN_POINT ( 'NONE',  ( 2.950000258861110058, 4.099999999999999645, 6.599999852478499740 ) ) ;
#202 = CARTESIAN_POINT ( 'NONE',  ( 1.999999956573760063, -2.900000000000000799, -6.799999891115089845 ) ) ;
#203 = ORIENTED_EDGE ( 'NONE', *, *, #871, .T. ) ;
#204 = VECTOR ( 'NONE', #5083, 999.9999999999998863 ) ;
#205 = CARTESIAN_POINT ( 'NONE',  ( 2.631139338200538802, 25.30000000000000071, -0.9576564013118634699 ) ) ;
#206 = CARTESIAN_POINT ( 'NONE',  ( -2.819077862357719955, 18.00000000000000355, -1.026060429976999977 ) ) ;
#207 = CARTESIAN_POINT ( 'NONE',  ( -1.799805307122309905, 25.00000000000000000, -2.144924440733129600 ) ) ;
#208 = ORIENTED_EDGE ( 'NONE', *, *, #3935, .F. ) ;
#209 = CARTESIAN_POINT ( 'NONE',  ( -4.099999999999999645, 7.700000000000000178, -4.549999999999998934 ) ) ;
#210 = ORIENTED_EDGE ( 'NONE', *, *, #7012, .T. ) ;
#211 = DIRECTION ( 'NONE',  ( 0.4463754028477891489, -0.0000000000000000000, -0.8948457966222302939 ) ) ;
#212 = DIRECTION ( 'NONE',  ( -0.0000000000000000000, -1.000000000000000000, -0.0000000000000000000 ) ) ;
#213 = DIRECTION ( 'NONE',  ( -0.0000000000000000000, 1.000000000000000000, 2.220446049250310123E-16 ) ) ;
#214 = DIRECTION ( 'NONE',  ( 1.776356839400250465E-15, 0.0000000000000000000, 1.000000000000000000 ) ) ;
#215 = ORIENTED_EDGE ( 'NONE', *, *, #2703, .F. ) ;
#216 = ORIENTED_EDGE ( 'NONE', *, *, #2502, .T. ) ;
#217 = CARTESIAN_POINT ( 'NONE',  ( -6.200000000000001066, 7.700000000000001066, 5.199999874830250057 ) ) ;
#218 = CARTESIAN_POINT ( 'NONE',  ( 1.500000000000000000, 18.00000000000000355, 2.598076211353320009 ) ) ;
#219 = FACE_OUTER_BOUND ( 'NONE', #246, .T. ) ;
#220 = CARTESIAN_POINT ( 'NONE',  ( 4.200000000000000178, 7.700000000000000178, 4.729175031953969821 ) ) ;
#221 = AXIS2_PLACEMENT_3D ( 'NONE', #2599, #5880, #5846 ) ;
#222 = ADVANCED_FACE ( 'NONE', ( #2451 ), #1911, .T. ) ;
#223 = EDGE_LOOP ( 'NONE', ( #925, #1110, #90, #1718 ) ) ;
#224 = ORIENTED_EDGE ( 'NONE', *, *, #5321, .F. ) ;
#225 = ORIENTED_EDGE ( 'NONE', *, *, #956, .T. ) ;
#226 = EDGE_CURVE ( 'NONE', #5108, #4465, #3431, .T. ) ;
#227 = EDGE_CURVE ( 'NONE', #3083, #1066, #4718, .T. ) ;
#228 = AXIS2_PLACEMENT_3D ( 'NONE', #857, #5863, #4781 ) ;
#229 = DIRECTION ( 'NONE',  ( -0.0000000000000000000, -1.000000000000000000, -0.0000000000000000000 ) ) ;
#230 = CARTESIAN_POINT ( 'NONE',  ( 2.298133329356939925, 25.00000000000000000, -1.928362829059610206 ) ) ;
#231 = PRESENTATION_STYLE_ASSIGNMENT (( #4601 ) ) ;
#232 = CARTESIAN_POINT ( 'NONE',  ( 2.399999963598591801, -2.900000000000000799, -7.199999887602670512 ) ) ;
#233 = DIRECTION ( 'NONE',  ( -0.0000000000000000000, -1.000000000000000000, -2.220446049250310123E-16 ) ) ;
#234 = LINE ( 'NONE', #4138, #2051 ) ;
#235 = CARTESIAN_POINT ( 'NONE',  ( 2.144924440733139814, 25.30000000000000071, 1.799805307122319897 ) ) ;
#236 = EDGE_CURVE ( 'NONE', #4980, #191, #47, .T. ) ;
#237 = VECTOR ( 'NONE', #2394, 1000.000000000000000 ) ;
#238 = VERTEX_POINT ( 'NONE', #319 ) ;
#239 = DIRECTION ( 'NONE',  ( 0.0000000000000000000, 1.000000000000000000, 0.0000000000000000000 ) ) ;
#240 = ADVANCED_FACE ( 'NONE', ( #3100 ), #4757, .T. ) ;
#241 = B_SPLINE_CURVE_WITH_KNOTS ( 'NONE', 3,
 ( #4535, #6862, #4035, #4677 ),
 .UNSPECIFIED., .F., .F.,
 ( 4, 4 ),
 ( 6.942281208919283290E-19, 0.0004885781678749950840 ),
 .UNSPECIFIED. ) ;
#242 = DIRECTION ( 'NONE',  ( -1.000000000000000000, 0.0000000000000000000, -0.0000000000000000000 ) ) ;
#243 = LINE ( 'NONE', #3056, #5988 ) ;
#244 = AXIS2_PLACEMENT_3D ( 'NONE', #1291, #239, #2445 ) ;
#245 = DIRECTION ( 'NONE',  ( 0.9587633535238182514, -0.0000000000000000000, 0.2842056156020881241 ) ) ;
#246 = EDGE_LOOP ( 'NONE', ( #1964, #357, #3147, #2508 ) ) ;
#247 = DIRECTION ( 'NONE',  ( -0.7071067811865480168, -0.7071067811865470176, 0.0000000000000000000 ) ) ;
#248 = ORIENTED_EDGE ( 'NONE', *, *, #2004, .T. ) ;
#249 = ADVANCED_FACE ( 'NONE', ( #1984 ), #2524, .T. ) ;
#250 = CARTESIAN_POINT ( 'NONE',  ( 2.221528885045035207, 25.14999999999999858, 1.864084068090970048 ) ) ;
#251 = CARTESIAN_POINT ( 'NONE',  ( -1.541073283884879963, 25.30000000000000071, 2.343422432170029879 ) ) ;
#252 = CARTESIAN_POINT ( 'NONE',  ( -2.819077862357730169, 18.00000000000000355, 1.026060429977009969 ) ) ;
#253 = CARTESIAN_POINT ( 'NONE',  ( -2.575425147181570118, 25.30000000000000071, 1.110729883079689895 ) ) ;
#254 = ORIENTED_EDGE ( 'NONE', *, *, #3947, .F. ) ;
#255 = ORIENTED_EDGE ( 'NONE', *, *, #3950, .F. ) ;
#256 = DIRECTION ( 'NONE',  ( 0.0000000000000000000, 0.0000000000000000000, 1.000000000000000000 ) ) ;
#257 = AXIS2_PLACEMENT_3D ( 'NONE', #2035, #4731, #4156 ) ;
#258 = CARTESIAN_POINT ( 'NONE',  ( 4.200000000000000178, 7.700000000000000178, 5.200000000000001066 ) ) ;
#259 = CARTESIAN_POINT ( 'NONE',  ( -2.040216012385970057, 25.30000000000000071, -1.924591952779939996 ) ) ;
#260 = UNCERTAINTY_MEASURE_WITH_UNIT (LENGTH_MEASURE( 1.000000000000000082E-05 ), #3699, 'distance_accuracy_value', 'NONE');
#261 = CARTESIAN_POINT ( 'NONE',  ( 0.1628973968528039939, 25.30000000000000071, 2.800000000000010036 ) ) ;
#262 = ORIENTED_EDGE ( 'NONE', *, *, #2711, .T. ) ;
#263 = ORIENTED_EDGE ( 'NONE', *, *, #6665, .F. ) ;
#264 = EDGE_LOOP ( 'NONE', ( #2333, #2874, #4559, #839 ) ) ;
#265 = AXIS2_PLACEMENT_3D ( 'NONE', #3381, #2945, #6749 ) ;
#266 = CARTESIAN_POINT ( 'NONE',  ( 2.144924440733139814, 25.30000000000000071, -1.799805307122300135 ) ) ;
#267 = CARTESIAN_POINT ( 'NONE',  ( -1.279022955137550044, 25.19999999999999929, 2.540576647598760118 ) ) ;
#268 = CARTESIAN_POINT ( 'NONE',  ( 0.0000000000000000000, 18.00000000000000355, 2.264854970235320762E-15 ) ) ;
#269 = LINE ( 'NONE', #1898, #2257 ) ;
#270 = CARTESIAN_POINT ( 'NONE',  ( -0.4499998949118892422, 4.400000000000000355, 6.599999852478499740 ) ) ;
#271 = EDGE_CURVE ( 'NONE', #2772, #1066, #5875, .T. ) ;
#272 =( GEOMETRIC_REPRESENTATION_CONTEXT ( 3 ) GLOBAL_UNCERTAINTY_ASSIGNED_CONTEXT ( ( #1345 ) ) GLOBAL_UNIT_ASSIGNED_CONTEXT ( ( #6704, #1276, #6165 ) ) REPRESENTATION_CONTEXT ( 'NONE', 'WORKASPACE' ) );
#273 = CARTESIAN_POINT ( 'NONE',  ( 2.575425147181568786, 25.30000000000000071, 1.110729883079689895 ) ) ;
#274 = ORIENTED_EDGE ( 'NONE', *, *, #5847, .T. ) ;
#275 = CARTESIAN_POINT ( 'NONE',  ( -6.749999944034679622, 7.799999999999999822, 0.9999999776482579872 ) ) ;
#276 = CARTESIAN_POINT ( 'NONE',  ( 2.799999999999997158, 25.30000000000000071, 6.317169010117138191E-15 ) ) ;
#277 = CARTESIAN_POINT ( 'NONE',  ( 2.249632869080308684, 25.30000000000000071, 1.675018661464679370 ) ) ;
#278 = EDGE_CURVE ( 'NONE', #521, #1695, #4087, .T. ) ;
#279 = CARTESIAN_POINT ( 'NONE',  ( 2.298133329356930155, 18.00000000000000355, 1.928362829059620198 ) ) ;
#280 = EDGE_CURVE ( 'NONE', #5821, #5583, #5227, .T. ) ;
#281 = ORIENTED_EDGE ( 'NONE', *, *, #3060, .F. ) ;
#282 = CARTESIAN_POINT ( 'NONE',  ( 4.199999953061340108, 0.0000000000000000000, 6.599999852478499740 ) ) ;
#283 = VECTOR ( 'NONE', #5264, 1000.000000000000000 ) ;
#284 = ORIENTED_EDGE ( 'NONE', *, *, #3205, .F. ) ;
#285 = CARTESIAN_POINT ( 'NONE',  ( 5.599999852478511286, 7.799999999999999822, -5.200000000000001066 ) ) ;
#286 = PLANE ( 'NONE',  #5299 ) ;
#287 = MECHANICAL_DESIGN_GEOMETRIC_PRESENTATION_REPRESENTATION (  '', ( #4663 ), #405 ) ;
#288 = LINE ( 'NONE', #2493, #1856 ) ;
#289 = CARTESIAN_POINT ( 'NONE',  ( 5.599999852478511286, 7.700000000000000178, 5.200000000000001066 ) ) ;
#290 = EDGE_CURVE ( 'NONE', #4465, #2883, #6331, .T. ) ;
#291 = VERTEX_POINT ( 'NONE', #943 ) ;
#292 = CARTESIAN_POINT ( 'NONE',  ( 0.8070831705550389756, 25.19999999999999929, 2.704200085285060062 ) ) ;
#293 = ORIENTED_EDGE ( 'NONE', *, *, #583, .F. ) ;
#294 = CARTESIAN_POINT ( 'NONE',  ( 0.4862148974674044277, 25.30000000000000071, -2.757461708434171932 ) ) ;
#295 = VECTOR ( 'NONE', #6039, 1000.000000000000000 ) ;
#296 = CARTESIAN_POINT ( 'NONE',  ( 6.200000000000001066, 7.700000000000001066, -5.200000000000001066 ) ) ;
#297 = LINE ( 'NONE', #6988, #6562 ) ;
#298 = AXIS2_PLACEMENT_3D ( 'NONE', #3710, #4285, #1542 ) ;
#299 = DIRECTION ( 'NONE',  ( 1.000000000000000000, 0.0000000000000000000, -0.0000000000000000000 ) ) ;
#300 = ORIENTED_EDGE ( 'NONE', *, *, #583, .T. ) ;
#301 = ORIENTED_EDGE ( 'NONE', *, *, #1513, .F. ) ;
#302 = EDGE_LOOP ( 'NONE', ( #2347, #5330, #1087, #2498 ) ) ;
#303 = ORIENTED_EDGE ( 'NONE', *, *, #4698, .T. ) ;
#304 = VECTOR ( 'NONE', #4622, 1000.000000000000000 ) ;
#305 = LINE ( 'NONE', #1933, #4702 ) ;
#306 = DIRECTION ( 'NONE',  ( -0.4463754028477891489, 0.0000000000000000000, 0.8948457966222302939 ) ) ;
#307 = DIRECTION ( 'NONE',  ( 0.0000000000000000000, 0.0000000000000000000, 1.000000000000000000 ) ) ;
#308 = CARTESIAN_POINT ( 'NONE',  ( -4.099999999999999645, 7.700000000000000178, -4.549999999999998934 ) ) ;
#309 = DIRECTION ( 'NONE',  ( 0.7071067811865480168, -0.7071067811865470176, 0.0000000000000000000 ) ) ;
#310 = CARTESIAN_POINT ( 'NONE',  ( 0.0000000000000000000, 7.799999999999999822, 0.0000000000000000000 ) ) ;
#311 = ORIENTED_EDGE ( 'NONE', *, *, #683, .F. ) ;
#312 = CARTESIAN_POINT ( 'NONE',  ( 0.5035797152340981686, 25.14999999999999858, -2.855942483735395943 ) ) ;
#313 = CARTESIAN_POINT ( 'NONE',  ( -4.399999988025848907, 0.7999998162062232909, -6.800000000000002487 ) ) ;
#314 = VECTOR ( 'NONE', #694, 1000.000000000000000 ) ;
#315 = LINE ( 'NONE', #5295, #4614 ) ;
#316 = DIRECTION ( 'NONE',  ( 0.0000000000000000000, -3.894754099633603773E-16, 1.000000000000000000 ) ) ;
#317 = ORIENTED_EDGE ( 'NONE', *, *, #3508, .F. ) ;
#318 = EDGE_CURVE ( 'NONE', #5336, #1268, #356, .T. ) ;
#319 = CARTESIAN_POINT ( 'NONE',  ( 1.400000000000004130, 25.30000000000000071, -2.424871130596422564 ) ) ;
#320 = AXIS2_PLACEMENT_3D ( 'NONE', #5577, #1146, #6109 ) ;
#321 = EDGE_LOOP ( 'NONE', ( #1250, #225, #3124, #699 ) ) ;
#322 = FACE_OUTER_BOUND ( 'NONE', #6158, .T. ) ;
#323 = ADVANCED_FACE ( 'NONE', ( #6408 ), #1479, .T. ) ;
#324 = EDGE_CURVE ( 'NONE', #194, #5400, #4275, .T. ) ;
#325 = LINE ( 'NONE', #5770, #1503 ) ;
#326 = VECTOR ( 'NONE', #6355, 1000.000000000000000 ) ;
#327 =( LENGTH_UNIT ( ) NAMED_UNIT ( * ) SI_UNIT ( .MILLI., .METRE. ) );
#328 = CARTESIAN_POINT ( 'NONE',  ( 3.673940397442059868E-16, 18.00000000000000355, -2.999999999999997780 ) ) ;
#329 = DIRECTION ( 'NONE',  ( 0.0000000000000000000, 0.0000000000000000000, 1.000000000000000000 ) ) ;
#330 = EDGE_LOOP ( 'NONE', ( #6014, #2685, #2536, #1570 ) ) ;
#331 = EDGE_LOOP ( 'NONE', ( #6268, #4414, #1525, #2373 ) ) ;
#332 = CARTESIAN_POINT ( 'NONE',  ( 3.599999960086230022, -2.899999526143020034, -6.999999863015750279 ) ) ;
#333 = EDGE_CURVE ( 'NONE', #3386, #4825, #393, .T. ) ;
#334 = FACE_OUTER_BOUND ( 'NONE', #3300, .T. ) ;
#335 = EDGE_CURVE ( 'NONE', #2264, #6233, #4259, .T. ) ;
#336 = CARTESIAN_POINT ( 'NONE',  ( 0.3999999600861749993, -2.899999999999999911, -7.199999933264090046 ) ) ;
#337 = DIRECTION ( 'NONE',  ( 0.0000000000000000000, -1.000000000000000000, 0.0000000000000000000 ) ) ;
#338 = EDGE_LOOP ( 'NONE', ( #2398, #760, #784 ) ) ;
#339 = ORIENTED_EDGE ( 'NONE', *, *, #3149, .F. ) ;
#340 = VERTEX_POINT ( 'NONE', #282 ) ;
#341 = ORIENTED_EDGE ( 'NONE', *, *, #4841, .F. ) ;
#342 = DIRECTION ( 'NONE',  ( 0.0000000000000000000, 0.0000000000000000000, 1.000000000000000000 ) ) ;
#343 = CARTESIAN_POINT ( 'NONE',  ( -2.049999999999999822, -2.500000000000000000, 6.599999872595070372 ) ) ;
#344 = VECTOR ( 'NONE', #2203, 1000.000000000000000 ) ;
#345 = DIRECTION ( 'NONE',  ( -0.5517714909206801188, 0.0000000000000000000, -0.8339953368018132585 ) ) ;
#346 = DIRECTION ( 'NONE',  ( -0.0000000000000000000, -0.0000000000000000000, 1.000000000000000000 ) ) ;
#347 = DIRECTION ( 'NONE',  ( 1.756208373171469421E-08, 0.0000000000000000000, -0.9999999999999997780 ) ) ;
#348 = CARTESIAN_POINT ( 'NONE',  ( 2.757461708434179926, 25.30000000000000071, -0.4862148974673983770 ) ) ;
#349 = AXIS2_PLACEMENT_3D ( 'NONE', #7002, #976, #6897 ) ;
#350 = ORIENTED_EDGE ( 'NONE', *, *, #6499, .F. ) ;
#351 = CARTESIAN_POINT ( 'NONE',  ( 2.279879574323210090, 25.19999999999999929, -1.700758227578720083 ) ) ;
#352 = DIRECTION ( 'NONE',  ( 0.0000000000000000000, 1.000000000000000000, 0.0000000000000000000 ) ) ;
#353 = LINE ( 'NONE', #3716, #1908 ) ;
#354 = CIRCLE ( 'NONE', #3125, 3.000000000000000000 ) ;
#355 = ORIENTED_EDGE ( 'NONE', *, *, #5035, .F. ) ;
#356 = LINE ( 'NONE', #1947, #398 ) ;
#357 = ORIENTED_EDGE ( 'NONE', *, *, #560, .T. ) ;
#358 = AXIS2_PLACEMENT_3D ( 'NONE', #3226, #5458, #492 ) ;
#359 = LINE ( 'NONE', #2027, #440 ) ;
#360 = DIRECTION ( 'NONE',  ( 0.7071067811865480168, -0.7071067811865470176, 0.0000000000000000000 ) ) ;
#361 = ADVANCED_FACE ( 'NONE', ( #2485 ), #6345, .F. ) ;
#362 = FILL_AREA_STYLE_COLOUR ( '', #3171 ) ;
#363 = CARTESIAN_POINT ( 'NONE',  ( 2.799999999999999822, 25.30000000000000071, -0.1628973968527979987 ) ) ;
#364 = DIRECTION ( 'NONE',  ( 1.000000000000000000, 0.0000000000000000000, -0.0000000000000000000 ) ) ;
#365 = ORIENTED_EDGE ( 'NONE', *, *, #1035, .T. ) ;
#366 = VECTOR ( 'NONE', #657, 1000.000000000000000 ) ;
#367 = CARTESIAN_POINT ( 'NONE',  ( 6.474999999999999645, 7.799999999999999822, -6.599999852478499740 ) ) ;
#368 = ADVANCED_FACE ( 'NONE', ( #198 ), #2436, .T. ) ;
#369 = ORIENTED_EDGE ( 'NONE', *, *, #6582, .T. ) ;
#370 = LINE ( 'NONE', #3661, #1763 ) ;
#371 = ADVANCED_FACE ( 'NONE', ( #4669 ), #5143, .T. ) ;
#372 = CARTESIAN_POINT ( 'NONE',  ( 0.4000000405524459790, 0.7999995261430199456, -6.899999858226090410 ) ) ;
#373 = ORIENTED_EDGE ( 'NONE', *, *, #2053, .F. ) ;
#374 = ORIENTED_EDGE ( 'NONE', *, *, #4257, .T. ) ;
#375 = EDGE_CURVE ( 'NONE', #4288, #5869, #6174, .T. ) ;
#376 = VERTEX_POINT ( 'NONE', #1285 ) ;
#377 = ORIENTED_EDGE ( 'NONE', *, *, #6053, .F. ) ;
#378 = DIRECTION ( 'NONE',  ( 0.0000000000000000000, 0.0000000000000000000, -1.000000000000000000 ) ) ;
#379 = CIRCLE ( 'NONE', #5672, 0.4708249680460303566 ) ;
#380 = CARTESIAN_POINT ( 'NONE',  ( -6.199999906181785647, -0.9000000089621909005, -0.9999999799694021529 ) ) ;
#381 = SURFACE_STYLE_FILL_AREA ( #3636 ) ;
#382 = CARTESIAN_POINT ( 'NONE',  ( 1.799805307122310127, 18.00000000000000355, -2.144924440733130044 ) ) ;
#383 = CARTESIAN_POINT ( 'NONE',  ( 4.199999906122680038, 0.0000000000000000000, -6.599999852478499740 ) ) ;
#384 = PLANE ( 'NONE',  #780 ) ;
#385 = EDGE_CURVE ( 'NONE', #191, #1532, #754, .T. ) ;
#386 = PLANE ( 'NONE',  #6118 ) ;
#387 = VECTOR ( 'NONE', #6926, 1000.000000000000000 ) ;
#388 = ORIENTED_EDGE ( 'NONE', *, *, #6922, .F. ) ;
#389 = CARTESIAN_POINT ( 'NONE',  ( 2.247063699815670557, 25.10000000000000142, -1.885510321747180029 ) ) ;
#390 = CARTESIAN_POINT ( 'NONE',  ( 2.399999995848959955, 0.7999995261430199456, -6.599999864931620053 ) ) ;
#391 = CARTESIAN_POINT ( 'NONE',  ( 1.599999961842381468, -2.900000000000000799, -7.199999898139922472 ) ) ;
#392 = ORIENTED_EDGE ( 'NONE', *, *, #6299, .T. ) ;
#393 = LINE ( 'NONE', #2059, #4435 ) ;
#394 = VERTEX_POINT ( 'NONE', #6814 ) ;
#395 = CARTESIAN_POINT ( 'NONE',  ( -2.820790618689620111, 25.10000000000000142, 0.3246931962477609956 ) ) ;
#396 = PLANE ( 'NONE',  #1149 ) ;
#397 = CARTESIAN_POINT ( 'NONE',  ( 2.757461708434179481, 18.00000000000000355, -0.4862148974673989876 ) ) ;
#398 = VECTOR ( 'NONE', #5337, 999.9999999999998863 ) ;
#399 = DIRECTION ( 'NONE',  ( 0.7071067811865480168, -0.7071067811865470176, 0.0000000000000000000 ) ) ;
#400 = ORIENTED_EDGE ( 'NONE', *, *, #5609, .F. ) ;
#401 = CARTESIAN_POINT ( 'NONE',  ( -2.757461708434178149, 18.00000000000000355, -0.4862148974674033175 ) ) ;
#402 = VERTEX_POINT ( 'NONE', #6245 ) ;
#403 = DIRECTION ( 'NONE',  ( 0.9171391875453948073, -0.0000000000000000000, 0.3985670717314378497 ) ) ;
#404 = FILL_AREA_STYLE ('',( #5348 ) ) ;
#405 =( GEOMETRIC_REPRESENTATION_CONTEXT ( 3 ) GLOBAL_UNCERTAINTY_ASSIGNED_CONTEXT ( ( #2288 ) ) GLOBAL_UNIT_ASSIGNED_CONTEXT ( ( #327, #4687, #6336 ) ) REPRESENTATION_CONTEXT ( 'NONE', 'WORKASPACE' ) );
#406 = EDGE_CURVE ( 'NONE', #964, #3799, #5716, .T. ) ;
#407 = CARTESIAN_POINT ( 'NONE',  ( -1.799805307122310127, 25.00000000000000000, 2.144924440733139814 ) ) ;
#408 = CARTESIAN_POINT ( 'NONE',  ( -1.600000039913819894, -2.899999860630309900, -6.999999954338590236 ) ) ;
#409 = MANIFOLD_SOLID_BREP ( 'Encoder pin A', #5239 ) ;
#410 = ORIENTED_EDGE ( 'NONE', *, *, #6217, .F. ) ;
#411 = VECTOR ( 'NONE', #6111, 1000.000000000000000 ) ;
#412 = ORIENTED_EDGE ( 'NONE', *, *, #6965, .F. ) ;
#413 = ADVANCED_FACE ( 'NONE', ( #3454 ), #4173, .F. ) ;
#414 = EDGE_LOOP ( 'NONE', ( #6303, #4948, #1303, #5623 ) ) ;
#415 = EDGE_LOOP ( 'NONE', ( #866, #2776 ) ) ;
#416 = DIRECTION ( 'NONE',  ( 0.0000000000000000000, 1.000000000000000000, -0.0000000000000000000 ) ) ;
#417 = ADVANCED_FACE ( 'NONE', ( #6503 ), #2511, .T. ) ;
#418 = VECTOR ( 'NONE', #6396, 1000.000000000000000 ) ;
#419 = EDGE_CURVE ( 'NONE', #6135, #2108, #931, .T. ) ;
#420 = CARTESIAN_POINT ( 'NONE',  ( -1.110729883079690561, 25.29999999999999005, 2.575425147181570118 ) ) ;
#421 = SURFACE_SIDE_STYLE ('',( #970 ) ) ;
#422 = LINE ( 'NONE', #4319, #5339 ) ;
#423 = FACE_OUTER_BOUND ( 'NONE', #6546, .T. ) ;
#424 = CARTESIAN_POINT ( 'NONE',  ( -0.9576564013118736840, 25.14999999999999858, -2.631139338200540134 ) ) ;
#425 = AXIS2_PLACEMENT_3D ( 'NONE', #5135, #2395, #6772 ) ;
#426 = MANIFOLD_SOLID_BREP ( 'Metal body with mounting pins', #3861 ) ;
#427 = EDGE_CURVE ( 'NONE', #2867, #4490, #6393, .T. ) ;
#428 = ORIENTED_EDGE ( 'NONE', *, *, #2839, .T. ) ;
#429 = LINE ( 'NONE', #3055, #1712 ) ;
#430 = EDGE_CURVE ( 'NONE', #6050, #6444, #3128, .T. ) ;
#431 = CARTESIAN_POINT ( 'NONE',  ( -0.4000000434262412918, -2.899999999999999911, -6.799999929751670891 ) ) ;
#432 = CIRCLE ( 'NONE', #1343, 0.5500000000000001554 ) ;
#433 = CARTESIAN_POINT ( 'NONE',  ( -6.749999944034679622, 7.799999999999999822, 0.9999999776482579872 ) ) ;
#434 = EDGE_LOOP ( 'NONE', ( #2665, #6342, #5601, #4155 ) ) ;
#435 = ORIENTED_EDGE ( 'NONE', *, *, #6400, .T. ) ;
#436 = VECTOR ( 'NONE', #2814, 1000.000000000000000 ) ;
#437 = CARTESIAN_POINT ( 'NONE',  ( 1.110729883079689895, 25.30000000000000071, -2.575425147181559904 ) ) ;
#438 = DIRECTION ( 'NONE',  ( -1.000000000000000000, 0.0000000000000000000, -0.0000000000000000000 ) ) ;
#439 = FACE_OUTER_BOUND ( 'NONE', #3216, .T. ) ;
#440 = VECTOR ( 'NONE', #5877, 1000.000000000000227 ) ;
#441 = CARTESIAN_POINT ( 'NONE',  ( 2.819077862357719955, 25.00000000000000355, -1.026060429976999533 ) ) ;
#442 = ORIENTED_EDGE ( 'NONE', *, *, #7012, .F. ) ;
#443 = CARTESIAN_POINT ( 'NONE',  ( -2.819077862357723063, 18.00000000000000355, -1.026060429977008859 ) ) ;
#444 = ORIENTED_EDGE ( 'NONE', *, *, #1607, .F. ) ;
#445 = CARTESIAN_POINT ( 'NONE',  ( 4.200000000000000178, 8.000000000000000000, 5.670824968046031422 ) ) ;
#446 = CARTESIAN_POINT ( 'NONE',  ( 4.200000000000000178, 7.799999999999999822, 5.200000000000001066 ) ) ;
#447 = VECTOR ( 'NONE', #600, 1000.000000000000227 ) ;
#448 = DIRECTION ( 'NONE',  ( -0.0000000000000000000, 1.000000000000000000, 0.0000000000000000000 ) ) ;
#449 = CARTESIAN_POINT ( 'NONE',  ( 1.258926716115120081, 25.30000000000000071, 2.506319829022840118 ) ) ;
#450 = MANIFOLD_SOLID_BREP ( 'Encoder pin B', #5691 ) ;
#451 = ORIENTED_EDGE ( 'NONE', *, *, #2939, .T. ) ;
#452 = ORIENTED_EDGE ( 'NONE', *, *, #5081, .F. ) ;
#453 = VERTEX_POINT ( 'NONE', #2046 ) ;
#454 = ORIENTED_EDGE ( 'NONE', *, *, #2764, .F. ) ;
#455 = DIRECTION ( 'NONE',  ( -0.0000000000000000000, 1.000000000000000000, 0.0000000000000000000 ) ) ;
#456 = LINE ( 'NONE', #2758, #1621 ) ;
#457 = LINE ( 'NONE', #343, #3237 ) ;
#458 = EDGE_CURVE ( 'NONE', #4662, #46, #4093, .T. ) ;
#459 = FILL_AREA_STYLE ('',( #5396 ) ) ;
#460 = CARTESIAN_POINT ( 'NONE',  ( -1.599999914744069995, 0.7999995261430199456, -6.899999858226090410 ) ) ;
#461 = DIRECTION ( 'NONE',  ( 0.4463754028477891489, 0.0000000000000000000, 0.8948457966222302939 ) ) ;
#462 = ADVANCED_FACE ( 'NONE', ( #1615 ), #6974, .F. ) ;
#463 = EDGE_CURVE ( 'NONE', #4178, #3109, #4390, .T. ) ;
#464 = MANIFOLD_SOLID_BREP ( 'LED Pin 5', #874 ) ;
#465 = VERTEX_POINT ( 'NONE', #43 ) ;
#466 = DIRECTION ( 'NONE',  ( -0.0000000000000000000, -1.000000000000000000, -0.0000000000000000000 ) ) ;
#467 = DIRECTION ( 'NONE',  ( -1.108678353676795239E-16, 1.000000000000000000, 1.168767644329674013E-16 ) ) ;
#468 = DIRECTION ( 'NONE',  ( -0.0000000000000000000, -1.000000000000000000, -2.220446049250310123E-16 ) ) ;
#469 = EDGE_CURVE ( 'NONE', #3774, #3225, #6540, .T. ) ;
#470 = VERTEX_POINT ( 'NONE', #4989 ) ;
#471 = AXIS2_PLACEMENT_3D ( 'NONE', #1573, #3879, #7102 ) ;
#472 = EDGE_CURVE ( 'NONE', #5747, #1559, #5965, .T. ) ;
#473 = ORIENTED_EDGE ( 'NONE', *, *, #3256, .T. ) ;
#474 = CARTESIAN_POINT ( 'NONE',  ( -2.933333333333330017, 25.10000000000000142, 6.194621799450859862E-15 ) ) ;
#475 = CARTESIAN_POINT ( 'NONE',  ( 4.200000000000000178, 7.700000000000000178, 4.729175031953969821 ) ) ;
#476 = VECTOR ( 'NONE', #3380, 1000.000000000000000 ) ;
#477 = CARTESIAN_POINT ( 'NONE',  ( -0.8045829195440600268, 25.30000000000000071, -2.686853529219510150 ) ) ;
#478 = CARTESIAN_POINT ( 'NONE',  ( 1.999999963598589892, -2.900000000000000799, -7.199999891115090200 ) ) ;
#479 = ORIENTED_EDGE ( 'NONE', *, *, #4606, .F. ) ;
#480 = CARTESIAN_POINT ( 'NONE',  ( 2.799999999999999822, 25.30000000000000071, 6.239453398393380862E-15 ) ) ;
#481 = VERTEX_POINT ( 'NONE', #5461 ) ;
#482 = CARTESIAN_POINT ( 'NONE',  ( -2.424871130596430113, 25.30000000000000071, -1.399999999999989919 ) ) ;
#483 = EDGE_CURVE ( 'NONE', #481, #3211, #6064, .T. ) ;
#484 = CARTESIAN_POINT ( 'NONE',  ( 0.5209445330007920205, 18.00000000000000355, -2.954423259036619953 ) ) ;
#485 = CARTESIAN_POINT ( 'NONE',  ( 2.298133329356935484, 25.00000000000000000, -1.928362829059609096 ) ) ;
#486 = CIRCLE ( 'NONE', #3359, 1.400000000000000133 ) ;
#487 = CARTESIAN_POINT ( 'NONE',  ( 0.4500000000000000666, 4.099999999999999645, 7.349999852478499740 ) ) ;
#488 = ORIENTED_EDGE ( 'NONE', *, *, #6127, .F. ) ;
#489 = ORIENTED_EDGE ( 'NONE', *, *, #463, .T. ) ;
#490 = ORIENTED_EDGE ( 'NONE', *, *, #6776, .T. ) ;
#491 = ORIENTED_EDGE ( 'NONE', *, *, #2392, .F. ) ;
#492 = DIRECTION ( 'NONE',  ( 0.0000000000000000000, -0.0000000000000000000, 1.000000000000000000 ) ) ;
#493 = FACE_OUTER_BOUND ( 'NONE', #1770, .T. ) ;
#494 = DIRECTION ( 'NONE',  ( 0.0000000000000000000, 1.000000000000000000, 0.0000000000000000000 ) ) ;
#495 = CARTESIAN_POINT ( 'NONE',  ( 0.6466375168335529722, 25.30000000000000071, -2.729174872324000578 ) ) ;
#496 = CARTESIAN_POINT ( 'NONE',  ( 0.0000000000000000000, 7.799999999999998934, 9.629649721936179265E-31 ) ) ;
#497 = CARTESIAN_POINT ( 'NONE',  ( 4.949314236224470176E-08, 1.099999526143019990, -7.199999851520569649 ) ) ;
#498 = CARTESIAN_POINT ( 'NONE',  ( 2.950000258861110058, 4.400000000000000355, 7.124999856040810542 ) ) ;
#499 = VERTEX_POINT ( 'NONE', #4452 ) ;
#500 = CARTESIAN_POINT ( 'NONE',  ( 6.751617268858200127, -0.8999999798834320552, 1.000000102646080080 ) ) ;
#501 = CARTESIAN_POINT ( 'NONE',  ( 0.0000000000000000000, 18.00000000000000355, 2.264854970235319974E-15 ) ) ;
#502 = LINE ( 'NONE', #6549, #3495 ) ;
#503 = CARTESIAN_POINT ( 'NONE',  ( 0.3401285898181510281, 25.10000000000000142, -2.863884641179589963 ) ) ;
#504 = AXIS2_PLACEMENT_3D ( 'NONE', #3207, #7077, #1659 ) ;
#505 = VERTEX_POINT ( 'NONE', #1038 ) ;
#506 = ADVANCED_FACE ( 'NONE', ( #1716 ), #3371, .T. ) ;
#507 = VERTEX_POINT ( 'NONE', #2727 ) ;
#508 = EDGE_CURVE ( 'NONE', #18, #4662, #4921, .T. ) ;
#509 = CARTESIAN_POINT ( 'NONE',  ( 6.200000000000001066, 0.0000000000000000000, -5.200000000000001066 ) ) ;
#510 = VECTOR ( 'NONE', #1862, 1000.000000000000000 ) ;
#511 = CARTESIAN_POINT ( 'NONE',  ( -4.099999999999999645, 7.700000000000000178, 4.629175031953969288 ) ) ;
#512 = CARTESIAN_POINT ( 'NONE',  ( -0.4862148974674040947, 25.30000000000000071, -2.757461708434182146 ) ) ;
#513 = CARTESIAN_POINT ( 'NONE',  ( 0.3329600436169670163, 25.19999999999999929, 2.824812742722520031 ) ) ;
#514 = ORIENTED_EDGE ( 'NONE', *, *, #1434, .T. ) ;
#515 = FACE_OUTER_BOUND ( 'NONE', #5136, .T. ) ;
#516 = EDGE_CURVE ( 'NONE', #4337, #1805, #3618, .T. ) ;
#517 = FACE_OUTER_BOUND ( 'NONE', #5098, .T. ) ;
#518 = EDGE_CURVE ( 'NONE', #3035, #4328, #2864, .T. ) ;
#519 = LINE ( 'NONE', #5954, #4395 ) ;
#520 = LINE ( 'NONE', #2716, #543 ) ;
#521 = VERTEX_POINT ( 'NONE', #114 ) ;
#522 = VERTEX_POINT ( 'NONE', #187 ) ;
#523 = CARTESIAN_POINT ( 'NONE',  ( -0.9576564013118740171, 25.19999999999999929, -2.631139338200540134 ) ) ;
#524 = AXIS2_PLACEMENT_3D ( 'NONE', #731, #6295, #652 ) ;
#525 = ORIENTED_EDGE ( 'NONE', *, *, #3184, .T. ) ;
#526 = CARTESIAN_POINT ( 'NONE',  ( -1.499999999999999112, 18.00000000000000355, -2.598076211353314680 ) ) ;
#527 = CARTESIAN_POINT ( 'NONE',  ( -2.049999999999999822, -2.500000000000000000, 7.649999854259654342 ) ) ;
#528 = DIRECTION ( 'NONE',  ( -1.000000000000000000, 0.0000000000000000000, -0.0000000000000000000 ) ) ;
#529 = DIRECTION ( 'NONE',  ( 0.9999999999999997780, 0.0000000000000000000, 1.756208373171469421E-08 ) ) ;
#530 = CARTESIAN_POINT ( 'NONE',  ( -0.4499998598825190044, 0.8000000000000000444, 7.649999852478499562 ) ) ;
#531 = CARTESIAN_POINT ( 'NONE',  ( -2.799999999999998490, 25.30000000000000071, 0.1628973968528099892 ) ) ;
#532 = MANIFOLD_SOLID_BREP ( 'LED Pin 2', #5467 ) ;
#533 = ORIENTED_EDGE ( 'NONE', *, *, #2411, .T. ) ;
#534 = AXIS2_PLACEMENT_3D ( 'NONE', #5687, #4036, #316 ) ;
#535 = LINE ( 'NONE', #4364, #2060 ) ;
#536 = DIRECTION ( 'NONE',  ( -0.0000000000000000000, 1.000000000000000000, 0.0000000000000000000 ) ) ;
#537 = LINE ( 'NONE', #2662, #4523 ) ;
#538 = FACE_OUTER_BOUND ( 'NONE', #2223, .T. ) ;
#539 = VECTOR ( 'NONE', #3567, 1000.000000000000000 ) ;
#540 = ORIENTED_EDGE ( 'NONE', *, *, #3333, .F. ) ;
#541 = ORIENTED_EDGE ( 'NONE', *, *, #324, .F. ) ;
#542 = DIRECTION ( 'NONE',  ( 0.0000000000000000000, 0.0000000000000000000, 1.000000000000000000 ) ) ;
#543 = VECTOR ( 'NONE', #2178, 1000.000000000000000 ) ;
#544 = CARTESIAN_POINT ( 'NONE',  ( -1.699870204748209934, 25.00000000000000000, -2.295975030939859884 ) ) ;
#545 = LINE ( 'NONE', #6939, #1567 ) ;
#546 = EDGE_CURVE ( 'NONE', #3808, #5860, #3106, .T. ) ;
#547 = CARTESIAN_POINT ( 'NONE',  ( 0.0000000000000000000, 0.8000000000000000444, 7.649999852478499562 ) ) ;
#548 = AXIS2_PLACEMENT_3D ( 'NONE', #5902, #6397, #973 ) ;
#549 = CARTESIAN_POINT ( 'NONE',  ( -1.799805307122310127, 18.00000000000000355, -2.144924440733130044 ) ) ;
#550 = EDGE_CURVE ( 'NONE', #5108, #521, #6131, .T. ) ;
#551 = ADVANCED_FACE ( 'NONE', ( #5057 ), #4519, .T. ) ;
#552 = AXIS2_PLACEMENT_3D ( 'NONE', #3479, #4734, #1814 ) ;
#553 = CARTESIAN_POINT ( 'NONE',  ( 2.757461708434179926, 25.30000000000000071, 0.4862148974674115887 ) ) ;
#554 = DIRECTION ( 'NONE',  ( -0.0000000000000000000, -1.000000000000000000, -0.0000000000000000000 ) ) ;
#555 = ADVANCED_FACE ( 'NONE', ( #3483 ), #6164, .T. ) ;
#556 = VERTEX_POINT ( 'NONE', #5669 ) ;
#557 = ORIENTED_EDGE ( 'NONE', *, *, #6216, .F. ) ;
#558 = CARTESIAN_POINT ( 'NONE',  ( 4.399999951145479926, 0.7999995261430199456, -6.599999864931620053 ) ) ;
#559 = CIRCLE ( 'NONE', #1595, 0.4708249680460303566 ) ;
#560 = EDGE_CURVE ( 'NONE', #3486, #6354, #1751, .T. ) ;
#561 = CARTESIAN_POINT ( 'NONE',  ( 2.631139338200540134, 25.30000000000000071, -0.9576564013118650243 ) ) ;
#562 = DIRECTION ( 'NONE',  ( -0.7071067811865474617, 0.7071067811865474617, 0.0000000000000000000 ) ) ;
#563 = CARTESIAN_POINT ( 'NONE',  ( -4.199999953061340108, 7.799999999999999822, 6.599999852478499740 ) ) ;
#564 =( LENGTH_UNIT ( ) NAMED_UNIT ( * ) SI_UNIT ( .MILLI., .METRE. ) );
#565 = CARTESIAN_POINT ( 'NONE',  ( -1.799805307122310127, 25.30000000000000071, -2.144924440733130044 ) ) ;
#566 = ORIENTED_EDGE ( 'NONE', *, *, #6922, .T. ) ;
#567 = VERTEX_POINT ( 'NONE', #4150 ) ;
#568 = PLANE ( 'NONE',  #85 ) ;
#569 = DIRECTION ( 'NONE',  ( -0.0000000000000000000, 1.000000000000000000, 2.220446049250310123E-16 ) ) ;
#570 = CARTESIAN_POINT ( 'NONE',  ( 4.200000000000000178, 0.0000000000000000000, -5.200000000000001066 ) ) ;
#571 = ORIENTED_EDGE ( 'NONE', *, *, #2480, .F. ) ;
#572 = ORIENTED_EDGE ( 'NONE', *, *, #3942, .F. ) ;
#573 = DIRECTION ( 'NONE',  ( 1.756208234393599945E-08, 0.0000000000000000000, -0.9999999999999998890 ) ) ;
#574 = CARTESIAN_POINT ( 'NONE',  ( -1.560692439513249985, 25.19999999999999929, -2.377954694971930127 ) ) ;
#575 = CARTESIAN_POINT ( 'NONE',  ( 0.0000000000000000000, -2.500000000000000000, 7.649999852478499562 ) ) ;
#576 = AXIS2_PLACEMENT_3D ( 'NONE', #1698, #3895, #610 ) ;
#577 = ORIENTED_EDGE ( 'NONE', *, *, #5529, .F. ) ;
#578 = DIRECTION ( 'NONE',  ( 1.000000000000000000, 0.0000000000000000000, -0.0000000000000000000 ) ) ;
#579 = CARTESIAN_POINT ( 'NONE',  ( 0.0000000000000000000, 16.39999999999999858, 3.000000000000001776 ) ) ;
#580 = AXIS2_PLACEMENT_3D ( 'NONE', #5142, #6244, #1313 ) ;
#581 = CARTESIAN_POINT ( 'NONE',  ( 3.673940397442059868E-16, 16.39999999999999858, -2.999999999999998224 ) ) ;
#582 = CARTESIAN_POINT ( 'NONE',  ( 0.9576564013118732399, 18.00000000000000355, -2.631139338200537914 ) ) ;
#583 = EDGE_CURVE ( 'NONE', #4382, #238, #738, .T. ) ;
#584 = CARTESIAN_POINT ( 'NONE',  ( 1.714505518806266042E-16, 25.30000000000000071, -2.799999999999990052 ) ) ;
#585 = ADVANCED_FACE ( 'NONE', ( #4724 ), #4554, .T. ) ;
#586 = VECTOR ( 'NONE', #2510, 1000.000000000000000 ) ;
#587 = ORIENTED_EDGE ( 'NONE', *, *, #3159, .F. ) ;
#588 = ORIENTED_EDGE ( 'NONE', *, *, #6607, .F. ) ;
#589 = LINE ( 'NONE', #2282, #5904 ) ;
#590 = CARTESIAN_POINT ( 'NONE',  ( -1.799805307122310127, 25.10000000000000142, 2.144924440733139814 ) ) ;
#591 = EDGE_CURVE ( 'NONE', #481, #2813, #3975, .T. ) ;
#592 = AXIS2_PLACEMENT_3D ( 'NONE', #1953, #5735, #4653 ) ;
#593 = DIRECTION ( 'NONE',  ( -0.8037388030040977238, 0.0000000000000000000, 0.5949822993548128380 ) ) ;
#594 = DIRECTION ( 'NONE',  ( -0.0000000000000000000, -1.000000000000000000, -2.220446049250310123E-16 ) ) ;
#595 = CARTESIAN_POINT ( 'NONE',  ( 0.8070831705550409740, 25.19999999999999929, -2.704200085285049848 ) ) ;
#596 = FACE_OUTER_BOUND ( 'NONE', #72, .T. ) ;
#597 = EDGE_CURVE ( 'NONE', #6838, #6516, #2898, .T. ) ;
#598 = ORIENTED_EDGE ( 'NONE', *, *, #4823, .T. ) ;
#599 = ORIENTED_EDGE ( 'NONE', *, *, #550, .F. ) ;
#600 = DIRECTION ( 'NONE',  ( 0.9999999999999997780, 0.0000000000000000000, 1.756208303782529389E-08 ) ) ;
#601 = LINE ( 'NONE', #5569, #5417 ) ;
#602 = LINE ( 'NONE', #2802, #3156 ) ;
#603 = CARTESIAN_POINT ( 'NONE',  ( 2.049999999999999822, -2.500000000000000444, 7.349999852478499740 ) ) ;
#604 = ADVANCED_FACE ( 'NONE', ( #439 ), #2030, .F. ) ;
#605 = EDGE_LOOP ( 'NONE', ( #2645, #5506, #2107, #3703 ) ) ;
#606 = B_SPLINE_SURFACE_WITH_KNOTS ( 'NONE', 3, 3, ( 
 ( #6412, #4296, #4798, #6977 ),
 ( #4833, #4225, #5910, #3142 ),
 ( #1019, #4759, #1482, #5845 ),
 ( #3212, #4865, #1986, #913 ) ),
 .UNSPECIFIED., .F., .F., .F.,
 ( 4, 4 ),
 ( 4, 4 ),
 ( 0.0000000000000000000, 1.000000000000000000 ),
 ( 0.0000000000000000000, 1.000000000000000000 ),
 .UNSPECIFIED. ) ;
#607 = VECTOR ( 'NONE', #2390, 1000.000000000000000 ) ;
#608 = EDGE_LOOP ( 'NONE', ( #5914, #488, #4371, #4632 ) ) ;
#609 = PLANE ( 'NONE',  #320 ) ;
#610 = DIRECTION ( 'NONE',  ( 0.0000000000000000000, 0.0000000000000000000, 1.000000000000000000 ) ) ;
#611 = DIRECTION ( 'NONE',  ( -0.0000000000000000000, -1.000000000000000000, -0.0000000000000000000 ) ) ;
#612 = AXIS2_PLACEMENT_3D ( 'NONE', #6512, #1625, #1585 ) ;
#613 = ORIENTED_EDGE ( 'NONE', *, *, #2656, .F. ) ;
#614 = LINE ( 'NONE', #6557, #161 ) ;
#615 = CARTESIAN_POINT ( 'NONE',  ( -2.950000000000000178, 4.099999999999999645, 6.599999872595070372 ) ) ;
#616 = EDGE_LOOP ( 'NONE', ( #5046, #3191 ) ) ;
#617 = AXIS2_PLACEMENT_3D ( 'NONE', #1723, #3954, #1212 ) ;
#618 = CARTESIAN_POINT ( 'NONE',  ( 4.099999999999999645, 7.700000000000000178, -5.099999999999999645 ) ) ;
#619 = CARTESIAN_POINT ( 'NONE',  ( -1.799805307122310127, 25.30000000000000071, 2.144924440733139814 ) ) ;
#620 = LINE ( 'NONE', #2278, #67 ) ;
#621 = AXIS2_PLACEMENT_3D ( 'NONE', #667, #1683, #6065 ) ;
#622 = EDGE_LOOP ( 'NONE', ( #3061, #3713, #7064, #1844 ) ) ;
#623 = ORIENTED_EDGE ( 'NONE', *, *, #3006, .F. ) ;
#624 = CARTESIAN_POINT ( 'NONE',  ( 6.200000000000001066, 7.700000000000000178, -0.9999998973539252489 ) ) ;
#625 = DIRECTION ( 'NONE',  ( 0.0000000000000000000, -2.220446049250310123E-16, 1.000000000000000000 ) ) ;
#626 = EDGE_CURVE ( 'NONE', #5810, #3513, #4549, .T. ) ;
#627 = DIRECTION ( 'NONE',  ( 0.0000000000000000000, 0.0000000000000000000, 1.000000000000000000 ) ) ;
#628 = FACE_OUTER_BOUND ( 'NONE', #6671, .T. ) ;
#629 = SURFACE_STYLE_FILL_AREA ( #5997 ) ;
#630 = DIRECTION ( 'NONE',  ( 0.0000000000000000000, -3.894754099633603773E-16, 1.000000000000000000 ) ) ;
#631 = EDGE_CURVE ( 'NONE', #1175, #1841, #2601, .T. ) ;
#632 = AXIS2_PLACEMENT_3D ( 'NONE', #3930, #6019, #6113 ) ;
#633 = ORIENTED_EDGE ( 'NONE', *, *, #5313, .F. ) ;
#634 = EDGE_CURVE ( 'NONE', #2647, #3223, #1850, .T. ) ;
#635 = DIRECTION ( 'NONE',  ( -0.7071067811865470176, -0.7071067811865480168, 0.0000000000000000000 ) ) ;
#636 = VECTOR ( 'NONE', #6742, 1000.000000000000114 ) ;
#637 = LINE ( 'NONE', #4428, #4498 ) ;
#638 = CYLINDRICAL_SURFACE ( 'NONE', #617, 1.399999852478509554 ) ;
#639 = LINE ( 'NONE', #123, #295 ) ;
#640 = DIRECTION ( 'NONE',  ( -0.06085045982041751428, 2.216331326839670147E-16, -0.9981468937684692122 ) ) ;
#641 = ORIENTED_EDGE ( 'NONE', *, *, #949, .F. ) ;
#642 = ADVANCED_FACE ( 'NONE', ( #6979 ), #4835, .T. ) ;
#643 = VECTOR ( 'NONE', #4999, 1000.000000000000000 ) ;
#644 = ORIENTED_EDGE ( 'NONE', *, *, #6262, .T. ) ;
#645 = LINE ( 'NONE', #6756, #7022 ) ;
#646 = EDGE_CURVE ( 'NONE', #1297, #890, #4264, .T. ) ;
#647 = LINE ( 'NONE', #2806, #6071 ) ;
#648 = CARTESIAN_POINT ( 'NONE',  ( -1.799805307122310127, 25.10000000000000142, -2.144924440733130044 ) ) ;
#649 = VECTOR ( 'NONE', #346, 1000.000000000000000 ) ;
#650 = CARTESIAN_POINT ( 'NONE',  ( -2.049999999999999822, -2.500000000000000000, 7.349999852478499740 ) ) ;
#651 = ORIENTED_EDGE ( 'NONE', *, *, #5919, .F. ) ;
#652 = DIRECTION ( 'NONE',  ( 0.0000000000000000000, 0.0000000000000000000, 1.000000000000000000 ) ) ;
#653 = CARTESIAN_POINT ( 'NONE',  ( -1.500000000000000000, 18.00000000000000355, 2.598076211353320009 ) ) ;
#654 = ORIENTED_EDGE ( 'NONE', *, *, #1706, .T. ) ;
#655 = VECTOR ( 'NONE', #1064, 1000.000000000000000 ) ;
#656 = CARTESIAN_POINT ( 'NONE',  ( -6.749999925336588547, -0.9000000186980938732, 1.000000040147168923 ) ) ;
#657 = DIRECTION ( 'NONE',  ( 0.0000000000000000000, 0.0000000000000000000, -1.000000000000000000 ) ) ;
#658 = VECTOR ( 'NONE', #4529, 1000.000000000000000 ) ;
#659 = CARTESIAN_POINT ( 'NONE',  ( -4.099999999999999645, 7.799999999999999822, 5.099999999999999645 ) ) ;
#660 = ORIENTED_EDGE ( 'NONE', *, *, #1388, .T. ) ;
#661 = ORIENTED_EDGE ( 'NONE', *, *, #3197, .F. ) ;
#662 = DIRECTION ( 'NONE',  ( -0.1134003845412980271, -0.0000000000000000000, 0.9935493710862512984 ) ) ;
#663 = CARTESIAN_POINT ( 'NONE',  ( 2.819077862357719955, 25.00000000000000000, -1.026060429976999977 ) ) ;
#664 = VECTOR ( 'NONE', #5706, 1000.000000000000000 ) ;
#665 = PLANE ( 'NONE',  #831 ) ;
#666 = DIRECTION ( 'NONE',  ( -0.0000000000000000000, -1.000000000000000000, -2.220446049250310123E-16 ) ) ;
#667 = CARTESIAN_POINT ( 'NONE',  ( 0.0000000000000000000, 0.0000000000000000000, 0.0000000000000000000 ) ) ;
#668 = B_SPLINE_SURFACE_WITH_KNOTS ( 'NONE', 3, 3, ( 
 ( #4160, #1927, #6383, #3117 ),
 ( #4273, #3627, #3185, #259 ),
 ( #2679, #3331, #1128, #4444 ),
 ( #3, #5518, #3220, #6624 ) ),
 .UNSPECIFIED., .F., .F., .F.,
 ( 4, 4 ),
 ( 4, 4 ),
 ( 0.0000000000000000000, 1.000000000000000000 ),
 ( 0.0000000000000000000, 1.000000000000000000 ),
 .UNSPECIFIED. ) ;
#669 = LINE ( 'NONE', #4424, #6514 ) ;
#670 = ORIENTED_EDGE ( 'NONE', *, *, #3784, .F. ) ;
#671 = VECTOR ( 'NONE', #1407, 1000.000000000000114 ) ;
#672 = ORIENTED_EDGE ( 'NONE', *, *, #6998, .F. ) ;
#673 = ORIENTED_EDGE ( 'NONE', *, *, #44, .F. ) ;
#674 = ADVANCED_FACE ( 'NONE', ( #4228 ), #3719, .F. ) ;
#675 = DIRECTION ( 'NONE',  ( 0.0000000000000000000, 0.0000000000000000000, 1.000000000000000000 ) ) ;
#676 = AXIS2_PLACEMENT_3D ( 'NONE', #5785, #3162, #2044 ) ;
#677 = DIRECTION ( 'NONE',  ( 1.000000000000000000, 0.0000000000000000000, 0.0000000000000000000 ) ) ;
#678 =( NAMED_UNIT ( * ) PLANE_ANGLE_UNIT ( ) SI_UNIT ( $, .RADIAN. ) );
#679 = DIRECTION ( 'NONE',  ( 0.0000000000000000000, 1.000000000000000000, 0.0000000000000000000 ) ) ;
#680 = CARTESIAN_POINT ( 'NONE',  ( 1.228828200655935454, 25.00000000000000000, -2.614607774776925631 ) ) ;
#681 = DIRECTION ( 'NONE',  ( 0.9999999999999998890, 0.0000000000000000000, 1.756208373171469752E-08 ) ) ;
#682 = EDGE_CURVE ( 'NONE', #1787, #2990, #6484, .T. ) ;
#683 = EDGE_CURVE ( 'NONE', #1290, #5311, #1056, .T. ) ;
#684 = ORIENTED_EDGE ( 'NONE', *, *, #1741, .T. ) ;
#685 = DIRECTION ( 'NONE',  ( -0.7071067811865480168, -0.7071067811865470176, 0.0000000000000000000 ) ) ;
#686 = PLANE ( 'NONE',  #1240 ) ;
#687 = CARTESIAN_POINT ( 'NONE',  ( -1.500000000000000000, 25.00000000000000000, -2.598076211353309795 ) ) ;
#688 = DIRECTION ( 'NONE',  ( -0.5517714909206801188, 0.0000000000000000000, 0.8339953368018132585 ) ) ;
#689 = EDGE_CURVE ( 'NONE', #5322, #6143, #3251, .T. ) ;
#690 = VERTEX_POINT ( 'NONE', #982 ) ;
#691 = CARTESIAN_POINT ( 'NONE',  ( -2.298133329356930155, 25.00000000000000000, 1.928362829059620198 ) ) ;
#692 = CARTESIAN_POINT ( 'NONE',  ( 2.819077862357719955, 18.00000000000000355, -1.026060429976999977 ) ) ;
#693 = EDGE_LOOP ( 'NONE', ( #1641, #4719, #5389, #203, #2213, #3963 ) ) ;
#694 = DIRECTION ( 'NONE',  ( 0.0000000000000000000, 0.0000000000000000000, -1.000000000000000000 ) ) ;
#695 = VECTOR ( 'NONE', #6869, 1000.000000000000114 ) ;
#696 = DIRECTION ( 'NONE',  ( -0.7071067811865474617, -0.7071067811865474617, -0.0000000000000000000 ) ) ;
#697 = CARTESIAN_POINT ( 'NONE',  ( -2.693785512919599778, 25.19999999999999929, 0.9804577442002548882 ) ) ;
#698 = ADVANCED_FACE ( 'NONE', ( #2705 ), #5480, .T. ) ;
#699 = ORIENTED_EDGE ( 'NONE', *, *, #6171, .F. ) ;
#700 = VERTEX_POINT ( 'NONE', #6017 ) ;
#701 = LINE ( 'NONE', #5018, #728 ) ;
#702 = VECTOR ( 'NONE', #842, 1000.000000000000227 ) ;
#703 = FACE_OUTER_BOUND ( 'NONE', #6267, .T. ) ;
#704 = DIRECTION ( 'NONE',  ( 0.9935493710862514094, -2.517994358381920668E-17, 0.1134003845412980410 ) ) ;
#705 = DIRECTION ( 'NONE',  ( 1.000000000000000000, -0.0000000000000000000, 0.0000000000000000000 ) ) ;
#706 = VECTOR ( 'NONE', #869, 1000.000000000000000 ) ;
#707 = CARTESIAN_POINT ( 'NONE',  ( 2.999999999999999556, 25.00000000000000000, 4.681201426908791113E-15 ) ) ;
#708 = ORIENTED_EDGE ( 'NONE', *, *, #1162, .F. ) ;
#709 = EDGE_LOOP ( 'NONE', ( #708, #490, #1423, #4383 ) ) ;
#710 = MECHANICAL_DESIGN_GEOMETRIC_PRESENTATION_REPRESENTATION (  '', ( #1160 ), #6903 ) ;
#711 = ORIENTED_EDGE ( 'NONE', *, *, #4510, .F. ) ;
#712 = CARTESIAN_POINT ( 'NONE',  ( -2.506319829022828571, 25.30000000000000071, -1.258926716115109645 ) ) ;
#713 = FACE_OUTER_BOUND ( 'NONE', #5319, .T. ) ;
#714 = CARTESIAN_POINT ( 'NONE',  ( -1.138437600874580014, 25.00000000000000000, 2.620118295918139939 ) ) ;
#715 = DIRECTION ( 'NONE',  ( 0.9999999999999997780, 0.0000000000000000000, 1.756208234393599614E-08 ) ) ;
#716 = B_SPLINE_SURFACE_WITH_KNOTS ( 'NONE', 3, 3, ( 
 ( #3079, #3187, #4737, #3664 ),
 ( #5857, #5384, #2643, #449 ),
 ( #4845, #3155, #5893, #4274 ),
 ( #6989, #1565, #924, #3118 ) ),
 .UNSPECIFIED., .F., .F., .F.,
 ( 4, 4 ),
 ( 4, 4 ),
 ( 0.0000000000000000000, 1.000000000000000000 ),
 ( 0.0000000000000000000, 1.000000000000000000 ),
 .UNSPECIFIED. ) ;
#717 = DIRECTION ( 'NONE',  ( 1.756208306888520128E-08, 0.0000000000000000000, -0.9999999999999998890 ) ) ;
#718 = VECTOR ( 'NONE', #5111, 1000.000000000000114 ) ;
#719 = CARTESIAN_POINT ( 'NONE',  ( 2.049999999999999822, 4.099999999999999645, 7.499999852478500095 ) ) ;
#720 = EDGE_LOOP ( 'NONE', ( #4105, #2362, #193, #1139 ) ) ;
#721 = FACE_OUTER_BOUND ( 'NONE', #4560, .T. ) ;
#722 = ORIENTED_EDGE ( 'NONE', *, *, #992, .T. ) ;
#723 = PLANE ( 'NONE',  #2558 ) ;
#724 = CARTESIAN_POINT ( 'NONE',  ( -6.199999861419200009, 7.799999999999999822, 0.9999999776482579872 ) ) ;
#725 = EDGE_CURVE ( 'NONE', #1797, #402, #1093, .T. ) ;
#726 = CARTESIAN_POINT ( 'NONE',  ( 1.714505518806266042E-16, 25.30000000000000071, -2.799999999999990052 ) ) ;
#727 = LINE ( 'NONE', #6588, #6840 ) ;
#728 = VECTOR ( 'NONE', #5055, 1000.000000000000000 ) ;
#729 = EDGE_LOOP ( 'NONE', ( #3704, #767, #5934, #1116 ) ) ;
#730 = EDGE_CURVE ( 'NONE', #4857, #5767, #545, .T. ) ;
#731 = CARTESIAN_POINT ( 'NONE',  ( 4.099999999999999645, 7.700000000000000178, -5.099999999999999645 ) ) ;
#732 = CYLINDRICAL_SURFACE ( 'NONE', #1356, 1.399999852478509998 ) ;
#733 = EDGE_CURVE ( 'NONE', #6919, #6686, #948, .T. ) ;
#734 = AXIS2_PLACEMENT_3D ( 'NONE', #6913, #3112, #3219 ) ;
#735 = DIRECTION ( 'NONE',  ( -0.9999999999999997780, 0.0000000000000000000, -1.756208373171469421E-08 ) ) ;
#736 = DIRECTION ( 'NONE',  ( 0.0000000000000000000, -1.000000000000000000, -0.0000000000000000000 ) ) ;
#737 = B_SPLINE_CURVE_WITH_KNOTS ( 'NONE', 3,
 ( #2405, #5604, #4566, #1828 ),
 .UNSPECIFIED., .F., .F.,
 ( 4, 4 ),
 ( 0.0000000000000000000, 0.0004885781678749972524 ),
 .UNSPECIFIED. ) ;
#738 = B_SPLINE_CURVE_WITH_KNOTS ( 'NONE', 3,
 ( #5132, #1409, #3068, #2529 ),
 .UNSPECIFIED., .F., .F.,
 ( 4, 4 ),
 ( 0.0000000000000000000, 0.0004885781678749906388 ),
 .UNSPECIFIED. ) ;
#739 = ORIENTED_EDGE ( 'NONE', *, *, #865, .T. ) ;
#740 = ORIENTED_EDGE ( 'NONE', *, *, #6654, .F. ) ;
#741 = DIRECTION ( 'NONE',  ( -1.000000000000000000, 0.0000000000000000000, -0.0000000000000000000 ) ) ;
#742 = AXIS2_PLACEMENT_3D ( 'NONE', #4782, #6815, #307 ) ;
#743 = EDGE_CURVE ( 'NONE', #2523, #2026, #727, .T. ) ;
#744 = DIRECTION ( 'NONE',  ( -0.9999999999999998890, 0.0000000000000000000, -1.332507709966289905E-08 ) ) ;
#745 = EDGE_CURVE ( 'NONE', #6380, #2191, #3390, .T. ) ;
#746 = CIRCLE ( 'NONE', #4760, 3.000000000000000000 ) ;
#747 = FACE_BOUND ( 'NONE', #2992, .T. ) ;
#748 = CARTESIAN_POINT ( 'NONE',  ( 1.799805307122310127, 18.00000000000000355, -2.144924440733130044 ) ) ;
#749 = ORIENTED_EDGE ( 'NONE', *, *, #6786, .F. ) ;
#750 = ORIENTED_EDGE ( 'NONE', *, *, #1153, .F. ) ;
#751 = ORIENTED_EDGE ( 'NONE', *, *, #5045, .F. ) ;
#752 = DIRECTION ( 'NONE',  ( 1.000000000000000000, 0.0000000000000000000, 0.0000000000000000000 ) ) ;
#753 = DIRECTION ( 'NONE',  ( 0.0000000000000000000, 0.0000000000000000000, -1.000000000000000000 ) ) ;
#754 = LINE ( 'NONE', #4135, #5575 ) ;
#755 = CARTESIAN_POINT ( 'NONE',  ( -3.599999955935133666, 0.7999999128939571102, -7.199999989462749994 ) ) ;
#756 = VECTOR ( 'NONE', #2570, 1000.000000000000227 ) ;
#757 = DIRECTION ( 'NONE',  ( -3.552713678800500929E-15, 0.0000000000000000000, 1.000000000000000000 ) ) ;
#758 = CARTESIAN_POINT ( 'NONE',  ( -3.000000000000000000, 25.00000000000000000, 5.551115123125780336E-15 ) ) ;
#759 = CARTESIAN_POINT ( 'NONE',  ( 1.799805307122310127, 25.19999999999999929, 2.144924440733139814 ) ) ;
#760 = ORIENTED_EDGE ( 'NONE', *, *, #2217, .F. ) ;
#761 = FACE_OUTER_BOUND ( 'NONE', #876, .T. ) ;
#762 = CARTESIAN_POINT ( 'NONE',  ( -1.959111205433655689, 14.80000000000000071, 3.999999910593036390 ) ) ;
#763 = CARTESIAN_POINT ( 'NONE',  ( -0.4862148974674040947, 25.30000000000000071, -2.757461708434182146 ) ) ;
#764 = DIRECTION ( 'NONE',  ( -0.06085045982041751428, -2.216331326839670147E-16, 0.9981468937684692122 ) ) ;
#765 = VECTOR ( 'NONE', #169, 1000.000000000000000 ) ;
#766 = CARTESIAN_POINT ( 'NONE',  ( -2.382625196849930127, 25.00000000000000000, 1.576120943019879928 ) ) ;
#767 = ORIENTED_EDGE ( 'NONE', *, *, #634, .F. ) ;
#768 = CARTESIAN_POINT ( 'NONE',  ( -5.599999999999999645, 7.799999999999999822, -5.200000000000001066 ) ) ;
#769 = CIRCLE ( 'NONE', #4794, 3.000000000000000000 ) ;
#770 = CARTESIAN_POINT ( 'NONE',  ( -2.631139338200538802, 25.30000000000000071, -0.9576564013118654684 ) ) ;
#771 = ADVANCED_FACE ( 'NONE', ( #2881 ), #4438, .T. ) ;
#772 = CARTESIAN_POINT ( 'NONE',  ( -2.687675618437289859, 25.00000000000000000, 1.150706953318010095 ) ) ;
#773 = ORIENTED_EDGE ( 'NONE', *, *, #4545, .T. ) ;
#774 = EDGE_CURVE ( 'NONE', #4742, #4465, #1112, .T. ) ;
#775 = VECTOR ( 'NONE', #3657, 1000.000000000000000 ) ;
#776 = ORIENTED_EDGE ( 'NONE', *, *, #5125, .F. ) ;
#777 = CARTESIAN_POINT ( 'NONE',  ( -2.298133329356927490, 25.00000000000000000, -1.928362829059609762 ) ) ;
#778 = EDGE_CURVE ( 'NONE', #2396, #2625, #98, .T. ) ;
#779 = CARTESIAN_POINT ( 'NONE',  ( -2.247063699815670557, 25.10000000000000142, 1.885510321747190021 ) ) ;
#780 = AXIS2_PLACEMENT_3D ( 'NONE', #6507, #1543, #3675 ) ;
#781 = CARTESIAN_POINT ( 'NONE',  ( -1.580315946745729949, 25.10000000000000142, 2.412493358344680150 ) ) ;
#782 = ADVANCED_FACE ( 'NONE', ( #6685 ), #2846, .T. ) ;
#783 = DIRECTION ( 'NONE',  ( 0.4463754028477891489, -0.0000000000000000000, 0.8948457966222302939 ) ) ;
#784 = ORIENTED_EDGE ( 'NONE', *, *, #4037, .F. ) ;
#785 = ADVANCED_FACE ( 'NONE', ( #1700 ), #4001, .T. ) ;
#786 = PRESENTATION_LAYER_ASSIGNMENT (  '', '', ( #5605 ) ) ;
#787 = EDGE_LOOP ( 'NONE', ( #6478, #5154, #2544, #654, #6909, #6352, #6026, #788, #1948, #1922, #6100, #1735, #1920 ) ) ;
#788 = ORIENTED_EDGE ( 'NONE', *, *, #6842, .T. ) ;
#789 = FACE_OUTER_BOUND ( 'NONE', #2581, .T. ) ;
#790 = CARTESIAN_POINT ( 'NONE',  ( -0.5209445330007920205, 25.00000000000000355, 2.954423259036630167 ) ) ;
#791 = CARTESIAN_POINT ( 'NONE',  ( -1.466666666666669894, 25.10000000000000142, 2.540341184434359967 ) ) ;
#792 = DIRECTION ( 'NONE',  ( 1.756208373171469752E-08, 0.0000000000000000000, -0.9999999999999998890 ) ) ;
#793 = AXIS2_PLACEMENT_3D ( 'NONE', #5592, #5629, #10 ) ;
#794 = CARTESIAN_POINT ( 'NONE',  ( -0.9576564013118731289, 18.00000000000000355, 2.631139338200549904 ) ) ;
#795 = DIRECTION ( 'NONE',  ( -0.0000000000000000000, -1.000000000000000000, -0.0000000000000000000 ) ) ;
#796 = CARTESIAN_POINT ( 'NONE',  ( 2.950000000000000178, -2.500000000000000000, 6.599999852478499740 ) ) ;
#797 = ORIENTED_EDGE ( 'NONE', *, *, #1777, .T. ) ;
#798 = VECTOR ( 'NONE', #2202, 1000.000000000000000 ) ;
#799 = LINE ( 'NONE', #5723, #3475 ) ;
#800 = DIRECTION ( 'NONE',  ( 0.0000000000000000000, -0.0000000000000000000, -1.000000000000000000 ) ) ;
#801 = LINE ( 'NONE', #1324, #6329 ) ;
#802 = DIRECTION ( 'NONE',  ( 0.9171391875453948073, -0.0000000000000000000, -0.3985670717314378497 ) ) ;
#803 = ORIENTED_EDGE ( 'NONE', *, *, #1699, .T. ) ;
#804 = CARTESIAN_POINT ( 'NONE',  ( -2.424871130596430113, 25.19999999999999929, 1.400000000000009903 ) ) ;
#805 = VERTEX_POINT ( 'NONE', #3896 ) ;
#806 = CARTESIAN_POINT ( 'NONE',  ( -0.5035797152340979466, 25.14999999999999858, 2.855942483735410597 ) ) ;
#807 = DIRECTION ( 'NONE',  ( -0.9999999999999998890, 0.0000000000000000000, -1.332507690046919825E-08 ) ) ;
#808 = FACE_OUTER_BOUND ( 'NONE', #6339, .T. ) ;
#809 = CARTESIAN_POINT ( 'NONE',  ( -2.424871130596430113, 25.00000000000000000, 1.400000000000009903 ) ) ;
#810 = ORIENTED_EDGE ( 'NONE', *, *, #6438, .T. ) ;
#811 = ORIENTED_EDGE ( 'NONE', *, *, #5919, .T. ) ;
#812 = CARTESIAN_POINT ( 'NONE',  ( -3.999999861099889920, 0.7999995261430199456, -6.599999864931620053 ) ) ;
#813 = FILL_AREA_STYLE_COLOUR ( '', #6176 ) ;
#814 = EDGE_CURVE ( 'NONE', #6967, #3261, #6722, .T. ) ;
#815 = CARTESIAN_POINT ( 'NONE',  ( -1.699870204748209934, 25.00000000000000000, 2.295975030939870098 ) ) ;
#816 = CARTESIAN_POINT ( 'NONE',  ( 0.3257922781012559943, 25.30000000000000071, 2.785748544544360161 ) ) ;
#817 = AXIS2_PLACEMENT_3D ( 'NONE', #3910, #2787, #4419 ) ;
#818 = VERTEX_POINT ( 'NONE', #650 ) ;
#819 = ORIENTED_EDGE ( 'NONE', *, *, #5565, .F. ) ;
#820 = EDGE_CURVE ( 'NONE', #2580, #3756, #3928, .T. ) ;
#821 = ORIENTED_EDGE ( 'NONE', *, *, #1694, .T. ) ;
#822 = VECTOR ( 'NONE', #6933, 1000.000000000000114 ) ;
#823 = CARTESIAN_POINT ( 'NONE',  ( -0.5209445330007920205, 25.00000000000000000, 2.954423259036630167 ) ) ;
#824 = EDGE_CURVE ( 'NONE', #505, #470, #1666, .T. ) ;
#825 = CARTESIAN_POINT ( 'NONE',  ( 2.132023988612059995, 25.00000000000000000, -2.000550032950790147 ) ) ;
#826 = CARTESIAN_POINT ( 'NONE',  ( -1.129202752958289979, 25.10000000000000142, 2.605222932665919977 ) ) ;
#827 = DIRECTION ( 'NONE',  ( 0.0000000000000000000, 0.0000000000000000000, 1.000000000000000000 ) ) ;
#828 = DIRECTION ( 'NONE',  ( 0.0000000000000000000, 1.000000000000000000, 0.0000000000000000000 ) ) ;
#829 = DIRECTION ( 'NONE',  ( -1.000000000000000000, 0.0000000000000000000, -0.0000000000000000000 ) ) ;
#830 = LINE ( 'NONE', #6287, #5210 ) ;
#831 = AXIS2_PLACEMENT_3D ( 'NONE', #2286, #6741, #6701 ) ;
#832 = ORIENTED_EDGE ( 'NONE', *, *, #188, .T. ) ;
#833 = CARTESIAN_POINT ( 'NONE',  ( -5.599999852478505069, 0.0000000000000000000, 5.199999874830250057 ) ) ;
#834 = PLANE ( 'NONE',  #5039 ) ;
#835 = EDGE_CURVE ( 'NONE', #567, #1327, #3864, .T. ) ;
#836 = CARTESIAN_POINT ( 'NONE',  ( -5.600000000000000533, 0.0000000000000000000, -5.200000000000001066 ) ) ;
#837 = VECTOR ( 'NONE', #7028, 1000.000000000000000 ) ;
#838 = DIRECTION ( 'NONE',  ( 0.0000000000000000000, 0.0000000000000000000, -1.000000000000000000 ) ) ;
#839 = ORIENTED_EDGE ( 'NONE', *, *, #4780, .T. ) ;
#840 = VERTEX_POINT ( 'NONE', #1186 ) ;
#841 = CARTESIAN_POINT ( 'NONE',  ( 1.714505518806289954E-16, 25.30000000000000071, 2.800000000000010036 ) ) ;
#842 = DIRECTION ( 'NONE',  ( -0.2773500981125933129, 0.8320502943378559335, -0.4803844614152522619 ) ) ;
#843 = DIRECTION ( 'NONE',  ( 0.0000000000000000000, 1.000000000000000000, 0.0000000000000000000 ) ) ;
#844 = CARTESIAN_POINT ( 'NONE',  ( -4.200000000000000178, 7.700000000000000178, -6.600000000000000533 ) ) ;
#845 = ORIENTED_EDGE ( 'NONE', *, *, #1836, .T. ) ;
#846 = EDGE_LOOP ( 'NONE', ( #1686, #2614, #633 ) ) ;
#847 = CARTESIAN_POINT ( 'NONE',  ( -1.500000000000000000, 18.00000000000000355, -2.598076211353309795 ) ) ;
#848 =( NAMED_UNIT ( * ) PLANE_ANGLE_UNIT ( ) SI_UNIT ( $, .RADIAN. ) );
#849 = CARTESIAN_POINT ( 'NONE',  ( 0.0000000000000000000, 11.30000000000000071, 7.771561172376099727E-16 ) ) ;
#850 = VECTOR ( 'NONE', #135, 1000.000000000000000 ) ;
#851 = ORIENTED_EDGE ( 'NONE', *, *, #2502, .F. ) ;
#852 = ORIENTED_EDGE ( 'NONE', *, *, #2198, .T. ) ;
#853 = ORIENTED_EDGE ( 'NONE', *, *, #631, .T. ) ;
#854 = ORIENTED_EDGE ( 'NONE', *, *, #1469, .F. ) ;
#855 = AXIS2_PLACEMENT_3D ( 'NONE', #3602, #792, #5789 ) ;
#856 = CARTESIAN_POINT ( 'NONE',  ( -1.959111205433660130, 14.80000000000000071, 3.999999910593039942 ) ) ;
#857 = CARTESIAN_POINT ( 'NONE',  ( 1.401174809512180038E-07, 4.099999999999999645, 7.124999856040810542 ) ) ;
#858 = SURFACE_STYLE_USAGE ( .BOTH. , #3087 ) ;
#859 = EDGE_CURVE ( 'NONE', #4382, #5519, #5543, .T. ) ;
#860 = CARTESIAN_POINT ( 'NONE',  ( -2.298133329356930155, 18.00000000000000355, 1.928362829059620198 ) ) ;
#861 = CARTESIAN_POINT ( 'NONE',  ( 0.4500000000000000666, -2.500000000000000000, 7.649999856040810009 ) ) ;
#862 = CARTESIAN_POINT ( 'NONE',  ( -2.757461708434179926, 25.30000000000000071, -0.4862148974674039836 ) ) ;
#863 = CARTESIAN_POINT ( 'NONE',  ( 1.799805307122310127, 25.30000000000000071, 2.144924440733139814 ) ) ;
#864 = EDGE_CURVE ( 'NONE', #6972, #6088, #6049, .T. ) ;
#865 = EDGE_CURVE ( 'NONE', #5976, #937, #3059, .T. ) ;
#866 = ORIENTED_EDGE ( 'NONE', *, *, #6918, .T. ) ;
#867 = LINE ( 'NONE', #312, #2779 ) ;
#868 = CARTESIAN_POINT ( 'NONE',  ( 2.500000258861110325, 4.099999999999999645, 6.599999852478499740 ) ) ;
#869 = DIRECTION ( 'NONE',  ( -0.0000000000000000000, -1.000000000000000000, -0.0000000000000000000 ) ) ;
#870 = LINE ( 'NONE', #279, #1326 ) ;
#871 = EDGE_CURVE ( 'NONE', #3386, #2280, #4503, .T. ) ;
#872 = VERTEX_POINT ( 'NONE', #4470 ) ;
#873 = CARTESIAN_POINT ( 'NONE',  ( 6.200000000000001066, 7.700000000000000178, -5.200000000000001066 ) ) ;
#874 = CLOSED_SHELL ( 'NONE', ( #5269, #585, #249, #5254, #137, #5600, #4431, #138 ) ) ;
#875 = ADVANCED_FACE ( 'NONE', ( #2205 ), #3429, .F. ) ;
#876 = EDGE_LOOP ( 'NONE', ( #987, #7119, #557 ) ) ;
#877 = CARTESIAN_POINT ( 'NONE',  ( -2.839715394650800029, 25.19999999999999929, 0.1626219526268210258 ) ) ;
#878 = PLANE ( 'NONE',  #5984 ) ;
#879 = AXIS2_PLACEMENT_3D ( 'NONE', #2565, #666, #5631 ) ;
#880 = PRESENTATION_STYLE_ASSIGNMENT (( #5595 ) ) ;
#881 = LINE ( 'NONE', #2530, #3133 ) ;
#882 = CARTESIAN_POINT ( 'NONE',  ( -7.358883331755660784, -2.058883450219890054, -0.9999998973539261371 ) ) ;
#883 = ORIENTED_EDGE ( 'NONE', *, *, #1513, .T. ) ;
#884 = DIRECTION ( 'NONE',  ( -1.000000000000000000, 0.0000000000000000000, -0.0000000000000000000 ) ) ;
#885 = ORIENTED_EDGE ( 'NONE', *, *, #4469, .T. ) ;
#886 = LINE ( 'NONE', #5854, #4874 ) ;
#887 = VECTOR ( 'NONE', #4406, 1000.000000000000000 ) ;
#888 = FILL_AREA_STYLE_COLOUR ( '', #5075 ) ;
#889 = DIRECTION ( 'NONE',  ( 0.1134003845412969308, -0.0000000000000000000, -0.9935493710862515204 ) ) ;
#890 = VERTEX_POINT ( 'NONE', #3466 ) ;
#891 = VERTEX_POINT ( 'NONE', #1122 ) ;
#892 = ORIENTED_EDGE ( 'NONE', *, *, #2722, .F. ) ;
#893 = EDGE_LOOP ( 'NONE', ( #5843, #5008 ) ) ;
#894 = VECTOR ( 'NONE', #5416, 1000.000000000000000 ) ;
#895 = DIRECTION ( 'NONE',  ( -0.0000000000000000000, -1.000000000000000000, -0.0000000000000000000 ) ) ;
#896 = CARTESIAN_POINT ( 'NONE',  ( 0.4500000000000000666, -2.500000000000000000, 7.499999852478500095 ) ) ;
#897 = LINE ( 'NONE', #5865, #1426 ) ;
#898 = CARTESIAN_POINT ( 'NONE',  ( -2.919153902811390200, 25.00000000000000000, -0.1620716324891300075 ) ) ;
#899 = AXIS2_PLACEMENT_3D ( 'NONE', #2515, #3493, #4176 ) ;
#900 = PLANE ( 'NONE',  #2566 ) ;
#901 = EDGE_CURVE ( 'NONE', #5747, #6004, #5727, .T. ) ;
#902 = ORIENTED_EDGE ( 'NONE', *, *, #4224, .T. ) ;
#903 = CARTESIAN_POINT ( 'NONE',  ( 0.0000000000000000000, 18.00000000000000355, 2.264854970235319974E-15 ) ) ;
#904 = AXIS2_PLACEMENT_3D ( 'NONE', #5516, #2241, #3902 ) ;
#905 = CARTESIAN_POINT ( 'NONE',  ( 4.199999906122680038, 0.0000000000000000000, -6.599999852478499740 ) ) ;
#906 = EDGE_CURVE ( 'NONE', #1349, #6953, #1402, .T. ) ;
#907 = EDGE_CURVE ( 'NONE', #2746, #2966, #2482, .T. ) ;
#908 = CARTESIAN_POINT ( 'NONE',  ( 0.5093679878229959712, 25.10000000000000142, -2.888769408835799801 ) ) ;
#909 = ORIENTED_EDGE ( 'NONE', *, *, #2588, .F. ) ;
#910 = DIRECTION ( 'NONE',  ( 1.000000000000000000, 0.0000000000000000000, -0.0000000000000000000 ) ) ;
#911 = VECTOR ( 'NONE', #1184, 1000.000000000000227 ) ;
#912 = VERTEX_POINT ( 'NONE', #5838 ) ;
#913 = CARTESIAN_POINT ( 'NONE',  ( 1.399999999999999911, 25.30000000000000071, 2.424871130596430113 ) ) ;
#914 = FACE_OUTER_BOUND ( 'NONE', #5235, .T. ) ;
#915 = AXIS2_PLACEMENT_3D ( 'NONE', #2078, #895, #342 ) ;
#916 = ADVANCED_FACE ( 'NONE', ( #6863 ), #3610, .T. ) ;
#917 = CARTESIAN_POINT ( 'NONE',  ( -4.200000000000000178, 7.700000000000000178, -5.200000000000001066 ) ) ;
#918 = FACE_OUTER_BOUND ( 'NONE', #1068, .T. ) ;
#919 = ORIENTED_EDGE ( 'NONE', *, *, #472, .T. ) ;
#920 = PLANE ( 'NONE',  #3168 ) ;
#921 = ORIENTED_EDGE ( 'NONE', *, *, #1094, .F. ) ;
#922 = DIRECTION ( 'NONE',  ( -0.5517714909206801188, 0.0000000000000000000, 0.8339953368018132585 ) ) ;
#923 = CARTESIAN_POINT ( 'NONE',  ( -5.599999999999999645, 0.0000000000000000000, -5.200000000000001066 ) ) ;
#924 = CARTESIAN_POINT ( 'NONE',  ( 0.9576564013118711305, 25.19999999999999929, 2.631139338200549904 ) ) ;
#925 = ORIENTED_EDGE ( 'NONE', *, *, #4441, .T. ) ;
#926 = ORIENTED_EDGE ( 'NONE', *, *, #2789, .F. ) ;
#927 = ORIENTED_EDGE ( 'NONE', *, *, #3999, .F. ) ;
#928 = ORIENTED_EDGE ( 'NONE', *, *, #1079, .T. ) ;
#929 = DIRECTION ( 'NONE',  ( 0.0000000000000000000, 1.000000000000000000, 2.220446049250310123E-16 ) ) ;
#930 = CARTESIAN_POINT ( 'NONE',  ( -4.099999999999999645, 7.700000000000000178, -5.099999999999999645 ) ) ;
#931 = LINE ( 'NONE', #5826, #4211 ) ;
#932 = AXIS2_PLACEMENT_3D ( 'NONE', #6619, #2845, #59 ) ;
#933 = LINE ( 'NONE', #1936, #3737 ) ;
#934 = DIRECTION ( 'NONE',  ( 0.7071067811865483499, -0.7071067811865467956, 0.0000000000000000000 ) ) ;
#935 = CARTESIAN_POINT ( 'NONE',  ( -0.8120857785415119823, 25.00000000000000000, -2.738900645145899926 ) ) ;
#936 = VECTOR ( 'NONE', #6548, 1000.000000000000000 ) ;
#937 = VERTEX_POINT ( 'NONE', #6760 ) ;
#938 = CARTESIAN_POINT ( 'NONE',  ( 0.8045829195440570292, 25.30000000000000071, 2.686853529219519920 ) ) ;
#939 = CARTESIAN_POINT ( 'NONE',  ( -2.725108600279129600, 25.14999999999999858, -0.9918584156444333333 ) ) ;
#940 = CARTESIAN_POINT ( 'NONE',  ( 0.0000000000000000000, 7.700000000000000178, -5.200000000000001066 ) ) ;
#941 = VECTOR ( 'NONE', #3911, 1000.000000000000000 ) ;
#942 = ORIENTED_EDGE ( 'NONE', *, *, #4947, .T. ) ;
#943 = CARTESIAN_POINT ( 'NONE',  ( 4.200000000000000178, 8.000000000000000000, 4.729175031953969821 ) ) ;
#944 = ORIENTED_EDGE ( 'NONE', *, *, #3816, .T. ) ;
#945 = ADVANCED_FACE ( 'NONE', ( #3025 ), #5800, .T. ) ;
#946 = FACE_OUTER_BOUND ( 'NONE', #4021, .T. ) ;
#947 = DIRECTION ( 'NONE',  ( -7.105427357601001859E-15, 0.0000000000000000000, 1.000000000000000000 ) ) ;
#948 = LINE ( 'NONE', #3355, #887 ) ;
#949 = EDGE_CURVE ( 'NONE', #567, #1719, #6328, .T. ) ;
#950 = CARTESIAN_POINT ( 'NONE',  ( -2.049999978626150021, 4.400000000000000355, 7.124999866099100743 ) ) ;
#951 = ORIENTED_EDGE ( 'NONE', *, *, #5694, .T. ) ;
#952 = ORIENTED_EDGE ( 'NONE', *, *, #4695, .F. ) ;
#953 = EDGE_LOOP ( 'NONE', ( #173, #5597, #2804, #62, #651, #4738 ) ) ;
#954 = LINE ( 'NONE', #5237, #6363 ) ;
#955 = EDGE_CURVE ( 'NONE', #3034, #7, #1945, .T. ) ;
#956 = EDGE_CURVE ( 'NONE', #2740, #4727, #870, .T. ) ;
#957 = DIRECTION ( 'NONE',  ( -0.0000000000000000000, -1.000000000000000000, -0.0000000000000000000 ) ) ;
#958 = B_SPLINE_SURFACE_WITH_KNOTS ( 'NONE', 3, 3, ( 
 ( #4439, #3326, #2777, #480 ),
 ( #7089, #7120, #6652, #5513 ),
 ( #2207, #7053, #2239, #6622 ),
 ( #2132, #1151, #4338, #2170 ) ),
 .UNSPECIFIED., .F., .F., .F.,
 ( 4, 4 ),
 ( 4, 4 ),
 ( 0.0000000000000000000, 1.000000000000000000 ),
 ( 0.0000000000000000000, 1.000000000000000000 ),
 .UNSPECIFIED. ) ;
#959 = SURFACE_STYLE_USAGE ( .BOTH. , #5816 ) ;
#960 = DIRECTION ( 'NONE',  ( 1.756208303782529720E-08, 0.0000000000000000000, -0.9999999999999998890 ) ) ;
#961 = ADVANCED_FACE ( 'NONE', ( #3501 ), #3058, .T. ) ;
#962 = ORIENTED_EDGE ( 'NONE', *, *, #406, .T. ) ;
#963 = ORIENTED_EDGE ( 'NONE', *, *, #2010, .T. ) ;
#964 = VERTEX_POINT ( 'NONE', #207 ) ;
#965 = EDGE_CURVE ( 'NONE', #3503, #805, #3407, .T. ) ;
#966 = ORIENTED_EDGE ( 'NONE', *, *, #2576, .T. ) ;
#967 = B_SPLINE_CURVE_WITH_KNOTS ( 'NONE', 3,
 ( #5602, #712, #3564, #5751 ),
 .UNSPECIFIED., .F., .F.,
 ( 4, 4 ),
 ( 4.465017826386138630E-18, 0.0004885781678749873862 ),
 .UNSPECIFIED. ) ;
#968 = PLANE ( 'NONE',  #6300 ) ;
#969 = CARTESIAN_POINT ( 'NONE',  ( 2.757461708434179926, 25.30000000000000071, -0.4862148974673983770 ) ) ;
#970 = SURFACE_STYLE_FILL_AREA ( #2079 ) ;
#971 = DIRECTION ( 'NONE',  ( -0.0000000000000000000, 0.0000000000000000000, -1.000000000000000000 ) ) ;
#972 = CARTESIAN_POINT ( 'NONE',  ( 4.200000000000000178, 7.799999999999999822, 5.200000000000001066 ) ) ;
#973 = DIRECTION ( 'NONE',  ( 0.0000000000000000000, 0.0000000000000000000, 1.000000000000000000 ) ) ;
#974 = ORIENTED_EDGE ( 'NONE', *, *, #3595, .F. ) ;
#975 = DIRECTION ( 'NONE',  ( 0.0000000000000000000, 0.0000000000000000000, 1.000000000000000000 ) ) ;
#976 = DIRECTION ( 'NONE',  ( 0.0000000000000000000, 1.000000000000000000, 0.0000000000000000000 ) ) ;
#977 = CARTESIAN_POINT ( 'NONE',  ( 5.599999852478510398, 7.700000000000000178, 5.200000000000001066 ) ) ;
#978 = VERTEX_POINT ( 'NONE', #6368 ) ;
#979 = ORIENTED_EDGE ( 'NONE', *, *, #3686, .F. ) ;
#980 = DIRECTION ( 'NONE',  ( 0.0000000000000000000, 0.0000000000000000000, 1.000000000000000000 ) ) ;
#981 = FACE_OUTER_BOUND ( 'NONE', #6486, .T. ) ;
#982 = CARTESIAN_POINT ( 'NONE',  ( 2.950000000000000178, 4.099999999999999645, 7.349999852478499740 ) ) ;
#983 = CLOSED_SHELL ( 'NONE', ( #506, #875, #4557, #1873, #6445, #2481, #6957, #4041 ) ) ;
#984 = FACE_OUTER_BOUND ( 'NONE', #5546, .T. ) ;
#985 = ORIENTED_EDGE ( 'NONE', *, *, #3893, .F. ) ;
#986 = LINE ( 'NONE', #3148, #756 ) ;
#987 = ORIENTED_EDGE ( 'NONE', *, *, #6885, .F. ) ;
#988 = CARTESIAN_POINT ( 'NONE',  ( 4.200000000000000178, 7.700000000000000178, 5.200000000000001066 ) ) ;
#989 = EDGE_CURVE ( 'NONE', #937, #6050, #6826, .T. ) ;
#990 = LINE ( 'NONE', #5451, #1930 ) ;
#991 = CARTESIAN_POINT ( 'NONE',  ( -4.099999999999999645, 8.000000000000000000, -4.549999999999998934 ) ) ;
#992 = EDGE_CURVE ( 'NONE', #6160, #964, #1325, .T. ) ;
#993 = LINE ( 'NONE', #372, #2836 ) ;
#994 = EDGE_CURVE ( 'NONE', #3550, #5286, #6898, .T. ) ;
#995 = EDGE_LOOP ( 'NONE', ( #1310, #3972, #1366, #2974 ) ) ;
#996 = VECTOR ( 'NONE', #5616, 1000.000000000000000 ) ;
#997 = EDGE_LOOP ( 'NONE', ( #2858, #4260, #1834, #6122 ) ) ;
#998 = EDGE_LOOP ( 'NONE', ( #4872, #750, #6018, #1492 ) ) ;
#999 = EDGE_LOOP ( 'NONE', ( #5244, #3915, #5540, #3775 ) ) ;
#1000 = CARTESIAN_POINT ( 'NONE',  ( -3.000000000000000000, 25.00000000000000000, 5.378520731046287859E-15 ) ) ;
#1001 = EDGE_CURVE ( 'NONE', #4882, #890, #4182, .T. ) ;
#1002 = PLANE ( 'NONE',  #471 ) ;
#1003 = VECTOR ( 'NONE', #3749, 1000.000000000000000 ) ;
#1004 = DIRECTION ( 'NONE',  ( 0.9587633535238186955, -0.0000000000000000000, -0.2842056156020869029 ) ) ;
#1005 =( NAMED_UNIT ( * ) SI_UNIT ( $, .STERADIAN. ) SOLID_ANGLE_UNIT ( ) );
#1006 = ADVANCED_FACE ( 'NONE', ( #3647 ), #5114, .T. ) ;
#1007 = CARTESIAN_POINT ( 'NONE',  ( 1.500000000000000000, 18.00000000000000355, -2.598076211353309795 ) ) ;
#1008 = VECTOR ( 'NONE', #1194, 1000.000000000000000 ) ;
#1009 = ORIENTED_EDGE ( 'NONE', *, *, #1477, .F. ) ;
#1010 = DIRECTION ( 'NONE',  ( 0.0000000000000000000, 0.0000000000000000000, 1.000000000000000000 ) ) ;
#1011 = CARTESIAN_POINT ( 'NONE',  ( -2.819077862357719955, 25.00000000000000000, -1.026060429976999977 ) ) ;
#1012 = CARTESIAN_POINT ( 'NONE',  ( -4.199999906122680038, 7.700000000000000178, 6.599999852478499740 ) ) ;
#1013 = AXIS2_PLACEMENT_3D ( 'NONE', #5145, #3568, #1973 ) ;
#1014 = DIRECTION ( 'NONE',  ( -1.000000000000000000, -0.0000000000000000000, -0.0000000000000000000 ) ) ;
#1015 = EDGE_CURVE ( 'NONE', #3034, #4837, #4110, .T. ) ;
#1016 = VERTEX_POINT ( 'NONE', #6792 ) ;
#1017 = ORIENTED_EDGE ( 'NONE', *, *, #4569, .T. ) ;
#1018 = VECTOR ( 'NONE', #1494, 1000.000000000000114 ) ;
#1019 = CARTESIAN_POINT ( 'NONE',  ( 1.599935102374100193, 25.00000000000000000, 2.447025621146599939 ) ) ;
#1020 = LINE ( 'NONE', #1520, #5524 ) ;
#1021 = CARTESIAN_POINT ( 'NONE',  ( -0.3329600436169670163, 25.19999999999999929, -2.824812742722509817 ) ) ;
#1022 = AXIS2_PLACEMENT_3D ( 'NONE', #1766, #2300, #6554 ) ;
#1023 = LINE ( 'NONE', #2873, #658 ) ;
#1024 = ORIENTED_EDGE ( 'NONE', *, *, #6263, .T. ) ;
#1025 = CARTESIAN_POINT ( 'NONE',  ( 0.8120857785415119823, 25.00000000000000000, 2.738900645145910140 ) ) ;
#1026 = ORIENTED_EDGE ( 'NONE', *, *, #5228, .F. ) ;
#1027 = CARTESIAN_POINT ( 'NONE',  ( -5.600000000000000533, 7.700000000000000178, -5.200000000000001066 ) ) ;
#1028 = CARTESIAN_POINT ( 'NONE',  ( 1.799805307122310127, 25.30000000000000071, -2.144924440733130044 ) ) ;
#1029 = CARTESIAN_POINT ( 'NONE',  ( 0.9576564013118726848, 18.00000000000000355, -2.631139338200537026 ) ) ;
#1030 = LINE ( 'NONE', #4, #2497 ) ;
#1031 = EDGE_LOOP ( 'NONE', ( #1278, #6606, #3310, #5851 ) ) ;
#1032 = EDGE_LOOP ( 'NONE', ( #3882, #2349, #3907, #4363 ) ) ;
#1033 = VERTEX_POINT ( 'NONE', #6255 ) ;
#1034 = PLANE ( 'NONE',  #358 ) ;
#1035 = EDGE_CURVE ( 'NONE', #4662, #4679, #3539, .T. ) ;
#1036 = CARTESIAN_POINT ( 'NONE',  ( -2.424871130596430113, 18.00000000000000355, -1.399999999999999911 ) ) ;
#1037 = CARTESIAN_POINT ( 'NONE',  ( -4.099999999999999645, 7.700000000000000178, 5.099999999999999645 ) ) ;
#1038 = CARTESIAN_POINT ( 'NONE',  ( -2.949999983969612494, 4.099999999999999645, 6.599999872595070372 ) ) ;
#1039 = CARTESIAN_POINT ( 'NONE',  ( 1.600000013730360049, 0.7999995261430199456, -6.599999864931620053 ) ) ;
#1040 = DIRECTION ( 'NONE',  ( 1.000000000000000000, -0.0000000000000000000, 0.0000000000000000000 ) ) ;
#1041 = DIRECTION ( 'NONE',  ( -0.8948457966222302939, -9.911524997358902431E-17, 0.4463754028477891489 ) ) ;
#1042 = EDGE_CURVE ( 'NONE', #5205, #1727, #1048, .T. ) ;
#1043 = EDGE_LOOP ( 'NONE', ( #1743, #6754, #6034, #6198 ) ) ;
#1044 = ADVANCED_FACE ( 'NONE', ( #4829, #6405, #5296, #6440, #4368 ), #7078, .F. ) ;
#1045 = LINE ( 'NONE', #5535, #4471 ) ;
#1046 = DIRECTION ( 'NONE',  ( 0.0000000000000000000, 1.000000000000000000, 0.0000000000000000000 ) ) ;
#1047 = DIRECTION ( 'NONE',  ( -1.000000000000000000, 0.0000000000000000000, 0.0000000000000000000 ) ) ;
#1048 = LINE ( 'NONE', #3755, #4789 ) ;
#1049 = VERTEX_POINT ( 'NONE', #3242 ) ;
#1050 = VECTOR ( 'NONE', #6413, 1000.000000000000000 ) ;
#1051 = ORIENTED_EDGE ( 'NONE', *, *, #1092, .T. ) ;
#1052 = EDGE_CURVE ( 'NONE', #2999, #3020, #7040, .T. ) ;
#1053 = CARTESIAN_POINT ( 'NONE',  ( -4.235282133301848686E-16, 25.00000000000000355, 2.800000000000001155 ) ) ;
#1054 = CARTESIAN_POINT ( 'NONE',  ( 6.539485234502238953, -3.657716426510969399, 1.000000102646080080 ) ) ;
#1055 = VECTOR ( 'NONE', #6676, 1000.000000000000000 ) ;
#1056 = LINE ( 'NONE', #1554, #1216 ) ;
#1057 = LINE ( 'NONE', #5106, #3998 ) ;
#1058 = VERTEX_POINT ( 'NONE', #4755 ) ;
#1059 = LINE ( 'NONE', #549, #4983 ) ;
#1060 = PRESENTATION_LAYER_ASSIGNMENT (  '', '', ( #1160 ) ) ;
#1061 = CARTESIAN_POINT ( 'NONE',  ( 2.144924440733142035, 25.30000000000000071, 1.799805307122322118 ) ) ;
#1062 = CARTESIAN_POINT ( 'NONE',  ( 0.5209445330007944630, 18.00000000000000355, 2.954423259036627503 ) ) ;
#1063 = AXIS2_PLACEMENT_3D ( 'NONE', #6376, #4688, #1410 ) ;
#1064 = DIRECTION ( 'NONE',  ( 1.000000000000000000, 0.0000000000000000000, -0.0000000000000000000 ) ) ;
#1065 = EDGE_LOOP ( 'NONE', ( #4728, #572, #883, #2732 ) ) ;
#1066 = VERTEX_POINT ( 'NONE', #5939 ) ;
#1067 = CARTESIAN_POINT ( 'NONE',  ( -0.9576564013118720187, 25.00000000000000000, -2.631139338200540134 ) ) ;
#1068 = EDGE_LOOP ( 'NONE', ( #4020, #5017, #4913, #4863 ) ) ;
#1069 = DIRECTION ( 'NONE',  ( 0.0000000000000000000, -0.0000000000000000000, 1.000000000000000000 ) ) ;
#1070 = PLANE ( 'NONE',  #817 ) ;
#1071 = CARTESIAN_POINT ( 'NONE',  ( 2.382625196849930127, 25.00000000000000000, 1.576120943019879928 ) ) ;
#1072 = DIRECTION ( 'NONE',  ( -0.0000000000000000000, -1.000000000000000000, -2.220446049250310123E-16 ) ) ;
#1073 = UNCERTAINTY_MEASURE_WITH_UNIT (LENGTH_MEASURE( 1.000000000000000082E-05 ), #1169, 'distance_accuracy_value', 'NONE');
#1074 = CARTESIAN_POINT ( 'NONE',  ( 2.539624515647219916, 25.10000000000000142, 1.269879012229339965 ) ) ;
#1075 = CARTESIAN_POINT ( 'NONE',  ( 2.725108600279129600, 25.14999999999999858, 0.9918584156444437694 ) ) ;
#1076 = CARTESIAN_POINT ( 'NONE',  ( -2.999999999999998668, 18.00000000000000355, 4.824699667560494731E-15 ) ) ;
#1077 = EDGE_LOOP ( 'NONE', ( #1478, #1309, #6564, #4795 ) ) ;
#1078 = VECTOR ( 'NONE', #6698, 1000.000000000000000 ) ;
#1079 = EDGE_CURVE ( 'NONE', #3318, #1508, #353, .T. ) ;
#1080 = CARTESIAN_POINT ( 'NONE',  ( 0.0000000000000000000, 0.8000000000000000444, 7.349999852478499740 ) ) ;
#1081 = FACE_OUTER_BOUND ( 'NONE', #6921, .T. ) ;
#1082 = PLANE ( 'NONE',  #504 ) ;
#1083 = CARTESIAN_POINT ( 'NONE',  ( 0.0000000000000000000, 18.00000000000000355, 2.264854970235319974E-15 ) ) ;
#1084 = ADVANCED_FACE ( 'NONE', ( #1626 ), #1528, .F. ) ;
#1085 = EDGE_CURVE ( 'NONE', #2191, #4712, #1549, .T. ) ;
#1086 = VECTOR ( 'NONE', #6037, 1000.000000000000000 ) ;
#1087 = ORIENTED_EDGE ( 'NONE', *, *, #463, .F. ) ;
#1088 = ORIENTED_EDGE ( 'NONE', *, *, #7085, .F. ) ;
#1089 = FACE_BOUND ( 'NONE', #3093, .T. ) ;
#1090 = CIRCLE ( 'NONE', #3851, 0.4708249680460303566 ) ;
#1091 = CARTESIAN_POINT ( 'NONE',  ( 1.799805307122309461, 25.00000000000000000, -2.144924440733129600 ) ) ;
#1092 = EDGE_CURVE ( 'NONE', #3658, #465, #6513, .T. ) ;
#1093 = LINE ( 'NONE', #3288, #2141 ) ;
#1094 = EDGE_CURVE ( 'NONE', #1695, #5580, #3137, .T. ) ;
#1095 = VERTEX_POINT ( 'NONE', #391 ) ;
#1096 = CARTESIAN_POINT ( 'NONE',  ( 0.5093679878229949720, 25.10000000000000142, 2.888769408835820229 ) ) ;
#1097 = DIRECTION ( 'NONE',  ( -0.9981468937684692122, -0.0000000000000000000, 0.06085045982041641793 ) ) ;
#1098 = CIRCLE ( 'NONE', #6144, 1.399999852478509554 ) ;
#1099 = CARTESIAN_POINT ( 'NONE',  ( 1.319218800437290007, 25.00000000000000000, -2.609097253635720204 ) ) ;
#1100 = CARTESIAN_POINT ( 'NONE',  ( -2.950000000000000178, -2.500000000000000444, 7.349999852478499740 ) ) ;
#1101 = ORIENTED_EDGE ( 'NONE', *, *, #6703, .F. ) ;
#1102 = EDGE_LOOP ( 'NONE', ( #3459, #2069, #1812, #966 ) ) ;
#1103 = DIRECTION ( 'NONE',  ( -1.332507709966289905E-08, 0.0000000000000000000, 0.9999999999999998890 ) ) ;
#1104 = FACE_OUTER_BOUND ( 'NONE', #2414, .T. ) ;
#1105 = PLANE ( 'NONE',  #4722 ) ;
#1106 = FACE_OUTER_BOUND ( 'NONE', #4039, .T. ) ;
#1107 = CARTESIAN_POINT ( 'NONE',  ( 2.819077862357719955, 18.00000000000000355, -1.026060429976999977 ) ) ;
#1108 = VECTOR ( 'NONE', #5405, 1000.000000000000000 ) ;
#1109 = LINE ( 'NONE', #1075, #60 ) ;
#1110 = ORIENTED_EDGE ( 'NONE', *, *, #3293, .T. ) ;
#1111 = ORIENTED_EDGE ( 'NONE', *, *, #1094, .T. ) ;
#1112 = CIRCLE ( 'NONE', #6041, 1.399999852478510443 ) ;
#1113 = DIRECTION ( 'NONE',  ( 1.332507709966289905E-08, -0.0000000000000000000, -0.9999999999999998890 ) ) ;
#1114 = LINE ( 'NONE', #7076, #476 ) ;
#1115 = LINE ( 'NONE', #5974, #2916 ) ;
#1116 = ORIENTED_EDGE ( 'NONE', *, *, #7006, .F. ) ;
#1117 = VERTEX_POINT ( 'NONE', #2089 ) ;
#1118 = DIRECTION ( 'NONE',  ( -1.000000000000000000, 0.0000000000000000000, -0.0000000000000000000 ) ) ;
#1119 = VECTOR ( 'NONE', #6705, 1000.000000000000000 ) ;
#1120 = EDGE_CURVE ( 'NONE', #2965, #5895, #4793, .T. ) ;
#1121 = LINE ( 'NONE', #3286, #2882 ) ;
#1122 = CARTESIAN_POINT ( 'NONE',  ( 4.200000000000000178, 7.700000000000000178, 5.670824968046031422 ) ) ;
#1123 = FACE_OUTER_BOUND ( 'NONE', #5941, .T. ) ;
#1124 = VECTOR ( 'NONE', #3017, 1000.000000000000000 ) ;
#1125 = LINE ( 'NONE', #6985, #2113 ) ;
#1126 = EDGE_CURVE ( 'NONE', #6967, #2023, #3792, .T. ) ;
#1127 = FACE_OUTER_BOUND ( 'NONE', #7081, .T. ) ;
#1128 = CARTESIAN_POINT ( 'NONE',  ( -1.938364385495390030, 25.19999999999999929, -2.051054571310079844 ) ) ;
#1129 = PLANE ( 'NONE',  #2954 ) ;
#1130 = ORIENTED_EDGE ( 'NONE', *, *, #7057, .F. ) ;
#1131 = VERTEX_POINT ( 'NONE', #603 ) ;
#1132 = CARTESIAN_POINT ( 'NONE',  ( -0.6466375168335529722, 25.30000000000000071, -2.729174872324000578 ) ) ;
#1133 = VECTOR ( 'NONE', #2259, 1000.000000000000000 ) ;
#1134 = FACE_OUTER_BOUND ( 'NONE', #4589, .T. ) ;
#1135 = CARTESIAN_POINT ( 'NONE',  ( 2.424871130596430113, 25.10000000000000142, 1.400000000000009903 ) ) ;
#1136 = CARTESIAN_POINT ( 'NONE',  ( 3.599999956573813442, -2.899999526143020034, -6.799999863015750101 ) ) ;
#1137 = CARTESIAN_POINT ( 'NONE',  ( 2.757461708434179926, 25.30000000000000071, 0.4862148974674109780 ) ) ;
#1138 = VERTEX_POINT ( 'NONE', #3955 ) ;
#1139 = ORIENTED_EDGE ( 'NONE', *, *, #5970, .T. ) ;
#1140 = CARTESIAN_POINT ( 'NONE',  ( 6.751617278916484111, -0.8999999899417159277, -0.9999998973539252489 ) ) ;
#1141 = DIRECTION ( 'NONE',  ( 0.0000000000000000000, 0.0000000000000000000, 1.000000000000000000 ) ) ;
#1142 = CARTESIAN_POINT ( 'NONE',  ( 0.0000000000000000000, 18.00000000000000355, 2.264854970235320762E-15 ) ) ;
#1143 = DIRECTION ( 'NONE',  ( 0.0000000000000000000, 0.0000000000000000000, 1.000000000000000000 ) ) ;
#1144 = ORIENTED_EDGE ( 'NONE', *, *, #994, .F. ) ;
#1145 = ORIENTED_EDGE ( 'NONE', *, *, #6874, .T. ) ;
#1146 = DIRECTION ( 'NONE',  ( -0.0000000000000000000, 1.000000000000000000, 0.0000000000000000000 ) ) ;
#1147 = LINE ( 'NONE', #4937, #3815 ) ;
#1148 = DIRECTION ( 'NONE',  ( 0.0000000000000000000, 0.0000000000000000000, 1.000000000000000000 ) ) ;
#1149 = AXIS2_PLACEMENT_3D ( 'NONE', #4262, #3723, #6447 ) ;
#1150 = ORIENTED_EDGE ( 'NONE', *, *, #1261, .T. ) ;
#1151 = CARTESIAN_POINT ( 'NONE',  ( 2.757461708434179926, 25.10000000000000142, 0.4862148974674109780 ) ) ;
#1152 = DIRECTION ( 'NONE',  ( 0.0000000000000000000, 0.0000000000000000000, 1.000000000000000000 ) ) ;
#1153 = EDGE_CURVE ( 'NONE', #1441, #4280, #3175, .T. ) ;
#1154 = ORIENTED_EDGE ( 'NONE', *, *, #4830, .F. ) ;
#1155 = VECTOR ( 'NONE', #2661, 1000.000000000000114 ) ;
#1156 = CARTESIAN_POINT ( 'NONE',  ( -2.819077862357727060, 18.00000000000000355, -1.026060429977007527 ) ) ;
#1157 = EDGE_CURVE ( 'NONE', #2324, #690, #4430, .T. ) ;
#1158 = LINE ( 'NONE', #1029, #6673 ) ;
#1159 = LINE ( 'NONE', #3221, #894 ) ;
#1160 = STYLED_ITEM ( 'NONE', ( #1614 ), #5165 ) ;
#1161 = ORIENTED_EDGE ( 'NONE', *, *, #2656, .T. ) ;
#1162 = EDGE_CURVE ( 'NONE', #6615, #1754, #2770, .T. ) ;
#1163 = ORIENTED_EDGE ( 'NONE', *, *, #7085, .T. ) ;
#1164 = CARTESIAN_POINT ( 'NONE',  ( 2.399999958329968930, -2.900000000000001688, -6.799999884090251356 ) ) ;
#1165 = EDGE_CURVE ( 'NONE', #453, #6380, #3382, .T. ) ;
#1166 = CARTESIAN_POINT ( 'NONE',  ( 2.757461708434179926, 25.00000000000000000, -0.4862148974673999868 ) ) ;
#1167 = VECTOR ( 'NONE', #2648, 1000.000000000000000 ) ;
#1168 = CARTESIAN_POINT ( 'NONE',  ( 6.200000000000001066, 7.700000000000001066, 5.200000000000001066 ) ) ;
#1169 =( LENGTH_UNIT ( ) NAMED_UNIT ( * ) SI_UNIT ( .MILLI., .METRE. ) );
#1170 = CARTESIAN_POINT ( 'NONE',  ( 0.9576564013118730179, 25.30000000000000071, -2.631139338200540134 ) ) ;
#1171 = EDGE_CURVE ( 'NONE', #2886, #1744, #639, .T. ) ;
#1172 = CARTESIAN_POINT ( 'NONE',  ( -2.040216012385971389, 25.30000000000000071, -1.924591952779940662 ) ) ;
#1173 = EDGE_LOOP ( 'NONE', ( #3123, #4522, #5352, #2805 ) ) ;
#1174 = ADVANCED_FACE ( 'NONE', ( #4495 ), #6612, .T. ) ;
#1175 = VERTEX_POINT ( 'NONE', #3315 ) ;
#1176 = ORIENTED_EDGE ( 'NONE', *, *, #483, .F. ) ;
#1177 = B_SPLINE_CURVE_WITH_KNOTS ( 'NONE', 3,
 ( #4725, #363, #3691, #2031 ),
 .UNSPECIFIED., .F., .F.,
 ( 4, 4 ),
 ( 9.782735854824254847E-20, 0.0004885781678749925904 ),
 .UNSPECIFIED. ) ;
#1178 = CARTESIAN_POINT ( 'NONE',  ( 1.258926716115121414, 25.30000000000000071, 2.506319829022841450 ) ) ;
#1179 = CARTESIAN_POINT ( 'NONE',  ( 2.950000064715277759, 4.399999999999999467, 7.649999857821964788 ) ) ;
#1180 = LINE ( 'NONE', #3919, #2693 ) ;
#1181 = CARTESIAN_POINT ( 'NONE',  ( 0.1628973968528039939, 25.30000000000000071, 2.800000000000010036 ) ) ;
#1182 = VERTEX_POINT ( 'NONE', #6074 ) ;
#1183 = ORIENTED_EDGE ( 'NONE', *, *, #2392, .T. ) ;
#1184 = DIRECTION ( 'NONE',  ( -0.9999999999999997780, 0.0000000000000000000, -1.756208234393599614E-08 ) ) ;
#1185 = LINE ( 'NONE', #4467, #6893 ) ;
#1186 = CARTESIAN_POINT ( 'NONE',  ( -2.298133329356935040, 18.00000000000000355, -1.928362829059615313 ) ) ;
#1187 = AXIS2_PLACEMENT_3D ( 'NONE', #6558, #7091, #5346 ) ;
#1188 = ORIENTED_EDGE ( 'NONE', *, *, #1519, .T. ) ;
#1189 = LINE ( 'NONE', #653, #1418 ) ;
#1190 = EDGE_LOOP ( 'NONE', ( #1550, #5457, #156, #7113 ) ) ;
#1191 = MECHANICAL_DESIGN_GEOMETRIC_PRESENTATION_REPRESENTATION (  '', ( #6482 ), #272 ) ;
#1192 =( NAMED_UNIT ( * ) PLANE_ANGLE_UNIT ( ) SI_UNIT ( $, .RADIAN. ) );
#1193 = FACE_OUTER_BOUND ( 'NONE', #4192, .T. ) ;
#1194 = DIRECTION ( 'NONE',  ( 0.0000000000000000000, 1.000000000000000000, 0.0000000000000000000 ) ) ;
#1195 = ORIENTED_EDGE ( 'NONE', *, *, #508, .F. ) ;
#1196 = ORIENTED_EDGE ( 'NONE', *, *, #1647, .T. ) ;
#1197 = CARTESIAN_POINT ( 'NONE',  ( 4.099999999999999645, 7.700000000000000178, -5.649999999999999467 ) ) ;
#1198 = EDGE_CURVE ( 'NONE', #5309, #1685, #3304, .T. ) ;
#1199 = CARTESIAN_POINT ( 'NONE',  ( 2.761727742682280162, 25.10000000000000142, -0.6596554111625110295 ) ) ;
#1200 = CARTESIAN_POINT ( 'NONE',  ( -6.749999917384520209, 7.799999999999999822, -1.000000069913669964 ) ) ;
#1201 = EDGE_CURVE ( 'NONE', #402, #2026, #23, .T. ) ;
#1202 = EDGE_CURVE ( 'NONE', #499, #6207, #4528, .T. ) ;
#1203 = FACE_BOUND ( 'NONE', #2169, .T. ) ;
#1204 = CARTESIAN_POINT ( 'NONE',  ( -4.000000043426240381, -2.899999912893961085, -6.799999996487580134 ) ) ;
#1205 = LINE ( 'NONE', #2289, #3182 ) ;
#1206 = ORIENTED_EDGE ( 'NONE', *, *, #3368, .T. ) ;
#1207 = CLOSED_SHELL ( 'NONE', ( #6020, #2538, #5476, #6002, #4115, #6351, #1916, #1300 ) ) ;
#1208 = ORIENTED_EDGE ( 'NONE', *, *, #5647, .T. ) ;
#1209 = CARTESIAN_POINT ( 'NONE',  ( -0.9576564013118730179, 25.19999999999999929, 2.631139338200549904 ) ) ;
#1210 = AXIS2_PLACEMENT_3D ( 'NONE', #1988, #3446, #2355 ) ;
#1211 = EDGE_CURVE ( 'NONE', #1441, #3441, #3348, .T. ) ;
#1212 = DIRECTION ( 'NONE',  ( 0.0000000000000000000, 0.0000000000000000000, 1.000000000000000000 ) ) ;
#1213 = CARTESIAN_POINT ( 'NONE',  ( -1.799805307122310127, 18.00000000000000355, 2.144924440733139814 ) ) ;
#1214 = CARTESIAN_POINT ( 'NONE',  ( 2.399999960086180106, 0.8000000000000010436, -6.999999884090249758 ) ) ;
#1215 = ORIENTED_EDGE ( 'NONE', *, *, #375, .F. ) ;
#1216 = VECTOR ( 'NONE', #1633, 1000.000000000000000 ) ;
#1217 = ORIENTED_EDGE ( 'NONE', *, *, #5660, .F. ) ;
#1218 = CARTESIAN_POINT ( 'NONE',  ( 0.4000000405524459790, 1.099999526143019990, -6.599999864931620053 ) ) ;
#1219 = CARTESIAN_POINT ( 'NONE',  ( -1.799805307122310571, 18.00000000000000355, -2.144924440733130488 ) ) ;
#1220 = CARTESIAN_POINT ( 'NONE',  ( 6.750000000000000000, -0.8999999999999998002, -0.9999998973539250269 ) ) ;
#1221 = AXIS2_PLACEMENT_3D ( 'NONE', #88, #3920, #6104 ) ;
#1222 = CARTESIAN_POINT ( 'NONE',  ( 2.399999963598590025, -2.899999999999999911, -6.999999884090249758 ) ) ;
#1223 = DIRECTION ( 'NONE',  ( 0.7255109597715118097, 0.0000000000000000000, 0.6882106125681437536 ) ) ;
#1224 = DIRECTION ( 'NONE',  ( 6.050403047574039089E-17, 1.000000000000000000, 2.041094333682906009E-16 ) ) ;
#1225 = ORIENTED_EDGE ( 'NONE', *, *, #6438, .F. ) ;
#1226 = VECTOR ( 'NONE', #736, 1000.000000000000000 ) ;
#1227 = LINE ( 'NONE', #6154, #2624 ) ;
#1228 = CARTESIAN_POINT ( 'NONE',  ( 2.424871130596427005, 25.00000000000000000, 1.400000000000005906 ) ) ;
#1229 = AXIS2_PLACEMENT_3D ( 'NONE', #5525, #3302, #625 ) ;
#1230 = CARTESIAN_POINT ( 'NONE',  ( -2.522968687892470196, 25.19999999999999929, 1.264401180544789893 ) ) ;
#1231 = ORIENTED_EDGE ( 'NONE', *, *, #5923, .F. ) ;
#1232 = ORIENTED_EDGE ( 'NONE', *, *, #375, .T. ) ;
#1233 = CARTESIAN_POINT ( 'NONE',  ( 2.424871130596425228, 18.00000000000000355, 1.400000000000004796 ) ) ;
#1234 = AXIS2_PLACEMENT_3D ( 'NONE', #258, #4125, #6308 ) ;
#1235 = DIRECTION ( 'NONE',  ( 0.0000000000000000000, 0.0000000000000000000, 1.000000000000000000 ) ) ;
#1236 = DIRECTION ( 'NONE',  ( 0.9999999999999997780, 0.0000000000000000000, 1.756208234393599614E-08 ) ) ;
#1237 = B_SPLINE_SURFACE_WITH_KNOTS ( 'NONE', 3, 3, ( 
 ( #4628, #1344, #5594, #4592 ),
 ( #6771, #781, #5169, #3557 ),
 ( #815, #4486, #2541, #1455 ),
 ( #407, #4771, #2463, #4735 ) ),
 .UNSPECIFIED., .F., .F., .F.,
 ( 4, 4 ),
 ( 4, 4 ),
 ( 0.0000000000000000000, 1.000000000000000000 ),
 ( 0.0000000000000000000, 1.000000000000000000 ),
 .UNSPECIFIED. ) ;
#1238 = CARTESIAN_POINT ( 'NONE',  ( -0.5209445330007888009, 18.00000000000000355, -2.954423259036624838 ) ) ;
#1239 = ORIENTED_EDGE ( 'NONE', *, *, #865, .F. ) ;
#1240 = AXIS2_PLACEMENT_3D ( 'NONE', #3573, #2478, #800 ) ;
#1241 = ORIENTED_EDGE ( 'NONE', *, *, #3742, .T. ) ;
#1242 = ADVANCED_FACE ( 'NONE', ( #2328 ), #5033, .T. ) ;
#1243 = EDGE_LOOP ( 'NONE', ( #4302, #4992, #3867, #1208 ) ) ;
#1244 = DIRECTION ( 'NONE',  ( -0.0000000000000000000, 1.000000000000000000, 2.220446049250310123E-16 ) ) ;
#1245 = VECTOR ( 'NONE', #3745, 1000.000000000000000 ) ;
#1246 = CARTESIAN_POINT ( 'NONE',  ( -2.757461708434179926, 25.19999999999999929, 0.4862148974674089796 ) ) ;
#1247 = CARTESIAN_POINT ( 'NONE',  ( 2.298133329356938148, 18.00000000000000355, -1.928362829059611983 ) ) ;
#1248 = PLANE ( 'NONE',  #6047 ) ;
#1249 = DIRECTION ( 'NONE',  ( 0.0000000000000000000, 0.0000000000000000000, 1.000000000000000000 ) ) ;
#1250 = ORIENTED_EDGE ( 'NONE', *, *, #5933, .T. ) ;
#1251 = DIRECTION ( 'NONE',  ( 0.0000000000000000000, 0.0000000000000000000, -1.000000000000000000 ) ) ;
#1252 = B_SPLINE_CURVE_WITH_KNOTS ( 'NONE', 3,
 ( #5703, #147, #182, #4483 ),
 .UNSPECIFIED., .F., .F.,
 ( 4, 4 ),
 ( 4.878909776184769953E-19, 0.0004885781678749922651 ),
 .UNSPECIFIED. ) ;
#1253 = EDGE_LOOP ( 'NONE', ( #5644, #4832, #2928, #2201 ) ) ;
#1254 = CARTESIAN_POINT ( 'NONE',  ( 1.683301000481550069, 25.19999999999999929, -2.265078163602010086 ) ) ;
#1255 = PLANE ( 'NONE',  #3556 ) ;
#1256 = DIRECTION ( 'NONE',  ( 0.0000000000000000000, 1.000000000000000000, 0.0000000000000000000 ) ) ;
#1257 = CARTESIAN_POINT ( 'NONE',  ( 1.799805307122310127, 25.14999999999999858, 2.144924440733139814 ) ) ;
#1258 = ORIENTED_EDGE ( 'NONE', *, *, #7057, .T. ) ;
#1259 = CARTESIAN_POINT ( 'NONE',  ( -2.247063699815670557, 25.10000000000000142, 1.885510321747190021 ) ) ;
#1260 = FACE_OUTER_BOUND ( 'NONE', #4194, .T. ) ;
#1261 = EDGE_CURVE ( 'NONE', #1931, #1932, #6678, .T. ) ;
#1262 = ORIENTED_EDGE ( 'NONE', *, *, #1905, .T. ) ;
#1263 = DIRECTION ( 'NONE',  ( 0.2332523937523069968, 0.0000000000000000000, -0.9724162281702309896 ) ) ;
#1264 = CIRCLE ( 'NONE', #4491, 0.4708249680460303566 ) ;
#1265 = DIRECTION ( 'NONE',  ( -1.000000000000000000, -0.0000000000000000000, -0.0000000000000000000 ) ) ;
#1266 = CARTESIAN_POINT ( 'NONE',  ( 2.879438508160590438, 25.10000000000000142, -0.1623470767151170002 ) ) ;
#1267 = ORIENTED_EDGE ( 'NONE', *, *, #2344, .F. ) ;
#1268 = VERTEX_POINT ( 'NONE', #1793 ) ;
#1269 = DIRECTION ( 'NONE',  ( 0.2332523937523214574, 0.0000000000000000000, 0.9724162281702275479 ) ) ;
#1270 = VECTOR ( 'NONE', #3715, 1000.000000000000000 ) ;
#1271 = SURFACE_STYLE_USAGE ( .BOTH. , #1306 ) ;
#1272 = CARTESIAN_POINT ( 'NONE',  ( 4.399999958329909866, -2.899999526143021367, -6.799999848966088223 ) ) ;
#1273 = CARTESIAN_POINT ( 'NONE',  ( 6.474999999999999645, 7.799999999999999822, 6.599999852478499740 ) ) ;
#1274 = AXIS2_PLACEMENT_3D ( 'NONE', #4518, #5093, #3445 ) ;
#1275 = UNCERTAINTY_MEASURE_WITH_UNIT (LENGTH_MEASURE( 1.000000000000000082E-05 ), #2712, 'distance_accuracy_value', 'NONE');
#1276 =( NAMED_UNIT ( * ) PLANE_ANGLE_UNIT ( ) SI_UNIT ( $, .RADIAN. ) );
#1277 = PLANE ( 'NONE',  #4450 ) ;
#1278 = ORIENTED_EDGE ( 'NONE', *, *, #3950, .T. ) ;
#1279 = B_SPLINE_CURVE_WITH_KNOTS ( 'NONE', 3,
 ( #770, #2961, #2418, #1446 ),
 .UNSPECIFIED., .F., .F.,
 ( 4, 4 ),
 ( 1.999170025984727824E-18, 0.0004885781678749894462 ),
 .UNSPECIFIED. ) ;
#1280 = ORIENTED_EDGE ( 'NONE', *, *, #1703, .F. ) ;
#1281 = VECTOR ( 'NONE', #176, 1000.000000000000227 ) ;
#1282 = ORIENTED_EDGE ( 'NONE', *, *, #6346, .F. ) ;
#1283 = LINE ( 'NONE', #1789, #6870 ) ;
#1284 = PLANE ( 'NONE',  #3701 ) ;
#1285 = CARTESIAN_POINT ( 'NONE',  ( 1.959111205433653913, 14.79999999999999893, 3.999999910593039942 ) ) ;
#1286 = CARTESIAN_POINT ( 'NONE',  ( 4.099999999999999645, 8.000000000000000000, -5.649999999999999467 ) ) ;
#1287 = LINE ( 'NONE', #5718, #4447 ) ;
#1288 = DIRECTION ( 'NONE',  ( 0.0000000000000000000, 1.000000000000000000, 0.0000000000000000000 ) ) ;
#1289 = ADVANCED_FACE ( 'NONE', ( #538 ), #6008, .T. ) ;
#1290 = VERTEX_POINT ( 'NONE', #5754 ) ;
#1291 = CARTESIAN_POINT ( 'NONE',  ( -4.200000000000000178, 7.799999999999999822, -5.200000000000001066 ) ) ;
#1292 = DIRECTION ( 'NONE',  ( 0.0000000000000000000, 0.0000000000000000000, -1.000000000000000000 ) ) ;
#1293 = LINE ( 'NONE', #3500, #5881 ) ;
#1294 = DIRECTION ( 'NONE',  ( -5.036380489193884331E-17, -1.000000000000000000, -1.208070958628877662E-17 ) ) ;
#1295 = ORIENTED_EDGE ( 'NONE', *, *, #1824, .T. ) ;
#1296 = DIRECTION ( 'NONE',  ( 1.756208234393599614E-08, 0.0000000000000000000, -0.9999999999999997780 ) ) ;
#1297 = VERTEX_POINT ( 'NONE', #2439 ) ;
#1298 = CARTESIAN_POINT ( 'NONE',  ( -0.3999999652749727241, 1.099999526143019990, -7.199999851520569649 ) ) ;
#1299 = AXIS2_PLACEMENT_3D ( 'NONE', #3836, #1702, #3900 ) ;
#1300 = ADVANCED_FACE ( 'NONE', ( #3048 ), #1938, .T. ) ;
#1301 = DIRECTION ( 'NONE',  ( 0.0000000000000000000, -2.220446049250310123E-16, 1.000000000000000000 ) ) ;
#1302 = FACE_OUTER_BOUND ( 'NONE', #3238, .T. ) ;
#1303 = ORIENTED_EDGE ( 'NONE', *, *, #5830, .T. ) ;
#1304 = ORIENTED_EDGE ( 'NONE', *, *, #820, .F. ) ;
#1305 = LINE ( 'NONE', #3478, #1533 ) ;
#1306 = SURFACE_SIDE_STYLE ('',( #4086 ) ) ;
#1307 = CARTESIAN_POINT ( 'NONE',  ( -2.144924440733135373, 25.30000000000000071, 1.799805307122322118 ) ) ;
#1308 = FACE_OUTER_BOUND ( 'NONE', #3621, .T. ) ;
#1309 = ORIENTED_EDGE ( 'NONE', *, *, #6171, .T. ) ;
#1310 = ORIENTED_EDGE ( 'NONE', *, *, #96, .T. ) ;
#1311 = ORIENTED_EDGE ( 'NONE', *, *, #4906, .T. ) ;
#1312 = LINE ( 'NONE', #2977, #4014 ) ;
#1313 = DIRECTION ( 'NONE',  ( -0.8037388030040969467, 0.0000000000000000000, -0.5949822993548139483 ) ) ;
#1314 = FILL_AREA_STYLE ('',( #1861 ) ) ;
#1315 = CARTESIAN_POINT ( 'NONE',  ( 3.999999956573700111, -2.899999526143020923, -6.799999855990919606 ) ) ;
#1316 = VECTOR ( 'NONE', #3577, 1000.000000000000114 ) ;
#1317 = CARTESIAN_POINT ( 'NONE',  ( 4.099999999999999645, 8.000000000000000000, -5.099999999999999645 ) ) ;
#1318 = CARTESIAN_POINT ( 'NONE',  ( -2.757461708434179926, 25.19999999999999929, -0.4862148974674029844 ) ) ;
#1319 = LINE ( 'NONE', #1940, #25 ) ;
#1320 = ORIENTED_EDGE ( 'NONE', *, *, #1377, .F. ) ;
#1321 = COLOUR_RGB ( '',0.6274509803921568540, 0.6274509803921568540, 0.6274509803921568540 ) ;
#1322 = PLANE ( 'NONE',  #11 ) ;
#1323 = PLANE ( 'NONE',  #5160 ) ;
#1324 = CARTESIAN_POINT ( 'NONE',  ( 0.4500000000000000666, 4.099999999999999645, 7.499999852478500095 ) ) ;
#1325 = LINE ( 'NONE', #4715, #175 ) ;
#1326 = VECTOR ( 'NONE', #1294, 1000.000000000000000 ) ;
#1327 = VERTEX_POINT ( 'NONE', #861 ) ;
#1328 = DIRECTION ( 'NONE',  ( 0.0000000000000000000, 1.000000000000000000, 0.0000000000000000000 ) ) ;
#1329 = EDGE_LOOP ( 'NONE', ( #5049, #4232, #2007, #6943 ) ) ;
#1330 = EDGE_CURVE ( 'NONE', #6972, #453, #4137, .T. ) ;
#1331 = EDGE_CURVE ( 'NONE', #5038, #5027, #5250, .T. ) ;
#1332 = CARTESIAN_POINT ( 'NONE',  ( 2.424871130596424784, 18.00000000000000355, 1.400000000000003908 ) ) ;
#1333 = CIRCLE ( 'NONE', #6275, 3.000000000000000000 ) ;
#1334 = FACE_OUTER_BOUND ( 'NONE', #4065, .T. ) ;
#1335 = PLANE ( 'NONE',  #1063 ) ;
#1336 = CARTESIAN_POINT ( 'NONE',  ( 0.0000000000000000000, 14.80000000000000071, 1.554312234475219945E-15 ) ) ;
#1337 = EDGE_CURVE ( 'NONE', #394, #5309, #4671, .T. ) ;
#1338 = VERTEX_POINT ( 'NONE', #3016 ) ;
#1339 = AXIS2_PLACEMENT_3D ( 'NONE', #5955, #1496, #299 ) ;
#1340 = ORIENTED_EDGE ( 'NONE', *, *, #290, .F. ) ;
#1341 = DIRECTION ( 'NONE',  ( -0.9999999999999998890, 0.0000000000000000000, -1.756208234393599945E-08 ) ) ;
#1342 = CARTESIAN_POINT ( 'NONE',  ( 1.799805307122310571, 25.00000000000000355, 2.144924440733141147 ) ) ;
#1343 = AXIS2_PLACEMENT_3D ( 'NONE', #7034, #4321, #6126 ) ;
#1344 = CARTESIAN_POINT ( 'NONE',  ( -1.466666666666669894, 25.10000000000000142, 2.540341184434359967 ) ) ;
#1345 = UNCERTAINTY_MEASURE_WITH_UNIT (LENGTH_MEASURE( 1.000000000000000082E-05 ), #6704, 'distance_accuracy_value', 'NONE');
#1346 = CARTESIAN_POINT ( 'NONE',  ( -2.400000043426239849, -2.899999860630309900, -6.999999954338590236 ) ) ;
#1347 = ORIENTED_EDGE ( 'NONE', *, *, #3681, .F. ) ;
#1348 = STYLED_ITEM ( 'NONE', ( #1848 ), #2790 ) ;
#1349 = VERTEX_POINT ( 'NONE', #4060 ) ;
#1350 = EDGE_CURVE ( 'NONE', #6471, #3020, #5180, .T. ) ;
#1351 = ORIENTED_EDGE ( 'NONE', *, *, #814, .T. ) ;
#1352 = CARTESIAN_POINT ( 'NONE',  ( 6.200000000000001066, 0.0000000000000000000, 5.200000000000001066 ) ) ;
#1353 = CARTESIAN_POINT ( 'NONE',  ( -2.757461708434179926, 25.30000000000000071, 0.4862148974674080359 ) ) ;
#1354 =( LENGTH_UNIT ( ) NAMED_UNIT ( * ) SI_UNIT ( .MILLI., .METRE. ) );
#1355 = DIRECTION ( 'NONE',  ( -0.0000000000000000000, -1.000000000000000000, -2.220446049250310123E-16 ) ) ;
#1356 = AXIS2_PLACEMENT_3D ( 'NONE', #6764, #2960, #4619 ) ;
#1357 = CARTESIAN_POINT ( 'NONE',  ( 0.0000000000000000000, 18.00000000000000355, 3.000000000000002665 ) ) ;
#1358 = DIRECTION ( 'NONE',  ( 0.0000000000000000000, 0.0000000000000000000, 1.000000000000000000 ) ) ;
#1359 = DIRECTION ( 'NONE',  ( 0.9999999999999997780, 0.0000000000000000000, 1.756208373171469421E-08 ) ) ;
#1360 = VERTEX_POINT ( 'NONE', #2514 ) ;
#1361 = AXIS2_PLACEMENT_3D ( 'NONE', #2363, #1244, #4563 ) ;
#1362 = LINE ( 'NONE', #6185, #4167 ) ;
#1363 = LINE ( 'NONE', #206, #6987 ) ;
#1364 = CARTESIAN_POINT ( 'NONE',  ( -1.400000000000001910, 25.30000000000000071, 2.424871130596433666 ) ) ;
#1365 = CARTESIAN_POINT ( 'NONE',  ( -1.599999914744069995, 1.099999526143019990, -6.599999864931620053 ) ) ;
#1366 = ORIENTED_EDGE ( 'NONE', *, *, #3236, .F. ) ;
#1367 = CARTESIAN_POINT ( 'NONE',  ( -6.199999861419200009, 7.700000000000000178, -5.200000000000001066 ) ) ;
#1368 = ORIENTED_EDGE ( 'NONE', *, *, #597, .T. ) ;
#1369 = CARTESIAN_POINT ( 'NONE',  ( -2.757461708434179481, 25.00000000000000000, -0.4862148974674007085 ) ) ;
#1370 = DIRECTION ( 'NONE',  ( 0.0000000000000000000, -2.220446049250310123E-16, 1.000000000000000000 ) ) ;
#1371 = CARTESIAN_POINT ( 'NONE',  ( -0.9576564013118717966, 18.00000000000000355, -2.631139338200538358 ) ) ;
#1372 = CARTESIAN_POINT ( 'NONE',  ( 2.144924440733142035, 25.30000000000000071, 1.799805307122322118 ) ) ;
#1373 = ADVANCED_FACE ( 'NONE', ( #3991 ), #1829, .T. ) ;
#1374 = ORIENTED_EDGE ( 'NONE', *, *, #550, .T. ) ;
#1375 = ORIENTED_EDGE ( 'NONE', *, *, #3932, .T. ) ;
#1376 = CARTESIAN_POINT ( 'NONE',  ( -5.599999852478505069, 7.700000000000000178, 5.199999874830250057 ) ) ;
#1377 = EDGE_CURVE ( 'NONE', #3318, #5869, #269, .T. ) ;
#1378 = PRESENTATION_STYLE_ASSIGNMENT (( #1925 ) ) ;
#1379 = CARTESIAN_POINT ( 'NONE',  ( 1.499999999999996225, 18.00000000000000355, 2.598076211353320453 ) ) ;
#1380 = EDGE_CURVE ( 'NONE', #6135, #3929, #3456, .T. ) ;
#1381 = CARTESIAN_POINT ( 'NONE',  ( -0.4500000000000000666, -2.500000000000000444, 7.349999852478499740 ) ) ;
#1382 = ADVANCED_FACE ( 'NONE', ( #6247 ), #1248, .T. ) ;
#1383 = CIRCLE ( 'NONE', #221, 1.400000000000000133 ) ;
#1384 = EDGE_LOOP ( 'NONE', ( #6820, #3158, #2859, #4258 ) ) ;
#1385 = VERTEX_POINT ( 'NONE', #1357 ) ;
#1386 = ORIENTED_EDGE ( 'NONE', *, *, #1472, .F. ) ;
#1387 = ORIENTED_EDGE ( 'NONE', *, *, #2526, .T. ) ;
#1388 = EDGE_CURVE ( 'NONE', #2108, #4704, #4075, .T. ) ;
#1389 = AXIS2_PLACEMENT_3D ( 'NONE', #501, #569, #2768 ) ;
#1390 = FACE_OUTER_BOUND ( 'NONE', #7026, .T. ) ;
#1391 = CARTESIAN_POINT ( 'NONE',  ( -2.686853529219519920, 25.30000000000000071, -0.8045829195440550308 ) ) ;
#1392 = CARTESIAN_POINT ( 'NONE',  ( -2.819077862357719955, 18.00000000000000355, -1.026060429976999977 ) ) ;
#1393 = DIRECTION ( 'NONE',  ( 0.0000000000000000000, -2.220446049250310123E-16, 1.000000000000000000 ) ) ;
#1394 = CARTESIAN_POINT ( 'NONE',  ( -2.866666666666669805, 25.19999999999999929, 5.366923308269950178E-15 ) ) ;
#1395 = CARTESIAN_POINT ( 'NONE',  ( 2.132023988612059995, 25.00000000000000000, 2.000550032950799917 ) ) ;
#1396 = VECTOR ( 'NONE', #6130, 1000.000000000000000 ) ;
#1397 = ORIENTED_EDGE ( 'NONE', *, *, #3159, .T. ) ;
#1398 = DIRECTION ( 'NONE',  ( 1.000000000000000000, 0.0000000000000000000, 0.0000000000000000000 ) ) ;
#1399 = CARTESIAN_POINT ( 'NONE',  ( 2.340379263103430141, 25.00000000000000000, -1.752241886039739960 ) ) ;
#1400 = CARTESIAN_POINT ( 'NONE',  ( 0.0000000000000000000, 0.0000000000000000000, 6.599999852478499740 ) ) ;
#1401 = VECTOR ( 'NONE', #3582, 1000.000000000000000 ) ;
#1402 = LINE ( 'NONE', #1365, #1684 ) ;
#1403 = ORIENTED_EDGE ( 'NONE', *, *, #5879, .F. ) ;
#1404 = DIRECTION ( 'NONE',  ( -0.0000000000000000000, 1.000000000000000000, 0.0000000000000000000 ) ) ;
#1405 = B_SPLINE_SURFACE_WITH_KNOTS ( 'NONE', 3, 3, ( 
 ( #1413, #6487, #1558, #5949 ),
 ( #1025, #3217, #292, #2496 ),
 ( #4473, #2674, #3357, #2811 ),
 ( #3800, #1096, #2272, #4408 ) ),
 .UNSPECIFIED., .F., .F., .F.,
 ( 4, 4 ),
 ( 4, 4 ),
 ( 0.0000000000000000000, 1.000000000000000000 ),
 ( 0.0000000000000000000, 1.000000000000000000 ),
 .UNSPECIFIED. ) ;
#1406 = EDGE_LOOP ( 'NONE', ( #1258, #6866, #3795, #5390 ) ) ;
#1407 = DIRECTION ( 'NONE',  ( 0.7071067811865474617, -0.7071067811865474617, -0.0000000000000000000 ) ) ;
#1408 = CARTESIAN_POINT ( 'NONE',  ( 1.449999999999999956, 25.14999999999999858, 2.511473670974878836 ) ) ;
#1409 = CARTESIAN_POINT ( 'NONE',  ( 1.675018661464680036, 25.30000000000001137, -2.249632869080299802 ) ) ;
#1410 = DIRECTION ( 'NONE',  ( -0.9999999999999997780, 0.0000000000000000000, -1.756208234393599614E-08 ) ) ;
#1411 = CARTESIAN_POINT ( 'NONE',  ( -4.199999906122680038, 0.0000000000000000000, 6.599999852478499740 ) ) ;
#1412 = EDGE_LOOP ( 'NONE', ( #215, #5896, #3560, #2002 ) ) ;
#1413 = CARTESIAN_POINT ( 'NONE',  ( 0.9576564013118720187, 25.00000000000000000, 2.631139338200549904 ) ) ;
#1414 = EDGE_LOOP ( 'NONE', ( #3134, #2900 ) ) ;
#1415 = DIRECTION ( 'NONE',  ( 0.7071067811865474617, 0.7071067811865474617, 0.0000000000000000000 ) ) ;
#1416 = LINE ( 'NONE', #4050, #6291 ) ;
#1417 = CARTESIAN_POINT ( 'NONE',  ( 1.599999956573759929, -1.050000000000000044, -6.799999898139923893 ) ) ;
#1418 = VECTOR ( 'NONE', #2307, 1000.000000000000114 ) ;
#1419 = EDGE_CURVE ( 'NONE', #1327, #5886, #1287, .T. ) ;
#1420 = ORIENTED_EDGE ( 'NONE', *, *, #1469, .T. ) ;
#1421 = ORIENTED_EDGE ( 'NONE', *, *, #1836, .F. ) ;
#1422 = ORIENTED_EDGE ( 'NONE', *, *, #5834, .T. ) ;
#1423 = ORIENTED_EDGE ( 'NONE', *, *, #4545, .F. ) ;
#1424 = EDGE_CURVE ( 'NONE', #840, #5810, #1333, .T. ) ;
#1425 = EDGE_CURVE ( 'NONE', #4712, #1095, #2946, .T. ) ;
#1426 = VECTOR ( 'NONE', #6432, 1000.000000000000000 ) ;
#1427 = CARTESIAN_POINT ( 'NONE',  ( -8.022792055261529498, -2.172792186019219862, 1.000000102646080080 ) ) ;
#1428 = CARTESIAN_POINT ( 'NONE',  ( -1.258926716115120747, 25.29999999999999005, 2.506319829022841450 ) ) ;
#1429 = CARTESIAN_POINT ( 'NONE',  ( 0.0000000000000000000, 18.00000000000000355, 2.264854970235320762E-15 ) ) ;
#1430 = CARTESIAN_POINT ( 'NONE',  ( 7.102257272919648422E-16, 25.14999999999999858, -2.799999999999990052 ) ) ;
#1431 = DIRECTION ( 'NONE',  ( 0.0000000000000000000, 1.173900156578890012E-29, 1.000000000000000000 ) ) ;
#1432 = CARTESIAN_POINT ( 'NONE',  ( -2.879438508160590438, 25.10000000000000142, -0.1623470767151179994 ) ) ;
#1433 = FACE_OUTER_BOUND ( 'NONE', #56, .T. ) ;
#1434 = EDGE_CURVE ( 'NONE', #6838, #2639, #6816, .T. ) ;
#1435 = B_SPLINE_CURVE_WITH_KNOTS ( 'NONE', 3,
 ( #5757, #3018, #273, #6892 ),
 .UNSPECIFIED., .F., .F.,
 ( 4, 4 ),
 ( 0.0000000000000000000, 0.0004885781678749955177 ),
 .UNSPECIFIED. ) ;
#1436 = ORIENTED_EDGE ( 'NONE', *, *, #824, .T. ) ;
#1437 = ADVANCED_FACE ( 'NONE', ( #423 ), #4784, .T. ) ;
#1438 = CARTESIAN_POINT ( 'NONE',  ( 2.195994070274399856, 25.19999999999999929, -1.842657814434740082 ) ) ;
#1439 = LINE ( 'NONE', #1475, #822 ) ;
#1440 = CARTESIAN_POINT ( 'NONE',  ( 3.000000000000000000, 18.00000000000000355, 4.371503159461549934E-15 ) ) ;
#1441 = VERTEX_POINT ( 'NONE', #7033 ) ;
#1442 = CARTESIAN_POINT ( 'NONE',  ( 4.200000000000000178, 7.799999999999999822, 5.200000000000001066 ) ) ;
#1443 = ORIENTED_EDGE ( 'NONE', *, *, #4163, .T. ) ;
#1444 = EDGE_CURVE ( 'NONE', #3160, #1841, #5931, .T. ) ;
#1445 = CARTESIAN_POINT ( 'NONE',  ( -2.838307805622790170, 25.00000000000000000, 0.3241432649782760023 ) ) ;
#1446 = CARTESIAN_POINT ( 'NONE',  ( -2.757461708434179926, 25.30000000000000071, -0.4862148974674039836 ) ) ;
#1447 =( GEOMETRIC_REPRESENTATION_CONTEXT ( 3 ) GLOBAL_UNCERTAINTY_ASSIGNED_CONTEXT ( ( #5670 ) ) GLOBAL_UNIT_ASSIGNED_CONTEXT ( ( #7031, #4246, #1005 ) ) REPRESENTATION_CONTEXT ( 'NONE', 'WORKASPACE' ) );
#1448 = DIRECTION ( 'NONE',  ( -0.9171391875453948073, 0.0000000000000000000, 0.3985670717314378497 ) ) ;
#1449 = DIRECTION ( 'NONE',  ( -1.332507683590949845E-08, 0.0000000000000000000, 0.9999999999999998890 ) ) ;
#1450 = VERTEX_POINT ( 'NONE', #4887 ) ;
#1451 = ORIENTED_EDGE ( 'NONE', *, *, #1662, .T. ) ;
#1452 = CARTESIAN_POINT ( 'NONE',  ( -4.200000000000000178, 7.700000000000000178, 5.200000000000001066 ) ) ;
#1453 = VECTOR ( 'NONE', #245, 1000.000000000000114 ) ;
#1454 = LINE ( 'NONE', #923, #4813 ) ;
#1455 = CARTESIAN_POINT ( 'NONE',  ( -1.675018661464670044, 25.30000000000000071, 2.249632869080319786 ) ) ;
#1456 = VECTOR ( 'NONE', #2907, 1000.000000000000000 ) ;
#1457 = FACE_OUTER_BOUND ( 'NONE', #4140, .T. ) ;
#1458 = ORIENTED_EDGE ( 'NONE', *, *, #1350, .T. ) ;
#1459 = ORIENTED_EDGE ( 'NONE', *, *, #7000, .T. ) ;
#1460 = ORIENTED_EDGE ( 'NONE', *, *, #1883, .T. ) ;
#1461 = ORIENTED_EDGE ( 'NONE', *, *, #5879, .T. ) ;
#1462 = VECTOR ( 'NONE', #5709, 1000.000000000000227 ) ;
#1463 = CARTESIAN_POINT ( 'NONE',  ( 2.757461708434179926, 18.00000000000000355, -0.4862148974674010415 ) ) ;
#1464 = CARTESIAN_POINT ( 'NONE',  ( -2.757461708434179926, 18.00000000000000355, -0.4862148974674010415 ) ) ;
#1465 = CARTESIAN_POINT ( 'NONE',  ( -0.9576564013118740171, 25.19999999999999929, -2.631139338200540134 ) ) ;
#1466 = FACE_OUTER_BOUND ( 'NONE', #6597, .T. ) ;
#1467 = CARTESIAN_POINT ( 'NONE',  ( 6.150576504849640358, -3.268807696858370360, -0.9999998973539252489 ) ) ;
#1468 = VECTOR ( 'NONE', #1506, 1000.000000000000000 ) ;
#1469 = EDGE_CURVE ( 'NONE', #394, #2998, #2037, .T. ) ;
#1470 = CARTESIAN_POINT ( 'NONE',  ( 2.575425147181570118, 25.30000000000000071, -1.110729883079679903 ) ) ;
#1471 = ORIENTED_EDGE ( 'NONE', *, *, #1706, .F. ) ;
#1472 = EDGE_CURVE ( 'NONE', #4328, #3081, #3090, .T. ) ;
#1473 = DIRECTION ( 'NONE',  ( 0.0000000000000000000, 1.000000000000000000, 0.0000000000000000000 ) ) ;
#1474 = COLOUR_RGB ( '',0.6274509803921568540, 0.6274509803921568540, 0.6274509803921568540 ) ;
#1475 = CARTESIAN_POINT ( 'NONE',  ( 9.020562075079400835E-16, 18.00000000000000355, -2.799999999999999822 ) ) ;
#1476 = CARTESIAN_POINT ( 'NONE',  ( 0.1664808010194150090, 25.19999999999999929, -2.817155566939959943 ) ) ;
#1477 = EDGE_CURVE ( 'NONE', #4927, #6674, #3200, .T. ) ;
#1478 = ORIENTED_EDGE ( 'NONE', *, *, #5662, .T. ) ;
#1479 = PLANE ( 'NONE',  #5924 ) ;
#1480 = VECTOR ( 'NONE', #2556, 1000.000000000000000 ) ;
#1481 = ORIENTED_EDGE ( 'NONE', *, *, #5700, .T. ) ;
#1482 = CARTESIAN_POINT ( 'NONE',  ( 1.560692439513249985, 25.19999999999999929, 2.377954694971950111 ) ) ;
#1483 = CARTESIAN_POINT ( 'NONE',  ( 0.4000000405524459790, 1.099999526143019990, -7.199999868444032280 ) ) ;
#1484 = EDGE_CURVE ( 'NONE', #5431, #556, #5361, .T. ) ;
#1485 = CARTESIAN_POINT ( 'NONE',  ( 5.306340021548530165E-16, 25.19999999999999929, -2.799999999999990052 ) ) ;
#1486 = FACE_OUTER_BOUND ( 'NONE', #4531, .T. ) ;
#1487 = B_SPLINE_CURVE_WITH_KNOTS ( 'NONE', 3,
 ( #4480, #2781, #6024, #2752 ),
 .UNSPECIFIED., .F., .F.,
 ( 4, 4 ),
 ( 2.168404344971008868E-19, 0.0004885781678749930241 ),
 .UNSPECIFIED. ) ;
#1488 = LINE ( 'NONE', #5375, #2963 ) ;
#1489 = EDGE_CURVE ( 'NONE', #1016, #6774, #1505, .T. ) ;
#1490 = ORIENTED_EDGE ( 'NONE', *, *, #4770, .T. ) ;
#1491 = VERTEX_POINT ( 'NONE', #2013 ) ;
#1492 = ORIENTED_EDGE ( 'NONE', *, *, #4252, .T. ) ;
#1493 = DIRECTION ( 'NONE',  ( -0.9171391875453948073, 0.0000000000000000000, -0.3985670717314378497 ) ) ;
#1494 = DIRECTION ( 'NONE',  ( 0.9171391875453943632, 0.0000000000000000000, -0.3985670717314387379 ) ) ;
#1495 =( NAMED_UNIT ( * ) PLANE_ANGLE_UNIT ( ) SI_UNIT ( $, .RADIAN. ) );
#1496 = DIRECTION ( 'NONE',  ( 0.0000000000000000000, 0.0000000000000000000, 1.000000000000000000 ) ) ;
#1497 = VERTEX_POINT ( 'NONE', #3674 ) ;
#1498 = ORIENTED_EDGE ( 'NONE', *, *, #1951, .F. ) ;
#1499 = VERTEX_POINT ( 'NONE', #6433 ) ;
#1500 = EDGE_LOOP ( 'NONE', ( #1523, #853, #3951, #1498 ) ) ;
#1501 = LINE ( 'NONE', #1463, #3443 ) ;
#1502 = CARTESIAN_POINT ( 'NONE',  ( -2.693785512919599778, 25.19999999999999929, -0.9804577442002460064 ) ) ;
#1503 = VECTOR ( 'NONE', #1917, 1000.000000000000000 ) ;
#1504 = DIRECTION ( 'NONE',  ( 0.1134003845412959455, 0.0000000000000000000, 0.9935493710862516314 ) ) ;
#1505 = LINE ( 'NONE', #383, #418 ) ;
#1506 = DIRECTION ( 'NONE',  ( 0.0000000000000000000, 1.000000000000000000, 0.0000000000000000000 ) ) ;
#1507 = VECTOR ( 'NONE', #4254, 1000.000000000000000 ) ;
#1508 = VERTEX_POINT ( 'NONE', #5398 ) ;
#1509 = CARTESIAN_POINT ( 'NONE',  ( -4.200000000000000178, 7.799999999999999822, 5.200000000000001066 ) ) ;
#1510 = LINE ( 'NONE', #1980, #2657 ) ;
#1511 = DIRECTION ( 'NONE',  ( -0.0000000000000000000, 0.0000000000000000000, -1.000000000000000000 ) ) ;
#1512 = EDGE_LOOP ( 'NONE', ( #963, #3290 ) ) ;
#1513 = EDGE_CURVE ( 'NONE', #4679, #937, #2622, .T. ) ;
#1514 = DIRECTION ( 'NONE',  ( -1.000000000000000000, 0.0000000000000000000, -0.0000000000000000000 ) ) ;
#1515 = VERTEX_POINT ( 'NONE', #4821 ) ;
#1516 = VECTOR ( 'NONE', #6337, 1000.000000000000227 ) ;
#1517 = DIRECTION ( 'NONE',  ( 0.0000000000000000000, 1.000000000000000000, 0.0000000000000000000 ) ) ;
#1518 = EDGE_CURVE ( 'NONE', #5421, #7, #6996, .T. ) ;
#1519 = EDGE_CURVE ( 'NONE', #1131, #2280, #2654, .T. ) ;
#1520 = CARTESIAN_POINT ( 'NONE',  ( -3.599999870040590189, 1.099999526143019990, -6.599999864931620053 ) ) ;
#1521 = DIRECTION ( 'NONE',  ( -2.501751711169086254E-17, -1.000000000000000000, -2.855415285133287927E-18 ) ) ;
#1522 = LINE ( 'NONE', #4119, #2609 ) ;
#1523 = ORIENTED_EDGE ( 'NONE', *, *, #1957, .T. ) ;
#1524 = DIRECTION ( 'NONE',  ( 0.4249250029153157637, -0.8320502943378728089, -0.3565544132242346453 ) ) ;
#1525 = ORIENTED_EDGE ( 'NONE', *, *, #4562, .T. ) ;
#1526 = CARTESIAN_POINT ( 'NONE',  ( -2.819077862357719955, 25.00000000000000000, -1.026060429976999977 ) ) ;
#1527 = ADVANCED_FACE ( 'NONE', ( #6962 ), #4174, .T. ) ;
#1528 = B_SPLINE_SURFACE_WITH_KNOTS ( 'NONE', 3, 3, ( 
 ( #4893, #5871, #5436, #6934 ),
 ( #1587, #6476, #1476, #7004 ),
 ( #2123, #503, #3825, #6550 ),
 ( #2559, #908, #2595, #2022 ) ),
 .UNSPECIFIED., .F., .F., .F.,
 ( 4, 4 ),
 ( 4, 4 ),
 ( 0.0000000000000000000, 1.000000000000000000 ),
 ( 0.0000000000000000000, 1.000000000000000000 ),
 .UNSPECIFIED. ) ;
#1529 = EDGE_CURVE ( 'NONE', #5343, #6427, #4907, .T. ) ;
#1530 = DIRECTION ( 'NONE',  ( -0.0000000000000000000, -1.000000000000000000, 0.0000000000000000000 ) ) ;
#1531 = ORIENTED_EDGE ( 'NONE', *, *, #5891, .T. ) ;
#1532 = VERTEX_POINT ( 'NONE', #1578 ) ;
#1533 = VECTOR ( 'NONE', #5127, 1000.000000000000000 ) ;
#1534 = ORIENTED_EDGE ( 'NONE', *, *, #6928, .T. ) ;
#1535 = ORIENTED_EDGE ( 'NONE', *, *, #48, .F. ) ;
#1536 = CARTESIAN_POINT ( 'NONE',  ( -0.4000000381576164776, -2.899999999999999911, -7.199999933264088270 ) ) ;
#1537 = EDGE_CURVE ( 'NONE', #3334, #1955, #3783, .T. ) ;
#1538 = CARTESIAN_POINT ( 'NONE',  ( -0.4000000434262411253, -1.050000000000000044, -6.799999933264083474 ) ) ;
#1539 = CIRCLE ( 'NONE', #148, 1.399999852478509998 ) ;
#1540 = DIRECTION ( 'NONE',  ( 1.000000000000000000, 0.0000000000000000000, 0.0000000000000000000 ) ) ;
#1541 = CARTESIAN_POINT ( 'NONE',  ( 2.424871130596430113, 25.10000000000000142, 1.400000000000009903 ) ) ;
#1542 = DIRECTION ( 'NONE',  ( 0.0000000000000000000, 0.0000000000000000000, -1.000000000000000000 ) ) ;
#1543 = DIRECTION ( 'NONE',  ( -0.0000000000000000000, 1.000000000000000000, 0.0000000000000000000 ) ) ;
#1544 = COLOUR_RGB ( '',0.6274509803921568540, 0.6274509803921568540, 0.6274509803921568540 ) ;
#1545 = ORIENTED_EDGE ( 'NONE', *, *, #7094, .T. ) ;
#1546 = CARTESIAN_POINT ( 'NONE',  ( -0.5209445330007858033, 18.00000000000000355, -2.954423259036623062 ) ) ;
#1547 = FACE_OUTER_BOUND ( 'NONE', #2754, .T. ) ;
#1548 = DIRECTION ( 'NONE',  ( 0.0000000000000000000, 0.0000000000000000000, 1.000000000000000000 ) ) ;
#1549 = LINE ( 'NONE', #5907, #5365 ) ;
#1550 = ORIENTED_EDGE ( 'NONE', *, *, #3415, .T. ) ;
#1551 = VERTEX_POINT ( 'NONE', #2587 ) ;
#1552 = CARTESIAN_POINT ( 'NONE',  ( -2.757461708434179926, 25.30000000000000071, 0.4862148974674089796 ) ) ;
#1553 = DIRECTION ( 'NONE',  ( 0.0000000000000000000, 1.000000000000000000, 0.0000000000000000000 ) ) ;
#1554 = CARTESIAN_POINT ( 'NONE',  ( -6.749999917384525538, 7.799999999999999822, -1.000000069913670409 ) ) ;
#1555 = AXIS2_PLACEMENT_3D ( 'NONE', #5064, #4635, #6852 ) ;
#1556 = CARTESIAN_POINT ( 'NONE',  ( -4.200000000000000178, 0.0000000000000000000, 5.200000000000001066 ) ) ;
#1557 = ORIENTED_EDGE ( 'NONE', *, *, #4341, .T. ) ;
#1558 = CARTESIAN_POINT ( 'NONE',  ( 0.9576564013118711305, 25.19999999999999929, 2.631139338200549904 ) ) ;
#1559 = VERTEX_POINT ( 'NONE', #4212 ) ;
#1560 = PLANE ( 'NONE',  #1187 ) ;
#1561 = ADVANCED_FACE ( 'NONE', ( #3639 ), #3076, .F. ) ;
#1562 = PLANE ( 'NONE',  #5953 ) ;
#1563 = COLOUR_RGB ( '',0.6274509803921568540, 0.6274509803921568540, 0.6274509803921568540 ) ;
#1564 = DIRECTION ( 'NONE',  ( 1.756208373171469752E-08, 0.0000000000000000000, -0.9999999999999998890 ) ) ;
#1565 = CARTESIAN_POINT ( 'NONE',  ( 0.9576564013118711305, 25.10000000000000142, 2.631139338200549904 ) ) ;
#1566 = ORIENTED_EDGE ( 'NONE', *, *, #901, .T. ) ;
#1567 = VECTOR ( 'NONE', #3690, 1000.000000000000227 ) ;
#1568 = ORIENTED_EDGE ( 'NONE', *, *, #6824, .T. ) ;
#1569 = EDGE_CURVE ( 'NONE', #1290, #3020, #3341, .T. ) ;
#1570 = ORIENTED_EDGE ( 'NONE', *, *, #1537, .F. ) ;
#1571 = ORIENTED_EDGE ( 'NONE', *, *, #5472, .F. ) ;
#1572 = DIRECTION ( 'NONE',  ( 1.000000000000000000, 0.0000000000000000000, -0.0000000000000000000 ) ) ;
#1573 = CARTESIAN_POINT ( 'NONE',  ( -1.999999905803369948, 1.099999526143019990, -6.899999858226090410 ) ) ;
#1574 = VECTOR ( 'NONE', #3530, 1000.000000000000000 ) ;
#1575 =( NAMED_UNIT ( * ) PLANE_ANGLE_UNIT ( ) SI_UNIT ( $, .RADIAN. ) );
#1576 = CARTESIAN_POINT ( 'NONE',  ( -0.9576564013118730179, 25.00000000000000000, -2.631139338200540134 ) ) ;
#1577 = FACE_OUTER_BOUND ( 'NONE', #414, .T. ) ;
#1578 = CARTESIAN_POINT ( 'NONE',  ( -4.099999999999999645, 7.799999999999999822, -4.549999999999998934 ) ) ;
#1579 = LINE ( 'NONE', #498, #6062 ) ;
#1580 = EDGE_CURVE ( 'NONE', #556, #5421, #1205, .T. ) ;
#1581 = VECTOR ( 'NONE', #889, 1000.000000000000114 ) ;
#1582 = VERTEX_POINT ( 'NONE', #5530 ) ;
#1583 = CARTESIAN_POINT ( 'NONE',  ( -2.729174872324008572, 25.30000000000000071, 0.6466375168335566359 ) ) ;
#1584 = DIRECTION ( 'NONE',  ( -1.756208373171469752E-08, 0.0000000000000000000, 0.9999999999999998890 ) ) ;
#1585 = DIRECTION ( 'NONE',  ( -0.2332523937523069968, 0.0000000000000000000, 0.9724162281702309896 ) ) ;
#1586 = VECTOR ( 'NONE', #6178, 1000.000000000000000 ) ;
#1587 = CARTESIAN_POINT ( 'NONE',  ( 0.1736481776669310251, 25.00000000000000000, -2.851474419678869943 ) ) ;
#1588 = ORIENTED_EDGE ( 'NONE', *, *, #2344, .T. ) ;
#1589 = B_SPLINE_SURFACE_WITH_KNOTS ( 'NONE', 3, 3, ( 
 ( #823, #5029, #3525, #5715 ),
 ( #2903, #1825, #6137, #4600 ),
 ( #84, #2292, #1859, #3452 ),
 ( #6675, #4492, #1209, #2325 ) ),
 .UNSPECIFIED., .F., .F., .F.,
 ( 4, 4 ),
 ( 4, 4 ),
 ( 0.0000000000000000000, 1.000000000000000000 ),
 ( 0.0000000000000000000, 1.000000000000000000 ),
 .UNSPECIFIED. ) ;
#1590 = ORIENTED_EDGE ( 'NONE', *, *, #6099, .T. ) ;
#1591 = VECTOR ( 'NONE', #957, 1000.000000000000000 ) ;
#1592 = CARTESIAN_POINT ( 'NONE',  ( -2.919153902811390200, 25.00000000000000000, 0.1620716324891409987 ) ) ;
#1593 = LINE ( 'NONE', #475, #2304 ) ;
#1594 = CARTESIAN_POINT ( 'NONE',  ( 4.200000000000000178, 7.700000000000000178, 5.200000000000001066 ) ) ;
#1595 = AXIS2_PLACEMENT_3D ( 'NONE', #7045, #5267, #5943 ) ;
#1596 = DIRECTION ( 'NONE',  ( 1.756208373171469421E-08, 0.0000000000000000000, -0.9999999999999997780 ) ) ;
#1597 = EDGE_LOOP ( 'NONE', ( #5903, #6581 ) ) ;
#1598 = DIRECTION ( 'NONE',  ( 0.0000000000000000000, 1.000000000000000000, -0.0000000000000000000 ) ) ;
#1599 = CARTESIAN_POINT ( 'NONE',  ( 2.298133329356929710, 25.00000000000000000, -1.928362829059608874 ) ) ;
#1600 = CARTESIAN_POINT ( 'NONE',  ( -2.298133329356935484, 25.00000000000000000, 1.928362829059620642 ) ) ;
#1601 = VECTOR ( 'NONE', #1721, 1000.000000000000114 ) ;
#1602 = DIRECTION ( 'NONE',  ( 0.5517714909206801188, 0.0000000000000000000, -0.8339953368018132585 ) ) ;
#1603 = LINE ( 'NONE', #6659, #1806 ) ;
#1604 = ORIENTED_EDGE ( 'NONE', *, *, #1202, .F. ) ;
#1605 = ORIENTED_EDGE ( 'NONE', *, *, #5035, .T. ) ;
#1606 = CARTESIAN_POINT ( 'NONE',  ( -0.6665151557711509467, 25.00000000000000000, -2.846661952091260162 ) ) ;
#1607 = EDGE_CURVE ( 'NONE', #5765, #3120, #4924, .T. ) ;
#1608 = ORIENTED_EDGE ( 'NONE', *, *, #469, .T. ) ;
#1609 = ORIENTED_EDGE ( 'NONE', *, *, #5850, .T. ) ;
#1610 = CARTESIAN_POINT ( 'NONE',  ( 2.819077862357719955, 18.00000000000000355, -1.026060429976999977 ) ) ;
#1611 = CARTESIAN_POINT ( 'NONE',  ( 2.249632869080310016, 25.30000000000001137, -1.675018661464669378 ) ) ;
#1612 = EDGE_CURVE ( 'NONE', #5583, #1932, #2175, .T. ) ;
#1613 = ADVANCED_FACE ( 'NONE', ( #596 ), #45, .T. ) ;
#1614 = PRESENTATION_STYLE_ASSIGNMENT (( #2186 ) ) ;
#1615 = FACE_OUTER_BOUND ( 'NONE', #6076, .T. ) ;
#1616 = DIRECTION ( 'NONE',  ( 0.0000000000000000000, -1.947377049816801886E-16, 1.000000000000000000 ) ) ;
#1617 = DIRECTION ( 'NONE',  ( 0.0000000000000000000, 0.0000000000000000000, 1.000000000000000000 ) ) ;
#1618 = PLANE ( 'NONE',  #4236 ) ;
#1619 = ADVANCED_FACE ( 'NONE', ( #16 ), #2254, .F. ) ;
#1620 = ORIENTED_EDGE ( 'NONE', *, *, #4205, .F. ) ;
#1621 = VECTOR ( 'NONE', #593, 1000.000000000000000 ) ;
#1622 = PLANE ( 'NONE',  #3210 ) ;
#1623 = EDGE_CURVE ( 'NONE', #6004, #194, #1109, .T. ) ;
#1624 = CARTESIAN_POINT ( 'NONE',  ( 0.0000000000000000000, 0.0000000000000000000, -7.376074639964259818E-08 ) ) ;
#1625 = DIRECTION ( 'NONE',  ( -0.9724162281702309896, 5.179243561854879879E-17, -0.2332523937523069968 ) ) ;
#1626 = FACE_OUTER_BOUND ( 'NONE', #2140, .T. ) ;
#1627 = ORIENTED_EDGE ( 'NONE', *, *, #6048, .T. ) ;
#1628 = VECTOR ( 'NONE', #2521, 1000.000000000000000 ) ;
#1629 = ORIENTED_EDGE ( 'NONE', *, *, #1905, .F. ) ;
#1630 = CARTESIAN_POINT ( 'NONE',  ( -2.506319829022829904, 25.30000000000000071, 1.258926716115120081 ) ) ;
#1631 = FACE_OUTER_BOUND ( 'NONE', #4277, .T. ) ;
#1632 = VECTOR ( 'NONE', #467, 1000.000000000000000 ) ;
#1633 = DIRECTION ( 'NONE',  ( -0.0000000000000000000, -1.000000000000000000, 0.0000000000000000000 ) ) ;
#1634 = CARTESIAN_POINT ( 'NONE',  ( -4.399999920092519723, 0.7999997195184884724, -6.599999864931620053 ) ) ;
#1635 = CARTESIAN_POINT ( 'NONE',  ( -2.539624515647219916, 25.10000000000000142, -1.269879012229329973 ) ) ;
#1636 = CIRCLE ( 'NONE', #4618, 0.4708249680460303566 ) ;
#1637 = LINE ( 'NONE', #5547, #5272 ) ;
#1638 = CARTESIAN_POINT ( 'NONE',  ( -1.599999914744069995, 0.7999995261430199456, -6.599999864931620053 ) ) ;
#1639 = AXIS2_PLACEMENT_3D ( 'NONE', #2913, #2841, #5040 ) ;
#1640 = DIRECTION ( 'NONE',  ( 0.8037388030040969467, 0.0000000000000000000, 0.5949822993548139483 ) ) ;
#1641 = ORIENTED_EDGE ( 'NONE', *, *, #5916, .T. ) ;
#1642 = ORIENTED_EDGE ( 'NONE', *, *, #1974, .F. ) ;
#1643 = FACE_OUTER_BOUND ( 'NONE', #6912, .T. ) ;
#1644 = FACE_OUTER_BOUND ( 'NONE', #5255, .T. ) ;
#1645 = DIRECTION ( 'NONE',  ( -1.756208303782529389E-08, 0.0000000000000000000, 0.9999999999999997780 ) ) ;
#1646 = CARTESIAN_POINT ( 'NONE',  ( 2.279879574323210090, 25.19999999999999929, 1.700758227578730075 ) ) ;
#1647 = EDGE_CURVE ( 'NONE', #3799, #1499, #3122, .T. ) ;
#1648 = DIRECTION ( 'NONE',  ( 0.0000000000000000000, 1.000000000000000000, 2.220446049250310123E-16 ) ) ;
#1649 = B_SPLINE_SURFACE_WITH_KNOTS ( 'NONE', 3, 3, ( 
 ( #5408, #4720, #6373, #1552 ),
 ( #1445, #395, #7010, #5371 ),
 ( #1592, #4331, #877, #2527 ),
 ( #2563, #474, #6446, #6517 ) ),
 .UNSPECIFIED., .F., .F., .F.,
 ( 4, 4 ),
 ( 4, 4 ),
 ( 0.0000000000000000000, 1.000000000000000000 ),
 ( 0.0000000000000000000, 1.000000000000000000 ),
 .UNSPECIFIED. ) ;
#1650 = VECTOR ( 'NONE', #1846, 1000.000000000000000 ) ;
#1651 = ORIENTED_EDGE ( 'NONE', *, *, #5744, .T. ) ;
#1652 = B_SPLINE_CURVE_WITH_KNOTS ( 'NONE', 3,
 ( #6101, #3788, #1178, #6547 ),
 .UNSPECIFIED., .F., .F.,
 ( 4, 4 ),
 ( 2.168404344971008627E-19, 0.0004885781678749969272 ),
 .UNSPECIFIED. ) ;
#1653 = EDGE_CURVE ( 'NONE', #2867, #4242, #3948, .T. ) ;
#1654 = EDGE_CURVE ( 'NONE', #5501, #6191, #669, .T. ) ;
#1655 = EDGE_LOOP ( 'NONE', ( #210, #1958, #7107, #5818 ) ) ;
#1656 = AXIS2_PLACEMENT_3D ( 'NONE', #1452, #3000, #256 ) ;
#1657 = LINE ( 'NONE', #500, #1133 ) ;
#1658 = LINE ( 'NONE', #2832, #6208 ) ;
#1659 = DIRECTION ( 'NONE',  ( 0.0000000000000000000, -2.220446049250310123E-16, 1.000000000000000000 ) ) ;
#1660 = VECTOR ( 'NONE', #4527, 1000.000000000000000 ) ;
#1661 = ORIENTED_EDGE ( 'NONE', *, *, #6748, .F. ) ;
#1662 = EDGE_CURVE ( 'NONE', #6387, #291, #5589, .T. ) ;
#1663 = EDGE_LOOP ( 'NONE', ( #4803, #2388, #4084, #4402 ) ) ;
#1664 = CARTESIAN_POINT ( 'NONE',  ( 2.050000194145833010, 4.400000000000000355, 7.649999856040810009 ) ) ;
#1665 = CARTESIAN_POINT ( 'NONE',  ( -1.683301000481550069, 25.19999999999999929, -2.265078163602019856 ) ) ;
#1666 = LINE ( 'NONE', #3962, #4097 ) ;
#1667 = DIRECTION ( 'NONE',  ( 0.0000000000000000000, 0.0000000000000000000, 1.000000000000000000 ) ) ;
#1668 = CARTESIAN_POINT ( 'NONE',  ( -2.506319829022829904, 25.30000000000000071, -1.258926716115110089 ) ) ;
#1669 = EDGE_CURVE ( 'NONE', #805, #7063, #4594, .T. ) ;
#1670 = PRODUCT_DEFINITION_FORMATION_WITH_SPECIFIED_SOURCE ( 'ANY', '', #4358, .NOT_KNOWN. ) ;
#1671 = CARTESIAN_POINT ( 'NONE',  ( 0.3999999635985919677, -2.900000000000000799, -7.199999926239254222 ) ) ;
#1672 = VECTOR ( 'NONE', #6443, 1000.000000000000227 ) ;
#1673 = FACE_OUTER_BOUND ( 'NONE', #4773, .T. ) ;
#1674 = CARTESIAN_POINT ( 'NONE',  ( -2.799999999999997158, 25.30000000000000071, 7.204079395944728990E-15 ) ) ;
#1675 = ORIENTED_EDGE ( 'NONE', *, *, #2578, .F. ) ;
#1676 = ORIENTED_EDGE ( 'NONE', *, *, #3116, .F. ) ;
#1677 = CARTESIAN_POINT ( 'NONE',  ( 2.506319829022829904, 25.30000000000000071, -1.258926716115110089 ) ) ;
#1678 = MECHANICAL_DESIGN_GEOMETRIC_PRESENTATION_REPRESENTATION (  '', ( #3295 ), #5697 ) ;
#1679 = SURFACE_SIDE_STYLE ('',( #6700 ) ) ;
#1680 = DIRECTION ( 'NONE',  ( 0.0000000000000000000, 0.0000000000000000000, -1.000000000000000000 ) ) ;
#1681 = CARTESIAN_POINT ( 'NONE',  ( 2.424871130596430113, 25.30000000000000071, 1.400000000000009903 ) ) ;
#1682 = DIRECTION ( 'NONE',  ( 0.0000000000000000000, 0.0000000000000000000, -1.000000000000000000 ) ) ;
#1683 = DIRECTION ( 'NONE',  ( 0.0000000000000000000, 0.0000000000000000000, 1.000000000000000000 ) ) ;
#1684 = VECTOR ( 'NONE', #5153, 1000.000000000000000 ) ;
#1685 = VERTEX_POINT ( 'NONE', #3447 ) ;
#1686 = ORIENTED_EDGE ( 'NONE', *, *, #5617, .F. ) ;
#1687 = VECTOR ( 'NONE', #200, 1000.000000000000000 ) ;
#1688 = CARTESIAN_POINT ( 'NONE',  ( 2.500000258861110325, 4.400000000000000355, 7.124999856040810542 ) ) ;
#1689 = LINE ( 'NONE', #6610, #936 ) ;
#1690 = PLANE ( 'NONE',  #612 ) ;
#1691 = EDGE_CURVE ( 'NONE', #3247, #291, #4091, .T. ) ;
#1692 = AXIS2_PLACEMENT_3D ( 'NONE', #5809, #3620, #4152 ) ;
#1693 = EDGE_LOOP ( 'NONE', ( #4481, #6087, #435, #2504 ) ) ;
#1694 = EDGE_CURVE ( 'NONE', #1297, #2041, #1853, .T. ) ;
#1695 = VERTEX_POINT ( 'NONE', #6238 ) ;
#1696 = DIRECTION ( 'NONE',  ( -0.9981468937684691012, -0.0000000000000000000, -0.06085045982041750734 ) ) ;
#1697 = VECTOR ( 'NONE', #347, 1000.000000000000227 ) ;
#1698 = CARTESIAN_POINT ( 'NONE',  ( 4.099999999999999645, 7.799999999999999822, -5.099999999999999645 ) ) ;
#1699 = EDGE_CURVE ( 'NONE', #3041, #6027, #6743, .T. ) ;
#1700 = FACE_OUTER_BOUND ( 'NONE', #2459, .T. ) ;
#1701 = CIRCLE ( 'NONE', #1234, 0.4708249680460303566 ) ;
#1702 = DIRECTION ( 'NONE',  ( 0.0000000000000000000, -1.000000000000000000, 0.0000000000000000000 ) ) ;
#1703 = EDGE_CURVE ( 'NONE', #376, #3211, #5832, .T. ) ;
#1704 = LINE ( 'NONE', #35, #2163 ) ;
#1705 = VECTOR ( 'NONE', #4187, 1000.000000000000000 ) ;
#1706 = EDGE_CURVE ( 'NONE', #1268, #2523, #769, .T. ) ;
#1707 = PLANE ( 'NONE',  #2427 ) ;
#1708 = DIRECTION ( 'NONE',  ( -0.0000000000000000000, -0.0000000000000000000, -1.000000000000000000 ) ) ;
#1709 = ORIENTED_EDGE ( 'NONE', *, *, #4425, .T. ) ;
#1710 = ORIENTED_EDGE ( 'NONE', *, *, #626, .T. ) ;
#1711 = CARTESIAN_POINT ( 'NONE',  ( 5.599999852478511286, 0.0000000000000000000, 5.200000000000001066 ) ) ;
#1712 = VECTOR ( 'NONE', #5257, 1000.000000000000000 ) ;
#1713 = CARTESIAN_POINT ( 'NONE',  ( 2.686853529219519920, 25.30000000000000071, -0.8045829195440521442 ) ) ;
#1714 = PLANE ( 'NONE',  #3697 ) ;
#1715 = CYLINDRICAL_SURFACE ( 'NONE', #5, 0.4708249680460303566 ) ;
#1716 = FACE_OUTER_BOUND ( 'NONE', #720, .T. ) ;
#1717 = DIRECTION ( 'NONE',  ( 0.0000000000000000000, -1.000000000000000000, -2.379049338482480203E-16 ) ) ;
#1718 = ORIENTED_EDGE ( 'NONE', *, *, #1951, .T. ) ;
#1719 = VERTEX_POINT ( 'NONE', #1381 ) ;
#1720 = ORIENTED_EDGE ( 'NONE', *, *, #2172, .F. ) ;
#1721 = DIRECTION ( 'NONE',  ( 0.2773500981125943676, -0.8320502943378589311, -0.4803844614152467662 ) ) ;
#1722 = DIRECTION ( 'NONE',  ( 0.0000000000000000000, 1.000000000000000000, 0.0000000000000000000 ) ) ;
#1723 = CARTESIAN_POINT ( 'NONE',  ( 4.200000000000000178, 7.700000000000000178, 5.200000000000001066 ) ) ;
#1724 = CARTESIAN_POINT ( 'NONE',  ( -4.099999999999999645, 7.700000000000000178, 5.570824968046030001 ) ) ;
#1725 = CARTESIAN_POINT ( 'NONE',  ( -0.9576564013118729068, 25.00000000000000000, -2.631139338200538358 ) ) ;
#1726 = ORIENTED_EDGE ( 'NONE', *, *, #6665, .T. ) ;
#1727 = VERTEX_POINT ( 'NONE', #4052 ) ;
#1728 = DIRECTION ( 'NONE',  ( 0.0000000000000000000, 1.000000000000000000, -9.757819552369598282E-15 ) ) ;
#1729 = CARTESIAN_POINT ( 'NONE',  ( -4.200000000000000178, 0.0000000000000000000, -6.599999926239251025 ) ) ;
#1730 = DIRECTION ( 'NONE',  ( -0.0000000000000000000, 1.000000000000000000, 0.0000000000000000000 ) ) ;
#1731 = AXIS2_PLACEMENT_3D ( 'NONE', #2185, #6569, #1645 ) ;
#1732 = ADVANCED_FACE ( 'NONE', ( #1308 ), #5204, .T. ) ;
#1733 = ORIENTED_EDGE ( 'NONE', *, *, #2262, .T. ) ;
#1734 = CARTESIAN_POINT ( 'NONE',  ( 4.099999999999999645, 7.700000000000000178, -5.099999999999999645 ) ) ;
#1735 = ORIENTED_EDGE ( 'NONE', *, *, #7015, .T. ) ;
#1736 = ADVANCED_FACE ( 'NONE', ( #6203 ), #1277, .T. ) ;
#1737 = EDGE_CURVE ( 'NONE', #5027, #2264, #153, .T. ) ;
#1738 = AXIS2_PLACEMENT_3D ( 'NONE', #5102, #6780, #1826 ) ;
#1739 = CARTESIAN_POINT ( 'NONE',  ( 0.0000000000000000000, 18.00000000000000355, 2.264854970235319974E-15 ) ) ;
#1740 = CARTESIAN_POINT ( 'NONE',  ( -2.757461708434179926, 25.30000000000000071, 0.4862148974674086466 ) ) ;
#1741 = EDGE_CURVE ( 'NONE', #3513, #3550, #4629, .T. ) ;
#1742 = AXIS2_PLACEMENT_3D ( 'NONE', #3519, #5707, #1888 ) ;
#1743 = ORIENTED_EDGE ( 'NONE', *, *, #5174, .F. ) ;
#1744 = VERTEX_POINT ( 'NONE', #3982 ) ;
#1745 = LINE ( 'NONE', #6769, #4752 ) ;
#1746 = EDGE_CURVE ( 'NONE', #6143, #2271, #2935, .T. ) ;
#1747 = CARTESIAN_POINT ( 'NONE',  ( -2.070816821900109961, 25.19999999999999929, 1.949909513856590282 ) ) ;
#1748 = VECTOR ( 'NONE', #1398, 1000.000000000000000 ) ;
#1749 = LINE ( 'NONE', #4485, #5413 ) ;
#1750 = CARTESIAN_POINT ( 'NONE',  ( 6.200000000000001066, 7.700000000000000178, 5.200000000000001066 ) ) ;
#1751 = LINE ( 'NONE', #1204, #6149 ) ;
#1752 = CARTESIAN_POINT ( 'NONE',  ( -2.144924440733142035, 25.30000000000000071, -1.799805307122306575 ) ) ;
#1753 = ORIENTED_EDGE ( 'NONE', *, *, #5712, .T. ) ;
#1754 = VERTEX_POINT ( 'NONE', #5671 ) ;
#1755 = EDGE_LOOP ( 'NONE', ( #2866, #819, #4625, #5922 ) ) ;
#1756 = DIRECTION ( 'NONE',  ( 1.000000000000000000, 0.0000000000000000000, -0.0000000000000000000 ) ) ;
#1757 = LINE ( 'NONE', #6036, #1055 ) ;
#1758 = DIRECTION ( 'NONE',  ( -0.0000000000000000000, -1.000000000000000000, -0.0000000000000000000 ) ) ;
#1759 = CARTESIAN_POINT ( 'NONE',  ( -2.757461708434179926, 25.14999999999999858, 0.4862148974674093682 ) ) ;
#1760 = DIRECTION ( 'NONE',  ( 0.9981468937684691012, -0.0000000000000000000, -0.06085045982041750734 ) ) ;
#1761 = ORIENTED_EDGE ( 'NONE', *, *, #5213, .T. ) ;
#1762 = B_SPLINE_SURFACE_WITH_KNOTS ( 'NONE', 3, 3, ( 
 ( #2733, #3854, #2227, #6608 ),
 ( #2695, #7075, #5466, #6005 ),
 ( #3886, #4457, #4427, #51 ),
 ( #6070, #6639, #5433, #2156 ) ),
 .UNSPECIFIED., .F., .F., .F.,
 ( 4, 4 ),
 ( 4, 4 ),
 ( 0.0000000000000000000, 1.000000000000000000 ),
 ( 0.0000000000000000000, 1.000000000000000000 ),
 .UNSPECIFIED. ) ;
#1763 = VECTOR ( 'NONE', #1493, 1000.000000000000114 ) ;
#1764 = ORIENTED_EDGE ( 'NONE', *, *, #3019, .T. ) ;
#1765 = CARTESIAN_POINT ( 'NONE',  ( 1.799805307122310127, 25.10000000000000142, -2.144924440733130044 ) ) ;
#1766 = CARTESIAN_POINT ( 'NONE',  ( 1.401174809512180038E-07, 4.400000000000000355, 7.124999856040810542 ) ) ;
#1767 = LINE ( 'NONE', #6147, #2995 ) ;
#1768 = DIRECTION ( 'NONE',  ( 0.0000000000000000000, 1.000000000000000000, 2.220446049250310123E-16 ) ) ;
#1769 = AXIS2_PLACEMENT_3D ( 'NONE', #6688, #1772, #3965 ) ;
#1770 = EDGE_LOOP ( 'NONE', ( #5274, #2192, #3758, #6576 ) ) ;
#1771 = FACE_OUTER_BOUND ( 'NONE', #608, .T. ) ;
#1772 = DIRECTION ( 'NONE',  ( 0.0000000000000000000, 0.0000000000000000000, 1.000000000000000000 ) ) ;
#1773 = EDGE_LOOP ( 'NONE', ( #350, #4935, #1676, #5355 ) ) ;
#1774 = ADVANCED_FACE ( 'NONE', ( #2429 ), #5171, .T. ) ;
#1775 = FACE_OUTER_BOUND ( 'NONE', #1941, .T. ) ;
#1776 = CARTESIAN_POINT ( 'NONE',  ( 0.0000000000000000000, 18.00000000000000355, 2.264854970235320762E-15 ) ) ;
#1777 = EDGE_CURVE ( 'NONE', #1854, #1360, #5689, .T. ) ;
#1778 = ORIENTED_EDGE ( 'NONE', *, *, #4064, .F. ) ;
#1779 = VERTEX_POINT ( 'NONE', #6845 ) ;
#1780 = LINE ( 'NONE', #5628, #1989 ) ;
#1781 = LINE ( 'NONE', #112, #5378 ) ;
#1782 = LINE ( 'NONE', #1816, #5652 ) ;
#1783 = DIRECTION ( 'NONE',  ( -0.4463754028477891489, 0.0000000000000000000, 0.8948457966222302939 ) ) ;
#1784 = CARTESIAN_POINT ( 'NONE',  ( 3.999999960086180639, 0.7999995261430199456, -6.599999864931620053 ) ) ;
#1785 = ORIENTED_EDGE ( 'NONE', *, *, #5259, .T. ) ;
#1786 = AXIS2_PLACEMENT_3D ( 'NONE', #2306, #4506, #1223 ) ;
#1787 = VERTEX_POINT ( 'NONE', #6276 ) ;
#1788 = EDGE_CURVE ( 'NONE', #1993, #5908, #6806, .T. ) ;
#1789 = CARTESIAN_POINT ( 'NONE',  ( 1.959111205433669900, 14.80000000000000071, -3.999999910593030616 ) ) ;
#1790 = DIRECTION ( 'NONE',  ( -0.0000000000000000000, 1.000000000000000000, 0.0000000000000000000 ) ) ;
#1791 = CARTESIAN_POINT ( 'NONE',  ( -1.433333333333340009, 25.19999999999999929, -2.482606157515379941 ) ) ;
#1792 = DIRECTION ( 'NONE',  ( -1.000000000000000000, 0.0000000000000000000, -0.0000000000000000000 ) ) ;
#1793 = CARTESIAN_POINT ( 'NONE',  ( 0.5209445330007934638, 18.00000000000000355, -2.954423259036621285 ) ) ;
#1794 = ADVANCED_FACE ( 'NONE', ( #6166 ), #4661, .T. ) ;
#1795 = LINE ( 'NONE', #5643, #6970 ) ;
#1796 = VECTOR ( 'NONE', #5763, 1000.000000000000000 ) ;
#1797 = VERTEX_POINT ( 'NONE', #3559 ) ;
#1798 = DIRECTION ( 'NONE',  ( 1.756208234393599614E-08, 0.0000000000000000000, -0.9999999999999997780 ) ) ;
#1799 = CARTESIAN_POINT ( 'NONE',  ( 6.200000000000001066, 7.700000000000000178, -5.200000000000001066 ) ) ;
#1800 = AXIS2_PLACEMENT_3D ( 'NONE', #2152, #6543, #1617 ) ;
#1801 = DIRECTION ( 'NONE',  ( 0.0000000000000000000, -0.0000000000000000000, 1.000000000000000000 ) ) ;
#1802 = ORIENTED_EDGE ( 'NONE', *, *, #3554, .T. ) ;
#1803 = CARTESIAN_POINT ( 'NONE',  ( -0.4500000000000000666, -2.500000000000000000, 7.499999852478500095 ) ) ;
#1804 = DIRECTION ( 'NONE',  ( 0.0000000000000000000, 0.0000000000000000000, 1.000000000000000000 ) ) ;
#1805 = VERTEX_POINT ( 'NONE', #1928 ) ;
#1806 = VECTOR ( 'NONE', #3363, 1000.000000000000000 ) ;
#1807 = CARTESIAN_POINT ( 'NONE',  ( -0.5093679878229959712, 25.10000000000000142, 2.888769408835820229 ) ) ;
#1808 = PLANE ( 'NONE',  #3830 ) ;
#1809 = VECTOR ( 'NONE', #6929, 1000.000000000000000 ) ;
#1810 = DIRECTION ( 'NONE',  ( -0.0000000000000000000, -1.000000000000000000, -0.0000000000000000000 ) ) ;
#1811 = EDGE_LOOP ( 'NONE', ( #6500, #1375, #641, #1130, #2090, #5097 ) ) ;
#1812 = ORIENTED_EDGE ( 'NONE', *, *, #508, .T. ) ;
#1813 = CARTESIAN_POINT ( 'NONE',  ( 2.424871130596430113, 25.00000000000000000, -1.399999999999989475 ) ) ;
#1814 = DIRECTION ( 'NONE',  ( 0.0000000000000000000, 0.0000000000000000000, 1.000000000000000000 ) ) ;
#1815 = VECTOR ( 'NONE', #3361, 1000.000000000000000 ) ;
#1816 = CARTESIAN_POINT ( 'NONE',  ( -3.599999870040590189, 0.7999995261430199456, -6.599999864931620053 ) ) ;
#1817 = FILL_AREA_STYLE ('',( #362 ) ) ;
#1818 = CARTESIAN_POINT ( 'NONE',  ( 0.0000000000000000000, 18.00000000000000355, 2.264854970235320368E-15 ) ) ;
#1819 = EDGE_CURVE ( 'NONE', #6050, #1931, #4810, .T. ) ;
#1820 = ORIENTED_EDGE ( 'NONE', *, *, #774, .T. ) ;
#1821 = CIRCLE ( 'NONE', #6422, 0.4708249680460303566 ) ;
#1822 = ORIENTED_EDGE ( 'NONE', *, *, #2145, .F. ) ;
#1823 = ADVANCED_FACE ( 'NONE', ( #1457 ), #716, .F. ) ;
#1824 = EDGE_CURVE ( 'NONE', #6311, #2965, #993, .T. ) ;
#1825 = CARTESIAN_POINT ( 'NONE',  ( -0.6598899094739929527, 25.10000000000000142, 2.807502093137329791 ) ) ;
#1826 = DIRECTION ( 'NONE',  ( 0.0000000000000000000, 0.0000000000000000000, -1.000000000000000000 ) ) ;
#1827 = CARTESIAN_POINT ( 'NONE',  ( -1.299122561414860044, 25.10000000000000142, -2.574840435059789989 ) ) ;
#1828 = CARTESIAN_POINT ( 'NONE',  ( -2.144924440733135373, 25.30000000000000071, 1.799805307122322118 ) ) ;
#1829 = PLANE ( 'NONE',  #5368 ) ;
#1830 = LINE ( 'NONE', #5181, #6286 ) ;
#1831 = ORIENTED_EDGE ( 'NONE', *, *, #2788, .T. ) ;
#1832 = CARTESIAN_POINT ( 'NONE',  ( -6.199999861419200009, -0.8999999798834320552, 0.9999999776482579872 ) ) ;
#1833 = EDGE_CURVE ( 'NONE', #6919, #4814, #3039, .T. ) ;
#1834 = ORIENTED_EDGE ( 'NONE', *, *, #1519, .F. ) ;
#1835 = CARTESIAN_POINT ( 'NONE',  ( -2.949999983969612494, 4.400000000000000355, 6.599999872595070372 ) ) ;
#1836 = EDGE_CURVE ( 'NONE', #2886, #3805, #4309, .T. ) ;
#1837 = DIRECTION ( 'NONE',  ( -0.0000000000000000000, -0.0000000000000000000, -1.000000000000000000 ) ) ;
#1838 = CARTESIAN_POINT ( 'NONE',  ( 2.343422432170029879, 25.30000000000000071, 1.541073283884889289 ) ) ;
#1839 = DIRECTION ( 'NONE',  ( -0.0000000000000000000, -0.0000000000000000000, -1.000000000000000000 ) ) ;
#1840 = FACE_OUTER_BOUND ( 'NONE', #3665, .T. ) ;
#1841 = VERTEX_POINT ( 'NONE', #5281 ) ;
#1842 = CARTESIAN_POINT ( 'NONE',  ( 1.599999960086170070, -2.899999999999999911, -6.999999898139919630 ) ) ;
#1843 = CIRCLE ( 'NONE', #6204, 3.000000000000000000 ) ;
#1844 = ORIENTED_EDGE ( 'NONE', *, *, #4684, .F. ) ;
#1845 = ORIENTED_EDGE ( 'NONE', *, *, #516, .T. ) ;
#1846 = DIRECTION ( 'NONE',  ( -1.108678353676795608E-16, -1.000000000000000000, -1.168767644329675985E-16 ) ) ;
#1847 = AXIS2_PLACEMENT_3D ( 'NONE', #1624, #536, #2195 ) ;
#1848 = PRESENTATION_STYLE_ASSIGNMENT (( #1271 ) ) ;
#1849 = CARTESIAN_POINT ( 'NONE',  ( 6.474999999999999645, 7.799999999999999822, 1.026460751119010054E-07 ) ) ;
#1850 = B_SPLINE_CURVE_WITH_KNOTS ( 'NONE', 3,
 ( #512, #5912, #477, #2166 ),
 .UNSPECIFIED., .F., .F.,
 ( 4, 4 ),
 ( 3.252606517456513302E-19, 0.0004885781678749951925 ),
 .UNSPECIFIED. ) ;
#1851 = AXIS2_PLACEMENT_3D ( 'NONE', #896, #1540, #3670 ) ;
#1852 = PRODUCT_DEFINITION_CONTEXT ( 'detailed design', #3141, 'design' ) ;
#1853 = LINE ( 'NONE', #707, #2950 ) ;
#1854 = VERTEX_POINT ( 'NONE', #6881 ) ;
#1855 = ORIENTED_EDGE ( 'NONE', *, *, #1653, .T. ) ;
#1856 = VECTOR ( 'NONE', #6871, 1000.000000000000000 ) ;
#1857 = ORIENTED_EDGE ( 'NONE', *, *, #6172, .F. ) ;
#1858 = PRODUCT_DEFINITION ( 'UNKNOWN', '', #1670, #1852 ) ;
#1859 = CARTESIAN_POINT ( 'NONE',  ( -0.8070831705550409740, 25.19999999999999929, 2.704200085285060062 ) ) ;
#1860 = CARTESIAN_POINT ( 'NONE',  ( -2.729174872324009904, 25.30000000000000071, 0.6466375168335569690 ) ) ;
#1861 = FILL_AREA_STYLE_COLOUR ( '', #4324 ) ;
#1862 = DIRECTION ( 'NONE',  ( 8.116651358805287824E-17, 1.000000000000000000, 1.867715514095425008E-16 ) ) ;
#1863 = CARTESIAN_POINT ( 'NONE',  ( 2.399999963598597130, 0.8000000000000010436, -7.199999884090249935 ) ) ;
#1864 = CARTESIAN_POINT ( 'NONE',  ( -2.838307805622790170, 25.00000000000000000, -0.3241432649782660658 ) ) ;
#1865 = EDGE_CURVE ( 'NONE', #6191, #6305, #5316, .T. ) ;
#1866 = CARTESIAN_POINT ( 'NONE',  ( 2.298133329356930599, 25.00000000000000000, 1.928362829059620198 ) ) ;
#1867 = EDGE_LOOP ( 'NONE', ( #1490, #5783, #6992, #3376 ) ) ;
#1868 = LINE ( 'NONE', #1218, #6105 ) ;
#1869 = DIRECTION ( 'NONE',  ( -0.2332523937523069968, 0.0000000000000000000, 0.9724162281702309896 ) ) ;
#1870 = DIRECTION ( 'NONE',  ( -0.0000000000000000000, -1.000000000000000000, -0.0000000000000000000 ) ) ;
#1871 = ADVANCED_FACE ( 'NONE', ( #2000 ), #6917, .T. ) ;
#1872 = CARTESIAN_POINT ( 'NONE',  ( 6.200000000000001066, 0.0000000000000000000, -5.200000000000001066 ) ) ;
#1873 = ADVANCED_FACE ( 'NONE', ( #2073 ), #5350, .T. ) ;
#1874 = VECTOR ( 'NONE', #6321, 1000.000000000000114 ) ;
#1875 = ORIENTED_EDGE ( 'NONE', *, *, #6140, .F. ) ;
#1876 = DIRECTION ( 'NONE',  ( 0.0000000000000000000, -1.000000000000000000, 0.0000000000000000000 ) ) ;
#1877 = ORIENTED_EDGE ( 'NONE', *, *, #5313, .T. ) ;
#1878 = LINE ( 'NONE', #4078, #4697 ) ;
#1879 = VECTOR ( 'NONE', #3241, 1000.000000000000000 ) ;
#1880 = PLANE ( 'NONE',  #6323 ) ;
#1881 = DIRECTION ( 'NONE',  ( -0.0000000000000000000, -0.0000000000000000000, -1.000000000000000000 ) ) ;
#1882 = PLANE ( 'NONE',  #5146 ) ;
#1883 = EDGE_CURVE ( 'NONE', #937, #4662, #6849, .T. ) ;
#1884 = ORIENTED_EDGE ( 'NONE', *, *, #1388, .F. ) ;
#1885 = ORIENTED_EDGE ( 'NONE', *, *, #2010, .F. ) ;
#1886 = FACE_OUTER_BOUND ( 'NONE', #31, .T. ) ;
#1887 = CIRCLE ( 'NONE', #2008, 3.000000000000000000 ) ;
#1888 = DIRECTION ( 'NONE',  ( 0.9999999999999997780, 0.0000000000000000000, 1.756208234393599614E-08 ) ) ;
#1889 = CARTESIAN_POINT ( 'NONE',  ( -6.199999861419200009, 7.799999999999999822, 0.9999999776482579872 ) ) ;
#1890 = ORIENTED_EDGE ( 'NONE', *, *, #4830, .T. ) ;
#1891 = ORIENTED_EDGE ( 'NONE', *, *, #6692, .T. ) ;
#1892 = ORIENTED_EDGE ( 'NONE', *, *, #6253, .F. ) ;
#1893 = PLANE ( 'NONE',  #6542 ) ;
#1894 = CARTESIAN_POINT ( 'NONE',  ( -2.819077862357730169, 25.00000000000000000, 1.026060429977009969 ) ) ;
#1895 = CARTESIAN_POINT ( 'NONE',  ( -1.399999999999999911, 25.30000000000000071, 2.424871130596430113 ) ) ;
#1896 = DIRECTION ( 'NONE',  ( 0.2332523937523060531, 0.0000000000000000000, 0.9724162281702312116 ) ) ;
#1897 = AXIS2_PLACEMENT_3D ( 'NONE', #6687, #4580, #1296 ) ;
#1898 = CARTESIAN_POINT ( 'NONE',  ( 2.049999999999999822, 4.400000000000000355, 7.499999852478500095 ) ) ;
#1899 = B_SPLINE_CURVE_WITH_KNOTS ( 'NONE', 3,
 ( #3722, #2668, #437, #2598 ),
 .UNSPECIFIED., .F., .F.,
 ( 4, 4 ),
 ( 2.528772284819897467E-18, 0.0004885781678749937830 ),
 .UNSPECIFIED. ) ;
#1900 = DIRECTION ( 'NONE',  ( -0.0000000000000000000, -1.000000000000000000, -2.220446049250310123E-16 ) ) ;
#1901 = CARTESIAN_POINT ( 'NONE',  ( 1.965914647867180065, 25.00000000000000000, 2.072737236841970088 ) ) ;
#1902 = ORIENTED_EDGE ( 'NONE', *, *, #2270, .T. ) ;
#1903 = CARTESIAN_POINT ( 'NONE',  ( 2.424871130596430113, 25.30000000000000071, -1.399999999999989919 ) ) ;
#1904 = PLANE ( 'NONE',  #3673 ) ;
#1905 = EDGE_CURVE ( 'NONE', #5767, #1582, #4162, .T. ) ;
#1906 = DIRECTION ( 'NONE',  ( 0.0000000000000000000, 1.000000000000000000, 0.0000000000000000000 ) ) ;
#1907 = DIRECTION ( 'NONE',  ( -0.4463754028477891489, 0.0000000000000000000, -0.8948457966222302939 ) ) ;
#1908 = VECTOR ( 'NONE', #2160, 1000.000000000000000 ) ;
#1909 = VERTEX_POINT ( 'NONE', #3736 ) ;
#1910 = ADVANCED_FACE ( 'NONE', ( #5920 ), #6950, .T. ) ;
#1911 = PLANE ( 'NONE',  #1786 ) ;
#1912 = ORIENTED_EDGE ( 'NONE', *, *, #4266, .T. ) ;
#1913 = CARTESIAN_POINT ( 'NONE',  ( 9.561789754881530208E-17, 25.19999999999999929, 2.800000000000010036 ) ) ;
#1914 = EDGE_CURVE ( 'NONE', #1033, #3799, #5090, .T. ) ;
#1915 = VECTOR ( 'NONE', #7112, 1000.000000000000000 ) ;
#1916 = ADVANCED_FACE ( 'NONE', ( #2577 ), #3628, .T. ) ;
#1917 = DIRECTION ( 'NONE',  ( -0.5517714909206801188, -0.0000000000000000000, -0.8339953368018132585 ) ) ;
#1918 = PLANE ( 'NONE',  #3712 ) ;
#1919 = CARTESIAN_POINT ( 'NONE',  ( -0.9576564013118735730, 25.30000000000000071, 2.631139338200549904 ) ) ;
#1920 = ORIENTED_EDGE ( 'NONE', *, *, #6491, .F. ) ;
#1921 = AXIS2_PLACEMENT_3D ( 'NONE', #748, #5058, #116 ) ;
#1922 = ORIENTED_EDGE ( 'NONE', *, *, #4385, .T. ) ;
#1923 = DIRECTION ( 'NONE',  ( 1.000000000000000000, 0.0000000000000000000, -0.0000000000000000000 ) ) ;
#1924 = EDGE_CURVE ( 'NONE', #4240, #3261, #1487, .T. ) ;
#1925 = SURFACE_STYLE_USAGE ( .BOTH. , #6841 ) ;
#1926 = STYLED_ITEM ( 'NONE', ( #3878 ), #2725 ) ;
#1927 = CARTESIAN_POINT ( 'NONE',  ( -2.247063699815670557, 25.10000000000000142, -1.885510321747180029 ) ) ;
#1928 = CARTESIAN_POINT ( 'NONE',  ( -6.199999930709600093, 7.700000000000001066, -6.258487724302799802E-08 ) ) ;
#1929 = ORIENTED_EDGE ( 'NONE', *, *, #3732, .T. ) ;
#1930 = VECTOR ( 'NONE', #7056, 1000.000000000000000 ) ;
#1931 = VERTEX_POINT ( 'NONE', #2817 ) ;
#1932 = VERTEX_POINT ( 'NONE', #1740 ) ;
#1933 = CARTESIAN_POINT ( 'NONE',  ( -0.4500000000000000666, 4.099999999999999645, 7.349999852478499740 ) ) ;
#1934 = CARTESIAN_POINT ( 'NONE',  ( 6.751617268858200127, -0.8999999798834320552, 1.000000102646080080 ) ) ;
#1935 = CARTESIAN_POINT ( 'NONE',  ( 2.500000258861110325, 4.400000000000000355, 6.599999852478499740 ) ) ;
#1936 = CARTESIAN_POINT ( 'NONE',  ( -4.399999852159189651, 0.7999995261430199456, -6.599999864931620053 ) ) ;
#1937 = VECTOR ( 'NONE', #4107, 1000.000000000000000 ) ;
#1938 = PLANE ( 'NONE',  #6159 ) ;
#1939 = FACE_OUTER_BOUND ( 'NONE', #6278, .T. ) ;
#1940 = CARTESIAN_POINT ( 'NONE',  ( 2.399999956573759974, -1.050000000000000044, -6.799999884090255797 ) ) ;
#1941 = EDGE_LOOP ( 'NONE', ( #3834, #4295, #6937 ) ) ;
#1942 = AXIS2_PLACEMENT_3D ( 'NONE', #5209, #4282, #5246 ) ;
#1943 = CARTESIAN_POINT ( 'NONE',  ( 2.424871130596430113, 25.19999999999999929, -1.399999999999989919 ) ) ;
#1944 = DIRECTION ( 'NONE',  ( 0.7071067811865474617, 0.7071067811865474617, 0.0000000000000000000 ) ) ;
#1945 = LINE ( 'NONE', #4071, #6509 ) ;
#1946 = ORIENTED_EDGE ( 'NONE', *, *, #4298, .F. ) ;
#1947 = CARTESIAN_POINT ( 'NONE',  ( 0.9576564013118730179, 18.00000000000000355, -2.631139338200540134 ) ) ;
#1948 = ORIENTED_EDGE ( 'NONE', *, *, #6965, .T. ) ;
#1949 = CARTESIAN_POINT ( 'NONE',  ( -5.604741111481320624E-17, 25.00000000000000000, 2.800000000000010036 ) ) ;
#1950 = FACE_OUTER_BOUND ( 'NONE', #5464, .T. ) ;
#1951 = EDGE_CURVE ( 'NONE', #3007, #3160, #1030, .T. ) ;
#1952 = DIRECTION ( 'NONE',  ( -0.0000000000000000000, 0.0000000000000000000, 1.000000000000000000 ) ) ;
#1953 = CARTESIAN_POINT ( 'NONE',  ( -0.5209445330007920205, 18.00000000000000355, 2.954423259036630167 ) ) ;
#1954 = DIRECTION ( 'NONE',  ( -0.0000000000000000000, 0.0000000000000000000, 1.000000000000000000 ) ) ;
#1955 = VERTEX_POINT ( 'NONE', #487 ) ;
#1956 = FACE_OUTER_BOUND ( 'NONE', #154, .T. ) ;
#1957 = EDGE_CURVE ( 'NONE', #3007, #1175, #1603, .T. ) ;
#1958 = ORIENTED_EDGE ( 'NONE', *, *, #1120, .T. ) ;
#1959 = LINE ( 'NONE', #812, #3374 ) ;
#1960 = EDGE_CURVE ( 'NONE', #2280, #690, #1159, .T. ) ;
#1961 = FACE_OUTER_BOUND ( 'NONE', #6590, .T. ) ;
#1962 = DIRECTION ( 'NONE',  ( 0.0000000000000000000, 0.0000000000000000000, 1.000000000000000000 ) ) ;
#1963 = AXIS2_PLACEMENT_3D ( 'NONE', #3250, #4898, #3143 ) ;
#1964 = ORIENTED_EDGE ( 'NONE', *, *, #4685, .T. ) ;
#1965 = ORIENTED_EDGE ( 'NONE', *, *, #5351, .T. ) ;
#1966 = ORIENTED_EDGE ( 'NONE', *, *, #6703, .T. ) ;
#1967 = ORIENTED_EDGE ( 'NONE', *, *, #318, .F. ) ;
#1968 = AXIS2_PLACEMENT_3D ( 'NONE', #5333, #1046, #7038 ) ;
#1969 = DIRECTION ( 'NONE',  ( 0.1134003845412980271, 0.0000000000000000000, -0.9935493710862512984 ) ) ;
#1970 = DIRECTION ( 'NONE',  ( -0.8948457966222302939, 9.911524997358902431E-17, -0.4463754028477891489 ) ) ;
#1971 = LINE ( 'NONE', #5214, #387 ) ;
#1972 = CARTESIAN_POINT ( 'NONE',  ( -2.400000043426250063, 0.7999995261430199456, -6.899999858226090410 ) ) ;
#1973 = DIRECTION ( 'NONE',  ( 1.000000000000000000, 0.0000000000000000000, -0.0000000000000000000 ) ) ;
#1974 = EDGE_CURVE ( 'NONE', #3929, #6142, #3937, .T. ) ;
#1975 = FACE_OUTER_BOUND ( 'NONE', #4624, .T. ) ;
#1976 = PRESENTATION_LAYER_ASSIGNMENT (  '', '', ( #2663 ) ) ;
#1977 = ORIENTED_EDGE ( 'NONE', *, *, #5529, .T. ) ;
#1978 = DIRECTION ( 'NONE',  ( 0.0000000000000000000, 0.0000000000000000000, 1.000000000000000000 ) ) ;
#1979 = CARTESIAN_POINT ( 'NONE',  ( -2.757461708434177705, 18.00000000000000355, -0.4862148974674031510 ) ) ;
#1980 = CARTESIAN_POINT ( 'NONE',  ( -1.600000039913819894, -2.899999860630309900, -7.199999968388250515 ) ) ;
#1981 = AXIS2_PLACEMENT_3D ( 'NONE', #4621, #213, #1301 ) ;
#1982 = CARTESIAN_POINT ( 'NONE',  ( 4.785279941777552642E-16, 25.00000000000000355, -2.799999999999998490 ) ) ;
#1983 = EDGE_LOOP ( 'NONE', ( #4847, #6378, #5951, #6681 ) ) ;
#1984 = FACE_OUTER_BOUND ( 'NONE', #5001, .T. ) ;
#1985 = VERTEX_POINT ( 'NONE', #3873 ) ;
#1986 = CARTESIAN_POINT ( 'NONE',  ( 1.433333333333330017, 25.19999999999999929, 2.482606157515399925 ) ) ;
#1987 = CARTESIAN_POINT ( 'NONE',  ( 2.050000194145833010, 4.099999999999999645, 6.599999852478499740 ) ) ;
#1988 = CARTESIAN_POINT ( 'NONE',  ( 8.024409474993989377, -2.172792186019219862, 1.000000102646080080 ) ) ;
#1989 = VECTOR ( 'NONE', #6089, 1000.000000000000000 ) ;
#1990 = DIRECTION ( 'NONE',  ( 0.0000000000000000000, 0.0000000000000000000, 1.000000000000000000 ) ) ;
#1991 = DIRECTION ( 'NONE',  ( 0.0000000000000000000, 1.000000000000000000, 0.0000000000000000000 ) ) ;
#1992 = ORIENTED_EDGE ( 'NONE', *, *, #5609, .T. ) ;
#1993 = VERTEX_POINT ( 'NONE', #4877 ) ;
#1994 = VERTEX_POINT ( 'NONE', #1100 ) ;
#1995 = LINE ( 'NONE', #2423, #7036 ) ;
#1996 = VECTOR ( 'NONE', #1269, 999.9999999999998863 ) ;
#1997 = LINE ( 'NONE', #2036, #5725 ) ;
#1998 = ADVANCED_FACE ( 'NONE', ( #7059 ), #1129, .T. ) ;
#1999 = LINE ( 'NONE', #336, #3706 ) ;
#2000 = FACE_OUTER_BOUND ( 'NONE', #5338, .T. ) ;
#2001 = VECTOR ( 'NONE', #2273, 1000.000000000000000 ) ;
#2002 = ORIENTED_EDGE ( 'NONE', *, *, #6494, .F. ) ;
#2003 = ORIENTED_EDGE ( 'NONE', *, *, #518, .T. ) ;
#2004 = EDGE_CURVE ( 'NONE', #6206, #5205, #5987, .T. ) ;
#2005 = ORIENTED_EDGE ( 'NONE', *, *, #6273, .T. ) ;
#2006 = EDGE_CURVE ( 'NONE', #6294, #4243, #2096, .T. ) ;
#2007 = ORIENTED_EDGE ( 'NONE', *, *, #2971, .F. ) ;
#2008 = AXIS2_PLACEMENT_3D ( 'NONE', #5031, #87, #2294 ) ;
#2009 = CARTESIAN_POINT ( 'NONE',  ( -3.599999955935139884, -2.899999912893960197, -6.999999989462749816 ) ) ;
#2010 = EDGE_CURVE ( 'NONE', #5775, #2700, #3538, .T. ) ;
#2011 = PLANE ( 'NONE',  #3350 ) ;
#2012 = DIRECTION ( 'NONE',  ( -0.0000000000000000000, -1.000000000000000000, -2.220446049250310123E-16 ) ) ;
#2013 = CARTESIAN_POINT ( 'NONE',  ( 4.099999999999999645, 8.000000000000000000, -4.549999999999998934 ) ) ;
#2014 = FACE_OUTER_BOUND ( 'NONE', #2782, .T. ) ;
#2015 = CARTESIAN_POINT ( 'NONE',  ( -2.819077862357724840, 25.00000000000000355, 1.026060429977011301 ) ) ;
#2016 = EDGE_CURVE ( 'NONE', #136, #5583, #104, .T. ) ;
#2017 = ORIENTED_EDGE ( 'NONE', *, *, #4469, .F. ) ;
#2018 = CARTESIAN_POINT ( 'NONE',  ( 2.424871130596430113, 25.00000000000000000, -1.399999999999989919 ) ) ;
#2019 = VECTOR ( 'NONE', #247, 1000.000000000000000 ) ;
#2020 = EDGE_CURVE ( 'NONE', #4825, #3318, #5453, .T. ) ;
#2021 = DIRECTION ( 'NONE',  ( 1.000000000000000000, 0.0000000000000000000, -0.0000000000000000000 ) ) ;
#2022 = CARTESIAN_POINT ( 'NONE',  ( 0.4862148974674049828, 25.30000000000000071, -2.757461708434179926 ) ) ;
#2023 = VERTEX_POINT ( 'NONE', #37 ) ;
#2024 = CARTESIAN_POINT ( 'NONE',  ( 4.200000000000000178, 0.0000000000000000000, 5.200000000000001066 ) ) ;
#2025 = AXIS2_PLACEMENT_3D ( 'NONE', #6906, #3946, #3406 ) ;
#2026 = VERTEX_POINT ( 'NONE', #71 ) ;
#2027 = CARTESIAN_POINT ( 'NONE',  ( 0.5035797152340975025, 25.14999999999999858, 2.855942483735410597 ) ) ;
#2028 = LINE ( 'NONE', #2704, #5758 ) ;
#2029 = AXIS2_PLACEMENT_3D ( 'NONE', #4972, #5076, #6620 ) ;
#2030 = CYLINDRICAL_SURFACE ( 'NONE', #5247, 0.4708249680460303566 ) ;
#2031 = CARTESIAN_POINT ( 'NONE',  ( 2.757461708434179926, 25.30000000000000071, -0.4862148974673983770 ) ) ;
#2032 = DIRECTION ( 'NONE',  ( -0.0000000000000000000, -1.000000000000000000, -0.0000000000000000000 ) ) ;
#2033 = EDGE_LOOP ( 'NONE', ( #1176, #6, #3720, #3308 ) ) ;
#2034 = CARTESIAN_POINT ( 'NONE',  ( 2.221528885045035207, 25.14999999999999858, -1.864084068090958946 ) ) ;
#2035 = CARTESIAN_POINT ( 'NONE',  ( 0.0000000000000000000, 18.00000000000000355, 2.264854970235319974E-15 ) ) ;
#2036 = CARTESIAN_POINT ( 'NONE',  ( 1.799805307122309239, 18.00000000000000355, -2.144924440733128268 ) ) ;
#2037 = CIRCLE ( 'NONE', #4342, 0.5500000000000001554 ) ;
#2038 = DIRECTION ( 'NONE',  ( 0.0000000000000000000, 0.0000000000000000000, -1.000000000000000000 ) ) ;
#2039 = ORIENTED_EDGE ( 'NONE', *, *, #6133, .F. ) ;
#2040 = ORIENTED_EDGE ( 'NONE', *, *, #859, .T. ) ;
#2041 = VERTEX_POINT ( 'NONE', #7096 ) ;
#2042 = ORIENTED_EDGE ( 'NONE', *, *, #2487, .F. ) ;
#2043 = CIRCLE ( 'NONE', #3421, 3.000000000000000000 ) ;
#2044 = DIRECTION ( 'NONE',  ( 0.7071067811865474617, 0.7071067811865474617, 0.0000000000000000000 ) ) ;
#2045 = CARTESIAN_POINT ( 'NONE',  ( -2.798539144383210164, 25.00000000000000000, -0.8461119191404690154 ) ) ;
#2046 = CARTESIAN_POINT ( 'NONE',  ( 2.399999995848959955, 1.099999526143019990, -7.199999859662989721 ) ) ;
#2047 = EDGE_CURVE ( 'NONE', #891, #6427, #520, .T. ) ;
#2048 = CARTESIAN_POINT ( 'NONE',  ( 4.200000000000000178, 7.700000000000000178, 5.200000000000001066 ) ) ;
#2049 = DIRECTION ( 'NONE',  ( -0.0000000000000000000, -1.000000000000000000, -0.0000000000000000000 ) ) ;
#2050 = DIRECTION ( 'NONE',  ( -6.929039729652849138E-08, 0.0000000000000000000, -0.9999999999999975575 ) ) ;
#2051 = VECTOR ( 'NONE', #5791, 1000.000000000000114 ) ;
#2052 = EDGE_CURVE ( 'NONE', #1049, #6536, #4911, .T. ) ;
#2053 = EDGE_CURVE ( 'NONE', #2639, #3083, #3905, .T. ) ;
#2054 = ORIENTED_EDGE ( 'NONE', *, *, #5259, .F. ) ;
#2055 = CARTESIAN_POINT ( 'NONE',  ( 3.599999961842380802, -2.899999526143020034, -7.199999863015750456 ) ) ;
#2056 = DIRECTION ( 'NONE',  ( -0.9999999999999997780, -0.0000000000000000000, -1.756208303782529389E-08 ) ) ;
#2057 = EDGE_CURVE ( 'NONE', #5853, #5626, #620, .T. ) ;
#2058 = EDGE_LOOP ( 'NONE', ( #6435, #2956, #1183, #2256, #24, #4369 ) ) ;
#2059 = CARTESIAN_POINT ( 'NONE',  ( 2.950000000000000178, 0.8000000000000000444, 7.649999852478499562 ) ) ;
#2060 = VECTOR ( 'NONE', #1113, 1000.000000000000114 ) ;
#2061 = ADVANCED_FACE ( 'NONE', ( #2311 ), #6738, .F. ) ;
#2062 = ORIENTED_EDGE ( 'NONE', *, *, #1380, .F. ) ;
#2063 = CYLINDRICAL_SURFACE ( 'NONE', #5855, 0.5500000000000001554 ) ;
#2064 = DIRECTION ( 'NONE',  ( 5.036380489193868308E-17, -1.000000000000000000, -1.208070958628868572E-17 ) ) ;
#2065 = DIRECTION ( 'NONE',  ( 0.0000000000000000000, 0.0000000000000000000, 1.000000000000000000 ) ) ;
#2066 = CARTESIAN_POINT ( 'NONE',  ( -6.537867814769780850, -3.657716426510969843, 1.000000102646080080 ) ) ;
#2067 = ORIENTED_EDGE ( 'NONE', *, *, #3939, .T. ) ;
#2068 = LINE ( 'NONE', #367, #5815 ) ;
#2069 = ORIENTED_EDGE ( 'NONE', *, *, #3608, .F. ) ;
#2070 = DIRECTION ( 'NONE',  ( 1.000000000000000000, 0.0000000000000000000, -0.0000000000000000000 ) ) ;
#2071 = CARTESIAN_POINT ( 'NONE',  ( 1.924591952779949988, 25.30000000000000071, -2.040216012385959843 ) ) ;
#2072 = DIRECTION ( 'NONE',  ( 0.9981468937684692122, 0.0000000000000000000, -0.06085045982041641793 ) ) ;
#2073 = FACE_OUTER_BOUND ( 'NONE', #264, .T. ) ;
#2074 = ORIENTED_EDGE ( 'NONE', *, *, #1261, .F. ) ;
#2075 = ORIENTED_EDGE ( 'NONE', *, *, #3012, .T. ) ;
#2076 = ORIENTED_EDGE ( 'NONE', *, *, #6346, .T. ) ;
#2077 = EDGE_LOOP ( 'NONE', ( #2681, #5199, #1891, #4472 ) ) ;
#2078 = CARTESIAN_POINT ( 'NONE',  ( -4.099999999999999645, 7.700000000000000178, 5.099999999999999645 ) ) ;
#2079 = FILL_AREA_STYLE ('',( #5395 ) ) ;
#2080 = AXIS2_PLACEMENT_3D ( 'NONE', #4405, #6555, #4437 ) ;
#2081 = CARTESIAN_POINT ( 'NONE',  ( 2.756431687638659866, 25.10000000000000142, 1.003259087088629986 ) ) ;
#2082 = LINE ( 'NONE', #3165, #4576 ) ;
#2083 = VECTOR ( 'NONE', #1790, 1000.000000000000000 ) ;
#2084 = ORIENTED_EDGE ( 'NONE', *, *, #3551, .F. ) ;
#2085 = CARTESIAN_POINT ( 'NONE',  ( -2.424871130596424784, 18.00000000000000355, -1.399999999999998579 ) ) ;
#2086 = CYLINDRICAL_SURFACE ( 'NONE', #349, 0.5500000000000001554 ) ;
#2087 = CARTESIAN_POINT ( 'NONE',  ( 0.0000000000000000000, 18.00000000000000355, 2.799999999999999822 ) ) ;
#2088 = ADVANCED_FACE ( 'NONE', ( #1302 ), #6694, .T. ) ;
#2089 = CARTESIAN_POINT ( 'NONE',  ( 7.359692041621890723, -2.059692160086120438, -0.9999998973539252489 ) ) ;
#2090 = ORIENTED_EDGE ( 'NONE', *, *, #3426, .T. ) ;
#2091 = ORIENTED_EDGE ( 'NONE', *, *, #3293, .F. ) ;
#2092 = EDGE_CURVE ( 'NONE', #46, #840, #2043, .T. ) ;
#2093 = VECTOR ( 'NONE', #2856, 1000.000000000000000 ) ;
#2094 = LINE ( 'NONE', #6481, #5734 ) ;
#2095 = PLANE ( 'NONE',  #3461 ) ;
#2096 = B_SPLINE_CURVE_WITH_KNOTS ( 'NONE', 3,
 ( #4946, #2212, #4413, #584 ),
 .UNSPECIFIED., .F., .F.,
 ( 4, 4 ),
 ( 5.421010862427522170E-19, 0.0004885781678749913978 ),
 .UNSPECIFIED. ) ;
#2097 = CARTESIAN_POINT ( 'NONE',  ( 8.898174524290770622E-16, 25.10000000000000142, -2.799999999999990052 ) ) ;
#2098 = PLANE ( 'NONE',  #5720 ) ;
#2099 = ORIENTED_EDGE ( 'NONE', *, *, #2617, .F. ) ;
#2100 = DIRECTION ( 'NONE',  ( 0.0000000000000000000, 0.0000000000000000000, 1.000000000000000000 ) ) ;
#2101 = EDGE_LOOP ( 'NONE', ( #4849, #4933, #5812, #1101, #3966, #892, #5992, #400, #6574, #2338, #5139, #2797, #3084, #571, #1217, #5780, #1340 ) ) ;
#2102 = CARTESIAN_POINT ( 'NONE',  ( -2.424871130596430113, 25.10000000000000142, -1.399999999999989919 ) ) ;
#2103 = DIRECTION ( 'NONE',  ( 0.9587633535238182514, 0.0000000000000000000, 0.2842056156020881241 ) ) ;
#2104 = ADVANCED_FACE ( 'NONE', ( #6731 ), #3480, .F. ) ;
#2105 = CARTESIAN_POINT ( 'NONE',  ( -2.399999970144464090, 0.7999998188194029636, -6.799999966632042536 ) ) ;
#2106 = DIRECTION ( 'NONE',  ( -0.0000000000000000000, 0.0000000000000000000, -1.000000000000000000 ) ) ;
#2107 = ORIENTED_EDGE ( 'NONE', *, *, #6607, .T. ) ;
#2108 = VERTEX_POINT ( 'NONE', #1919 ) ;
#2109 = ORIENTED_EDGE ( 'NONE', *, *, #6181, .T. ) ;
#2110 = ORIENTED_EDGE ( 'NONE', *, *, #3608, .T. ) ;
#2111 = DIRECTION ( 'NONE',  ( -0.09632267822600286411, 0.8320502943378166316, 0.5462730538400395464 ) ) ;
#2112 = DIRECTION ( 'NONE',  ( 0.0000000000000000000, 0.0000000000000000000, 1.000000000000000000 ) ) ;
#2113 = VECTOR ( 'NONE', #5380, 1000.000000000000000 ) ;
#2114 = DIRECTION ( 'NONE',  ( 0.3985670717314378497, 2.036458085597809406E-16, -0.9171391875453948073 ) ) ;
#2115 = LINE ( 'NONE', #1107, #4420 ) ;
#2116 = CARTESIAN_POINT ( 'NONE',  ( -4.099999999999999645, 7.700000000000000178, -5.099999999999999645 ) ) ;
#2117 = CARTESIAN_POINT ( 'NONE',  ( -0.4862148974674040947, 25.30000000000000071, -2.757461708434182146 ) ) ;
#2118 = CIRCLE ( 'NONE', #742, 0.5500000000000001554 ) ;
#2119 = ORIENTED_EDGE ( 'NONE', *, *, #5565, .T. ) ;
#2120 = DIRECTION ( 'NONE',  ( 0.0000000000000000000, 0.0000000000000000000, -1.000000000000000000 ) ) ;
#2121 = DIRECTION ( 'NONE',  ( 0.9999999999999997780, 0.0000000000000000000, 1.756208373171469421E-08 ) ) ;
#2122 = DIRECTION ( 'NONE',  ( 0.0000000000000000000, 1.000000000000000000, 0.0000000000000000000 ) ) ;
#2123 = CARTESIAN_POINT ( 'NONE',  ( 0.3472963553338609954, 25.00000000000000000, -2.902948839357740063 ) ) ;
#2124 = ORIENTED_EDGE ( 'NONE', *, *, #6787, .T. ) ;
#2125 = ORIENTED_EDGE ( 'NONE', *, *, #3235, .T. ) ;
#2126 = CARTESIAN_POINT ( 'NONE',  ( 2.049999999999999822, 4.099999999999999645, 7.349999852478499740 ) ) ;
#2127 = FACE_OUTER_BOUND ( 'NONE', #3468, .T. ) ;
#2128 = CARTESIAN_POINT ( 'NONE',  ( -0.4977914426451989782, 25.19999999999999929, -2.823115558634989863 ) ) ;
#2129 = CLOSED_SHELL ( 'NONE', ( #371, #785, #9, #5741, #3829, #417, #4908, #6257, #2748, #102, #2139, #5438, #1289, #5137, #3518, #4350, #6353, #5477, #6614, #4206, #4388, #3057, #5779, #3558, #5000, #5187, #6003, #4966, #1527, #1774, #1006, #2714, #5746, #3648, #5317, #4461, #413, #6038, #674, #1084, #462, #5349, #2061, #105, #1561, #7043, #5167, #5963, #3232, #1823, #65, #2316, #3113, #3811, #361, #5280, #2756, #183, #2104, #4958, #3202, #2452, #5073, #6439, #2546, #2475, #4994, #698, #771, #6529, #6585, #3978, #6739, #6544, #2437, #5362, #782, #3987, #5568, #4124, #6699, #2851, #4070, #5559, #6914, #551, #5078, #945, #2659, #368, #4599, #3901, #222, #3818 ) ) ;
#2130 = CARTESIAN_POINT ( 'NONE',  ( 0.3401285898181499734, 25.10000000000000142, 2.863884641179600621 ) ) ;
#2131 = ORIENTED_EDGE ( 'NONE', *, *, #1162, .T. ) ;
#2132 = CARTESIAN_POINT ( 'NONE',  ( 2.757461708434179926, 25.00000000000000000, 0.4862148974674109780 ) ) ;
#2133 = ORIENTED_EDGE ( 'NONE', *, *, #4901, .F. ) ;
#2134 = CARTESIAN_POINT ( 'NONE',  ( -2.424871130596430113, 25.00000000000000000, -1.399999999999999911 ) ) ;
#2135 = EDGE_CURVE ( 'NONE', #3994, #818, #2891, .T. ) ;
#2136 = EDGE_CURVE ( 'NONE', #6695, #4742, #6120, .T. ) ;
#2137 = CARTESIAN_POINT ( 'NONE',  ( 0.9576564013118730179, 25.19999999999999929, -2.631139338200540134 ) ) ;
#2138 = CARTESIAN_POINT ( 'NONE',  ( -2.757461708434179926, 25.30000000000000071, -0.4862148974674039836 ) ) ;
#2139 = ADVANCED_FACE ( 'NONE', ( #5198 ), #1882, .T. ) ;
#2140 = EDGE_LOOP ( 'NONE', ( #1145, #3349, #6463, #5191 ) ) ;
#2141 = VECTOR ( 'NONE', #3176, 999.9999999999998863 ) ;
#2142 = ORIENTED_EDGE ( 'NONE', *, *, #3561, .T. ) ;
#2143 = CARTESIAN_POINT ( 'NONE',  ( 2.500000258861110325, 4.099999999999999645, 7.124999856040810542 ) ) ;
#2144 = EDGE_LOOP ( 'NONE', ( #4880, #3203, #1368, #5376, #3542, #5282, #2131, #6452, #6032, #4083 ) ) ;
#2145 = EDGE_CURVE ( 'NONE', #5318, #6168, #2997, .T. ) ;
#2146 = ORIENTED_EDGE ( 'NONE', *, *, #5218, .F. ) ;
#2147 = CARTESIAN_POINT ( 'NONE',  ( 6.750000000000000000, 7.799999999999999822, 1.000000102646080080 ) ) ;
#2148 = CARTESIAN_POINT ( 'NONE',  ( 6.200000000000001066, 7.700000000000000178, 5.200000000000001066 ) ) ;
#2149 = AXIS2_PLACEMENT_3D ( 'NONE', #1083, #5470, #1393 ) ;
#2150 = PLANE ( 'NONE',  #6456 ) ;
#2151 = CARTESIAN_POINT ( 'NONE',  ( 0.8045829195440590276, 25.30000000000000071, -2.686853529219510150 ) ) ;
#2152 = CARTESIAN_POINT ( 'NONE',  ( 4.200000000000000178, 8.000000000000000000, 5.200000000000001066 ) ) ;
#2153 = LINE ( 'NONE', #2655, #2616 ) ;
#2154 = VECTOR ( 'NONE', #4802, 1000.000000000000114 ) ;
#2155 = ORIENTED_EDGE ( 'NONE', *, *, #646, .T. ) ;
#2156 = CARTESIAN_POINT ( 'NONE',  ( -2.144924440733139814, 25.30000000000000071, -1.799805307122300135 ) ) ;
#2157 = CARTESIAN_POINT ( 'NONE',  ( 3.000000000000000000, 18.00000000000000355, 2.907580357375897329E-15 ) ) ;
#2158 = FACE_OUTER_BOUND ( 'NONE', #4617, .T. ) ;
#2159 = PRESENTATION_LAYER_ASSIGNMENT (  '', '', ( #1926 ) ) ;
#2160 = DIRECTION ( 'NONE',  ( 0.0000000000000000000, -1.000000000000000000, -0.0000000000000000000 ) ) ;
#2161 = ORIENTED_EDGE ( 'NONE', *, *, #956, .F. ) ;
#2162 = ORIENTED_EDGE ( 'NONE', *, *, #271, .T. ) ;
#2163 = VECTOR ( 'NONE', #2275, 1000.000000000000000 ) ;
#2164 = CARTESIAN_POINT ( 'NONE',  ( 2.799999999999997158, 25.30000000000000071, 6.317169010117138191E-15 ) ) ;
#2165 = DIRECTION ( 'NONE',  ( 0.0000000000000000000, 1.000000000000000000, 0.0000000000000000000 ) ) ;
#2166 = CARTESIAN_POINT ( 'NONE',  ( -0.9576564013118743501, 25.30000000000000071, -2.631139338200540134 ) ) ;
#2167 = AXIS2_PLACEMENT_3D ( 'NONE', #903, #5835, #3095 ) ;
#2168 = DIRECTION ( 'NONE',  ( 0.0000000000000000000, 1.000000000000000000, -0.0000000000000000000 ) ) ;
#2169 = EDGE_LOOP ( 'NONE', ( #2313, #2909 ) ) ;
#2170 = CARTESIAN_POINT ( 'NONE',  ( 2.757461708434179926, 25.30000000000000071, 0.4862148974674119772 ) ) ;
#2171 = DIRECTION ( 'NONE',  ( 0.0000000000000000000, 1.000000000000000000, 9.757819552369598282E-15 ) ) ;
#2172 = EDGE_CURVE ( 'NONE', #1909, #6194, #6162, .T. ) ;
#2173 = DIRECTION ( 'NONE',  ( -0.0000000000000000000, -1.000000000000000000, -0.0000000000000000000 ) ) ;
#2174 = VECTOR ( 'NONE', #2548, 1000.000000000000000 ) ;
#2175 = B_SPLINE_CURVE_WITH_KNOTS ( 'NONE', 3,
 ( #3272, #531, #2189, #4392 ),
 .UNSPECIFIED., .F., .F.,
 ( 4, 4 ),
 ( 9.782735854823176326E-20, 0.0004885781678749893378 ),
 .UNSPECIFIED. ) ;
#2176 = CARTESIAN_POINT ( 'NONE',  ( 2.049999999999999822, 4.099999999999999645, 6.599999852478499740 ) ) ;
#2177 = EDGE_CURVE ( 'NONE', #4267, #4665, #2346, .T. ) ;
#2178 = DIRECTION ( 'NONE',  ( 0.0000000000000000000, 1.000000000000000000, 0.0000000000000000000 ) ) ;
#2179 = EDGE_CURVE ( 'NONE', #1551, #6508, #6451, .T. ) ;
#2180 = ORIENTED_EDGE ( 'NONE', *, *, #1746, .F. ) ;
#2181 = ORIENTED_EDGE ( 'NONE', *, *, #1518, .F. ) ;
#2182 = DIRECTION ( 'NONE',  ( -0.0000000000000000000, 1.000000000000000000, 0.0000000000000000000 ) ) ;
#2183 = LINE ( 'NONE', #2147, #1167 ) ;
#2184 = ADVANCED_FACE ( 'NONE', ( #984 ), #5883, .T. ) ;
#2185 = CARTESIAN_POINT ( 'NONE',  ( -0.4000000399138249896, -2.899999999999999911, -6.999999933264089869 ) ) ;
#2186 = SURFACE_STYLE_USAGE ( .BOTH. , #4920 ) ;
#2187 = CARTESIAN_POINT ( 'NONE',  ( 0.4862148974674049828, 25.30000000000000071, -2.757461708434179926 ) ) ;
#2188 =( NAMED_UNIT ( * ) PLANE_ANGLE_UNIT ( ) SI_UNIT ( $, .RADIAN. ) );
#2189 = CARTESIAN_POINT ( 'NONE',  ( -2.785748544544360161, 25.30000000000000071, 0.3257922781012619895 ) ) ;
#2190 = EDGE_CURVE ( 'NONE', #6142, #6207, #6966, .T. ) ;
#2191 = VERTEX_POINT ( 'NONE', #3146 ) ;
#2192 = ORIENTED_EDGE ( 'NONE', *, *, #6263, .F. ) ;
#2193 = AXIS2_PLACEMENT_3D ( 'NONE', #3321, #2774, #2878 ) ;
#2194 = LINE ( 'NONE', #2767, #4130 ) ;
#2195 = DIRECTION ( 'NONE',  ( 0.0000000000000000000, -0.0000000000000000000, 1.000000000000000000 ) ) ;
#2196 = FACE_OUTER_BOUND ( 'NONE', #6955, .T. ) ;
#2197 = DIRECTION ( 'NONE',  ( 0.0000000000000000000, 0.0000000000000000000, 1.000000000000000000 ) ) ;
#2198 = EDGE_CURVE ( 'NONE', #3808, #5590, #2532, .T. ) ;
#2199 = ORIENTED_EDGE ( 'NONE', *, *, #4861, .F. ) ;
#2200 = AXIS2_PLACEMENT_3D ( 'NONE', #6641, #1722, #1141 ) ;
#2201 = ORIENTED_EDGE ( 'NONE', *, *, #4646, .F. ) ;
#2202 = DIRECTION ( 'NONE',  ( 0.0000000000000000000, 1.000000000000000000, 0.0000000000000000000 ) ) ;
#2203 = DIRECTION ( 'NONE',  ( -0.0000000000000000000, 0.0000000000000000000, -1.000000000000000000 ) ) ;
#2204 = AXIS2_PLACEMENT_3D ( 'NONE', #7095, #448, #2715 ) ;
#2205 = FACE_OUTER_BOUND ( 'NONE', #38, .T. ) ;
#2206 = ORIENTED_EDGE ( 'NONE', *, *, #4511, .T. ) ;
#2207 = CARTESIAN_POINT ( 'NONE',  ( 2.838307805622790170, 25.00000000000000000, 0.3241432649782760023 ) ) ;
#2208 = CARTESIAN_POINT ( 'NONE',  ( -2.650261147678680373, 25.10000000000000142, -1.137382321253900042 ) ) ;
#2209 = VECTOR ( 'NONE', #3969, 1000.000000000000000 ) ;
#2210 = DIRECTION ( 'NONE',  ( -0.7255109597715118097, -0.0000000000000000000, -0.6882106125681437536 ) ) ;
#2211 = CARTESIAN_POINT ( 'NONE',  ( 1.129202752958289979, 25.10000000000000142, -2.605222932665899993 ) ) ;
#2212 = CARTESIAN_POINT ( 'NONE',  ( 0.3257922781012568270, 25.30000000000000071, -2.785748544544349947 ) ) ;
#2213 = ORIENTED_EDGE ( 'NONE', *, *, #1960, .T. ) ;
#2214 = EDGE_LOOP ( 'NONE', ( #7009, #661, #5608, #1720 ) ) ;
#2215 = CARTESIAN_POINT ( 'NONE',  ( 2.522968687892470196, 25.19999999999999929, -1.264401180544779901 ) ) ;
#2216 = CARTESIAN_POINT ( 'NONE',  ( 2.724079585030830142, 25.19999999999999929, -0.8184252174213539899 ) ) ;
#2217 = EDGE_CURVE ( 'NONE', #4200, #5810, #2602, .T. ) ;
#2218 = FACE_OUTER_BOUND ( 'NONE', #6242, .T. ) ;
#2219 = CARTESIAN_POINT ( 'NONE',  ( 0.9576564013118730179, 25.00000000000000000, -2.631139338200540134 ) ) ;
#2220 = CARTESIAN_POINT ( 'NONE',  ( 2.631139338200540134, 25.30000000000000071, 0.9576564013118790131 ) ) ;
#2221 = CARTESIAN_POINT ( 'NONE',  ( 2.729174872324009904, 25.30000000000000071, 0.6466375168335589674 ) ) ;
#2222 = ADVANCED_FACE ( 'NONE', ( #4191 ), #3177, .T. ) ;
#2223 = EDGE_LOOP ( 'NONE', ( #6935, #1239, #3140 ) ) ;
#2224 = ORIENTED_EDGE ( 'NONE', *, *, #335, .T. ) ;
#2225 = EDGE_CURVE ( 'NONE', #4133, #1327, #2494, .T. ) ;
#2226 = AXIS2_PLACEMENT_3D ( 'NONE', #5080, #100, #6081 ) ;
#2227 = CARTESIAN_POINT ( 'NONE',  ( -2.424871130596430113, 25.19999999999999929, -1.399999999999999911 ) ) ;
#2228 = DIRECTION ( 'NONE',  ( 0.0000000000000000000, 0.0000000000000000000, -1.000000000000000000 ) ) ;
#2229 = LINE ( 'NONE', #3754, #1879 ) ;
#2230 = DIRECTION ( 'NONE',  ( 0.5517714909206801188, 0.0000000000000000000, 0.8339953368018132585 ) ) ;
#2231 = AXIS2_PLACEMENT_3D ( 'NONE', #2327, #6713, #1792 ) ;
#2232 = ORIENTED_EDGE ( 'NONE', *, *, #2225, .T. ) ;
#2233 = ADVANCED_FACE ( 'NONE', ( #6338 ), #4265, .T. ) ;
#2234 = ORIENTED_EDGE ( 'NONE', *, *, #1914, .F. ) ;
#2235 = EDGE_CURVE ( 'NONE', #6233, #4742, #5233, .T. ) ;
#2236 = CARTESIAN_POINT ( 'NONE',  ( -2.631139338200542355, 25.30000000000000071, 0.9576564013118741281 ) ) ;
#2237 = PLANE ( 'NONE',  #932 ) ;
#2238 = CARTESIAN_POINT ( 'NONE',  ( -1.500000000000000000, 18.00000000000000355, -2.598076211353309795 ) ) ;
#2239 = CARTESIAN_POINT ( 'NONE',  ( 2.803265731477530220, 25.19999999999999929, 0.3252423468317769961 ) ) ;
#2240 = CARTESIAN_POINT ( 'NONE',  ( 2.059984127722458425E-15, 18.00000000000000355, -2.799999999999996270 ) ) ;
#2241 = DIRECTION ( 'NONE',  ( 0.9724162281702312116, 5.179243561854871867E-17, -0.2332523937523060531 ) ) ;
#2242 = VECTOR ( 'NONE', #1524, 1000.000000000000114 ) ;
#2243 = FACE_OUTER_BOUND ( 'NONE', #434, .T. ) ;
#2244 = DIRECTION ( 'NONE',  ( -0.7071067811865470176, -0.7071067811865480168, 0.0000000000000000000 ) ) ;
#2245 = ORIENTED_EDGE ( 'NONE', *, *, #4158, .F. ) ;
#2246 = VERTEX_POINT ( 'NONE', #289 ) ;
#2247 = CARTESIAN_POINT ( 'NONE',  ( 2.757461708434179926, 25.00000000000000000, -0.4862148974674010415 ) ) ;
#2248 = VECTOR ( 'NONE', #1682, 1000.000000000000000 ) ;
#2249 = CARTESIAN_POINT ( 'NONE',  ( 2.756431687638659866, 25.10000000000000142, -1.003259087088619994 ) ) ;
#2250 = LINE ( 'NONE', #3303, #6442 ) ;
#2251 = CARTESIAN_POINT ( 'NONE',  ( 5.599999852478511286, 0.0000000000000000000, -5.200000000000001066 ) ) ;
#2252 = DIRECTION ( 'NONE',  ( -0.0000000000000000000, 1.000000000000000000, 2.379049338482480203E-16 ) ) ;
#2253 = VECTOR ( 'NONE', #1014, 1000.000000000000000 ) ;
#2254 = PLANE ( 'NONE',  #2377 ) ;
#2255 = ORIENTED_EDGE ( 'NONE', *, *, #1569, .F. ) ;
#2256 = ORIENTED_EDGE ( 'NONE', *, *, #3977, .T. ) ;
#2257 = VECTOR ( 'NONE', #2368, 1000.000000000000000 ) ;
#2258 = ADVANCED_FACE ( 'NONE', ( #5913 ), #6416, .T. ) ;
#2259 = DIRECTION ( 'NONE',  ( -0.0000000000000000000, 0.0000000000000000000, -1.000000000000000000 ) ) ;
#2260 = DIRECTION ( 'NONE',  ( -1.000000000000000000, -0.0000000000000000000, 0.0000000000000000000 ) ) ;
#2261 = CARTESIAN_POINT ( 'NONE',  ( -4.099999999999999645, 7.700000000000000178, 4.629175031953969288 ) ) ;
#2262 = EDGE_CURVE ( 'NONE', #1131, #1508, #1522, .T. ) ;
#2263 = ORIENTED_EDGE ( 'NONE', *, *, #6776, .F. ) ;
#2264 = VERTEX_POINT ( 'NONE', #6872 ) ;
#2265 = LINE ( 'NONE', #509, #798 ) ;
#2266 = COLOUR_RGB ( '',0.09411764705882352811, 0.09411764705882352811, 0.09411764705882352811 ) ;
#2267 = CARTESIAN_POINT ( 'NONE',  ( -1.399999999999999911, 25.30000000000000071, -2.424871130596419899 ) ) ;
#2268 = EDGE_CURVE ( 'NONE', #4712, #453, #1488, .T. ) ;
#2269 = DIRECTION ( 'NONE',  ( -1.000000000000000000, -0.0000000000000000000, 0.0000000000000000000 ) ) ;
#2270 = EDGE_CURVE ( 'NONE', #5311, #2999, #4726, .T. ) ;
#2271 = VERTEX_POINT ( 'NONE', #441 ) ;
#2272 = CARTESIAN_POINT ( 'NONE',  ( 0.4977914426452000329, 25.19999999999999929, 2.823115558635000077 ) ) ;
#2273 = DIRECTION ( 'NONE',  ( -0.0000000000000000000, -0.0000000000000000000, 1.000000000000000000 ) ) ;
#2274 = ORIENTED_EDGE ( 'NONE', *, *, #4610, .T. ) ;
#2275 = DIRECTION ( 'NONE',  ( -0.4463754028477891489, -0.0000000000000000000, -0.8948457966222302939 ) ) ;
#2276 = VECTOR ( 'NONE', #3687, 1000.000000000000000 ) ;
#2277 = CARTESIAN_POINT ( 'NONE',  ( 4.199999906122680038, 7.700000000000003730, -6.599999852478499740 ) ) ;
#2278 = CARTESIAN_POINT ( 'NONE',  ( 2.000000004789660224, 0.7999995261430199456, -6.599999864931620053 ) ) ;
#2279 = EDGE_CURVE ( 'NONE', #4131, #700, #4836, .T. ) ;
#2280 = VERTEX_POINT ( 'NONE', #6302 ) ;
#2281 = VERTEX_POINT ( 'NONE', #1372 ) ;
#2282 = CARTESIAN_POINT ( 'NONE',  ( -6.200000000000001066, 7.700000000000000178, 5.199999874830250057 ) ) ;
#2283 = AXIS2_PLACEMENT_3D ( 'NONE', #6243, #4022, #6210 ) ;
#2284 = CARTESIAN_POINT ( 'NONE',  ( -1.799805307122310127, 25.00000000000000000, 2.144924440733139814 ) ) ;
#2285 = DIRECTION ( 'NONE',  ( 0.8037388030040977238, 0.0000000000000000000, -0.5949822993548128380 ) ) ;
#2286 = CARTESIAN_POINT ( 'NONE',  ( -3.999999861099889920, 0.7999995261430199456, -6.899999858226090410 ) ) ;
#2287 = CARTESIAN_POINT ( 'NONE',  ( 0.6598899094739929527, 25.10000000000000142, -2.807502093137320465 ) ) ;
#2288 = UNCERTAINTY_MEASURE_WITH_UNIT (LENGTH_MEASURE( 1.000000000000000082E-05 ), #327, 'distance_accuracy_value', 'NONE');
#2289 = CARTESIAN_POINT ( 'NONE',  ( -2.000000043426239937, 0.7999998606303149185, -6.799999961363419665 ) ) ;
#2290 = ORIENTED_EDGE ( 'NONE', *, *, #6707, .F. ) ;
#2291 = EDGE_LOOP ( 'NONE', ( #1566, #5701, #5956, #6075 ) ) ;
#2292 = CARTESIAN_POINT ( 'NONE',  ( -0.8095855275305300358, 25.10000000000000142, 2.721554089080369998 ) ) ;
#2293 = DIRECTION ( 'NONE',  ( -0.1134003845412969308, 0.0000000000000000000, -0.9935493710862515204 ) ) ;
#2294 = DIRECTION ( 'NONE',  ( -5.329070518200752183E-15, 0.0000000000000000000, 1.000000000000000000 ) ) ;
#2295 = CARTESIAN_POINT ( 'NONE',  ( -6.200000000000001066, 7.700000000000000178, 5.199999874830250057 ) ) ;
#2296 = DIRECTION ( 'NONE',  ( -0.0000000000000000000, -1.000000000000000000, -2.379049338482480203E-16 ) ) ;
#2297 = ORIENTED_EDGE ( 'NONE', *, *, #2703, .T. ) ;
#2298 = ORIENTED_EDGE ( 'NONE', *, *, #5520, .T. ) ;
#2299 = CARTESIAN_POINT ( 'NONE',  ( 1.433333333333340009, 25.19999999999999929, -2.482606157515379941 ) ) ;
#2300 = DIRECTION ( 'NONE',  ( 0.0000000000000000000, 1.000000000000000000, 0.0000000000000000000 ) ) ;
#2301 = EDGE_CURVE ( 'NONE', #3157, #1497, #3583, .T. ) ;
#2302 = CARTESIAN_POINT ( 'NONE',  ( -1.799805307122310127, 25.00000000000000000, -2.144924440733130044 ) ) ;
#2303 = CARTESIAN_POINT ( 'NONE',  ( 1.799805307122310127, 25.14999999999999858, -2.144924440733130044 ) ) ;
#2304 = VECTOR ( 'NONE', #5911, 1000.000000000000000 ) ;
#2305 = ORIENTED_EDGE ( 'NONE', *, *, #3779, .T. ) ;
#2306 = CARTESIAN_POINT ( 'NONE',  ( -2.819077862357730169, 18.00000000000000355, 1.026060429977009969 ) ) ;
#2307 = DIRECTION ( 'NONE',  ( 0.9981468937684691012, 0.0000000000000000000, 0.06085045982041750734 ) ) ;
#2308 = ORIENTED_EDGE ( 'NONE', *, *, #132, .F. ) ;
#2309 = AXIS2_PLACEMENT_3D ( 'NONE', #1934, #2870, #5289 ) ;
#2310 = DIRECTION ( 'NONE',  ( -0.0000000000000000000, -1.000000000000000000, -0.0000000000000000000 ) ) ;
#2311 = FACE_OUTER_BOUND ( 'NONE', #1755, .T. ) ;
#2312 = PRESENTATION_LAYER_ASSIGNMENT (  '', '', ( #5768 ) ) ;
#2313 = ORIENTED_EDGE ( 'NONE', *, *, #5045, .T. ) ;
#2314 = ORIENTED_EDGE ( 'NONE', *, *, #1424, .T. ) ;
#2315 = DIRECTION ( 'NONE',  ( 0.0000000000000000000, 0.0000000000000000000, 1.000000000000000000 ) ) ;
#2316 = ADVANCED_FACE ( 'NONE', ( #918 ), #2381, .F. ) ;
#2317 = CARTESIAN_POINT ( 'NONE',  ( -1.952142215151750015, 25.10000000000000142, 2.061898677917850087 ) ) ;
#2318 = EDGE_CURVE ( 'NONE', #376, #2813, #2329, .T. ) ;
#2319 = AXIS2_PLACEMENT_3D ( 'NONE', #3656, #2456, #6835 ) ;
#2320 = CARTESIAN_POINT ( 'NONE',  ( 6.474999999999999645, 7.799999999999999822, -5.200000000000001066 ) ) ;
#2321 = DIRECTION ( 'NONE',  ( 0.0000000000000000000, -3.894754099633603773E-16, 1.000000000000000000 ) ) ;
#2322 = ORIENTED_EDGE ( 'NONE', *, *, #44, .T. ) ;
#2323 = ORIENTED_EDGE ( 'NONE', *, *, #6573, .F. ) ;
#2324 = VERTEX_POINT ( 'NONE', #6644 ) ;
#2325 = CARTESIAN_POINT ( 'NONE',  ( -0.9576564013118740171, 25.30000000000000071, 2.631139338200549904 ) ) ;
#2326 = CARTESIAN_POINT ( 'NONE',  ( 1.799805307122310127, 25.10000000000000142, -2.144924440733130044 ) ) ;
#2327 = CARTESIAN_POINT ( 'NONE',  ( 2.500000000000000000, 0.8000000000000000444, 7.349999852478499740 ) ) ;
#2328 = FACE_OUTER_BOUND ( 'NONE', #5861, .T. ) ;
#2329 = LINE ( 'NONE', #3420, #3663 ) ;
#2330 = ORIENTED_EDGE ( 'NONE', *, *, #3019, .F. ) ;
#2331 = B_SPLINE_SURFACE_WITH_KNOTS ( 'NONE', 3, 3, ( 
 ( #663, #2249, #6599, #561 ),
 ( #6737, #5091, #2216, #1713 ),
 ( #5019, #1199, #3976, #3403 ),
 ( #1166, #6629, #6092, #3843 ) ),
 .UNSPECIFIED., .F., .F., .F.,
 ( 4, 4 ),
 ( 4, 4 ),
 ( 0.0000000000000000000, 1.000000000000000000 ),
 ( 0.0000000000000000000, 1.000000000000000000 ),
 .UNSPECIFIED. ) ;
#2332 = VECTOR ( 'NONE', #4062, 1000.000000000000000 ) ;
#2333 = ORIENTED_EDGE ( 'NONE', *, *, #2615, .F. ) ;
#2334 = CARTESIAN_POINT ( 'NONE',  ( 6.150576504849641246, -3.268807696858369916, 1.000000102646080080 ) ) ;
#2335 = DIRECTION ( 'NONE',  ( 0.0000000000000000000, 0.0000000000000000000, 1.000000000000000000 ) ) ;
#2336 = DIRECTION ( 'NONE',  ( 0.0000000000000000000, 0.0000000000000000000, 1.000000000000000000 ) ) ;
#2337 = DIRECTION ( 'NONE',  ( 0.0000000000000000000, 0.0000000000000000000, 1.000000000000000000 ) ) ;
#2338 = ORIENTED_EDGE ( 'NONE', *, *, #4263, .F. ) ;
#2339 = CARTESIAN_POINT ( 'NONE',  ( 6.200000000000001066, -0.8999999999999998002, -0.9999998973539250269 ) ) ;
#2340 = LINE ( 'NONE', #6152, #850 ) ;
#2341 = ORIENTED_EDGE ( 'NONE', *, *, #1126, .T. ) ;
#2342 = AXIS2_PLACEMENT_3D ( 'NONE', #3418, #5144, #3529 ) ;
#2343 = FACE_OUTER_BOUND ( 'NONE', #5229, .T. ) ;
#2344 = EDGE_CURVE ( 'NONE', #4293, #5804, #3956, .T. ) ;
#2345 = LINE ( 'NONE', #4543, #3933 ) ;
#2346 = LINE ( 'NONE', #6197, #1226 ) ;
#2347 = ORIENTED_EDGE ( 'NONE', *, *, #5878, .F. ) ;
#2348 = EDGE_CURVE ( 'NONE', #5852, #4665, #6169, .T. ) ;
#2349 = ORIENTED_EDGE ( 'NONE', *, *, #2917, .F. ) ;
#2350 = DIRECTION ( 'NONE',  ( -0.0000000000000000000, -1.000000000000000000, -0.0000000000000000000 ) ) ;
#2351 = EDGE_CURVE ( 'NONE', #3041, #1175, #125, .T. ) ;
#2352 = PLANE ( 'NONE',  #1229 ) ;
#2353 = AXIS2_PLACEMENT_3D ( 'NONE', #1442, #4222, #5300 ) ;
#2354 = DIRECTION ( 'NONE',  ( 0.0000000000000000000, 1.000000000000000000, -0.0000000000000000000 ) ) ;
#2355 = DIRECTION ( 'NONE',  ( 0.7071067811865470176, 0.7071067811865480168, 0.0000000000000000000 ) ) ;
#2356 = ADVANCED_FACE ( 'NONE', ( #6521 ), #3921, .T. ) ;
#2357 = DIRECTION ( 'NONE',  ( -0.0000000000000000000, -1.000000000000000000, -2.220446049250310123E-16 ) ) ;
#2358 = ORIENTED_EDGE ( 'NONE', *, *, #1484, .T. ) ;
#2359 = AXIS2_PLACEMENT_3D ( 'NONE', #1803, #1876, #172 ) ;
#2360 = EDGE_CURVE ( 'NONE', #4814, #2535, #1023, .T. ) ;
#2361 = ORIENTED_EDGE ( 'NONE', *, *, #5517, .T. ) ;
#2362 = ORIENTED_EDGE ( 'NONE', *, *, #1580, .T. ) ;
#2363 = CARTESIAN_POINT ( 'NONE',  ( 0.0000000000000000000, 18.00000000000000355, 2.264854970235319974E-15 ) ) ;
#2364 = COLOUR_RGB ( '',0.6274509803921568540, 0.6274509803921568540, 0.6274509803921568540 ) ;
#2365 = CARTESIAN_POINT ( 'NONE',  ( 2.950000000000000178, -2.500000000000000000, 7.499999852478500095 ) ) ;
#2366 = CARTESIAN_POINT ( 'NONE',  ( -0.9576564013118720187, 25.30000000000000071, 2.631139338200549904 ) ) ;
#2367 = FACE_OUTER_BOUND ( 'NONE', #3448, .T. ) ;
#2368 = DIRECTION ( 'NONE',  ( -0.0000000000000000000, -0.0000000000000000000, -1.000000000000000000 ) ) ;
#2369 = CARTESIAN_POINT ( 'NONE',  ( -2.839715394650800029, 25.19999999999999929, -0.1626219526268110060 ) ) ;
#2370 = ORIENTED_EDGE ( 'NONE', *, *, #4732, .T. ) ;
#2371 = CARTESIAN_POINT ( 'NONE',  ( 2.424871130596430113, 25.10000000000000142, -1.399999999999989919 ) ) ;
#2372 = AXIS2_PLACEMENT_3D ( 'NONE', #5980, #2670, #4335 ) ;
#2373 = ORIENTED_EDGE ( 'NONE', *, *, #4912, .T. ) ;
#2374 = CARTESIAN_POINT ( 'NONE',  ( 0.9576564013118697982, 25.30000000000000071, 2.631139338200549904 ) ) ;
#2375 = FACE_OUTER_BOUND ( 'NONE', #6040, .T. ) ;
#2376 = PLANE ( 'NONE',  #4733 ) ;
#2377 = AXIS2_PLACEMENT_3D ( 'NONE', #4453, #6670, #1717 ) ;
#2378 = CARTESIAN_POINT ( 'NONE',  ( -1.500000000000000000, 18.00000000000000355, 2.598076211353320009 ) ) ;
#2379 = VERTEX_POINT ( 'NONE', #4336 ) ;
#2380 = FACE_OUTER_BOUND ( 'NONE', #3914, .T. ) ;
#2381 = B_SPLINE_SURFACE_WITH_KNOTS ( 'NONE', 3, 3, ( 
 ( #3108, #5308, #2568, #4764 ),
 ( #4869, #2130, #513, #6485 ),
 ( #4496, #6679, #7051, #1181 ),
 ( #3384, #2707, #5607, #6106 ) ),
 .UNSPECIFIED., .F., .F., .F.,
 ( 4, 4 ),
 ( 4, 4 ),
 ( 0.0000000000000000000, 1.000000000000000000 ),
 ( 0.0000000000000000000, 1.000000000000000000 ),
 .UNSPECIFIED. ) ;
#2382 = ORIENTED_EDGE ( 'NONE', *, *, #1865, .T. ) ;
#2383 = VECTOR ( 'NONE', #1708, 1000.000000000000000 ) ;
#2384 = CARTESIAN_POINT ( 'NONE',  ( 1.599999956573760151, 0.7999995261430199456, -6.899999858226090410 ) ) ;
#2385 = CARTESIAN_POINT ( 'NONE',  ( 0.3999999600861749993, 0.8000000000000010436, -6.999999919214420885 ) ) ;
#2386 = CIRCLE ( 'NONE', #2501, 0.4708249680460303566 ) ;
#2387 = CARTESIAN_POINT ( 'NONE',  ( 2.820790618689620111, 25.10000000000000142, -0.3246931962477510036 ) ) ;
#2388 = ORIENTED_EDGE ( 'NONE', *, *, #2922, .F. ) ;
#2389 = ORIENTED_EDGE ( 'NONE', *, *, #3652, .F. ) ;
#2390 = DIRECTION ( 'NONE',  ( 0.0000000000000000000, 1.000000000000000000, 0.0000000000000000000 ) ) ;
#2391 = EDGE_CURVE ( 'NONE', #5421, #1993, #4375, .T. ) ;
#2392 = EDGE_CURVE ( 'NONE', #1841, #6027, #3457, .T. ) ;
#2393 = EDGE_CURVE ( 'NONE', #4293, #1033, #1795, .T. ) ;
#2394 = DIRECTION ( 'NONE',  ( -1.000000000000000000, -0.0000000000000000000, -0.0000000000000000000 ) ) ;
#2395 = DIRECTION ( 'NONE',  ( 0.0000000000000000000, 1.000000000000000000, 0.0000000000000000000 ) ) ;
#2396 = VERTEX_POINT ( 'NONE', #3215 ) ;
#2397 = VECTOR ( 'NONE', #2626, 1000.000000000000000 ) ;
#2398 = ORIENTED_EDGE ( 'NONE', *, *, #626, .F. ) ;
#2399 = EDGE_CURVE ( 'NONE', #6972, #1095, #3798, .T. ) ;
#2400 = ORIENTED_EDGE ( 'NONE', *, *, #3561, .F. ) ;
#2401 = DIRECTION ( 'NONE',  ( -0.0000000000000000000, -1.000000000000000000, -0.0000000000000000000 ) ) ;
#2402 = EDGE_CURVE ( 'NONE', #1985, #6809, #5034, .T. ) ;
#2403 = PLANE ( 'NONE',  #1738 ) ;
#2404 = DIRECTION ( 'NONE',  ( -0.8339953368018132585, -1.225178827103780643E-16, 0.5517714909206801188 ) ) ;
#2405 = CARTESIAN_POINT ( 'NONE',  ( -2.424871130596430113, 25.30000000000000071, 1.400000000000009903 ) ) ;
#2406 = PLANE ( 'NONE',  #1013 ) ;
#2407 = CARTESIAN_POINT ( 'NONE',  ( -2.400000038157616089, -2.899999860630310344, -7.199999968388251403 ) ) ;
#2408 = ORIENTED_EDGE ( 'NONE', *, *, #1419, .F. ) ;
#2409 = DIRECTION ( 'NONE',  ( 1.000000000000000000, 0.0000000000000000000, -0.0000000000000000000 ) ) ;
#2410 = DIRECTION ( 'NONE',  ( -0.5547001962252515739, 0.8320502943378286220, 7.774991736368001987E-16 ) ) ;
#2411 = EDGE_CURVE ( 'NONE', #4203, #2324, #2671, .T. ) ;
#2412 = DIRECTION ( 'NONE',  ( 0.0000000000000000000, 1.000000000000000000, 0.0000000000000000000 ) ) ;
#2413 = CARTESIAN_POINT ( 'NONE',  ( -2.819077862357723063, 18.00000000000000355, 1.026060429977011079 ) ) ;
#2414 = EDGE_LOOP ( 'NONE', ( #2763, #4758, #5957 ) ) ;
#2415 = CARTESIAN_POINT ( 'NONE',  ( 2.631139338200538802, 25.30000000000000071, 0.9576564013118761265 ) ) ;
#2416 = ORIENTED_EDGE ( 'NONE', *, *, #3050, .F. ) ;
#2417 = CARTESIAN_POINT ( 'NONE',  ( -0.1628973968528039939, 25.30000000000000071, 2.800000000000010036 ) ) ;
#2418 = CARTESIAN_POINT ( 'NONE',  ( -2.729174872324008572, 25.30000000000000071, -0.6466375168335486423 ) ) ;
#2419 = DIRECTION ( 'NONE',  ( -0.0000000000000000000, 1.000000000000000000, 2.220446049250310123E-16 ) ) ;
#2420 = CARTESIAN_POINT ( 'NONE',  ( -2.049999999999999822, -2.500000000000000000, 7.499999852478500095 ) ) ;
#2421 = EDGE_LOOP ( 'NONE', ( #5802, #1620, #57, #7052 ) ) ;
#2422 = VERTEX_POINT ( 'NONE', #5981 ) ;
#2423 = CARTESIAN_POINT ( 'NONE',  ( 4.949314236224470176E-08, 0.7999995261430199456, -6.599999864931620053 ) ) ;
#2424 = AXIS2_PLACEMENT_3D ( 'NONE', #4827, #352, #6437 ) ;
#2425 = CARTESIAN_POINT ( 'NONE',  ( 4.199999906122680038, 7.700000000000000178, -6.599999852478499740 ) ) ;
#2426 = PLANE ( 'NONE',  #4043 ) ;
#2427 = AXIS2_PLACEMENT_3D ( 'NONE', #3904, #5383, #1602 ) ;
#2428 = UNCERTAINTY_MEASURE_WITH_UNIT (LENGTH_MEASURE( 1.000000000000000082E-05 ), #2550, 'distance_accuracy_value', 'NONE');
#2429 = FACE_OUTER_BOUND ( 'NONE', #5659, .T. ) ;
#2430 = EDGE_LOOP ( 'NONE', ( #7080, #919, #6256, #4095 ) ) ;
#2431 = EDGE_CURVE ( 'NONE', #4352, #3377, #1057, .T. ) ;
#2432 = VECTOR ( 'NONE', #455, 1000.000000000000000 ) ;
#2433 = ORIENTED_EDGE ( 'NONE', *, *, #1085, .T. ) ;
#2434 = CARTESIAN_POINT ( 'NONE',  ( 6.199999980255961773, -0.9000000197440386485, 1.000000102646080080 ) ) ;
#2435 = FACE_OUTER_BOUND ( 'NONE', #5634, .T. ) ;
#2436 = PLANE ( 'NONE',  #2815 ) ;
#2437 = ADVANCED_FACE ( 'NONE', ( #5445 ), #2098, .T. ) ;
#2438 = DIRECTION ( 'NONE',  ( -3.591834502742250713E-15, 1.000000000000000000, 0.0000000000000000000 ) ) ;
#2439 = CARTESIAN_POINT ( 'NONE',  ( 2.757461708434180370, 25.00000000000000000, -0.4862148974673996538 ) ) ;
#2440 = DIRECTION ( 'NONE',  ( 0.0000000000000000000, -0.0000000000000000000, 1.000000000000000000 ) ) ;
#2441 = CARTESIAN_POINT ( 'NONE',  ( 1.938364385495380038, 25.19999999999999929, 2.051054571310090058 ) ) ;
#2442 = EDGE_CURVE ( 'NONE', #5590, #6199, #2835, .T. ) ;
#2443 = ADVANCED_FACE ( 'NONE', ( #3603 ), #3640, .T. ) ;
#2444 = EDGE_LOOP ( 'NONE', ( #6401, #2323, #2370, #684 ) ) ;
#2445 = DIRECTION ( 'NONE',  ( 0.0000000000000000000, 0.0000000000000000000, 1.000000000000000000 ) ) ;
#2446 = DIRECTION ( 'NONE',  ( 0.0000000000000000000, 0.0000000000000000000, 1.000000000000000000 ) ) ;
#2447 = CYLINDRICAL_SURFACE ( 'NONE', #4157, 0.5500000000000001554 ) ;
#2448 = DIRECTION ( 'NONE',  ( 0.9981468937684691012, 0.0000000000000000000, 0.06085045982041750734 ) ) ;
#2449 = EDGE_CURVE ( 'NONE', #521, #2883, #6320, .T. ) ;
#2450 = ORIENTED_EDGE ( 'NONE', *, *, #1788, .F. ) ;
#2451 = FACE_OUTER_BOUND ( 'NONE', #5959, .T. ) ;
#2452 = ADVANCED_FACE ( 'NONE', ( #3531 ), #3436, .F. ) ;
#2453 = ORIENTED_EDGE ( 'NONE', *, *, #4639, .T. ) ;
#2454 = CARTESIAN_POINT ( 'NONE',  ( -7.358883331755660784, -2.058883450219890054, 1.000000102646080080 ) ) ;
#2455 = CYLINDRICAL_SURFACE ( 'NONE', #4149, 1.400000000000000133 ) ;
#2456 = DIRECTION ( 'NONE',  ( -0.0000000000000000000, 1.000000000000000000, 0.0000000000000000000 ) ) ;
#2457 = CARTESIAN_POINT ( 'NONE',  ( 4.099999999999999645, 7.700000000000000178, -5.649999999999999467 ) ) ;
#2458 = ORIENTED_EDGE ( 'NONE', *, *, #3067, .F. ) ;
#2459 = EDGE_LOOP ( 'NONE', ( #6886, #6900, #6372, #119, #2505, #2765, #739, #1460, #6043, #4939, #2314, #1710, #2297 ) ) ;
#2460 = FACE_OUTER_BOUND ( 'NONE', #4788, .T. ) ;
#2461 = VECTOR ( 'NONE', #3672, 1000.000000000000000 ) ;
#2462 = SURFACE_STYLE_FILL_AREA ( #3002 ) ;
#2463 = CARTESIAN_POINT ( 'NONE',  ( -1.799805307122310127, 25.19999999999999929, 2.144924440733139814 ) ) ;
#2464 = CARTESIAN_POINT ( 'NONE',  ( 0.0000000000000000000, 14.80000000000000071, 1.554312234475219945E-15 ) ) ;
#2465 = EDGE_LOOP ( 'NONE', ( #1481, #2753, #1761, #2358, #2308, #5840 ) ) ;
#2466 = ORIENTED_EDGE ( 'NONE', *, *, #2879, .T. ) ;
#2467 = ORIENTED_EDGE ( 'NONE', *, *, #1569, .T. ) ;
#2468 = FACE_OUTER_BOUND ( 'NONE', #1983, .T. ) ;
#2469 = PLANE ( 'NONE',  #580 ) ;
#2470 = CARTESIAN_POINT ( 'NONE',  ( -1.500000000000000000, 25.00000000000000000, 2.598076211353320009 ) ) ;
#2471 = DIRECTION ( 'NONE',  ( -0.0000000000000000000, -1.000000000000000000, -2.220446049250310123E-16 ) ) ;
#2472 = VECTOR ( 'NONE', #6781, 1000.000000000000000 ) ;
#2473 = CARTESIAN_POINT ( 'NONE',  ( -2.799999999999999822, 25.30000000000000071, 5.274827400842030366E-15 ) ) ;
#2474 = DIRECTION ( 'NONE',  ( 0.0000000000000000000, -1.000000000000000000, 0.0000000000000000000 ) ) ;
#2475 = ADVANCED_FACE ( 'NONE', ( #2983 ), #2947, .T. ) ;
#2476 = ORIENTED_EDGE ( 'NONE', *, *, #546, .F. ) ;
#2477 = CARTESIAN_POINT ( 'NONE',  ( 4.399999956573704019, 0.7999995261430199456, -6.799999848966089999 ) ) ;
#2478 = DIRECTION ( 'NONE',  ( 0.0000000000000000000, -1.000000000000000000, 0.0000000000000000000 ) ) ;
#2479 = CARTESIAN_POINT ( 'NONE',  ( -0.3257922781012563274, 25.30000000000000071, -2.785748544544351279 ) ) ;
#2480 = EDGE_CURVE ( 'NONE', #4242, #3764, #1830, .T. ) ;
#2481 = ADVANCED_FACE ( 'NONE', ( #6215 ), #2406, .T. ) ;
#2482 = LINE ( 'NONE', #6224, #1796 ) ;
#2483 = VECTOR ( 'NONE', #6650, 1000.000000000000000 ) ;
#2484 = ORIENTED_EDGE ( 'NONE', *, *, #6055, .T. ) ;
#2485 = FACE_OUTER_BOUND ( 'NONE', #6532, .T. ) ;
#2486 = VERTEX_POINT ( 'NONE', #6285 ) ;
#2487 = EDGE_CURVE ( 'NONE', #2523, #5336, #234, .T. ) ;
#2488 = LINE ( 'NONE', #2384, #82 ) ;
#2489 = AXIS2_PLACEMENT_3D ( 'NONE', #5562, #3849, #630 ) ;
#2490 = CARTESIAN_POINT ( 'NONE',  ( 4.199999953061340108, 7.700000000000000178, 6.599999852478499740 ) ) ;
#2491 = EDGE_CURVE ( 'NONE', #3850, #4882, #192, .T. ) ;
#2492 = DIRECTION ( 'NONE',  ( -0.5949822993548139483, -1.784658649759620020E-16, 0.8037388030040969467 ) ) ;
#2493 = CARTESIAN_POINT ( 'NONE',  ( -2.500000000000000000, 4.400000000000000355, 7.649999852478499562 ) ) ;
#2494 = LINE ( 'NONE', #3727, #3993 ) ;
#2495 = ORIENTED_EDGE ( 'NONE', *, *, #3942, .T. ) ;
#2496 = CARTESIAN_POINT ( 'NONE',  ( 0.8045829195440570292, 25.30000000000000071, 2.686853529219519920 ) ) ;
#2497 = VECTOR ( 'NONE', #3804, 1000.000000000000000 ) ;
#2498 = ORIENTED_EDGE ( 'NONE', *, *, #6793, .T. ) ;
#2499 = CYLINDRICAL_SURFACE ( 'NONE', #1656, 1.399999852478510443 ) ;
#2500 = CARTESIAN_POINT ( 'NONE',  ( -2.298133329356939925, 25.00000000000000000, 1.928362829059620198 ) ) ;
#2501 = AXIS2_PLACEMENT_3D ( 'NONE', #4888, #4213, #4748 ) ;
#2502 = EDGE_CURVE ( 'NONE', #2847, #6207, #3049, .T. ) ;
#2503 = DIRECTION ( 'NONE',  ( 1.000000000000000000, 0.0000000000000000000, 0.0000000000000000000 ) ) ;
#2504 = ORIENTED_EDGE ( 'NONE', *, *, #778, .F. ) ;
#2505 = ORIENTED_EDGE ( 'NONE', *, *, #2190, .T. ) ;
#2506 = COLOUR_RGB ( '',0.6274509803921568540, 0.6274509803921568540, 0.6274509803921568540 ) ;
#2507 = ORIENTED_EDGE ( 'NONE', *, *, #2225, .F. ) ;
#2508 = ORIENTED_EDGE ( 'NONE', *, *, #3681, .T. ) ;
#2509 = FACE_OUTER_BOUND ( 'NONE', #302, .T. ) ;
#2510 = DIRECTION ( 'NONE',  ( 0.0000000000000000000, 0.0000000000000000000, 1.000000000000000000 ) ) ;
#2511 = PLANE ( 'NONE',  #3053 ) ;
#2512 = LINE ( 'NONE', #3015, #3502 ) ;
#2513 = VECTOR ( 'NONE', #2773, 1000.000000000000114 ) ;
#2514 = CARTESIAN_POINT ( 'NONE',  ( 0.4862148974674035951, 25.30000000000000071, 2.757461708434192360 ) ) ;
#2515 = CARTESIAN_POINT ( 'NONE',  ( 0.0000000000000000000, 18.00000000000000355, 2.264854970235320762E-15 ) ) ;
#2516 = LINE ( 'NONE', #5721, #4977 ) ;
#2517 = EDGE_LOOP ( 'NONE', ( #821, #2067, #4703, #6240 ) ) ;
#2518 = AXIS2_PLACEMENT_3D ( 'NONE', #4633, #229, #675 ) ;
#2519 = CARTESIAN_POINT ( 'NONE',  ( -2.249632869080310016, 25.30000000000000071, -1.675018661464670044 ) ) ;
#2520 = LINE ( 'NONE', #3167, #7100 ) ;
#2521 = DIRECTION ( 'NONE',  ( -0.0000000000000000000, -1.000000000000000000, -0.0000000000000000000 ) ) ;
#2522 = DIRECTION ( 'NONE',  ( 2.501751711169054515E-17, 1.000000000000000000, 2.855415285133223601E-18 ) ) ;
#2523 = VERTEX_POINT ( 'NONE', #5215 ) ;
#2524 = PLANE ( 'NONE',  #6718 ) ;
#2525 = ORIENTED_EDGE ( 'NONE', *, *, #1669, .T. ) ;
#2526 = EDGE_CURVE ( 'NONE', #1994, #3120, #6817, .T. ) ;
#2527 = CARTESIAN_POINT ( 'NONE',  ( -2.799999999999999822, 25.30000000000000071, 0.1628973968528099892 ) ) ;
#2528 = CARTESIAN_POINT ( 'NONE',  ( -2.950000000000000178, -2.500000000000000000, 7.499999852478500095 ) ) ;
#2529 = CARTESIAN_POINT ( 'NONE',  ( 1.400000000000004130, 25.30000000000000071, -2.424871130596422564 ) ) ;
#2530 = CARTESIAN_POINT ( 'NONE',  ( 0.5209445330007910213, 18.00000000000000355, 2.954423259036630167 ) ) ;
#2531 = EDGE_CURVE ( 'NONE', #2682, #1754, #5251, .T. ) ;
#2532 = LINE ( 'NONE', #882, #5021 ) ;
#2533 = ORIENTED_EDGE ( 'NONE', *, *, #2351, .F. ) ;
#2534 = EDGE_CURVE ( 'NONE', #6207, #5976, #70, .T. ) ;
#2535 = VERTEX_POINT ( 'NONE', #270 ) ;
#2536 = ORIENTED_EDGE ( 'NONE', *, *, #4639, .F. ) ;
#2537 = DIRECTION ( 'NONE',  ( 0.0000000000000000000, 0.0000000000000000000, 1.000000000000000000 ) ) ;
#2538 = ADVANCED_FACE ( 'NONE', ( #1939 ), #384, .F. ) ;
#2539 = AXIS2_PLACEMENT_3D ( 'NONE', #3174, #5373, #438 ) ;
#2540 = CYLINDRICAL_SURFACE ( 'NONE', #552, 0.5500000000000001554 ) ;
#2541 = CARTESIAN_POINT ( 'NONE',  ( -1.683301000481550069, 25.19999999999999929, 2.265078163602030070 ) ) ;
#2542 = CARTESIAN_POINT ( 'NONE',  ( -1.400000000000004130, 25.30000000000000071, -2.424871130596422564 ) ) ;
#2543 = VERTEX_POINT ( 'NONE', #5429 ) ;
#2544 = ORIENTED_EDGE ( 'NONE', *, *, #6494, .T. ) ;
#2545 = ORIENTED_EDGE ( 'NONE', *, *, #1042, .T. ) ;
#2546 = ADVANCED_FACE ( 'NONE', ( #3817 ), #1618, .T. ) ;
#2547 = ORIENTED_EDGE ( 'NONE', *, *, #5446, .F. ) ;
#2548 = DIRECTION ( 'NONE',  ( -8.869286482002776380E-17, 1.000000000000000000, 4.424260963532012098E-17 ) ) ;
#2549 = CARTESIAN_POINT ( 'NONE',  ( -2.631139338200540134, 25.30000000000000071, -0.9576564013118680219 ) ) ;
#2550 =( LENGTH_UNIT ( ) NAMED_UNIT ( * ) SI_UNIT ( .MILLI., .METRE. ) );
#2551 = LINE ( 'NONE', #5326, #6592 ) ;
#2552 = DIRECTION ( 'NONE',  ( -1.000000000000000000, -0.0000000000000000000, 0.0000000000000000000 ) ) ;
#2553 = CARTESIAN_POINT ( 'NONE',  ( 6.474999999999999645, 7.799999999999999822, 5.200000000000001066 ) ) ;
#2554 = CARTESIAN_POINT ( 'NONE',  ( 0.4000000405524459790, 1.099999526143019990, -6.599999864931620053 ) ) ;
#2555 = ORIENTED_EDGE ( 'NONE', *, *, #149, .T. ) ;
#2556 = DIRECTION ( 'NONE',  ( -1.000000000000000000, -0.0000000000000000000, -0.0000000000000000000 ) ) ;
#2557 = DIRECTION ( 'NONE',  ( 1.000000000000000000, 0.0000000000000000000, 0.0000000000000000000 ) ) ;
#2558 = AXIS2_PLACEMENT_3D ( 'NONE', #5422, #1978, #1572 ) ;
#2559 = CARTESIAN_POINT ( 'NONE',  ( 0.5209445330007920205, 25.00000000000000000, -2.954423259036619953 ) ) ;
#2560 = VERTEX_POINT ( 'NONE', #2589 ) ;
#2561 = DIRECTION ( 'NONE',  ( 0.0000000000000000000, 1.000000000000000000, 0.0000000000000000000 ) ) ;
#2562 = ORIENTED_EDGE ( 'NONE', *, *, #5694, .F. ) ;
#2563 = CARTESIAN_POINT ( 'NONE',  ( -3.000000000000000000, 25.00000000000000000, 5.689893001203929636E-15 ) ) ;
#2564 = LINE ( 'NONE', #3655, #1050 ) ;
#2565 = CARTESIAN_POINT ( 'NONE',  ( 0.0000000000000000000, 7.800000000000000711, 1.348150961071065097E-30 ) ) ;
#2566 = AXIS2_PLACEMENT_3D ( 'NONE', #3877, #5868, #6061 ) ;
#2567 = CARTESIAN_POINT ( 'NONE',  ( 5.599999852478511286, 7.700000000000000178, 5.200000000000001066 ) ) ;
#2568 = CARTESIAN_POINT ( 'NONE',  ( 0.4977914426452000329, 25.19999999999999929, 2.823115558635000077 ) ) ;
#2569 = ORIENTED_EDGE ( 'NONE', *, *, #5517, .F. ) ;
#2570 = DIRECTION ( 'NONE',  ( -0.9999999999999997780, -0.0000000000000000000, -1.756208234393599614E-08 ) ) ;
#2571 = ORIENTED_EDGE ( 'NONE', *, *, #7092, .T. ) ;
#2572 = DIRECTION ( 'NONE',  ( -1.348647803525876042E-17, -1.000000000000000000, -2.212224229446767321E-16 ) ) ;
#2573 = VECTOR ( 'NONE', #2171, 1000.000000000000000 ) ;
#2574 = EDGE_CURVE ( 'NONE', #4825, #4288, #1579, .T. ) ;
#2575 = CARTESIAN_POINT ( 'NONE',  ( 2.400618228349666571E-15, 25.00000000000000355, -2.799999999999994493 ) ) ;
#2576 = EDGE_CURVE ( 'NONE', #4662, #5821, #6001, .T. ) ;
#2577 = FACE_OUTER_BOUND ( 'NONE', #4765, .T. ) ;
#2578 = EDGE_CURVE ( 'NONE', #3678, #6615, #2692, .T. ) ;
#2579 = VECTOR ( 'NONE', #679, 1000.000000000000000 ) ;
#2580 = VERTEX_POINT ( 'NONE', #3201 ) ;
#2581 = EDGE_LOOP ( 'NONE', ( #1471, #1967, #2042 ) ) ;
#2582 = ORIENTED_EDGE ( 'NONE', *, *, #907, .F. ) ;
#2583 = ORIENTED_EDGE ( 'NONE', *, *, #430, .F. ) ;
#2584 = LINE ( 'NONE', #3043, #5618 ) ;
#2585 = CARTESIAN_POINT ( 'NONE',  ( -0.9576564013118735730, 25.30000000000000071, 2.631139338200549904 ) ) ;
#2586 = CARTESIAN_POINT ( 'NONE',  ( 0.0000000000000000000, 18.00000000000000355, 2.264854970235320762E-15 ) ) ;
#2587 = CARTESIAN_POINT ( 'NONE',  ( -2.049999994656537261, 4.399999999999999467, 7.649999857821964788 ) ) ;
#2588 = EDGE_CURVE ( 'NONE', #126, #978, #2386, .T. ) ;
#2589 = CARTESIAN_POINT ( 'NONE',  ( 6.750000000000000000, 7.799999999999998934, 1.000000102646080080 ) ) ;
#2590 = CARTESIAN_POINT ( 'NONE',  ( 2.631139338200540134, 25.30000000000000071, -0.9576564013118661345 ) ) ;
#2591 = ORIENTED_EDGE ( 'NONE', *, *, #4199, .F. ) ;
#2592 = CARTESIAN_POINT ( 'NONE',  ( 2.424871130596430113, 25.10000000000000142, -1.399999999999989919 ) ) ;
#2593 = VECTOR ( 'NONE', #6341, 1000.000000000000000 ) ;
#2594 = CARTESIAN_POINT ( 'NONE',  ( 1.999999956573760063, -1.050000000000000044, -6.799999891115089845 ) ) ;
#2595 = CARTESIAN_POINT ( 'NONE',  ( 0.4977914426452000329, 25.19999999999999929, -2.823115558634989863 ) ) ;
#2596 = VERTEX_POINT ( 'NONE', #3785 ) ;
#2597 = EDGE_LOOP ( 'NONE', ( #2838, #2484, #6410, #3521 ) ) ;
#2598 = CARTESIAN_POINT ( 'NONE',  ( 0.9576564013118730179, 25.30000000000000071, -2.631139338200540134 ) ) ;
#2599 = CARTESIAN_POINT ( 'NONE',  ( -4.200000000000000178, 0.0000000000000000000, -5.200000000000001066 ) ) ;
#2600 = AXIS2_PLACEMENT_3D ( 'NONE', #2238, #4938, #688 ) ;
#2601 = LINE ( 'NONE', #4300, #5129 ) ;
#2602 = LINE ( 'NONE', #3692, #2154 ) ;
#2603 = ORIENTED_EDGE ( 'NONE', *, *, #1035, .F. ) ;
#2604 = LINE ( 'NONE', #6944, #2593 ) ;
#2605 = ORIENTED_EDGE ( 'NONE', *, *, #4433, .F. ) ;
#2606 = CARTESIAN_POINT ( 'NONE',  ( -3.599999961203760535, -2.899999912893961973, -6.799999989462748751 ) ) ;
#2607 = VECTOR ( 'NONE', #5327, 1000.000000000000000 ) ;
#2608 = CARTESIAN_POINT ( 'NONE',  ( 0.0000000000000000000, 18.00000000000000355, 2.799999999999999822 ) ) ;
#2609 = VECTOR ( 'NONE', #329, 1000.000000000000000 ) ;
#2610 = DIRECTION ( 'NONE',  ( 0.0000000000000000000, 0.0000000000000000000, 1.000000000000000000 ) ) ;
#2611 = ORIENTED_EDGE ( 'NONE', *, *, #1120, .F. ) ;
#2612 = ORIENTED_EDGE ( 'NONE', *, *, #2399, .F. ) ;
#2613 = EDGE_LOOP ( 'NONE', ( #4573, #4615, #3477, #851 ) ) ;
#2614 = ORIENTED_EDGE ( 'NONE', *, *, #6621, .F. ) ;
#2615 = EDGE_CURVE ( 'NONE', #3739, #4739, #5932, .T. ) ;
#2616 = VECTOR ( 'NONE', #4360, 1000.000000000000000 ) ;
#2617 = EDGE_CURVE ( 'NONE', #2560, #3512, #2153, .T. ) ;
#2618 = PLANE ( 'NONE',  #1942 ) ;
#2619 = PLANE ( 'NONE',  #5194 ) ;
#2620 = CARTESIAN_POINT ( 'NONE',  ( 6.200000000000001066, 7.799999999999999822, 1.026460751119010054E-07 ) ) ;
#2621 = CARTESIAN_POINT ( 'NONE',  ( 2.575425147181570118, 25.30000000000000071, 1.110729883079689895 ) ) ;
#2622 = LINE ( 'NONE', #3130, #2724 ) ;
#2623 = CARTESIAN_POINT ( 'NONE',  ( 0.0000000000000000000, 18.00000000000000355, 2.264854970235320368E-15 ) ) ;
#2624 = VECTOR ( 'NONE', #2853, 1000.000000000000227 ) ;
#2625 = VERTEX_POINT ( 'NONE', #5328 ) ;
#2626 = DIRECTION ( 'NONE',  ( -2.501751711169035410E-17, 1.000000000000000000, 2.855415285133176993E-18 ) ) ;
#2627 = AXIS2_PLACEMENT_3D ( 'NONE', #3892, #5541, #4501 ) ;
#2628 = CARTESIAN_POINT ( 'NONE',  ( -2.424871130596433222, 18.00000000000000355, 1.400000000000003020 ) ) ;
#2629 = DIRECTION ( 'NONE',  ( 0.2842056156020881241, 2.128882300497940514E-16, -0.9587633535238182514 ) ) ;
#2630 = EDGE_LOOP ( 'NONE', ( #5419, #2893, #5345, #6894 ) ) ;
#2631 = VECTOR ( 'NONE', #2401, 1000.000000000000000 ) ;
#2632 = ORIENTED_EDGE ( 'NONE', *, *, #2917, .T. ) ;
#2633 = LINE ( 'NONE', #2126, #1705 ) ;
#2634 = CARTESIAN_POINT ( 'NONE',  ( 2.424871130596432334, 18.00000000000000355, -1.399999999999990585 ) ) ;
#2635 = DIRECTION ( 'NONE',  ( 1.000000000000000000, 0.0000000000000000000, -0.0000000000000000000 ) ) ;
#2636 = CARTESIAN_POINT ( 'NONE',  ( -4.200000000000000178, 7.700000000000000178, -5.200000000000001066 ) ) ;
#2637 = ORIENTED_EDGE ( 'NONE', *, *, #6232, .T. ) ;
#2638 = ORIENTED_EDGE ( 'NONE', *, *, #324, .T. ) ;
#2639 = VERTEX_POINT ( 'NONE', #5969 ) ;
#2640 = LINE ( 'NONE', #6523, #2798 ) ;
#2641 = SURFACE_SIDE_STYLE ('',( #5381 ) ) ;
#2642 = LINE ( 'NONE', #4910, #3590 ) ;
#2643 = CARTESIAN_POINT ( 'NONE',  ( 1.279022955137550044, 25.19999999999999929, 2.540576647598760118 ) ) ;
#2644 = ORIENTED_EDGE ( 'NONE', *, *, #1201, .F. ) ;
#2645 = ORIENTED_EDGE ( 'NONE', *, *, #5218, .T. ) ;
#2646 = ORIENTED_EDGE ( 'NONE', *, *, #1883, .F. ) ;
#2647 = VERTEX_POINT ( 'NONE', #2117 ) ;
#2648 = DIRECTION ( 'NONE',  ( -1.000000000000000000, -0.0000000000000000000, 0.0000000000000000000 ) ) ;
#2649 = LINE ( 'NONE', #5995, #7118 ) ;
#2650 = FACE_OUTER_BOUND ( 'NONE', #7098, .T. ) ;
#2651 = CARTESIAN_POINT ( 'NONE',  ( -0.9576564013118750163, 25.30000000000000071, -2.631139338200540134 ) ) ;
#2652 = VECTOR ( 'NONE', #7084, 1000.000000000000000 ) ;
#2653 = CARTESIAN_POINT ( 'NONE',  ( 2.424871130596430113, 25.30000000000000071, 1.400000000000009903 ) ) ;
#2654 = LINE ( 'NONE', #4320, #2830 ) ;
#2655 = CARTESIAN_POINT ( 'NONE',  ( 6.750000000000000000, 7.799999999999999822, 1.000000102646080302 ) ) ;
#2656 = EDGE_CURVE ( 'NONE', #1695, #2867, #6545, .T. ) ;
#2657 = VECTOR ( 'NONE', #2557, 1000.000000000000000 ) ;
#2658 = ORIENTED_EDGE ( 'NONE', *, *, #1537, .T. ) ;
#2659 = ADVANCED_FACE ( 'NONE', ( #2014 ), #5399, .T. ) ;
#2660 = PLANE ( 'NONE',  #2167 ) ;
#2661 = DIRECTION ( 'NONE',  ( 0.5212476811413425670, 0.8320502943378400573, 0.1897186406157474470 ) ) ;
#2662 = CARTESIAN_POINT ( 'NONE',  ( -2.500000000000000000, -2.500000000000000000, 7.649999852478499562 ) ) ;
#2663 = STYLED_ITEM ( 'NONE', ( #6843 ), #5297 ) ;
#2664 = EDGE_CURVE ( 'NONE', #1491, #6775, #3543, .T. ) ;
#2665 = ORIENTED_EDGE ( 'NONE', *, *, #3451, .T. ) ;
#2666 = EDGE_LOOP ( 'NONE', ( #83, #1627, #2569, #6479 ) ) ;
#2667 = AXIS2_PLACEMENT_3D ( 'NONE', #2334, #128, #685 ) ;
#2668 = CARTESIAN_POINT ( 'NONE',  ( 1.258926716115119415, 25.30000000000000071, -2.506319829022819246 ) ) ;
#2669 = PLANE ( 'NONE',  #2539 ) ;
#2670 = DIRECTION ( 'NONE',  ( 1.000000000000000000, 0.0000000000000000000, -0.0000000000000000000 ) ) ;
#2671 = LINE ( 'NONE', #719, #6625 ) ;
#2672 = EDGE_CURVE ( 'NONE', #4959, #6142, #2082, .T. ) ;
#2673 = ORIENTED_EDGE ( 'NONE', *, *, #3515, .F. ) ;
#2674 = CARTESIAN_POINT ( 'NONE',  ( 0.6598899094739919535, 25.10000000000000142, 2.807502093137329791 ) ) ;
#2675 = EDGE_LOOP ( 'NONE', ( #6552, #2099, #1609, #2005, #4499, #1304, #5353, #7114, #773, #3983 ) ) ;
#2676 = LINE ( 'NONE', #3801, #3842 ) ;
#2677 =( LENGTH_UNIT ( ) NAMED_UNIT ( * ) SI_UNIT ( .MILLI., .METRE. ) );
#2678 = PRODUCT_DEFINITION_SHAPE ( 'NONE', 'NONE',  #1858 ) ;
#2679 = CARTESIAN_POINT ( 'NONE',  ( -1.965914647867180065, 25.00000000000000000, -2.072737236841959874 ) ) ;
#2680 = CARTESIAN_POINT ( 'NONE',  ( -0.9576564013118730179, 18.00000000000000355, 2.631139338200549904 ) ) ;
#2681 = ORIENTED_EDGE ( 'NONE', *, *, #3329, .T. ) ;
#2682 = VERTEX_POINT ( 'NONE', #1467 ) ;
#2683 = VECTOR ( 'NONE', #4195, 1000.000000000000000 ) ;
#2684 = ORIENTED_EDGE ( 'NONE', *, *, #3767, .T. ) ;
#2685 = ORIENTED_EDGE ( 'NONE', *, *, #733, .F. ) ;
#2686 = DIRECTION ( 'NONE',  ( -0.7071067811865470176, -0.7071067811865480168, 0.0000000000000000000 ) ) ;
#2687 = DIRECTION ( 'NONE',  ( -0.0000000000000000000, -1.000000000000000000, -0.0000000000000000000 ) ) ;
#2688 = SURFACE_STYLE_FILL_AREA ( #3846 ) ;
#2689 = CARTESIAN_POINT ( 'NONE',  ( 0.6665151557711519459, 25.00000000000000000, -2.846661952091260162 ) ) ;
#2690 = SURFACE_SIDE_STYLE ('',( #4854 ) ) ;
#2691 = DIRECTION ( 'NONE',  ( -0.1134003845412969308, 0.0000000000000000000, 0.9935493710862515204 ) ) ;
#2692 = LINE ( 'NONE', #5291, #4805 ) ;
#2693 = VECTOR ( 'NONE', #2833, 1000.000000000000000 ) ;
#2694 = ORIENTED_EDGE ( 'NONE', *, *, #6270, .T. ) ;
#2695 = CARTESIAN_POINT ( 'NONE',  ( -2.382625196849930127, 25.00000000000000000, -1.576120943019869935 ) ) ;
#2696 = FACE_OUTER_BOUND ( 'NONE', #622, .T. ) ;
#2697 = CARTESIAN_POINT ( 'NONE',  ( -0.4499998949118892422, 4.099999999999999645, 6.599999852478499740 ) ) ;
#2698 = ORIENTED_EDGE ( 'NONE', *, *, #278, .T. ) ;
#2699 = ADVANCED_FACE ( 'NONE', ( #5363 ), #4286, .T. ) ;
#2700 = VERTEX_POINT ( 'NONE', #4249 ) ;
#2701 = CARTESIAN_POINT ( 'NONE',  ( -0.4499999299412594800, 4.099999999999999645, 7.349999852478499740 ) ) ;
#2702 = EDGE_CURVE ( 'NONE', #5804, #3223, #6434, .T. ) ;
#2703 = EDGE_CURVE ( 'NONE', #3513, #5566, #2844, .T. ) ;
#2704 = CARTESIAN_POINT ( 'NONE',  ( 6.539485234502240729, -3.657716426510970731, 1.000000102646080080 ) ) ;
#2705 = FACE_OUTER_BOUND ( 'NONE', #2291, .T. ) ;
#2706 = VECTOR ( 'NONE', #5982, 1000.000000000000000 ) ;
#2707 = CARTESIAN_POINT ( 'NONE',  ( 3.569104006090020412E-16, 25.10000000000000142, 2.800000000000010036 ) ) ;
#2708 = ORIENTED_EDGE ( 'NONE', *, *, #3022, .T. ) ;
#2709 = PLANE ( 'NONE',  #4202 ) ;
#2710 = CARTESIAN_POINT ( 'NONE',  ( -2.424871130596430113, 25.19999999999999929, -1.399999999999989919 ) ) ;
#2711 = EDGE_CURVE ( 'NONE', #6775, #1491, #432, .T. ) ;
#2712 =( LENGTH_UNIT ( ) NAMED_UNIT ( * ) SI_UNIT ( .MILLI., .METRE. ) );
#2713 = MECHANICAL_DESIGN_GEOMETRIC_PRESENTATION_REPRESENTATION (  '', ( #5242 ), #1447 ) ;
#2714 = ADVANCED_FACE ( 'NONE', ( #6664 ), #2331, .F. ) ;
#2715 = DIRECTION ( 'NONE',  ( 0.0000000000000000000, -0.0000000000000000000, 1.000000000000000000 ) ) ;
#2716 = CARTESIAN_POINT ( 'NONE',  ( 4.200000000000000178, 7.700000000000000178, 5.670824968046031422 ) ) ;
#2717 = ORIENTED_EDGE ( 'NONE', *, *, #2360, .F. ) ;
#2718 = VECTOR ( 'NONE', #5006, 1000.000000000000000 ) ;
#2719 = ORIENTED_EDGE ( 'NONE', *, *, #5437, .T. ) ;
#2720 = CARTESIAN_POINT ( 'NONE',  ( 2.612839617940180048, 25.19999999999999929, -1.124054515143779964 ) ) ;
#2721 = CARTESIAN_POINT ( 'NONE',  ( -2.049999999999999822, 0.8000000000000000444, 7.649999852478499562 ) ) ;
#2722 = EDGE_CURVE ( 'NONE', #2990, #4337, #1781, .T. ) ;
#2723 = CARTESIAN_POINT ( 'NONE',  ( 2.298133329356930155, 18.00000000000000355, 1.928362829059620198 ) ) ;
#2724 = VECTOR ( 'NONE', #2691, 1000.000000000000114 ) ;
#2725 = MANIFOLD_SOLID_BREP ( 'Main body plastic', #5002 ) ;
#2726 = DIRECTION ( 'NONE',  ( 0.0000000000000000000, -0.0000000000000000000, 1.000000000000000000 ) ) ;
#2727 = CARTESIAN_POINT ( 'NONE',  ( -2.757461708434178593, 25.00000000000000000, -0.4862148974674019852 ) ) ;
#2728 = CARTESIAN_POINT ( 'NONE',  ( 2.650261147678680373, 25.10000000000000142, 1.137382321253910034 ) ) ;
#2729 = CARTESIAN_POINT ( 'NONE',  ( 2.761313088571899943, 25.10000000000000142, 0.8322696212631760515 ) ) ;
#2730 = ORIENTED_EDGE ( 'NONE', *, *, #6409, .T. ) ;
#2731 = AXIS2_PLACEMENT_3D ( 'NONE', #3474, #5162, #3511 ) ;
#2732 = ORIENTED_EDGE ( 'NONE', *, *, #989, .T. ) ;
#2733 = CARTESIAN_POINT ( 'NONE',  ( -2.424871130596430113, 25.00000000000000000, -1.399999999999999911 ) ) ;
#2734 = CARTESIAN_POINT ( 'NONE',  ( -6.199999861419200009, 0.0000000000000000000, -5.200000000000001066 ) ) ;
#2735 = VECTOR ( 'NONE', #1760, 1000.000000000000114 ) ;
#2736 = DIRECTION ( 'NONE',  ( -0.0000000000000000000, -1.000000000000000000, -0.0000000000000000000 ) ) ;
#2737 = ORIENTED_EDGE ( 'NONE', *, *, #2931, .T. ) ;
#2738 = B_SPLINE_SURFACE_WITH_KNOTS ( 'NONE', 3, 3, ( 
 ( #1067, #3262, #523, #3841 ),
 ( #935, #3132, #4214, #4416 ),
 ( #1606, #4750, #4915, #1132 ),
 ( #3336, #3092, #5522, #4384 ) ),
 .UNSPECIFIED., .F., .F., .F.,
 ( 4, 4 ),
 ( 4, 4 ),
 ( 0.0000000000000000000, 1.000000000000000000 ),
 ( 0.0000000000000000000, 1.000000000000000000 ),
 .UNSPECIFIED. ) ;
#2739 = B_SPLINE_CURVE_WITH_KNOTS ( 'NONE', 3,
 ( #6430, #1428, #420, #2585 ),
 .UNSPECIFIED., .F., .F.,
 ( 4, 4 ),
 ( 0.0000000000000000000, 0.0004885781678749931325 ),
 .UNSPECIFIED. ) ;
#2740 = VERTEX_POINT ( 'NONE', #3444 ) ;
#2741 = VECTOR ( 'NONE', #1263, 1000.000000000000000 ) ;
#2742 = FACE_OUTER_BOUND ( 'NONE', #223, .T. ) ;
#2743 = CARTESIAN_POINT ( 'NONE',  ( -4.199999953061340108, 7.700000000000000178, 6.599999852478499740 ) ) ;
#2744 = DIRECTION ( 'NONE',  ( -0.0000000000000000000, -1.000000000000000000, -0.0000000000000000000 ) ) ;
#2745 = AXIS2_PLACEMENT_3D ( 'NONE', #6473, #5798, #1010 ) ;
#2746 = VERTEX_POINT ( 'NONE', #5556 ) ;
#2747 = LINE ( 'NONE', #4270, #2573 ) ;
#2748 = ADVANCED_FACE ( 'NONE', ( #1104 ), #2352, .T. ) ;
#2749 = LINE ( 'NONE', #581, #6527 ) ;
#2750 = EDGE_CURVE ( 'NONE', #6168, #5665, #4581, .T. ) ;
#2751 = FACE_OUTER_BOUND ( 'NONE', #3828, .T. ) ;
#2752 = CARTESIAN_POINT ( 'NONE',  ( 1.799805307122310127, 25.30000000000000071, 2.144924440733139814 ) ) ;
#2753 = ORIENTED_EDGE ( 'NONE', *, *, #906, .T. ) ;
#2754 = EDGE_LOOP ( 'NONE', ( #1262, #7042, #811, #3667 ) ) ;
#2755 = CARTESIAN_POINT ( 'NONE',  ( 6.750000000000000000, 7.799999999999999822, -0.9999998973539250269 ) ) ;
#2756 = ADVANCED_FACE ( 'NONE', ( #703 ), #79, .F. ) ;
#2757 = CARTESIAN_POINT ( 'NONE',  ( -1.799805307122310127, 25.30000000000000071, 2.144924440733139814 ) ) ;
#2758 = CARTESIAN_POINT ( 'NONE',  ( -0.5209445330007900221, 18.00000000000000355, -2.954423259036619953 ) ) ;
#2759 = FACE_OUTER_BOUND ( 'NONE', #5110, .T. ) ;
#2760 = EDGE_CURVE ( 'NONE', #3083, #7024, #76, .T. ) ;
#2761 = CARTESIAN_POINT ( 'NONE',  ( 2.424871130596430113, 25.00000000000000000, 1.400000000000009903 ) ) ;
#2762 = CARTESIAN_POINT ( 'NONE',  ( -2.949999978626150376, 0.8000000000000000444, 7.649999852478499562 ) ) ;
#2763 = ORIENTED_EDGE ( 'NONE', *, *, #2092, .F. ) ;
#2764 = EDGE_CURVE ( 'NONE', #3247, #5942, #1701, .T. ) ;
#2765 = ORIENTED_EDGE ( 'NONE', *, *, #2534, .T. ) ;
#2766 = CIRCLE ( 'NONE', #576, 0.5500000000000001554 ) ;
#2767 = CARTESIAN_POINT ( 'NONE',  ( 2.878730854217089963, 25.00000000000000000, 0.2431074487337085144 ) ) ;
#2768 = DIRECTION ( 'NONE',  ( 0.0000000000000000000, -2.220446049250310123E-16, 1.000000000000000000 ) ) ;
#2769 = DIRECTION ( 'NONE',  ( -6.217248937900876626E-15, 0.0000000000000000000, 1.000000000000000000 ) ) ;
#2770 = LINE ( 'NONE', #4932, #4667 ) ;
#2771 = ORIENTED_EDGE ( 'NONE', *, *, #6216, .T. ) ;
#2772 = VERTEX_POINT ( 'NONE', #296 ) ;
#2773 = DIRECTION ( 'NONE',  ( -0.9587633535238182514, -0.0000000000000000000, -0.2842056156020881241 ) ) ;
#2774 = DIRECTION ( 'NONE',  ( 0.0000000000000000000, 1.000000000000000000, 0.0000000000000000000 ) ) ;
#2775 = DIRECTION ( 'NONE',  ( -0.0000000000000000000, -1.000000000000000000, -2.220446049250310123E-16 ) ) ;
#2776 = ORIENTED_EDGE ( 'NONE', *, *, #2764, .T. ) ;
#2777 = CARTESIAN_POINT ( 'NONE',  ( 2.866666666666669805, 25.19999999999999929, 6.127013722488020220E-15 ) ) ;
#2778 = FACE_OUTER_BOUND ( 'NONE', #2675, .T. ) ;
#2779 = VECTOR ( 'NONE', #2111, 999.9999999999998863 ) ;
#2780 = DIRECTION ( 'NONE',  ( -2.664535259100376091E-15, 0.0000000000000000000, 1.000000000000000000 ) ) ;
#2781 = CARTESIAN_POINT ( 'NONE',  ( 1.541073283884879297, 25.30000000000001137, 2.343422432170028546 ) ) ;
#2782 = EDGE_LOOP ( 'NONE', ( #5499, #3172, #365, #2495 ) ) ;
#2783 = ORIENTED_EDGE ( 'NONE', *, *, #5712, .F. ) ;
#2784 = CARTESIAN_POINT ( 'NONE',  ( 2.686853529219517700, 25.30000000000001137, -0.8045829195440514781 ) ) ;
#2785 = ADVANCED_FACE ( 'NONE', ( #4627 ), #5130, .T. ) ;
#2786 = CARTESIAN_POINT ( 'NONE',  ( -1.938364385495380038, 25.19999999999999929, 2.051054571310090058 ) ) ;
#2787 = DIRECTION ( 'NONE',  ( 0.06085045982041642487, -2.216331326839670640E-16, 0.9981468937684693232 ) ) ;
#2788 = EDGE_CURVE ( 'NONE', #5765, #5673, #1416, .T. ) ;
#2789 = EDGE_CURVE ( 'NONE', #6136, #5310, #5777, .T. ) ;
#2790 = MANIFOLD_SOLID_BREP ( 'LED Pin 3', #1207 ) ;
#2791 = DIRECTION ( 'NONE',  ( -0.0000000000000000000, 0.0000000000000000000, 1.000000000000000000 ) ) ;
#2792 = CARTESIAN_POINT ( 'NONE',  ( 0.8120857785415119823, 25.00000000000000000, -2.738900645145899926 ) ) ;
#2793 = PRODUCT_CONTEXT ( 'NONE', #5614, 'mechanical' ) ;
#2794 = CARTESIAN_POINT ( 'NONE',  ( 2.745447556050419902, 25.19999999999999929, 0.6531455139749809957 ) ) ;
#2795 = ORIENTED_EDGE ( 'NONE', *, *, #6086, .T. ) ;
#2796 = EDGE_CURVE ( 'NONE', #6419, #4927, #4591, .T. ) ;
#2797 = ORIENTED_EDGE ( 'NONE', *, *, #5515, .F. ) ;
#2798 = VECTOR ( 'NONE', #1097, 1000.000000000000114 ) ;
#2799 = DIRECTION ( 'NONE',  ( -0.4463754028478057467, 0.0000000000000000000, 0.8948457966222219673 ) ) ;
#2800 = ADVANCED_FACE ( 'NONE', ( #334 ), #2540, .F. ) ;
#2801 = PLANE ( 'NONE',  #1389 ) ;
#2802 = CARTESIAN_POINT ( 'NONE',  ( -5.599999852478505069, 0.0000000000000000000, 5.199999874830249169 ) ) ;
#2803 =( GEOMETRIC_REPRESENTATION_CONTEXT ( 3 ) GLOBAL_UNCERTAINTY_ASSIGNED_CONTEXT ( ( #4660 ) ) GLOBAL_UNIT_ASSIGNED_CONTEXT ( ( #15, #2188, #3748 ) ) REPRESENTATION_CONTEXT ( 'NONE', 'WORKASPACE' ) );
#2804 = ORIENTED_EDGE ( 'NONE', *, *, #4684, .T. ) ;
#2805 = ORIENTED_EDGE ( 'NONE', *, *, #6796, .F. ) ;
#2806 = CARTESIAN_POINT ( 'NONE',  ( -2.298133329356929710, 25.00000000000000000, -1.928362829059620198 ) ) ;
#2807 = EDGE_CURVE ( 'NONE', #3063, #700, #2968, .T. ) ;
#2808 = CARTESIAN_POINT ( 'NONE',  ( -1.541073283884889955, 25.30000000000000071, -2.343422432170020109 ) ) ;
#2809 = DIRECTION ( 'NONE',  ( 0.0000000000000000000, 0.0000000000000000000, 1.000000000000000000 ) ) ;
#2810 = ORIENTED_EDGE ( 'NONE', *, *, #6091, .F. ) ;
#2811 = CARTESIAN_POINT ( 'NONE',  ( 0.6466375168335519730, 25.30000000000000071, 2.729174872324009904 ) ) ;
#2812 = CARTESIAN_POINT ( 'NONE',  ( 2.424871130596430113, 18.00000000000000355, 1.399999999999999911 ) ) ;
#2813 = VERTEX_POINT ( 'NONE', #5166 ) ;
#2814 = DIRECTION ( 'NONE',  ( -0.0000000000000000000, -0.0000000000000000000, -1.000000000000000000 ) ) ;
#2815 = AXIS2_PLACEMENT_3D ( 'NONE', #5678, #2404, #2979 ) ;
#2816 = CARTESIAN_POINT ( 'NONE',  ( 1.799805307122309017, 25.00000000000000000, -2.144924440733128268 ) ) ;
#2817 = CARTESIAN_POINT ( 'NONE',  ( -2.757461708434180814, 25.00000000000000000, 0.4862148974674099788 ) ) ;
#2818 = ORIENTED_EDGE ( 'NONE', *, *, #3509, .T. ) ;
#2819 = ORIENTED_EDGE ( 'NONE', *, *, #1484, .F. ) ;
#2820 = LINE ( 'NONE', #6200, #1996 ) ;
#2821 =( GEOMETRIC_REPRESENTATION_CONTEXT ( 3 ) GLOBAL_UNCERTAINTY_ASSIGNED_CONTEXT ( ( #2428 ) ) GLOBAL_UNIT_ASSIGNED_CONTEXT ( ( #2550, #5788, #4707 ) ) REPRESENTATION_CONTEXT ( 'NONE', 'WORKASPACE' ) );
#2822 = SURFACE_STYLE_USAGE ( .BOTH. , #1679 ) ;
#2823 = CARTESIAN_POINT ( 'NONE',  ( -1.400000000000001910, 25.30000000000000071, 2.424871130596433666 ) ) ;
#2824 = CARTESIAN_POINT ( 'NONE',  ( 6.200000000000001066, 0.0000000000000000000, -5.200000000000001066 ) ) ;
#2825 = VECTOR ( 'NONE', #4292, 1000.000000000000000 ) ;
#2826 = CARTESIAN_POINT ( 'NONE',  ( -6.749999917384520209, 7.799999999999999822, 1.026460751119010054E-07 ) ) ;
#2827 = ORIENTED_EDGE ( 'NONE', *, *, #55, .T. ) ;
#2828 = ORIENTED_EDGE ( 'NONE', *, *, #5207, .F. ) ;
#2829 = ORIENTED_EDGE ( 'NONE', *, *, #1699, .F. ) ;
#2830 = VECTOR ( 'NONE', #4855, 1000.000000000000000 ) ;
#2831 = CARTESIAN_POINT ( 'NONE',  ( -0.5209445330007915764, 25.00000000000000355, 2.954423259036631499 ) ) ;
#2832 = CARTESIAN_POINT ( 'NONE',  ( 1.599999956573760151, -2.899999999999999911, -6.999999884090249758 ) ) ;
#2833 = DIRECTION ( 'NONE',  ( 1.348647803525900077E-17, 1.000000000000000000, 2.212224229446766828E-16 ) ) ;
#2834 = EDGE_CURVE ( 'NONE', #2740, #6967, #6272, .T. ) ;
#2835 = LINE ( 'NONE', #89, #3194 ) ;
#2836 = VECTOR ( 'NONE', #2106, 1000.000000000000000 ) ;
#2837 = MANIFOLD_SOLID_BREP ( 'LED Pin 1', #6941 ) ;
#2838 = ORIENTED_EDGE ( 'NONE', *, *, #4729, .F. ) ;
#2839 = EDGE_CURVE ( 'NONE', #2023, #4727, #5742, .T. ) ;
#2840 = ORIENTED_EDGE ( 'NONE', *, *, #5207, .T. ) ;
#2841 = DIRECTION ( 'NONE',  ( -0.0000000000000000000, 1.000000000000000000, 2.220446049250310123E-16 ) ) ;
#2842 = PLANE ( 'NONE',  #1022 ) ;
#2843 = B_SPLINE_CURVE_WITH_KNOTS ( 'NONE', 3,
 ( #2236, #4372, #1630, #4436 ),
 .UNSPECIFIED., .F., .F.,
 ( 4, 4 ),
 ( 2.538052214298621590E-18, 0.0004885781678749958430 ),
 .UNSPECIFIED. ) ;
#2844 = CIRCLE ( 'NONE', #5266, 3.000000000000000000 ) ;
#2845 = DIRECTION ( 'NONE',  ( 0.0000000000000000000, 0.0000000000000000000, -1.000000000000000000 ) ) ;
#2846 = PLANE ( 'NONE',  #2600 ) ;
#2847 = VERTEX_POINT ( 'NONE', #6382 ) ;
#2848 = CARTESIAN_POINT ( 'NONE',  ( -2.144924440733139814, 25.30000000000000071, 1.799805307122319897 ) ) ;
#2849 = CIRCLE ( 'NONE', #4689, 0.4708249680460303566 ) ;
#2850 = PLANE ( 'NONE',  #30 ) ;
#2851 = ADVANCED_FACE ( 'NONE', ( #6457 ), #1562, .T. ) ;
#2852 = ORIENTED_EDGE ( 'NONE', *, *, #2006, .T. ) ;
#2853 = DIRECTION ( 'NONE',  ( 0.2773500981125933129, 0.8320502943378559335, -0.4803844614152522619 ) ) ;
#2854 = B_SPLINE_SURFACE_WITH_KNOTS ( 'NONE', 3, 3, ( 
 ( #4317, #1135, #3781, #1681 ),
 ( #1071, #6570, #5964, #6094 ),
 ( #3229, #7067, #1646, #3305 ),
 ( #3880, #6030, #5495, #4955 ) ),
 .UNSPECIFIED., .F., .F., .F.,
 ( 4, 4 ),
 ( 4, 4 ),
 ( 0.0000000000000000000, 1.000000000000000000 ),
 ( 0.0000000000000000000, 1.000000000000000000 ),
 .UNSPECIFIED. ) ;
#2855 = VECTOR ( 'NONE', #211, 1000.000000000000000 ) ;
#2856 = DIRECTION ( 'NONE',  ( -0.0000000000000000000, -1.000000000000000000, 0.0000000000000000000 ) ) ;
#2857 = CARTESIAN_POINT ( 'NONE',  ( 3.000000000000000000, 25.00000000000000000, 6.036837696399290266E-15 ) ) ;
#2858 = ORIENTED_EDGE ( 'NONE', *, *, #1157, .T. ) ;
#2859 = ORIENTED_EDGE ( 'NONE', *, *, #4263, .T. ) ;
#2860 = CARTESIAN_POINT ( 'NONE',  ( 0.0000000000000000000, 14.80000000000000071, 1.554312234475220932E-15 ) ) ;
#2861 = AXIS2_PLACEMENT_3D ( 'NONE', #5823, #6994, #378 ) ;
#2862 =( LENGTH_UNIT ( ) NAMED_UNIT ( * ) SI_UNIT ( .MILLI., .METRE. ) );
#2863 = DIRECTION ( 'NONE',  ( 0.1134003845412980271, 0.0000000000000000000, -0.9935493710862512984 ) ) ;
#2864 = LINE ( 'NONE', #5270, #2937 ) ;
#2865 = SHAPE_DEFINITION_REPRESENTATION ( #2678, #3228 ) ;
#2866 = ORIENTED_EDGE ( 'NONE', *, *, #6399, .T. ) ;
#2867 = VERTEX_POINT ( 'NONE', #5890 ) ;
#2868 = ORIENTED_EDGE ( 'NONE', *, *, #5654, .F. ) ;
#2869 = CARTESIAN_POINT ( 'NONE',  ( 5.599999852478510398, 7.700000000000000178, 5.200000000000001066 ) ) ;
#2870 = DIRECTION ( 'NONE',  ( 0.7071067811865470176, 0.7071067811865480168, 0.0000000000000000000 ) ) ;
#2871 = LINE ( 'NONE', #1247, #3274 ) ;
#2872 = DIRECTION ( 'NONE',  ( 0.9981468937684687681, 0.0000000000000000000, 0.06085045982042453644 ) ) ;
#2873 = CARTESIAN_POINT ( 'NONE',  ( 1.401174809512180038E-07, 4.400000000000000355, 6.599999852478499740 ) ) ;
#2874 = ORIENTED_EDGE ( 'NONE', *, *, #5970, .F. ) ;
#2875 = EDGE_LOOP ( 'NONE', ( #749, #6627, #2245, #3189 ) ) ;
#2876 = CARTESIAN_POINT ( 'NONE',  ( 4.399999960086120154, 0.7999995261430199456, -6.999999848966090177 ) ) ;
#2877 = CARTESIAN_POINT ( 'NONE',  ( -6.199999861419200009, 7.700000000000000178, -5.200000000000001066 ) ) ;
#2878 = DIRECTION ( 'NONE',  ( 0.0000000000000000000, 0.0000000000000000000, 1.000000000000000000 ) ) ;
#2879 = EDGE_CURVE ( 'NONE', #2486, #5512, #990, .T. ) ;
#2880 = ADVANCED_FACE ( 'NONE', ( #517 ), #3662, .T. ) ;
#2881 = FACE_OUTER_BOUND ( 'NONE', #5926, .T. ) ;
#2882 = VECTOR ( 'NONE', #5478, 999.9999999999998863 ) ;
#2883 = VERTEX_POINT ( 'NONE', #4235 ) ;
#2884 = CARTESIAN_POINT ( 'NONE',  ( -2.195994070274399856, 25.19999999999999929, 1.842657814434750074 ) ) ;
#2885 = DIRECTION ( 'NONE',  ( 1.108678353676795239E-16, -1.000000000000000000, -1.168767644329674013E-16 ) ) ;
#2886 = VERTEX_POINT ( 'NONE', #1600 ) ;
#2887 = VECTOR ( 'NONE', #5434, 1000.000000000000000 ) ;
#2888 = CARTESIAN_POINT ( 'NONE',  ( 2.298133329356930155, 18.00000000000000355, 1.928362829059620198 ) ) ;
#2889 = EDGE_CURVE ( 'NONE', #6427, #5343, #2849, .T. ) ;
#2890 = LINE ( 'NONE', #69, #4508 ) ;
#2891 = LINE ( 'NONE', #2420, #304 ) ;
#2892 = MECHANICAL_DESIGN_GEOMETRIC_PRESENTATION_REPRESENTATION (  '', ( #5768 ), #6568 ) ;
#2893 = ORIENTED_EDGE ( 'NONE', *, *, #745, .F. ) ;
#2894 = ORIENTED_EDGE ( 'NONE', *, *, #682, .T. ) ;
#2895 = LINE ( 'NONE', #5164, #4057 ) ;
#2896 = VECTOR ( 'NONE', #3362, 1000.000000000000000 ) ;
#2897 = CARTESIAN_POINT ( 'NONE',  ( -2.040216012385958511, 25.30000000000000071, 1.924591952779949322 ) ) ;
#2898 = LINE ( 'NONE', #5094, #4895 ) ;
#2899 = DIRECTION ( 'NONE',  ( 0.0000000000000000000, -3.894754099633603773E-16, 1.000000000000000000 ) ) ;
#2900 = ORIENTED_EDGE ( 'NONE', *, *, #6356, .T. ) ;
#2901 = EDGE_LOOP ( 'NONE', ( #374, #5636, #2868, #3985 ) ) ;
#2902 = ORIENTED_EDGE ( 'NONE', *, *, #2402, .T. ) ;
#2903 = CARTESIAN_POINT ( 'NONE',  ( -0.6665151557711519459, 25.00000000000000000, 2.846661952091269931 ) ) ;
#2904 = DIRECTION ( 'NONE',  ( 0.0000000000000000000, 0.0000000000000000000, 1.000000000000000000 ) ) ;
#2905 = CARTESIAN_POINT ( 'NONE',  ( -1.500000000000000000, 25.00000000000000000, -2.598076211353309795 ) ) ;
#2906 = DIRECTION ( 'NONE',  ( -5.036380489193868308E-17, 1.000000000000000000, 1.208070958628868572E-17 ) ) ;
#2907 = DIRECTION ( 'NONE',  ( -0.0000000000000000000, 1.000000000000000000, 0.0000000000000000000 ) ) ;
#2908 = DIRECTION ( 'NONE',  ( 0.0000000000000000000, 0.0000000000000000000, 1.000000000000000000 ) ) ;
#2909 = ORIENTED_EDGE ( 'NONE', *, *, #2172, .T. ) ;
#2910 = LINE ( 'NONE', #1832, #1874 ) ;
#2911 = CIRCLE ( 'NONE', #3378, 3.000000000000000000 ) ;
#2912 = ORIENTED_EDGE ( 'NONE', *, *, #1746, .T. ) ;
#2913 = CARTESIAN_POINT ( 'NONE',  ( 0.0000000000000000000, 18.00000000000000355, 2.264854970235319974E-15 ) ) ;
#2914 = CARTESIAN_POINT ( 'NONE',  ( -0.1628973968528041605, 25.30000000000000071, -2.799999999999990052 ) ) ;
#2915 = DIRECTION ( 'NONE',  ( 0.0000000000000000000, 0.0000000000000000000, 1.000000000000000000 ) ) ;
#2916 = VECTOR ( 'NONE', #7111, 1000.000000000000000 ) ;
#2917 = EDGE_CURVE ( 'NONE', #6488, #4382, #4584, .T. ) ;
#2918 = ORIENTED_EDGE ( 'NONE', *, *, #5654, .T. ) ;
#2919 = CARTESIAN_POINT ( 'NONE',  ( -2.356487886873050108, 25.19999999999999929, 1.552754386395180042 ) ) ;
#2920 = ORIENTED_EDGE ( 'NONE', *, *, #5558, .T. ) ;
#2921 = EDGE_CURVE ( 'NONE', #1268, #1338, #6915, .T. ) ;
#2922 = EDGE_CURVE ( 'NONE', #3261, #2281, #4842, .T. ) ;
#2923 = VECTOR ( 'NONE', #6103, 1000.000000000000000 ) ;
#2924 = CARTESIAN_POINT ( 'NONE',  ( -0.1700647735003200101, 25.10000000000000142, 2.834318852738920036 ) ) ;
#2925 = LINE ( 'NONE', #3438, #366 ) ;
#2926 = CARTESIAN_POINT ( 'NONE',  ( 2.838307805622790170, 25.00000000000000000, -0.3241432649782650111 ) ) ;
#2927 = EDGE_CURVE ( 'NONE', #3971, #5519, #1997, .T. ) ;
#2928 = ORIENTED_EDGE ( 'NONE', *, *, #4478, .F. ) ;
#2929 = VERTEX_POINT ( 'NONE', #3183 ) ;
#2930 = DIRECTION ( 'NONE',  ( -1.000000000000000000, -0.0000000000000000000, 0.0000000000000000000 ) ) ;
#2931 = EDGE_CURVE ( 'NONE', #6660, #6674, #1454, .T. ) ;
#2932 = CARTESIAN_POINT ( 'NONE',  ( -2.144924440733139814, 25.30000000000000071, 1.799805307122319897 ) ) ;
#2933 = FACE_OUTER_BOUND ( 'NONE', #4705, .T. ) ;
#2934 = UNCERTAINTY_MEASURE_WITH_UNIT (LENGTH_MEASURE( 1.000000000000000082E-05 ), #2677, 'distance_accuracy_value', 'NONE');
#2935 = LINE ( 'NONE', #4556, #1462 ) ;
#2936 = ORIENTED_EDGE ( 'NONE', *, *, #6782, .F. ) ;
#2937 = VECTOR ( 'NONE', #5305, 1000.000000000000000 ) ;
#2938 = ORIENTED_EDGE ( 'NONE', *, *, #6458, .T. ) ;
#2939 = EDGE_CURVE ( 'NONE', #6010, #6311, #3115, .T. ) ;
#2940 = ORIENTED_EDGE ( 'NONE', *, *, #3977, .F. ) ;
#2941 = FACE_OUTER_BOUND ( 'NONE', #3399, .T. ) ;
#2942 = AXIS2_PLACEMENT_3D ( 'NONE', #2955, #5189, #2915 ) ;
#2943 = CARTESIAN_POINT ( 'NONE',  ( -2.778000426408699930, 25.00000000000000000, 0.6661634083039440490 ) ) ;
#2944 = CARTESIAN_POINT ( 'NONE',  ( -1.258926716115120081, 25.30000000000000071, -2.506319829022820134 ) ) ;
#2945 = DIRECTION ( 'NONE',  ( 0.7071067811865475727, -0.7071067811865475727, 0.0000000000000000000 ) ) ;
#2946 = LINE ( 'NONE', #4637, #539 ) ;
#2947 = PLANE ( 'NONE',  #4114 ) ;
#2948 = MANIFOLD_SOLID_BREP ( 'Mounting threaded shaft support', #7062 ) ;
#2949 = CARTESIAN_POINT ( 'NONE',  ( -4.199999987706542370, 7.700000000000000178, -6.599999999999997868 ) ) ;
#2950 = VECTOR ( 'NONE', #783, 1000.000000000000000 ) ;
#2951 = ORIENTED_EDGE ( 'NONE', *, *, #2179, .T. ) ;
#2952 = DIRECTION ( 'NONE',  ( 0.9999999999999998890, 0.0000000000000000000, 1.756208234393599945E-08 ) ) ;
#2953 = LINE ( 'NONE', #5151, #4585 ) ;
#2954 = AXIS2_PLACEMENT_3D ( 'NONE', #6058, #2244, #4445 ) ;
#2955 = CARTESIAN_POINT ( 'NONE',  ( -4.099999999999999645, 8.000000000000000000, -5.099999999999999645 ) ) ;
#2956 = ORIENTED_EDGE ( 'NONE', *, *, #1444, .T. ) ;
#2957 = PLANE ( 'NONE',  #6033 ) ;
#2958 = ORIENTED_EDGE ( 'NONE', *, *, #907, .T. ) ;
#2959 = VECTOR ( 'NONE', #5817, 1000.000000000000000 ) ;
#2960 = DIRECTION ( 'NONE',  ( 0.0000000000000000000, 1.000000000000000000, 0.0000000000000000000 ) ) ;
#2961 = CARTESIAN_POINT ( 'NONE',  ( -2.686853529219518588, 25.30000000000000071, -0.8045829195440546977 ) ) ;
#2962 = LINE ( 'NONE', #2277, #1281 ) ;
#2963 = VECTOR ( 'NONE', #6377, 1000.000000000000000 ) ;
#2964 = CARTESIAN_POINT ( 'NONE',  ( 2.799999999999999822, 25.30000000000000071, 6.317169010117139768E-15 ) ) ;
#2965 = VERTEX_POINT ( 'NONE', #3154 ) ;
#2966 = VERTEX_POINT ( 'NONE', #6656 ) ;
#2967 = CARTESIAN_POINT ( 'NONE',  ( -5.599999999999999645, 7.700000000000000178, -5.200000000000001066 ) ) ;
#2968 = LINE ( 'NONE', #2425, #5382 ) ;
#2969 = AXIS2_PLACEMENT_3D ( 'NONE', #618, #2173, #3395 ) ;
#2970 = DIRECTION ( 'NONE',  ( -0.0000000000000000000, -1.000000000000000000, -0.0000000000000000000 ) ) ;
#2971 = EDGE_CURVE ( 'NONE', #690, #4681, #3967, .T. ) ;
#2972 = DIRECTION ( 'NONE',  ( -6.050403047574067439E-17, 1.000000000000000000, 2.041094333682906502E-16 ) ) ;
#2973 = EDGE_CURVE ( 'NONE', #2700, #5775, #6068, .T. ) ;
#2974 = ORIENTED_EDGE ( 'NONE', *, *, #7092, .F. ) ;
#2975 = ORIENTED_EDGE ( 'NONE', *, *, #6232, .F. ) ;
#2976 = EDGE_CURVE ( 'NONE', #2847, #4674, #1227, .T. ) ;
#2977 = CARTESIAN_POINT ( 'NONE',  ( -4.400000123892509940, 0.7999995261430199456, -6.899999858226090410 ) ) ;
#2978 = CARTESIAN_POINT ( 'NONE',  ( -2.631139338200540134, 25.30000000000000071, 0.9576564013118770147 ) ) ;
#2979 = DIRECTION ( 'NONE',  ( 0.5517714909206801188, 0.0000000000000000000, 0.8339953368018132585 ) ) ;
#2980 = LINE ( 'NONE', #860, #6025 ) ;
#2981 = CARTESIAN_POINT ( 'NONE',  ( -0.4862148974674038171, 25.30000000000000071, 2.757461708434192360 ) ) ;
#2982 = EDGE_CURVE ( 'NONE', #6744, #5566, #2749, .T. ) ;
#2983 = FACE_OUTER_BOUND ( 'NONE', #2430, .T. ) ;
#2984 = CARTESIAN_POINT ( 'NONE',  ( 2.298133329356930155, 25.00000000000000000, 1.928362829059620198 ) ) ;
#2985 = VERTEX_POINT ( 'NONE', #3435 ) ;
#2986 = CARTESIAN_POINT ( 'NONE',  ( 2.699958644942958694E-15, 18.00000000000000355, 2.800000000000000711 ) ) ;
#2987 = FACE_OUTER_BOUND ( 'NONE', #1500, .T. ) ;
#2988 = LINE ( 'NONE', #836, #6778 ) ;
#2989 = CARTESIAN_POINT ( 'NONE',  ( -0.4500000000000000666, -2.500000000000000000, 7.499999852478500095 ) ) ;
#2990 = VERTEX_POINT ( 'NONE', #3870 ) ;
#2991 = CARTESIAN_POINT ( 'NONE',  ( 4.200000000000000178, 7.700000000000000178, 5.670824968046031422 ) ) ;
#2992 = EDGE_LOOP ( 'NONE', ( #73, #3411 ) ) ;
#2993 = DIRECTION ( 'NONE',  ( 0.09632267822600740215, 0.8320502943378559335, -0.5462730538399785951 ) ) ;
#2994 = CARTESIAN_POINT ( 'NONE',  ( 3.599999956573788573, -2.899999526143020478, -6.799999859503335742 ) ) ;
#2995 = VECTOR ( 'NONE', #2165, 1000.000000000000000 ) ;
#2996 = CARTESIAN_POINT ( 'NONE',  ( 0.9576564013118730179, 25.30000000000000071, -2.631139338200540134 ) ) ;
#2997 = LINE ( 'NONE', #2457, #1008 ) ;
#2998 = VERTEX_POINT ( 'NONE', #5584 ) ;
#2999 = VERTEX_POINT ( 'NONE', #656 ) ;
#3000 = DIRECTION ( 'NONE',  ( 0.0000000000000000000, 1.000000000000000000, 0.0000000000000000000 ) ) ;
#3001 = AXIS2_PLACEMENT_3D ( 'NONE', #4208, #4245, #3635 ) ;
#3002 = FILL_AREA_STYLE ('',( #813 ) ) ;
#3003 = LINE ( 'NONE', #2320, #5533 ) ;
#3004 = VECTOR ( 'NONE', #2791, 1000.000000000000000 ) ;
#3005 = DIRECTION ( 'NONE',  ( 0.0000000000000000000, 1.000000000000000000, 0.0000000000000000000 ) ) ;
#3006 = EDGE_CURVE ( 'NONE', #3486, #4870, #6022, .T. ) ;
#3007 = VERTEX_POINT ( 'NONE', #4909 ) ;
#3008 = ORIENTED_EDGE ( 'NONE', *, *, #5834, .F. ) ;
#3009 = AXIS2_PLACEMENT_3D ( 'NONE', #275, #4386, #6566 ) ;
#3010 = ORIENTED_EDGE ( 'NONE', *, *, #965, .T. ) ;
#3011 = EDGE_CURVE ( 'NONE', #1985, #3081, #4477, .T. ) ;
#3012 = EDGE_CURVE ( 'NONE', #2246, #5263, #2, .T. ) ;
#3013 = CARTESIAN_POINT ( 'NONE',  ( 1.924591952779949988, 25.30000000000000071, -2.040216012385959843 ) ) ;
#3014 = CARTESIAN_POINT ( 'NONE',  ( -1.299122561414860044, 25.10000000000000142, 2.574840435059809973 ) ) ;
#3015 = CARTESIAN_POINT ( 'NONE',  ( -0.5209445330007893560, 25.00000000000000000, -2.954423259036619065 ) ) ;
#3016 = CARTESIAN_POINT ( 'NONE',  ( 2.488824640111623851E-15, 18.00000000000000355, -2.799999999999997158 ) ) ;
#3017 = DIRECTION ( 'NONE',  ( 1.348647803525900077E-17, -1.000000000000000000, -2.212224229446766828E-16 ) ) ;
#3018 = CARTESIAN_POINT ( 'NONE',  ( 2.506319829022828571, 25.30000000000000071, 1.258926716115119415 ) ) ;
#3019 = EDGE_CURVE ( 'NONE', #1744, #6050, #4410, .T. ) ;
#3020 = VERTEX_POINT ( 'NONE', #6560 ) ;
#3021 = FACE_OUTER_BOUND ( 'NONE', #4701, .T. ) ;
#3022 = EDGE_CURVE ( 'NONE', #1450, #46, #1637, .T. ) ;
#3023 = DIRECTION ( 'NONE',  ( 0.1134003845412959455, 0.0000000000000000000, 0.9935493710862516314 ) ) ;
#3024 = CARTESIAN_POINT ( 'NONE',  ( 2.950000064715277759, 4.099999999999999645, 6.599999852478499740 ) ) ;
#3025 = FACE_OUTER_BOUND ( 'NONE', #4961, .T. ) ;
#3026 = AXIS2_PLACEMENT_3D ( 'NONE', #2860, #6628, #2315 ) ;
#3027 = ORIENTED_EDGE ( 'NONE', *, *, #419, .F. ) ;
#3028 = DIRECTION ( 'NONE',  ( -0.0000000000000000000, -1.000000000000000000, -0.0000000000000000000 ) ) ;
#3029 = ORIENTED_EDGE ( 'NONE', *, *, #1647, .F. ) ;
#3030 = CARTESIAN_POINT ( 'NONE',  ( -0.3257922781012559943, 25.30000000000000071, 2.785748544544360161 ) ) ;
#3031 = CARTESIAN_POINT ( 'NONE',  ( 0.0000000000000000000, 18.00000000000000355, 2.264854970235319974E-15 ) ) ;
#3032 = LINE ( 'NONE', #1371, #1401 ) ;
#3033 = DIRECTION ( 'NONE',  ( -0.7071067811865474617, 0.7071067811865474617, 0.0000000000000000000 ) ) ;
#3034 = VERTEX_POINT ( 'NONE', #6593 ) ;
#3035 = VERTEX_POINT ( 'NONE', #1671 ) ;
#3036 = DIRECTION ( 'NONE',  ( 1.000000000000000000, -0.0000000000000000000, 0.0000000000000000000 ) ) ;
#3037 = AXIS2_PLACEMENT_3D ( 'NONE', #2586, #2012, #6395 ) ;
#3038 = FILL_AREA_STYLE ('',( #4127 ) ) ;
#3039 = LINE ( 'NONE', #6348, #6623 ) ;
#3040 = ORIENTED_EDGE ( 'NONE', *, *, #6082, .F. ) ;
#3041 = VERTEX_POINT ( 'NONE', #6054 ) ;
#3042 = ORIENTED_EDGE ( 'NONE', *, *, #3508, .T. ) ;
#3043 = CARTESIAN_POINT ( 'NONE',  ( -3.599999962959969935, -1.050000000000000044, -6.799999989462745198 ) ) ;
#3044 = CARTESIAN_POINT ( 'NONE',  ( -2.424871130596430113, 25.30000000000000071, 1.400000000000009903 ) ) ;
#3045 = DIRECTION ( 'NONE',  ( 0.0000000000000000000, 1.000000000000000000, 0.0000000000000000000 ) ) ;
#3046 = CARTESIAN_POINT ( 'NONE',  ( 1.799805307122310571, 25.00000000000000355, 2.144924440733140703 ) ) ;
#3047 = VECTOR ( 'NONE', #3964, 1000.000000000000000 ) ;
#3048 = FACE_OUTER_BOUND ( 'NONE', #3351, .T. ) ;
#3049 = LINE ( 'NONE', #5681, #1124 ) ;
#3050 = EDGE_CURVE ( 'NONE', #1931, #5821, #1704, .T. ) ;
#3051 = DIRECTION ( 'NONE',  ( 0.0000000000000000000, 1.000000000000000000, -0.0000000000000000000 ) ) ;
#3052 = ORIENTED_EDGE ( 'NONE', *, *, #427, .F. ) ;
#3053 = AXIS2_PLACEMENT_3D ( 'NONE', #5359, #3671, #3199 ) ;
#3054 = FACE_OUTER_BOUND ( 'NONE', #1867, .T. ) ;
#3055 = CARTESIAN_POINT ( 'NONE',  ( 3.599999963598529806, -1.050000000000000044, -7.199999863015753121 ) ) ;
#3056 = CARTESIAN_POINT ( 'NONE',  ( 6.539485234502239841, -3.657716426510968954, 1.000000102646080080 ) ) ;
#3057 = ADVANCED_FACE ( 'NONE', ( #1127 ), #3330, .T. ) ;
#3058 = PLANE ( 'NONE',  #2942 ) ;
#3059 = CIRCLE ( 'NONE', #4443, 3.000000000000000000 ) ;
#3060 = EDGE_CURVE ( 'NONE', #46, #2396, #6083, .T. ) ;
#3061 = ORIENTED_EDGE ( 'NONE', *, *, #745, .T. ) ;
#3062 = CARTESIAN_POINT ( 'NONE',  ( 2.686853529219521253, 25.30000000000000071, 0.8045829195440653558 ) ) ;
#3063 = VERTEX_POINT ( 'NONE', #5012 ) ;
#3064 = CARTESIAN_POINT ( 'NONE',  ( 1.959111205433665237, 14.80000000000000071, -3.999999910593030616 ) ) ;
#3065 = VECTOR ( 'NONE', #7106, 1000.000000000000000 ) ;
#3066 = CARTESIAN_POINT ( 'NONE',  ( -1.799805307122310127, 25.30000000000000071, 2.144924440733139814 ) ) ;
#3067 = EDGE_CURVE ( 'NONE', #5563, #6294, #6709, .T. ) ;
#3068 = CARTESIAN_POINT ( 'NONE',  ( 1.541073283884889289, 25.30000000000001137, -2.343422432170018777 ) ) ;
#3069 = CARTESIAN_POINT ( 'NONE',  ( -4.099999999999999645, 7.700000000000000178, -5.099999999999999645 ) ) ;
#3070 = DIRECTION ( 'NONE',  ( -0.0000000000000000000, -1.000000000000000000, -2.220446049250310123E-16 ) ) ;
#3071 = EDGE_CURVE ( 'NONE', #4727, #3157, #68, .T. ) ;
#3072 = ORIENTED_EDGE ( 'NONE', *, *, #3504, .T. ) ;
#3073 = ORIENTED_EDGE ( 'NONE', *, *, #4362, .F. ) ;
#3074 = VERTEX_POINT ( 'NONE', #6831 ) ;
#3075 = PLANE ( 'NONE',  #257 ) ;
#3076 = B_SPLINE_SURFACE_WITH_KNOTS ( 'NONE', 3, 3, ( 
 ( #5866, #3372, #6066, #1137 ),
 ( #6634, #3307, #2794, #2221 ),
 ( #5463, #2729, #6000, #4488 ),
 ( #3913, #3408, #4990, #5024 ) ),
 .UNSPECIFIED., .F., .F., .F.,
 ( 4, 4 ),
 ( 4, 4 ),
 ( 0.0000000000000000000, 1.000000000000000000 ),
 ( 0.0000000000000000000, 1.000000000000000000 ),
 .UNSPECIFIED. ) ;
#3077 = VECTOR ( 'NONE', #6715, 1000.000000000000000 ) ;
#3078 = SURFACE_STYLE_FILL_AREA ( #4237 ) ;
#3079 = CARTESIAN_POINT ( 'NONE',  ( 1.500000000000000000, 25.00000000000000000, 2.598076211353320009 ) ) ;
#3080 = ORIENTED_EDGE ( 'NONE', *, *, #6524, .T. ) ;
#3081 = VERTEX_POINT ( 'NONE', #1298 ) ;
#3082 =( GEOMETRIC_REPRESENTATION_CONTEXT ( 3 ) GLOBAL_UNCERTAINTY_ASSIGNED_CONTEXT ( ( #1275 ) ) GLOBAL_UNIT_ASSIGNED_CONTEXT ( ( #2712, #5414, #4343 ) ) REPRESENTATION_CONTEXT ( 'NONE', 'WORKASPACE' ) );
#3083 = VERTEX_POINT ( 'NONE', #285 ) ;
#3084 = ORIENTED_EDGE ( 'NONE', *, *, #4823, .F. ) ;
#3085 = DIRECTION ( 'NONE',  ( 0.0000000000000000000, 2.379049338482480203E-16, -1.000000000000000000 ) ) ;
#3086 = DIRECTION ( 'NONE',  ( 0.0000000000000000000, 0.0000000000000000000, 1.000000000000000000 ) ) ;
#3087 = SURFACE_SIDE_STYLE ('',( #381 ) ) ;
#3088 = PLANE ( 'NONE',  #4196 ) ;
#3089 = CIRCLE ( 'NONE', #4820, 1.399999852478510443 ) ;
#3090 = LINE ( 'NONE', #497, #5016 ) ;
#3091 = DIRECTION ( 'NONE',  ( 0.0000000000000000000, 0.0000000000000000000, -1.000000000000000000 ) ) ;
#3092 = CARTESIAN_POINT ( 'NONE',  ( -0.5093679878229949720, 25.10000000000000142, -2.888769408835810015 ) ) ;
#3093 = EDGE_LOOP ( 'NONE', ( #1420, #2920 ) ) ;
#3094 = CIRCLE ( 'NONE', #6640, 3.000000000000000000 ) ;
#3095 = DIRECTION ( 'NONE',  ( 0.0000000000000000000, -2.220446049250310123E-16, 1.000000000000000000 ) ) ;
#3096 = FACE_OUTER_BOUND ( 'NONE', #6454, .T. ) ;
#3097 = CARTESIAN_POINT ( 'NONE',  ( 0.0000000000000000000, 7.700000000000000178, -7.376074639964259818E-08 ) ) ;
#3098 = ORIENTED_EDGE ( 'NONE', *, *, #6657, .F. ) ;
#3099 = EDGE_CURVE ( 'NONE', #5821, #507, #6229, .T. ) ;
#3100 = FACE_OUTER_BOUND ( 'NONE', #6875, .T. ) ;
#3101 = VERTEX_POINT ( 'NONE', #768 ) ;
#3102 = LINE ( 'NONE', #5302, #2276 ) ;
#3103 = ADVANCED_FACE ( 'NONE', ( #6798 ), #3579, .T. ) ;
#3104 = EDGE_CURVE ( 'NONE', #4692, #3394, #3615, .T. ) ;
#3105 = CARTESIAN_POINT ( 'NONE',  ( 2.424871130596430113, 25.14999999999999858, -1.399999999999989919 ) ) ;
#3106 = LINE ( 'NONE', #4017, #5121 ) ;
#3107 = DIRECTION ( 'NONE',  ( 1.000000000000000000, 0.0000000000000000000, -0.0000000000000000000 ) ) ;
#3108 = CARTESIAN_POINT ( 'NONE',  ( 0.5209445330007910213, 25.00000000000000000, 2.954423259036630167 ) ) ;
#3109 = VERTEX_POINT ( 'NONE', #5119 ) ;
#3110 = DIRECTION ( 'NONE',  ( -0.0000000000000000000, -1.000000000000000000, -0.0000000000000000000 ) ) ;
#3111 = ORIENTED_EDGE ( 'NONE', *, *, #6449, .F. ) ;
#3112 = DIRECTION ( 'NONE',  ( -0.0000000000000000000, 1.000000000000000000, 2.220446049250310123E-16 ) ) ;
#3113 = ADVANCED_FACE ( 'NONE', ( #2343 ), #6690, .F. ) ;
#3114 = VECTOR ( 'NONE', #3389, 1000.000000000000114 ) ;
#3115 = LINE ( 'NONE', #4769, #1591 ) ;
#3116 = EDGE_CURVE ( 'NONE', #5767, #5853, #2488, .T. ) ;
#3117 = CARTESIAN_POINT ( 'NONE',  ( -2.144924440733139814, 25.30000000000000071, -1.799805307122300135 ) ) ;
#3118 = CARTESIAN_POINT ( 'NONE',  ( 0.9576564013118700203, 25.30000000000000071, 2.631139338200549904 ) ) ;
#3119 = VECTOR ( 'NONE', #4963, 1000.000000000000000 ) ;
#3120 = VERTEX_POINT ( 'NONE', #4583 ) ;
#3121 = ORIENTED_EDGE ( 'NONE', *, *, #4511, .F. ) ;
#3122 = B_SPLINE_CURVE_WITH_KNOTS ( 'NONE', 3,
 ( #565, #6097, #1172, #1752 ),
 .UNSPECIFIED., .F., .F.,
 ( 4, 4 ),
 ( 0.0000000000000000000, 0.0004885781678749912893 ),
 .UNSPECIFIED. ) ;
#3123 = ORIENTED_EDGE ( 'NONE', *, *, #1865, .F. ) ;
#3124 = ORIENTED_EDGE ( 'NONE', *, *, #3071, .T. ) ;
#3125 = AXIS2_PLACEMENT_3D ( 'NONE', #4978, #7058, #2780 ) ;
#3126 = DIRECTION ( 'NONE',  ( 0.0000000000000000000, 0.0000000000000000000, 1.000000000000000000 ) ) ;
#3127 = CARTESIAN_POINT ( 'NONE',  ( -6.199999891221522397, -0.9000000163912773576, 0.9999999776482579872 ) ) ;
#3128 = LINE ( 'NONE', #5325, #52 ) ;
#3129 = DIRECTION ( 'NONE',  ( -0.9935493710862516314, -2.517994358381868899E-17, 0.1134003845412959455 ) ) ;
#3130 = CARTESIAN_POINT ( 'NONE',  ( -2.757461708434179926, 18.00000000000000355, 0.4862148974674089796 ) ) ;
#3131 = DIRECTION ( 'NONE',  ( -0.9981468937684691012, 0.0000000000000000000, -0.06085045982041850654 ) ) ;
#3132 = CARTESIAN_POINT ( 'NONE',  ( -0.8095855275305300358, 25.10000000000000142, -2.721554089080359784 ) ) ;
#3133 = VECTOR ( 'NONE', #6940, 1000.000000000000000 ) ;
#3134 = ORIENTED_EDGE ( 'NONE', *, *, #4901, .T. ) ;
#3135 = CARTESIAN_POINT ( 'NONE',  ( 0.9576564013118697982, 25.30000000000000071, 2.631139338200549904 ) ) ;
#3136 = CARTESIAN_POINT ( 'NONE',  ( -0.4862148974674038171, 25.30000000000000071, 2.757461708434192360 ) ) ;
#3137 = LINE ( 'NONE', #977, #5935 ) ;
#3138 = EDGE_LOOP ( 'NONE', ( #2382, #3540, #4691, #673, #2075, #2290, #1051, #2146, #1571, #2400, #6234, #2389 ) ) ;
#3139 = DIRECTION ( 'NONE',  ( 0.0000000000000000000, 0.0000000000000000000, -1.000000000000000000 ) ) ;
#3140 = ORIENTED_EDGE ( 'NONE', *, *, #7000, .F. ) ;
#3141 = APPLICATION_CONTEXT ( 'automotive_design' ) ;
#3142 = CARTESIAN_POINT ( 'NONE',  ( 1.675018661464670044, 25.30000000000000071, 2.249632869080319786 ) ) ;
#3143 = DIRECTION ( 'NONE',  ( 0.0000000000000000000, 0.0000000000000000000, 1.000000000000000000 ) ) ;
#3144 = CARTESIAN_POINT ( 'NONE',  ( 0.0000000000000000000, 18.00000000000000355, 2.264854970235320368E-15 ) ) ;
#3145 = VECTOR ( 'NONE', #6818, 1000.000000000000227 ) ;
#3146 = CARTESIAN_POINT ( 'NONE',  ( 1.600000013730360049, 1.099999526143019990, -6.599999864931620053 ) ) ;
#3147 = ORIENTED_EDGE ( 'NONE', *, *, #3893, .T. ) ;
#3148 = CARTESIAN_POINT ( 'NONE',  ( 3.999999956573700111, 0.7999995261430206117, -6.799999855990919606 ) ) ;
#3149 = EDGE_CURVE ( 'NONE', #6199, #5860, #6334, .T. ) ;
#3150 = ORIENTED_EDGE ( 'NONE', *, *, #2047, .T. ) ;
#3151 = DIRECTION ( 'NONE',  ( 0.0000000000000000000, -1.000000000000000000, -0.0000000000000000000 ) ) ;
#3152 = ADVANCED_FACE ( 'NONE', ( #6195 ), #732, .T. ) ;
#3153 = AXIS2_PLACEMENT_3D ( 'NONE', #3358, #4474, #1152 ) ;
#3154 = CARTESIAN_POINT ( 'NONE',  ( 0.4000000090604382552, 0.7999999407678783925, -6.799999919214418931 ) ) ;
#3155 = CARTESIAN_POINT ( 'NONE',  ( 1.129202752958279987, 25.10000000000000142, 2.605222932665919977 ) ) ;
#3156 = VECTOR ( 'NONE', #1758, 1000.000000000000000 ) ;
#3157 = VERTEX_POINT ( 'NONE', #1332 ) ;
#3158 = ORIENTED_EDGE ( 'NONE', *, *, #227, .T. ) ;
#3159 = EDGE_CURVE ( 'NONE', #1268, #1797, #1878, .T. ) ;
#3160 = VERTEX_POINT ( 'NONE', #3544 ) ;
#3161 = EDGE_LOOP ( 'NONE', ( #599, #4973, #4351, #5781 ) ) ;
#3162 = DIRECTION ( 'NONE',  ( 0.7071067811865475727, -0.7071067811865475727, 0.0000000000000000000 ) ) ;
#3163 = DIRECTION ( 'NONE',  ( -0.9171391875453948073, 0.0000000000000000000, -0.3985670717314378497 ) ) ;
#3164 = CARTESIAN_POINT ( 'NONE',  ( -1.110729883079689895, 25.30000000000000071, -2.575425147181559904 ) ) ;
#3165 = CARTESIAN_POINT ( 'NONE',  ( -0.5209445330007920205, 18.00000000000000355, 2.954423259036630167 ) ) ;
#3166 = EDGE_LOOP ( 'NONE', ( #2938, #6984, #2771, #6596 ) ) ;
#3167 = CARTESIAN_POINT ( 'NONE',  ( -0.5035797152340969474, 25.14999999999999858, -2.855942483735399939 ) ) ;
#3168 = AXIS2_PLACEMENT_3D ( 'NONE', #4193, #5377, #3179 ) ;
#3169 = CARTESIAN_POINT ( 'NONE',  ( -0.4000000434262410143, 0.7999995261430199456, -6.899999858226090410 ) ) ;
#3170 = ORIENTED_EDGE ( 'NONE', *, *, #1350, .F. ) ;
#3171 = COLOUR_RGB ( '',0.6274509803921568540, 0.6274509803921568540, 0.6274509803921568540 ) ;
#3172 = ORIENTED_EDGE ( 'NONE', *, *, #2576, .F. ) ;
#3173 = CARTESIAN_POINT ( 'NONE',  ( 2.820778912968507897E-15, 18.00000000000000355, 2.800000000000002043 ) ) ;
#3174 = CARTESIAN_POINT ( 'NONE',  ( 0.4500001401174810178, 4.099999999999999645, 6.599999852478499740 ) ) ;
#3175 = CIRCLE ( 'NONE', #3761, 0.4708249680460303566 ) ;
#3176 = DIRECTION ( 'NONE',  ( 0.8037388030040969467, -0.0000000000000000000, 0.5949822993548139483 ) ) ;
#3177 = PLANE ( 'NONE',  #7083 ) ;
#3178 = ORIENTED_EDGE ( 'NONE', *, *, #5307, .F. ) ;
#3179 = DIRECTION ( 'NONE',  ( 0.0000000000000000000, -2.220446049250310123E-16, 1.000000000000000000 ) ) ;
#3180 = EDGE_LOOP ( 'NONE', ( #6902, #7061, #6846, #341 ) ) ;
#3181 = DIRECTION ( 'NONE',  ( 0.0000000000000000000, 0.0000000000000000000, 1.000000000000000000 ) ) ;
#3182 = VECTOR ( 'NONE', #4359, 1000.000000000000227 ) ;
#3183 = CARTESIAN_POINT ( 'NONE',  ( 2.631139338200538802, 25.30000000000000071, -0.9576564013118634699 ) ) ;
#3184 = EDGE_CURVE ( 'NONE', #4959, #4704, #5732, .T. ) ;
#3185 = CARTESIAN_POINT ( 'NONE',  ( -2.070816821900109961, 25.19999999999999929, -1.949909513856580068 ) ) ;
#3186 = VECTOR ( 'NONE', #5551, 1000.000000000000000 ) ;
#3187 = CARTESIAN_POINT ( 'NONE',  ( 1.466666666666669894, 25.10000000000000142, 2.540341184434359967 ) ) ;
#3188 = ORIENTED_EDGE ( 'NONE', *, *, #733, .T. ) ;
#3189 = ORIENTED_EDGE ( 'NONE', *, *, #5515, .T. ) ;
#3190 = EDGE_CURVE ( 'NONE', #2740, #2281, #5195, .T. ) ;
#3191 = ORIENTED_EDGE ( 'NONE', *, *, #4779, .T. ) ;
#3192 = VERTEX_POINT ( 'NONE', #3173 ) ;
#3193 = DIRECTION ( 'NONE',  ( 0.0000000000000000000, 0.0000000000000000000, 1.000000000000000000 ) ) ;
#3194 = VECTOR ( 'NONE', #2440, 1000.000000000000000 ) ;
#3195 = LINE ( 'NONE', #5494, #4717 ) ;
#3196 = EDGE_CURVE ( 'NONE', #2324, #1131, #2633, .T. ) ;
#3197 = EDGE_CURVE ( 'NONE', #978, #126, #559, .T. ) ;
#3198 = CYLINDRICAL_SURFACE ( 'NONE', #118, 0.5500000000000001554 ) ;
#3199 = DIRECTION ( 'NONE',  ( 0.0000000000000000000, -2.220446049250310123E-16, 1.000000000000000000 ) ) ;
#3200 = LINE ( 'NONE', #4747, #4673 ) ;
#3201 = CARTESIAN_POINT ( 'NONE',  ( 7.359692041621890723, -2.059692160086120438, 1.000000102646080080 ) ) ;
#3202 = ADVANCED_FACE ( 'NONE', ( #322 ), #1649, .F. ) ;
#3203 = ORIENTED_EDGE ( 'NONE', *, *, #4158, .T. ) ;
#3204 = CARTESIAN_POINT ( 'NONE',  ( -4.000000036401409886, -2.899999912893961085, -7.199999996487579601 ) ) ;
#3205 = EDGE_CURVE ( 'NONE', #238, #5563, #1899, .T. ) ;
#3206 = LINE ( 'NONE', #5258, #6559 ) ;
#3207 = CARTESIAN_POINT ( 'NONE',  ( 0.0000000000000000000, 18.00000000000000355, 2.264854970235319974E-15 ) ) ;
#3208 = CARTESIAN_POINT ( 'NONE',  ( -3.000000000000000000, 18.00000000000000355, 4.024558464266190092E-15 ) ) ;
#3209 = ORIENTED_EDGE ( 'NONE', *, *, #4916, .F. ) ;
#3210 = AXIS2_PLACEMENT_3D ( 'NONE', #5972, #5567, #635 ) ;
#3211 = VERTEX_POINT ( 'NONE', #3064 ) ;
#3212 = CARTESIAN_POINT ( 'NONE',  ( 1.500000000000000000, 25.00000000000000000, 2.598076211353320009 ) ) ;
#3213 = DIRECTION ( 'NONE',  ( -0.0000000000000000000, -0.0000000000000000000, 1.000000000000000000 ) ) ;
#3214 = CARTESIAN_POINT ( 'NONE',  ( -0.1700647735003190109, 25.10000000000000142, -2.834318852738909822 ) ) ;
#3215 = CARTESIAN_POINT ( 'NONE',  ( -2.819077862357723951, 25.00000000000000000, -1.026060429977004640 ) ) ;
#3216 = EDGE_LOOP ( 'NONE', ( #6112, #2133, #3150, #5172 ) ) ;
#3217 = CARTESIAN_POINT ( 'NONE',  ( 0.8095855275305300358, 25.10000000000000142, 2.721554089080369998 ) ) ;
#3218 = ORIENTED_EDGE ( 'NONE', *, *, #3588, .F. ) ;
#3219 = DIRECTION ( 'NONE',  ( 0.0000000000000000000, -2.220446049250310123E-16, 1.000000000000000000 ) ) ;
#3220 = CARTESIAN_POINT ( 'NONE',  ( -1.799805307122310127, 25.19999999999999929, -2.144924440733130044 ) ) ;
#3221 = CARTESIAN_POINT ( 'NONE',  ( 2.950000000000000178, -2.500000000000000000, 7.349999852478499740 ) ) ;
#3222 = ORIENTED_EDGE ( 'NONE', *, *, #4257, .F. ) ;
#3223 = VERTEX_POINT ( 'NONE', #3759 ) ;
#3224 = ORIENTED_EDGE ( 'NONE', *, *, #6825, .T. ) ;
#3225 = VERTEX_POINT ( 'NONE', #3654 ) ;
#3226 = CARTESIAN_POINT ( 'NONE',  ( 2.000000004789660224, 0.7999995261430199456, -6.899999858226090410 ) ) ;
#3227 = DIRECTION ( 'NONE',  ( 0.9724162281702309896, -5.179243561854889740E-17, 0.2332523937523069968 ) ) ;
#3228 = ADVANCED_BREP_SHAPE_REPRESENTATION ( '6B32B94C-5F29-461E-87AC-33F4407AC0DD', ( #426, #532, #2837, #5297, #5165, #2790, #464, #450, #409, #2725, #2948, #5287, #621 ), #2803 ) ;
#3229 = CARTESIAN_POINT ( 'NONE',  ( 2.340379263103430141, 25.00000000000000000, 1.752241886039749952 ) ) ;
#3230 = CARTESIAN_POINT ( 'NONE',  ( -2.000000043426239937, -1.050000000000000044, -6.799999961363419665 ) ) ;
#3231 = AXIS2_PLACEMENT_3D ( 'NONE', #7049, #5945, #3796 ) ;
#3232 = ADVANCED_FACE ( 'NONE', ( #6904 ), #606, .F. ) ;
#3233 = CARTESIAN_POINT ( 'NONE',  ( -6.938893903907229610E-17, 25.30000000000000071, 5.763618748932940782E-15 ) ) ;
#3234 = DIRECTION ( 'NONE',  ( 0.06085045982041851348, 2.216331326839670640E-16, -0.9981468937684692122 ) ) ;
#3235 = EDGE_CURVE ( 'NONE', #3377, #2580, #3102, .T. ) ;
#3236 = EDGE_CURVE ( 'NONE', #2422, #1360, #359, .T. ) ;
#3237 = VECTOR ( 'NONE', #6995, 1000.000000000000000 ) ;
#3238 = EDGE_LOOP ( 'NONE', ( #4546, #6260, #2545, #6982 ) ) ;
#3239 = DIRECTION ( 'NONE',  ( 0.0000000000000000000, -0.0000000000000000000, 1.000000000000000000 ) ) ;
#3240 = DIRECTION ( 'NONE',  ( 8.116651358805287824E-17, -1.000000000000000000, -1.867715514095425008E-16 ) ) ;
#3241 = DIRECTION ( 'NONE',  ( 0.0000000000000000000, 1.000000000000000000, 2.220446049250310123E-16 ) ) ;
#3242 = CARTESIAN_POINT ( 'NONE',  ( -4.399999852159189651, 1.099999526143019990, -6.599999864931620053 ) ) ;
#3243 = ADVANCED_FACE ( 'NONE', ( #946 ), #2063, .T. ) ;
#3244 = AXIS2_PLACEMENT_3D ( 'NONE', #1849, #2354, #186 ) ;
#3245 = ORIENTED_EDGE ( 'NONE', *, *, #3364, .T. ) ;
#3246 = EDGE_CURVE ( 'NONE', #6135, #2847, #2094, .T. ) ;
#3247 = VERTEX_POINT ( 'NONE', #5508 ) ;
#3248 = AXIS2_PLACEMENT_3D ( 'NONE', #5221, #2686, #4917 ) ;
#3249 = CARTESIAN_POINT ( 'NONE',  ( 4.200000000000000178, 0.0000000000000000000, 5.200000000000001066 ) ) ;
#3250 = CARTESIAN_POINT ( 'NONE',  ( 4.099999999999999645, 7.700000000000000178, -5.099999999999999645 ) ) ;
#3251 = LINE ( 'NONE', #5444, #3526 ) ;
#3252 = EDGE_CURVE ( 'NONE', #6444, #5068, #2843, .T. ) ;
#3253 = DIRECTION ( 'NONE',  ( -0.7071067811865480168, 0.7071067811865470176, -0.0000000000000000000 ) ) ;
#3254 = EDGE_LOOP ( 'NONE', ( #4664, #1629, #6067, #1545, #2433, #6496 ) ) ;
#3255 = CARTESIAN_POINT ( 'NONE',  ( -2.687675618437289859, 25.00000000000000000, -1.150706953318000103 ) ) ;
#3256 = EDGE_CURVE ( 'NONE', #507, #136, #3285, .T. ) ;
#3257 = CARTESIAN_POINT ( 'NONE',  ( 2.144924440733139814, 25.30000000000000071, -1.799805307122300135 ) ) ;
#3258 = CARTESIAN_POINT ( 'NONE',  ( 1.138437600874580014, 25.00000000000000000, -2.620118295918130169 ) ) ;
#3259 = CARTESIAN_POINT ( 'NONE',  ( -2.799999999999999822, 25.30000000000000071, -0.1628973968527989979 ) ) ;
#3260 = ORIENTED_EDGE ( 'NONE', *, *, #333, .T. ) ;
#3261 = VERTEX_POINT ( 'NONE', #3352 ) ;
#3262 = CARTESIAN_POINT ( 'NONE',  ( -0.9576564013118730179, 25.10000000000000142, -2.631139338200540134 ) ) ;
#3263 = VECTOR ( 'NONE', #4605, 1000.000000000000000 ) ;
#3264 = B_SPLINE_CURVE_WITH_KNOTS ( 'NONE', 3,
 ( #726, #2914, #2479, #763 ),
 .UNSPECIFIED., .F., .F.,
 ( 4, 4 ),
 ( 2.383338306179204368E-33, 0.0004885781678749906388 ),
 .UNSPECIFIED. ) ;
#3265 = EDGE_LOOP ( 'NONE', ( #6417, #5245, #1642 ) ) ;
#3266 = CARTESIAN_POINT ( 'NONE',  ( 4.099999999999999645, 7.700000000000000178, -4.549999999999998934 ) ) ;
#3267 = DIRECTION ( 'NONE',  ( 1.000000000000000000, -0.0000000000000000000, 0.0000000000000000000 ) ) ;
#3268 = AXIS2_PLACEMENT_3D ( 'NONE', #6114, #3327, #5514 ) ;
#3269 = DIRECTION ( 'NONE',  ( -0.0000000000000000000, 1.000000000000000000, 0.0000000000000000000 ) ) ;
#3270 = DIRECTION ( 'NONE',  ( -8.869286482002776380E-17, -1.000000000000000000, -4.424260963532012098E-17 ) ) ;
#3271 = DIRECTION ( 'NONE',  ( 0.0000000000000000000, 0.0000000000000000000, 1.000000000000000000 ) ) ;
#3272 = CARTESIAN_POINT ( 'NONE',  ( -2.799999999999997158, 25.30000000000000071, 7.204079395944728990E-15 ) ) ;
#3273 = ORIENTED_EDGE ( 'NONE', *, *, #6262, .F. ) ;
#3274 = VECTOR ( 'NONE', #2906, 1000.000000000000000 ) ;
#3275 = ORIENTED_EDGE ( 'NONE', *, *, #2004, .F. ) ;
#3276 = CARTESIAN_POINT ( 'NONE',  ( -2.631139338200542355, 25.30000000000000071, 0.9576564013118741281 ) ) ;
#3277 = DIRECTION ( 'NONE',  ( -0.0000000000000000000, 1.000000000000000000, 0.0000000000000000000 ) ) ;
#3278 = CARTESIAN_POINT ( 'NONE',  ( 4.200000000000000178, 7.700000000000000178, 5.200000000000001066 ) ) ;
#3279 = ADVANCED_FACE ( 'NONE', ( #3388, #4404, #1089, #3862, #5041 ), #609, .T. ) ;
#3280 = DIRECTION ( 'NONE',  ( -0.0000000000000000000, -1.000000000000000000, -0.0000000000000000000 ) ) ;
#3281 = ADVANCED_FACE ( 'NONE', ( #6618 ), #5004, .T. ) ;
#3282 = ORIENTED_EDGE ( 'NONE', *, *, #4729, .T. ) ;
#3283 = AXIS2_PLACEMENT_3D ( 'NONE', #5811, #6379, #3659 ) ;
#3284 = EDGE_CURVE ( 'NONE', #5400, #3412, #3633, .T. ) ;
#3285 = LINE ( 'NONE', #27, #5611 ) ;
#3286 = CARTESIAN_POINT ( 'NONE',  ( -6.749999944034679622, -0.8999999999999998002, 0.9999999776482579872 ) ) ;
#3287 = EDGE_CURVE ( 'NONE', #2625, #6160, #647, .T. ) ;
#3288 = CARTESIAN_POINT ( 'NONE',  ( 0.9576564013118722407, 25.00000000000000000, -2.631139338200539246 ) ) ;
#3289 = MECHANICAL_DESIGN_GEOMETRIC_PRESENTATION_REPRESENTATION (  '', ( #7070 ), #2821 ) ;
#3290 = ORIENTED_EDGE ( 'NONE', *, *, #2973, .T. ) ;
#3291 = PLANE ( 'NONE',  #6605 ) ;
#3292 = CARTESIAN_POINT ( 'NONE',  ( 4.200000000000000178, 7.799999999999999822, 5.670824968046031422 ) ) ;
#3293 = EDGE_CURVE ( 'NONE', #3534, #4767, #58, .T. ) ;
#3294 = CARTESIAN_POINT ( 'NONE',  ( -0.3999999415661609770, 1.099999526143019990, -7.199999851520569649 ) ) ;
#3295 = STYLED_ITEM ( 'NONE', ( #231 ), #409 ) ;
#3296 = ADVANCED_FACE ( 'NONE', ( #5475 ), #2842, .T. ) ;
#3297 = CARTESIAN_POINT ( 'NONE',  ( 5.599999852478510398, 0.0000000000000000000, 5.200000000000001066 ) ) ;
#3298 = VERTEX_POINT ( 'NONE', #6015 ) ;
#3299 = AXIS2_PLACEMENT_3D ( 'NONE', #3097, #4862, #5975 ) ;
#3300 = EDGE_LOOP ( 'NONE', ( #3400, #392, #672, #6277 ) ) ;
#3301 = LINE ( 'NONE', #2755, #4183 ) ;
#3302 = DIRECTION ( 'NONE',  ( -0.0000000000000000000, 1.000000000000000000, 2.220446049250310123E-16 ) ) ;
#3303 = CARTESIAN_POINT ( 'NONE',  ( -4.400000116867663458, -2.899999912893960197, -7.200000003512419866 ) ) ;
#3304 = CIRCLE ( 'NONE', #6844, 0.5500000000000001554 ) ;
#3305 = CARTESIAN_POINT ( 'NONE',  ( 2.249632869080310016, 25.30000000000000071, 1.675018661464680036 ) ) ;
#3306 = LINE ( 'NONE', #530, #5801 ) ;
#3307 = CARTESIAN_POINT ( 'NONE',  ( 2.761727742682280162, 25.10000000000000142, 0.6596554111625230199 ) ) ;
#3308 = ORIENTED_EDGE ( 'NONE', *, *, #3821, .F. ) ;
#3309 = VECTOR ( 'NONE', #4230, 1000.000000000000000 ) ;
#3310 = ORIENTED_EDGE ( 'NONE', *, *, #3006, .T. ) ;
#3311 = CARTESIAN_POINT ( 'NONE',  ( 6.200000000000001066, 7.700000000000000178, -5.200000000000001066 ) ) ;
#3312 = CARTESIAN_POINT ( 'NONE',  ( -4.400000118623875522, -2.899999912893961085, -7.200000003512417202 ) ) ;
#3313 = LINE ( 'NONE', #6073, #1086 ) ;
#3314 = VECTOR ( 'NONE', #2168, 1000.000000000000000 ) ;
#3315 = CARTESIAN_POINT ( 'NONE',  ( 3.599999969026869806, 1.099999526143019990, -6.599999864931620053 ) ) ;
#3316 = ORIENTED_EDGE ( 'NONE', *, *, #4550, .F. ) ;
#3317 = B_SPLINE_SURFACE_WITH_KNOTS ( 'NONE', 3, 3, ( 
 ( #6813, #2326, #6711, #121 ),
 ( #158, #4058, #5752, #3013 ),
 ( #825, #5063, #5639, #6282 ),
 ( #230, #5211, #3527, #266 ) ),
 .UNSPECIFIED., .F., .F., .F.,
 ( 4, 4 ),
 ( 4, 4 ),
 ( 0.0000000000000000000, 1.000000000000000000 ),
 ( 0.0000000000000000000, 1.000000000000000000 ),
 .UNSPECIFIED. ) ;
#3318 = VERTEX_POINT ( 'NONE', #1664 ) ;
#3319 = PRESENTATION_LAYER_ASSIGNMENT (  '', '', ( #1348 ) ) ;
#3320 = CARTESIAN_POINT ( 'NONE',  ( 5.599999852478511286, 0.0000000000000000000, -5.200000000000001066 ) ) ;
#3321 = CARTESIAN_POINT ( 'NONE',  ( -4.099999999999999645, 7.700000000000000178, -5.099999999999999645 ) ) ;
#3322 = DIRECTION ( 'NONE',  ( -1.021793428552867908E-16, 1.000000000000000000, 6.760187480755030621E-17 ) ) ;
#3323 = EDGE_CURVE ( 'NONE', #340, #6206, #5730, .T. ) ;
#3324 = VECTOR ( 'NONE', #4253, 1000.000000000000000 ) ;
#3325 = ORIENTED_EDGE ( 'NONE', *, *, #5128, .F. ) ;
#3326 = CARTESIAN_POINT ( 'NONE',  ( 2.933333333333330017, 25.10000000000000142, 6.014574046582669834E-15 ) ) ;
#3327 = DIRECTION ( 'NONE',  ( 0.3985670717314387934, -2.036458085597808420E-16, 0.9171391875453944742 ) ) ;
#3328 = ADVANCED_FACE ( 'NONE', ( #2742 ), #5441, .T. ) ;
#3329 = EDGE_CURVE ( 'NONE', #2422, #522, #5978, .T. ) ;
#3330 = PLANE ( 'NONE',  #904 ) ;
#3331 = CARTESIAN_POINT ( 'NONE',  ( -1.952142215151750015, 25.10000000000000142, -2.061898677917839873 ) ) ;
#3332 = CARTESIAN_POINT ( 'NONE',  ( 2.500000000000000000, 4.400000000000000355, 7.649999852478499562 ) ) ;
#3333 = EDGE_CURVE ( 'NONE', #1727, #3658, #2265, .T. ) ;
#3334 = VERTEX_POINT ( 'NONE', #2701 ) ;
#3335 = ORIENTED_EDGE ( 'NONE', *, *, #989, .F. ) ;
#3336 = CARTESIAN_POINT ( 'NONE',  ( -0.5209445330007900221, 25.00000000000000000, -2.954423259036619953 ) ) ;
#3337 = ADVANCED_FACE ( 'NONE', ( #4897 ), #7082, .T. ) ;
#3338 = DIRECTION ( 'NONE',  ( 0.2332523937523069968, 0.0000000000000000000, -0.9724162281702309896 ) ) ;
#3339 = LINE ( 'NONE', #5527, #3004 ) ;
#3340 = CARTESIAN_POINT ( 'NONE',  ( 2.757461708434179037, 18.00000000000000355, 0.4862148974674104784 ) ) ;
#3341 = LINE ( 'NONE', #2826, #180 ) ;
#3342 = ORIENTED_EDGE ( 'NONE', *, *, #5003, .F. ) ;
#3343 = ORIENTED_EDGE ( 'NONE', *, *, #2526, .F. ) ;
#3344 = AXIS2_PLACEMENT_3D ( 'NONE', #2148, #3267, #5459 ) ;
#3345 = PLANE ( 'NONE',  #4248 ) ;
#3346 = CARTESIAN_POINT ( 'NONE',  ( -6.199999861419200009, 7.700000000000001954, -5.200000000000001066 ) ) ;
#3347 = PLANE ( 'NONE',  #5794 ) ;
#3348 = LINE ( 'NONE', #1724, #1915 ) ;
#3349 = ORIENTED_EDGE ( 'NONE', *, *, #2006, .F. ) ;
#3350 = AXIS2_PLACEMENT_3D ( 'NONE', #3746, #2114, #3163 ) ;
#3351 = EDGE_LOOP ( 'NONE', ( #6920, #1857, #5439, #3476 ) ) ;
#3352 = CARTESIAN_POINT ( 'NONE',  ( 1.799805307122310127, 25.30000000000000071, 2.144924440733139814 ) ) ;
#3353 = CARTESIAN_POINT ( 'NONE',  ( -2.298133329356930599, 25.00000000000000000, 1.928362829059621308 ) ) ;
#3354 = COLOUR_RGB ( '',0.6274509803921568540, 0.6274509803921568540, 0.6274509803921568540 ) ;
#3355 = CARTESIAN_POINT ( 'NONE',  ( 1.401174809512180038E-07, 4.099999999999999645, 6.599999852478499740 ) ) ;
#3356 = ORIENTED_EDGE ( 'NONE', *, *, #6133, .T. ) ;
#3357 = CARTESIAN_POINT ( 'NONE',  ( 0.6532627631307109661, 25.19999999999999929, 2.768334731277950045 ) ) ;
#3358 = CARTESIAN_POINT ( 'NONE',  ( 0.0000000000000000000, 18.00000000000000355, 2.264854970235320368E-15 ) ) ;
#3359 = AXIS2_PLACEMENT_3D ( 'NONE', #917, #843, #6907 ) ;
#3360 = VERTEX_POINT ( 'NONE', #3320 ) ;
#3361 = DIRECTION ( 'NONE',  ( 1.108678353676795608E-16, 1.000000000000000000, 1.168767644329675985E-16 ) ) ;
#3362 = DIRECTION ( 'NONE',  ( -0.7071067811865483499, -0.7071067811865467956, 0.0000000000000000000 ) ) ;
#3363 = DIRECTION ( 'NONE',  ( 0.0000000000000000000, -0.0000000000000000000, 1.000000000000000000 ) ) ;
#3364 = EDGE_CURVE ( 'NONE', #840, #1450, #4970, .T. ) ;
#3365 = ORIENTED_EDGE ( 'NONE', *, *, #5850, .F. ) ;
#3366 = EDGE_LOOP ( 'NONE', ( #1351, #3922, #4047, #6864 ) ) ;
#3367 = CARTESIAN_POINT ( 'NONE',  ( -0.9576564013118734620, 25.00000000000000000, 2.631139338200549904 ) ) ;
#3368 = EDGE_CURVE ( 'NONE', #6975, #964, #6860, .T. ) ;
#3369 = CARTESIAN_POINT ( 'NONE',  ( -4.200000000000000178, 0.0000000000000000000, -5.200000000000001066 ) ) ;
#3370 = LINE ( 'NONE', #2824, #4960 ) ;
#3371 = PLANE ( 'NONE',  #6386 ) ;
#3372 = CARTESIAN_POINT ( 'NONE',  ( 2.757461708434179926, 25.10000000000000142, 0.4862148974674109780 ) ) ;
#3373 = EDGE_CURVE ( 'NONE', #46, #18, #1363, .T. ) ;
#3374 = VECTOR ( 'NONE', #4768, 1000.000000000000000 ) ;
#3375 = EDGE_LOOP ( 'NONE', ( #6848, #412, #3422 ) ) ;
#3376 = ORIENTED_EDGE ( 'NONE', *, *, #7103, .F. ) ;
#3377 = VERTEX_POINT ( 'NONE', #4575 ) ;
#3378 = AXIS2_PLACEMENT_3D ( 'NONE', #1142, #468, #2769 ) ;
#3379 = DIRECTION ( 'NONE',  ( -0.9999999999999997780, -0.0000000000000000000, -1.756208234393599614E-08 ) ) ;
#3380 = DIRECTION ( 'NONE',  ( -1.000000000000000000, -0.0000000000000000000, 0.0000000000000000000 ) ) ;
#3381 = CARTESIAN_POINT ( 'NONE',  ( -6.199999861419200009, -0.8999999798834320552, 1.000000102646080080 ) ) ;
#3382 = LINE ( 'NONE', #5066, #5585 ) ;
#3383 = ADVANCED_FACE ( 'NONE', ( #2375 ), #686, .T. ) ;
#3384 = CARTESIAN_POINT ( 'NONE',  ( 1.387778780781450113E-16, 25.00000000000000000, 2.800000000000010036 ) ) ;
#3385 = PRESENTATION_LAYER_ASSIGNMENT (  '', '', ( #6482 ) ) ;
#3386 = VERTEX_POINT ( 'NONE', #5761 ) ;
#3387 = ORIENTED_EDGE ( 'NONE', *, *, #5839, .T. ) ;
#3388 = FACE_BOUND ( 'NONE', #1512, .T. ) ;
#3389 = DIRECTION ( 'NONE',  ( -0.9171391875453948073, -0.0000000000000000000, -0.3985670717314378497 ) ) ;
#3390 = LINE ( 'NONE', #6148, #6155 ) ;
#3391 = ORIENTED_EDGE ( 'NONE', *, *, #591, .F. ) ;
#3392 = CARTESIAN_POINT ( 'NONE',  ( -2.424871130596430113, 25.00000000000000000, 1.400000000000009903 ) ) ;
#3393 = PLANE ( 'NONE',  #2226 ) ;
#3394 = VERTEX_POINT ( 'NONE', #6720 ) ;
#3395 = DIRECTION ( 'NONE',  ( 0.0000000000000000000, 0.0000000000000000000, 1.000000000000000000 ) ) ;
#3396 = AXIS2_PLACEMENT_3D ( 'NONE', #99, #3505, #5155 ) ;
#3397 = DIRECTION ( 'NONE',  ( 0.0000000000000000000, -2.220446049250310123E-16, 1.000000000000000000 ) ) ;
#3398 = CARTESIAN_POINT ( 'NONE',  ( 2.839715394650800029, 25.19999999999999929, -0.1626219526268100068 ) ) ;
#3399 = EDGE_LOOP ( 'NONE', ( #5054, #4463, #3660, #5921 ) ) ;
#3400 = ORIENTED_EDGE ( 'NONE', *, *, #236, .F. ) ;
#3401 = LINE ( 'NONE', #5591, #5786 ) ;
#3402 = MECHANICAL_DESIGN_GEOMETRIC_PRESENTATION_REPRESENTATION (  '', ( #6505 ), #6723 ) ;
#3403 = CARTESIAN_POINT ( 'NONE',  ( 2.729174872324009904, 25.30000000000000071, -0.6466375168335469770 ) ) ;
#3404 = DIRECTION ( 'NONE',  ( 0.0000000000000000000, 0.0000000000000000000, 1.000000000000000000 ) ) ;
#3405 = LINE ( 'NONE', #4016, #237 ) ;
#3406 = DIRECTION ( 'NONE',  ( 0.0000000000000000000, 0.0000000000000000000, -1.000000000000000000 ) ) ;
#3407 = CIRCLE ( 'NONE', #534, 4.453999999999999737 ) ;
#3408 = CARTESIAN_POINT ( 'NONE',  ( 2.756431687638659866, 25.10000000000000142, 1.003259087088629986 ) ) ;
#3409 = ADVANCED_FACE ( 'NONE', ( #5222 ), #834, .T. ) ;
#3410 = ORIENTED_EDGE ( 'NONE', *, *, #1330, .F. ) ;
#3411 = ORIENTED_EDGE ( 'NONE', *, *, #1529, .T. ) ;
#3412 = VERTEX_POINT ( 'NONE', #276 ) ;
#3413 = ADVANCED_FACE ( 'NONE', ( #4676 ), #1323, .T. ) ;
#3414 = VECTOR ( 'NONE', #2872, 1000.000000000000114 ) ;
#3415 = EDGE_CURVE ( 'NONE', #5311, #912, #3464, .T. ) ;
#3416 = DIRECTION ( 'NONE',  ( 0.0000000000000000000, -0.0000000000000000000, 1.000000000000000000 ) ) ;
#3417 = CARTESIAN_POINT ( 'NONE',  ( -2.757461708434179926, 25.00000000000000000, 0.4862148974674099788 ) ) ;
#3418 = CARTESIAN_POINT ( 'NONE',  ( -0.5209445330007900221, 18.00000000000000355, -2.954423259036619953 ) ) ;
#3419 = CARTESIAN_POINT ( 'NONE',  ( -4.099999999999999645, 7.700000000000000178, 5.099999999999999645 ) ) ;
#3420 = CARTESIAN_POINT ( 'NONE',  ( 1.959111205433660130, 14.80000000000000071, 3.999999910593039942 ) ) ;
#3421 = AXIS2_PLACEMENT_3D ( 'NONE', #1776, #6266, #214 ) ;
#3422 = ORIENTED_EDGE ( 'NONE', *, *, #2301, .F. ) ;
#3423 = ADVANCED_FACE ( 'NONE', ( #2987 ), #1904, .T. ) ;
#3424 = ORIENTED_EDGE ( 'NONE', *, *, #5347, .T. ) ;
#3425 = DIRECTION ( 'NONE',  ( -0.7255109597715122538, -0.0000000000000000000, 0.6882106125681433095 ) ) ;
#3426 = EDGE_CURVE ( 'NONE', #5534, #2535, #167, .T. ) ;
#3427 = CARTESIAN_POINT ( 'NONE',  ( -8.022792055261529498, -2.172792186019219862, -1.000000069913669964 ) ) ;
#3428 = PLANE ( 'NONE',  #2080 ) ;
#3429 = PLANE ( 'NONE',  #7074 ) ;
#3430 = ORIENTED_EDGE ( 'NONE', *, *, #6253, .T. ) ;
#3431 = LINE ( 'NONE', #134, #283 ) ;
#3432 =( GEOMETRIC_REPRESENTATION_CONTEXT ( 3 ) GLOBAL_UNCERTAINTY_ASSIGNED_CONTEXT ( ( #4090 ) ) GLOBAL_UNIT_ASSIGNED_CONTEXT ( ( #4159, #5814, #6879 ) ) REPRESENTATION_CONTEXT ( 'NONE', 'WORKASPACE' ) );
#3433 = LINE ( 'NONE', #579, #6239 ) ;
#3434 = ORIENTED_EDGE ( 'NONE', *, *, #4516, .F. ) ;
#3435 = CARTESIAN_POINT ( 'NONE',  ( -3.599999955935138551, -2.899999912893961085, -7.199999992975165242 ) ) ;
#3436 = B_SPLINE_SURFACE_WITH_KNOTS ( 'NONE', 3, 3, ( 
 ( #758, #4638, #1394, #2473 ),
 ( #898, #1432, #2369, #6752 ),
 ( #1864, #4710, #5756, #6361 ),
 ( #6248, #4061, #1318, #862 ) ),
 .UNSPECIFIED., .F., .F., .F.,
 ( 4, 4 ),
 ( 4, 4 ),
 ( 0.0000000000000000000, 1.000000000000000000 ),
 ( 0.0000000000000000000, 1.000000000000000000 ),
 .UNSPECIFIED. ) ;
#3437 = VECTOR ( 'NONE', #6822, 1000.000000000000000 ) ;
#3438 = CARTESIAN_POINT ( 'NONE',  ( 6.200000000000001066, 7.700000000000000178, 5.200000000000001066 ) ) ;
#3439 = CARTESIAN_POINT ( 'NONE',  ( -2.819077862357730169, 25.00000000000000000, 1.026060429977009969 ) ) ;
#3440 = ORIENTED_EDGE ( 'NONE', *, *, #1201, .T. ) ;
#3441 = VERTEX_POINT ( 'NONE', #4067 ) ;
#3442 = LINE ( 'NONE', #2967, #3611 ) ;
#3443 = VECTOR ( 'NONE', #1969, 1000.000000000000114 ) ;
#3444 = CARTESIAN_POINT ( 'NONE',  ( 2.298133329356929266, 25.00000000000000000, 1.928362829059619532 ) ) ;
#3445 = DIRECTION ( 'NONE',  ( 0.0000000000000000000, 0.0000000000000000000, 1.000000000000000000 ) ) ;
#3446 = DIRECTION ( 'NONE',  ( 0.7071067811865480168, -0.7071067811865470176, 0.0000000000000000000 ) ) ;
#3447 = CARTESIAN_POINT ( 'NONE',  ( -4.099999999999999645, 8.000000000000000000, -5.649999999999999467 ) ) ;
#3448 = EDGE_LOOP ( 'NONE', ( #2076, #7073, #5037, #5454 ) ) ;
#3449 = ORIENTED_EDGE ( 'NONE', *, *, #4256, .T. ) ;
#3450 = EDGE_LOOP ( 'NONE', ( #3693, #293, #2040, #2017 ) ) ;
#3451 = EDGE_CURVE ( 'NONE', #6967, #6136, #5650, .T. ) ;
#3452 = CARTESIAN_POINT ( 'NONE',  ( -0.8045829195440590276, 25.30000000000000071, 2.686853529219519920 ) ) ;
#3453 = CARTESIAN_POINT ( 'NONE',  ( -2.761727742682280162, 25.10000000000000142, 0.6596554111625220207 ) ) ;
#3454 = FACE_OUTER_BOUND ( 'NONE', #5474, .T. ) ;
#3455 = CARTESIAN_POINT ( 'NONE',  ( 8.024409474993989377, -2.172792186019219862, 1.000000102646080080 ) ) ;
#3456 = LINE ( 'NONE', #794, #1574 ) ;
#3457 = LINE ( 'NONE', #5572, #3889 ) ;
#3458 = ADVANCED_FACE ( 'NONE', ( #6222 ), #4534, .T. ) ;
#3459 = ORIENTED_EDGE ( 'NONE', *, *, #3099, .T. ) ;
#3460 = DIRECTION ( 'NONE',  ( 0.0000000000000000000, 2.220446049250310123E-16, -1.000000000000000000 ) ) ;
#3461 = AXIS2_PLACEMENT_3D ( 'NONE', #4800, #5979, #4299 ) ;
#3462 = ORIENTED_EDGE ( 'NONE', *, *, #1424, .F. ) ;
#3463 = PLANE ( 'NONE',  #1639 ) ;
#3464 = LINE ( 'NONE', #3427, #1937 ) ;
#3465 = DIRECTION ( 'NONE',  ( 1.756208373171469421E-08, 0.0000000000000000000, -0.9999999999999997780 ) ) ;
#3466 = CARTESIAN_POINT ( 'NONE',  ( 2.757461708434179926, 18.00000000000000355, -0.4862148974673995983 ) ) ;
#3467 = AXIS2_PLACEMENT_3D ( 'NONE', #2594, #1584, #2121 ) ;
#3468 = EDGE_LOOP ( 'NONE', ( #1436, #2719, #1387, #444, #1831, #3080 ) ) ;
#3469 = CARTESIAN_POINT ( 'NONE',  ( -2.343422432170029879, 25.30000000000000071, 1.541073283884889955 ) ) ;
#3470 = CARTESIAN_POINT ( 'NONE',  ( 2.144924440733139814, 25.30000000000000071, -1.799805307122300135 ) ) ;
#3471 = VERTEX_POINT ( 'NONE', #3997 ) ;
#3472 =( GEOMETRIC_REPRESENTATION_CONTEXT ( 3 ) GLOBAL_UNCERTAINTY_ASSIGNED_CONTEXT ( ( #4593 ) ) GLOBAL_UNIT_ASSIGNED_CONTEXT ( ( #6949, #1495, #4699 ) ) REPRESENTATION_CONTEXT ( 'NONE', 'WORKASPACE' ) );
#3473 = DIRECTION ( 'NONE',  ( 0.5517714909206801188, -0.0000000000000000000, -0.8339953368018132585 ) ) ;
#3474 = CARTESIAN_POINT ( 'NONE',  ( 6.200000000000001066, 0.0000000000000000000, 5.200000000000001066 ) ) ;
#3475 = VECTOR ( 'NONE', #2409, 1000.000000000000000 ) ;
#3476 = ORIENTED_EDGE ( 'NONE', *, *, #1472, .T. ) ;
#3477 = ORIENTED_EDGE ( 'NONE', *, *, #1202, .T. ) ;
#3478 = CARTESIAN_POINT ( 'NONE',  ( -0.4500000000000000666, 4.099999999999999645, 7.499999852478500095 ) ) ;
#3479 = CARTESIAN_POINT ( 'NONE',  ( -4.099999999999999645, 7.700000000000000178, -5.099999999999999645 ) ) ;
#3480 = B_SPLINE_SURFACE_WITH_KNOTS ( 'NONE', 3, 3, ( 
 ( #809, #6157, #5736, #5052 ),
 ( #6801, #6766, #1230, #5664 ),
 ( #772, #4082, #6836, #253 ),
 ( #3439, #5625, #697, #6231 ) ),
 .UNSPECIFIED., .F., .F., .F.,
 ( 4, 4 ),
 ( 4, 4 ),
 ( 0.0000000000000000000, 1.000000000000000000 ),
 ( 0.0000000000000000000, 1.000000000000000000 ),
 .UNSPECIFIED. ) ;
#3481 = AXIS2_PLACEMENT_3D ( 'NONE', #2385, #3510, #6658 ) ;
#3482 = PLANE ( 'NONE',  #3244 ) ;
#3483 = FACE_OUTER_BOUND ( 'NONE', #709, .T. ) ;
#3484 = CARTESIAN_POINT ( 'NONE',  ( -1.959111205433659686, 11.30000000000000249, -3.999999910593031061 ) ) ;
#3485 = ORIENTED_EDGE ( 'NONE', *, *, #2487, .T. ) ;
#3486 = VERTEX_POINT ( 'NONE', #6187 ) ;
#3487 = CARTESIAN_POINT ( 'NONE',  ( -2.144924440733135373, 25.30000000000000071, 1.799805307122322118 ) ) ;
#3488 = AXIS2_PLACEMENT_3D ( 'NONE', #2143, #2182, #3676 ) ;
#3489 = FACE_OUTER_BOUND ( 'NONE', #693, .T. ) ;
#3490 = CARTESIAN_POINT ( 'NONE',  ( -1.319218800437290007, 25.00000000000000000, 2.609097253635729974 ) ) ;
#3491 = FACE_OUTER_BOUND ( 'NONE', #1243, .T. ) ;
#3492 = DIRECTION ( 'NONE',  ( -0.0000000000000000000, 1.000000000000000000, 0.0000000000000000000 ) ) ;
#3493 = DIRECTION ( 'NONE',  ( -0.0000000000000000000, -1.000000000000000000, -2.220446049250310123E-16 ) ) ;
#3494 = CARTESIAN_POINT ( 'NONE',  ( 1.952142215151750015, 25.10000000000000142, 2.061898677917850087 ) ) ;
#3495 = VECTOR ( 'NONE', #3856, 1000.000000000000000 ) ;
#3496 = EDGE_LOOP ( 'NONE', ( #5711, #2684 ) ) ;
#3497 = FACE_OUTER_BOUND ( 'NONE', #2058, .T. ) ;
#3498 = FACE_OUTER_BOUND ( 'NONE', #6563, .T. ) ;
#3499 = ADVANCED_FACE ( 'NONE', ( #3498 ), #1255, .T. ) ;
#3500 = CARTESIAN_POINT ( 'NONE',  ( 0.0000000000000000000, 4.400000000000000355, 7.649999852478499562 ) ) ;
#3501 = FACE_OUTER_BOUND ( 'NONE', #3891, .T. ) ;
#3502 = VECTOR ( 'NONE', #4746, 1000.000000000000000 ) ;
#3503 = VERTEX_POINT ( 'NONE', #762 ) ;
#3504 = EDGE_CURVE ( 'NONE', #2041, #3412, #2953, .T. ) ;
#3505 = DIRECTION ( 'NONE',  ( 0.0000000000000000000, 1.000000000000000000, -0.0000000000000000000 ) ) ;
#3506 = VERTEX_POINT ( 'NONE', #6252 ) ;
#3507 = CARTESIAN_POINT ( 'NONE',  ( -0.4862148974674039836, 25.30000000000000071, 2.757461708434190140 ) ) ;
#3508 = EDGE_CURVE ( 'NONE', #291, #6387, #1821, .T. ) ;
#3509 = EDGE_CURVE ( 'NONE', #1360, #5656, #5509, .T. ) ;
#3510 = DIRECTION ( 'NONE',  ( 0.9999999999999998890, 0.0000000000000000000, 1.756208303782529720E-08 ) ) ;
#3511 = DIRECTION ( 'NONE',  ( 0.0000000000000000000, 0.0000000000000000000, -1.000000000000000000 ) ) ;
#3512 = VERTEX_POINT ( 'NONE', #3751 ) ;
#3513 = VERTEX_POINT ( 'NONE', #1546 ) ;
#3514 = LINE ( 'NONE', #2247, #4411 ) ;
#3515 = EDGE_CURVE ( 'NONE', #978, #6194, #4180, .T. ) ;
#3516 = FILL_AREA_STYLE ('',( #4658 ) ) ;
#3517 = VECTOR ( 'NONE', #910, 1000.000000000000000 ) ;
#3518 = ADVANCED_FACE ( 'NONE', ( #7001 ), #2660, .T. ) ;
#3519 = CARTESIAN_POINT ( 'NONE',  ( -4.000000043426240381, -1.050000000000000044, -6.799999996487580134 ) ) ;
#3520 = DIRECTION ( 'NONE',  ( -0.0000000000000000000, 1.000000000000000000, 2.220446049250310123E-16 ) ) ;
#3521 = ORIENTED_EDGE ( 'NONE', *, *, #2136, .F. ) ;
#3522 = VECTOR ( 'NONE', #6571, 1000.000000000000000 ) ;
#3523 = ORIENTED_EDGE ( 'NONE', *, *, #3770, .F. ) ;
#3524 = ORIENTED_EDGE ( 'NONE', *, *, #188, .F. ) ;
#3525 = CARTESIAN_POINT ( 'NONE',  ( -0.4977914426452000329, 25.19999999999999929, 2.823115558635000077 ) ) ;
#3526 = VECTOR ( 'NONE', #5882, 1000.000000000000000 ) ;
#3527 = CARTESIAN_POINT ( 'NONE',  ( 2.195994070274399856, 25.19999999999999929, -1.842657814434740082 ) ) ;
#3528 = CARTESIAN_POINT ( 'NONE',  ( -1.433333333333330017, 25.19999999999999929, 2.482606157515399925 ) ) ;
#3529 = DIRECTION ( 'NONE',  ( -0.8037388030040977238, 0.0000000000000000000, 0.5949822993548128380 ) ) ;
#3530 = DIRECTION ( 'NONE',  ( 1.061840306997436298E-16, -1.000000000000000000, -1.434399406928704916E-16 ) ) ;
#3531 = FACE_OUTER_BOUND ( 'NONE', #999, .T. ) ;
#3532 = DIRECTION ( 'NONE',  ( 0.0000000000000000000, 0.0000000000000000000, 1.000000000000000000 ) ) ;
#3533 = VECTOR ( 'NONE', #2230, 1000.000000000000000 ) ;
#3534 = VERTEX_POINT ( 'NONE', #4790 ) ;
#3535 = CARTESIAN_POINT ( 'NONE',  ( 1.799805307122310127, 25.00000000000000000, -2.144924440733130044 ) ) ;
#3536 = DIRECTION ( 'NONE',  ( 1.000000000000000000, 0.0000000000000000000, -0.0000000000000000000 ) ) ;
#3537 = DIRECTION ( 'NONE',  ( 0.0000000000000000000, 0.0000000000000000000, -1.000000000000000000 ) ) ;
#3538 = CIRCLE ( 'NONE', #3771, 0.5500000000000001554 ) ;
#3539 = LINE ( 'NONE', #3208, #6391 ) ;
#3540 = ORIENTED_EDGE ( 'NONE', *, *, #4610, .F. ) ;
#3541 = LINE ( 'NONE', #5620, #5117 ) ;
#3542 = ORIENTED_EDGE ( 'NONE', *, *, #178, .T. ) ;
#3543 = CIRCLE ( 'NONE', #548, 0.5500000000000001554 ) ;
#3544 = CARTESIAN_POINT ( 'NONE',  ( 4.399999951145479926, 1.099999526143019990, -7.199999850881950714 ) ) ;
#3545 = CARTESIAN_POINT ( 'NONE',  ( 6.200000000000001066, 7.799999999999999822, -0.9999998973539250269 ) ) ;
#3546 = ADVANCED_FACE ( 'NONE', ( #4289 ), #5936, .T. ) ;
#3547 = LINE ( 'NONE', #252, #1516 ) ;
#3548 = STYLED_ITEM ( 'NONE', ( #1378 ), #2837 ) ;
#3549 = CARTESIAN_POINT ( 'NONE',  ( 2.933333333333330017, 25.10000000000000142, 6.130281467638569752E-15 ) ) ;
#3550 = VERTEX_POINT ( 'NONE', #4753 ) ;
#3551 = EDGE_CURVE ( 'NONE', #1450, #2625, #4218, .T. ) ;
#3552 = ORIENTED_EDGE ( 'NONE', *, *, #430, .T. ) ;
#3553 = LINE ( 'NONE', #6306, #3616 ) ;
#3554 = EDGE_CURVE ( 'NONE', #2985, #4870, #6402, .T. ) ;
#3555 = DIRECTION ( 'NONE',  ( -0.9171391875453943632, -0.0000000000000000000, 0.3985670717314387379 ) ) ;
#3556 = AXIS2_PLACEMENT_3D ( 'NONE', #724, #5685, #3536 ) ;
#3557 = CARTESIAN_POINT ( 'NONE',  ( -1.541073283884879963, 25.30000000000000071, 2.343422432170029879 ) ) ;
#3558 = ADVANCED_FACE ( 'NONE', ( #6366 ), #5497, .F. ) ;
#3559 = CARTESIAN_POINT ( 'NONE',  ( 0.5209445330007922426, 25.00000000000000000, -2.954423259036621285 ) ) ;
#3560 = ORIENTED_EDGE ( 'NONE', *, *, #2921, .F. ) ;
#3561 = EDGE_CURVE ( 'NONE', #6419, #5977, #4466, .T. ) ;
#3562 = VERTEX_POINT ( 'NONE', #313 ) ;
#3563 = ORIENTED_EDGE ( 'NONE', *, *, #6824, .F. ) ;
#3564 = CARTESIAN_POINT ( 'NONE',  ( -2.575425147181570118, 25.30000000000000071, -1.110729883079679903 ) ) ;
#3565 = CARTESIAN_POINT ( 'NONE',  ( -2.745447556050430560, 25.19999999999999929, 0.6531455139749791083 ) ) ;
#3566 = CARTESIAN_POINT ( 'NONE',  ( -4.099999999999999645, 7.700000000000000178, 5.099999999999999645 ) ) ;
#3567 = DIRECTION ( 'NONE',  ( -0.0000000000000000000, -1.000000000000000000, -0.0000000000000000000 ) ) ;
#3568 = DIRECTION ( 'NONE',  ( 0.0000000000000000000, 0.0000000000000000000, 1.000000000000000000 ) ) ;
#3569 = EDGE_CURVE ( 'NONE', #4681, #4203, #6968, .T. ) ;
#3570 = PLANE ( 'NONE',  #141 ) ;
#3571 = EDGE_LOOP ( 'NONE', ( #4347, #5369 ) ) ;
#3572 = CARTESIAN_POINT ( 'NONE',  ( 2.506319829022829904, 25.29999999999999005, -1.258926716115110089 ) ) ;
#3573 = CARTESIAN_POINT ( 'NONE',  ( 2.049999999999999822, -2.500000000000000000, 7.499999852478500095 ) ) ;
#3574 = CARTESIAN_POINT ( 'NONE',  ( -2.757461708434180814, 18.00000000000000355, 0.4862148974674100343 ) ) ;
#3575 = CARTESIAN_POINT ( 'NONE',  ( 2.819077862357719955, 25.00000000000000355, 1.026060429977009969 ) ) ;
#3576 = ORIENTED_EDGE ( 'NONE', *, *, #3323, .F. ) ;
#3577 = DIRECTION ( 'NONE',  ( -1.332507709966289905E-08, 0.0000000000000000000, 0.9999999999999998890 ) ) ;
#3578 = ORIENTED_EDGE ( 'NONE', *, *, #5482, .T. ) ;
#3579 = PLANE ( 'NONE',  #5388 ) ;
#3580 = DIRECTION ( 'NONE',  ( 0.0000000000000000000, 1.000000000000000000, 0.0000000000000000000 ) ) ;
#3581 = AXIS2_PLACEMENT_3D ( 'NONE', #5393, #4954, #42 ) ;
#3582 = DIRECTION ( 'NONE',  ( 1.061840306997434080E-16, 1.000000000000000000, 1.434399406928705902E-16 ) ) ;
#3583 = LINE ( 'NONE', #5849, #3778 ) ;
#3584 = EDGE_LOOP ( 'NONE', ( #3632, #952, #1459, #5053 ) ) ;
#3585 = ORIENTED_EDGE ( 'NONE', *, *, #5693, .F. ) ;
#3586 = PLANE ( 'NONE',  #734 ) ;
#3587 = AXIS2_PLACEMENT_3D ( 'NONE', #905, #5937, #6403 ) ;
#3588 = EDGE_CURVE ( 'NONE', #6695, #5108, #3089, .T. ) ;
#3589 = SURFACE_STYLE_FILL_AREA ( #3038 ) ;
#3590 = VECTOR ( 'NONE', #7021, 1000.000000000000000 ) ;
#3591 = DIRECTION ( 'NONE',  ( 0.0000000000000000000, -2.220446049250310123E-16, 1.000000000000000000 ) ) ;
#3592 = ORIENTED_EDGE ( 'NONE', *, *, #4562, .F. ) ;
#3593 = ORIENTED_EDGE ( 'NONE', *, *, #5036, .T. ) ;
#3594 = ORIENTED_EDGE ( 'NONE', *, *, #3284, .F. ) ;
#3595 = EDGE_CURVE ( 'NONE', #4767, #3007, #429, .T. ) ;
#3596 = EDGE_LOOP ( 'NONE', ( #613, #1111, #3685, #5379 ) ) ;
#3597 = LINE ( 'NONE', #1427, #5044 ) ;
#3598 = EDGE_CURVE ( 'NONE', #3550, #2647, #2520, .T. ) ;
#3599 = DIRECTION ( 'NONE',  ( 0.0000000000000000000, 1.000000000000000000, 0.0000000000000000000 ) ) ;
#3600 = B_SPLINE_CURVE_WITH_KNOTS ( 'NONE', 3,
 ( #1307, #2897, #113, #3945 ),
 .UNSPECIFIED., .F., .F.,
 ( 4, 4 ),
 ( 4.610090873601838277E-18, 0.0004885781678749876030 ),
 .UNSPECIFIED. ) ;
#3601 = DIRECTION ( 'NONE',  ( 0.0000000000000000000, 1.000000000000000000, 0.0000000000000000000 ) ) ;
#3602 = CARTESIAN_POINT ( 'NONE',  ( -2.000000036401410330, -1.050000000000000044, -7.199999961363420020 ) ) ;
#3603 = FACE_OUTER_BOUND ( 'NONE', #4693, .T. ) ;
#3604 = CARTESIAN_POINT ( 'NONE',  ( 2.101423179097909877, 25.10000000000000142, 1.975232471874159845 ) ) ;
#3605 = ORIENTED_EDGE ( 'NONE', *, *, #4912, .F. ) ;
#3606 = DIRECTION ( 'NONE',  ( -0.0000000000000000000, -1.000000000000000000, -0.0000000000000000000 ) ) ;
#3607 = CARTESIAN_POINT ( 'NONE',  ( -4.200000000000000178, 7.700000000000000178, -5.200000000000001066 ) ) ;
#3608 = EDGE_CURVE ( 'NONE', #18, #507, #6896, .T. ) ;
#3609 = FACE_OUTER_BOUND ( 'NONE', #1253, .T. ) ;
#3610 = PLANE ( 'NONE',  #3981 ) ;
#3611 = VECTOR ( 'NONE', #741, 1000.000000000000000 ) ;
#3612 = ORIENTED_EDGE ( 'NONE', *, *, #1833, .T. ) ;
#3613 = CARTESIAN_POINT ( 'NONE',  ( -0.9576564013118730179, 25.00000000000000000, 2.631139338200549904 ) ) ;
#3614 = ORIENTED_EDGE ( 'NONE', *, *, #1623, .F. ) ;
#3615 = LINE ( 'NONE', #4651, #204 ) ;
#3616 = VECTOR ( 'NONE', #4626, 1000.000000000000000 ) ;
#3617 = CARTESIAN_POINT ( 'NONE',  ( -4.200000000000000178, 7.799999999999999822, -6.599999926239251025 ) ) ;
#3618 = LINE ( 'NONE', #4189, #636 ) ;
#3619 = CARTESIAN_POINT ( 'NONE',  ( -8.022792055261529498, -2.172792186019218974, 0.9999999776482579872 ) ) ;
#3620 = DIRECTION ( 'NONE',  ( 0.0000000000000000000, 1.000000000000000000, 0.0000000000000000000 ) ) ;
#3621 = EDGE_LOOP ( 'NONE', ( #2525, #5722, #5573, #3010 ) ) ;
#3622 = PLANE ( 'NONE',  #3283 ) ;
#3623 = ORIENTED_EDGE ( 'NONE', *, *, #4341, .F. ) ;
#3624 = CARTESIAN_POINT ( 'NONE',  ( -0.3999999415661609770, 0.7999995261430199456, -6.599999864931620053 ) ) ;
#3625 = VECTOR ( 'NONE', #7104, 1000.000000000000000 ) ;
#3626 = DIRECTION ( 'NONE',  ( 0.0000000000000000000, 0.0000000000000000000, 1.000000000000000000 ) ) ;
#3627 = CARTESIAN_POINT ( 'NONE',  ( -2.101423179097909877, 25.10000000000000142, -1.975232471874149853 ) ) ;
#3628 = PLANE ( 'NONE',  #5487 ) ;
#3629 = ORIENTED_EDGE ( 'NONE', *, *, #2921, .T. ) ;
#3630 = EDGE_LOOP ( 'NONE', ( #6426, #6604, #5320, #902 ) ) ;
#3631 = ORIENTED_EDGE ( 'NONE', *, *, #3323, .T. ) ;
#3632 = ORIENTED_EDGE ( 'NONE', *, *, #1171, .T. ) ;
#3633 = B_SPLINE_CURVE_WITH_KNOTS ( 'NONE', 3,
 ( #3925, #4936, #6077, #2164 ),
 .UNSPECIFIED., .F., .F.,
 ( 4, 4 ),
 ( 3.794707603699266001E-19, 0.0004885781678749933493 ),
 .UNSPECIFIED. ) ;
#3634 = DIRECTION ( 'NONE',  ( -0.0000000000000000000, -1.000000000000000000, 0.0000000000000000000 ) ) ;
#3635 = DIRECTION ( 'NONE',  ( 0.0000000000000000000, 0.0000000000000000000, 1.000000000000000000 ) ) ;
#3636 = FILL_AREA_STYLE ('',( #4318 ) ) ;
#3637 = LINE ( 'NONE', #382, #4530 ) ;
#3638 = VECTOR ( 'NONE', #4680, 1000.000000000000000 ) ;
#3639 = FACE_OUTER_BOUND ( 'NONE', #4521, .T. ) ;
#3640 = PLANE ( 'NONE',  #6976 ) ;
#3641 = CARTESIAN_POINT ( 'NONE',  ( 2.687675618437289859, 25.00000000000000000, -1.150706953318000103 ) ) ;
#3642 = ADVANCED_FACE ( 'NONE', ( #4890 ), #3345, .T. ) ;
#3643 = EDGE_CURVE ( 'NONE', #3394, #3678, #1657, .T. ) ;
#3644 = ORIENTED_EDGE ( 'NONE', *, *, #835, .F. ) ;
#3645 = CARTESIAN_POINT ( 'NONE',  ( 2.249632869080310016, 25.30000000000000071, -1.675018661464670044 ) ) ;
#3646 = DIRECTION ( 'NONE',  ( -0.0000000000000000000, -1.000000000000000000, 0.0000000000000000000 ) ) ;
#3647 = FACE_OUTER_BOUND ( 'NONE', #2517, .T. ) ;
#3648 = ADVANCED_FACE ( 'NONE', ( #6035 ), #1762, .F. ) ;
#3649 = VECTOR ( 'NONE', #5224, 1000.000000000000114 ) ;
#3650 = ORIENTED_EDGE ( 'NONE', *, *, #6356, .F. ) ;
#3651 = DIRECTION ( 'NONE',  ( 0.0000000000000000000, 0.0000000000000000000, 1.000000000000000000 ) ) ;
#3652 = EDGE_CURVE ( 'NONE', #6191, #4927, #535, .T. ) ;
#3653 = ORIENTED_EDGE ( 'NONE', *, *, #4695, .T. ) ;
#3654 = CARTESIAN_POINT ( 'NONE',  ( -2.049999994656537261, 4.099999999999999645, 6.599999872595070372 ) ) ;
#3655 = CARTESIAN_POINT ( 'NONE',  ( 1.500000000000000000, 18.00000000000000355, 2.598076211353320009 ) ) ;
#3656 = CARTESIAN_POINT ( 'NONE',  ( 6.199999861419200009, -0.8999999798834320552, 1.000000102646080080 ) ) ;
#3657 = DIRECTION ( 'NONE',  ( 1.000000000000000000, 0.0000000000000000000, -0.0000000000000000000 ) ) ;
#3658 = VERTEX_POINT ( 'NONE', #3311 ) ;
#3659 = DIRECTION ( 'NONE',  ( 1.000000000000000000, 0.0000000000000000000, -0.0000000000000000000 ) ) ;
#3660 = ORIENTED_EDGE ( 'NONE', *, *, #5485, .T. ) ;
#3661 = CARTESIAN_POINT ( 'NONE',  ( 2.298133329356930155, 18.00000000000000355, -1.928362829059610206 ) ) ;
#3662 = PLANE ( 'NONE',  #4241 ) ;
#3663 = VECTOR ( 'NONE', #2296, 1000.000000000000000 ) ;
#3664 = CARTESIAN_POINT ( 'NONE',  ( 1.399999999999999911, 25.30000000000000071, 2.424871130596430113 ) ) ;
#3665 = EDGE_LOOP ( 'NONE', ( #5710, #317 ) ) ;
#3666 = VECTOR ( 'NONE', #6201, 1000.000000000000000 ) ;
#3667 = ORIENTED_EDGE ( 'NONE', *, *, #730, .T. ) ;
#3668 = ORIENTED_EDGE ( 'NONE', *, *, #1612, .T. ) ;
#3669 = CARTESIAN_POINT ( 'NONE',  ( 1.799805307122309461, 18.00000000000000355, -2.144924440733128712 ) ) ;
#3670 = DIRECTION ( 'NONE',  ( 0.0000000000000000000, 0.0000000000000000000, -1.000000000000000000 ) ) ;
#3671 = DIRECTION ( 'NONE',  ( -0.0000000000000000000, 1.000000000000000000, 2.220446049250310123E-16 ) ) ;
#3672 = DIRECTION ( 'NONE',  ( 0.4463754028477891489, 0.0000000000000000000, -0.8948457966222302939 ) ) ;
#3673 = AXIS2_PLACEMENT_3D ( 'NONE', #5112, #4611, #6290 ) ;
#3674 = CARTESIAN_POINT ( 'NONE',  ( 2.819077862357723063, 18.00000000000000355, 1.026060429977014410 ) ) ;
#3675 = DIRECTION ( 'NONE',  ( 0.0000000000000000000, -0.0000000000000000000, 1.000000000000000000 ) ) ;
#3676 = DIRECTION ( 'NONE',  ( 0.0000000000000000000, -0.0000000000000000000, 1.000000000000000000 ) ) ;
#3677 = EDGE_CURVE ( 'NONE', #238, #2026, #7109, .T. ) ;
#3678 = VERTEX_POINT ( 'NONE', #1140 ) ;
#3679 = CARTESIAN_POINT ( 'NONE',  ( 2.298133329356930155, 25.00000000000000000, -1.928362829059610206 ) ) ;
#3680 = DIRECTION ( 'NONE',  ( 1.000000000000000000, -0.0000000000000000000, 0.0000000000000000000 ) ) ;
#3681 = EDGE_CURVE ( 'NONE', #2966, #3562, #1045, .T. ) ;
#3682 = DIRECTION ( 'NONE',  ( -0.0000000000000000000, -0.0000000000000000000, -1.000000000000000000 ) ) ;
#3683 = ORIENTED_EDGE ( 'NONE', *, *, #55, .F. ) ;
#3684 = CARTESIAN_POINT ( 'NONE',  ( -5.599999999999999645, 7.700000000000000178, -5.200000000000001066 ) ) ;
#3685 = ORIENTED_EDGE ( 'NONE', *, *, #5660, .T. ) ;
#3686 = EDGE_CURVE ( 'NONE', #4806, #6727, #4928, .T. ) ;
#3687 = DIRECTION ( 'NONE',  ( 0.7071067811865480168, 0.7071067811865470176, -0.0000000000000000000 ) ) ;
#3688 = CARTESIAN_POINT ( 'NONE',  ( -6.199999917384522163, 7.700000000000000178, -1.000000062584878613 ) ) ;
#3689 = EDGE_CURVE ( 'NONE', #2041, #5747, #2194, .T. ) ;
#3690 = DIRECTION ( 'NONE',  ( -0.9999999999999997780, -0.0000000000000000000, -1.756208373171469421E-08 ) ) ;
#3691 = CARTESIAN_POINT ( 'NONE',  ( 2.785748544544360161, 25.30000000000000071, -0.3257922781012509983 ) ) ;
#3692 = CARTESIAN_POINT ( 'NONE',  ( -0.9576564013118730179, 18.00000000000000355, -2.631139338200540134 ) ) ;
#3693 = ORIENTED_EDGE ( 'NONE', *, *, #3677, .F. ) ;
#3694 = ORIENTED_EDGE ( 'NONE', *, *, #6796, .T. ) ;
#3695 = ORIENTED_EDGE ( 'NONE', *, *, #4745, .T. ) ;
#3696 = LINE ( 'NONE', #5277, #6691 ) ;
#3697 = AXIS2_PLACEMENT_3D ( 'NONE', #7029, #2112, #4884 ) ;
#3698 = CARTESIAN_POINT ( 'NONE',  ( 1.799805307122310127, 25.30000000000000071, 2.144924440733139814 ) ) ;
#3699 =( LENGTH_UNIT ( ) NAMED_UNIT ( * ) SI_UNIT ( .MILLI., .METRE. ) );
#3700 = CARTESIAN_POINT ( 'NONE',  ( -1.799805307122310127, 25.30000000000000071, -2.144924440733130044 ) ) ;
#3701 = AXIS2_PLACEMENT_3D ( 'NONE', #2365, #677, #753 ) ;
#3702 = ORIENTED_EDGE ( 'NONE', *, *, #4569, .F. ) ;
#3703 = ORIENTED_EDGE ( 'NONE', *, *, #1489, .F. ) ;
#3704 = ORIENTED_EDGE ( 'NONE', *, *, #2702, .T. ) ;
#3705 = ORIENTED_EDGE ( 'NONE', *, *, #4252, .F. ) ;
#3706 = VECTOR ( 'NONE', #6880, 1000.000000000000000 ) ;
#3707 = FACE_OUTER_BOUND ( 'NONE', #5820, .T. ) ;
#3708 = CARTESIAN_POINT ( 'NONE',  ( -2.761313088571899943, 25.10000000000000142, -0.8322696212631669477 ) ) ;
#3709 = CARTESIAN_POINT ( 'NONE',  ( 2.693785512919599778, 25.19999999999999929, 0.9804577442002571086 ) ) ;
#3710 = CARTESIAN_POINT ( 'NONE',  ( 2.399999960086180106, -2.899999999999999911, -6.999999884090249758 ) ) ;
#3711 = DIRECTION ( 'NONE',  ( 8.869286482002776380E-17, 1.000000000000000000, 4.424260963532012098E-17 ) ) ;
#3712 = AXIS2_PLACEMENT_3D ( 'NONE', #5808, #5232, #1448 ) ;
#3713 = ORIENTED_EDGE ( 'NONE', *, *, #7094, .F. ) ;
#3714 = CARTESIAN_POINT ( 'NONE',  ( 2.343422432170029879, 25.30000000000000071, -1.541073283884879963 ) ) ;
#3715 = DIRECTION ( 'NONE',  ( -0.1134003845412959455, -0.0000000000000000000, -0.9935493710862516314 ) ) ;
#3716 = CARTESIAN_POINT ( 'NONE',  ( 2.050000258861110147, 0.8000000000000000444, 7.649999852478499562 ) ) ;
#3717 = ORIENTED_EDGE ( 'NONE', *, *, #5916, .F. ) ;
#3718 = CARTESIAN_POINT ( 'NONE',  ( -4.199999906122680038, 7.700000000000000178, 6.599999852478499740 ) ) ;
#3719 = B_SPLINE_SURFACE_WITH_KNOTS ( 'NONE', 3, 3, ( 
 ( #6414, #5410, #2128, #6520 ),
 ( #5946, #6450, #1021, #7013 ),
 ( #3762, #3214, #4868, #3797 ),
 ( #7050, #2097, #1485, #3724 ) ),
 .UNSPECIFIED., .F., .F., .F.,
 ( 4, 4 ),
 ( 4, 4 ),
 ( 0.0000000000000000000, 1.000000000000000000 ),
 ( 0.0000000000000000000, 1.000000000000000000 ),
 .UNSPECIFIED. ) ;
#3720 = ORIENTED_EDGE ( 'NONE', *, *, #1669, .F. ) ;
#3721 = EDGE_CURVE ( 'NONE', #5656, #4240, #1652, .T. ) ;
#3722 = CARTESIAN_POINT ( 'NONE',  ( 1.400000000000004130, 25.30000000000000071, -2.424871130596422564 ) ) ;
#3723 = DIRECTION ( 'NONE',  ( -0.0000000000000000000, 1.000000000000000000, 2.220446049250310123E-16 ) ) ;
#3724 = CARTESIAN_POINT ( 'NONE',  ( 1.714505518806289954E-16, 25.30000000000000071, -2.799999999999990052 ) ) ;
#3725 = VECTOR ( 'NONE', #5329, 1000.000000000000227 ) ;
#3726 = ADVANCED_FACE ( 'NONE', ( #4397 ), #1622, .T. ) ;
#3727 = CARTESIAN_POINT ( 'NONE',  ( 0.4500000000000000666, -2.500000000000000000, 7.499999852478500095 ) ) ;
#3728 = ORIENTED_EDGE ( 'NONE', *, *, #5998, .T. ) ;
#3729 = ORIENTED_EDGE ( 'NONE', *, *, #4867, .F. ) ;
#3730 = ORIENTED_EDGE ( 'NONE', *, *, #1052, .T. ) ;
#3731 = CARTESIAN_POINT ( 'NONE',  ( 2.399999995848959955, 1.099999526143019990, -6.599999864931620053 ) ) ;
#3732 = EDGE_CURVE ( 'NONE', #522, #4959, #5502, .T. ) ;
#3733 = ADVANCED_FACE ( 'NONE', ( #3822 ), #568, .T. ) ;
#3734 = VECTOR ( 'NONE', #2885, 1000.000000000000000 ) ;
#3735 = DIRECTION ( 'NONE',  ( -0.2842056156020881241, -2.128882300497940514E-16, 0.9587633535238182514 ) ) ;
#3736 = CARTESIAN_POINT ( 'NONE',  ( -4.099999999999999645, 7.799999999999999822, 4.629175031953969288 ) ) ;
#3737 = VECTOR ( 'NONE', #5290, 1000.000000000000000 ) ;
#3738 = EDGE_CURVE ( 'NONE', #1932, #6444, #3883, .T. ) ;
#3739 = VERTEX_POINT ( 'NONE', #6510 ) ;
#3740 = EDGE_LOOP ( 'NONE', ( #3612, #1088, #2408, #2507, #942, #2453 ) ) ;
#3741 = EDGE_LOOP ( 'NONE', ( #6777, #540, #6364, #776 ) ) ;
#3742 = EDGE_CURVE ( 'NONE', #3562, #101, #1312, .T. ) ;
#3743 = ORIENTED_EDGE ( 'NONE', *, *, #4205, .T. ) ;
#3744 = FACE_OUTER_BOUND ( 'NONE', #1773, .T. ) ;
#3745 = DIRECTION ( 'NONE',  ( 0.0000000000000000000, 1.000000000000000000, 0.0000000000000000000 ) ) ;
#3746 = CARTESIAN_POINT ( 'NONE',  ( 2.298133329356930155, 18.00000000000000355, -1.928362829059610206 ) ) ;
#3747 = PRESENTATION_STYLE_ASSIGNMENT (( #5930 ) ) ;
#3748 =( NAMED_UNIT ( * ) SI_UNIT ( $, .STERADIAN. ) SOLID_ANGLE_UNIT ( ) );
#3749 = DIRECTION ( 'NONE',  ( 0.0000000000000000000, -0.0000000000000000000, 1.000000000000000000 ) ) ;
#3750 = ORIENTED_EDGE ( 'NONE', *, *, #6209, .T. ) ;
#3751 = CARTESIAN_POINT ( 'NONE',  ( 6.750000000000000000, -0.8999999899417158167, 1.000000102646080080 ) ) ;
#3752 = VECTOR ( 'NONE', #4526, 1000.000000000000000 ) ;
#3753 = PLANE ( 'NONE',  #3587 ) ;
#3754 = CARTESIAN_POINT ( 'NONE',  ( -1.959111205433663017, 11.29999999999999893, 3.999999910593031949 ) ) ;
#3755 = CARTESIAN_POINT ( 'NONE',  ( 6.200000000000001066, 0.0000000000000000000, -7.376074639964259818E-08 ) ) ;
#3756 = VERTEX_POINT ( 'NONE', #2434 ) ;
#3757 = AXIS2_PLACEMENT_3D ( 'NONE', #1429, #1072, #4487 ) ;
#3758 = ORIENTED_EDGE ( 'NONE', *, *, #906, .F. ) ;
#3759 = CARTESIAN_POINT ( 'NONE',  ( -0.9576564013118743501, 25.30000000000000071, -2.631139338200540134 ) ) ;
#3760 = DIRECTION ( 'NONE',  ( -0.0000000000000000000, -1.000000000000000000, -2.220446049250310123E-16 ) ) ;
#3761 = AXIS2_PLACEMENT_3D ( 'NONE', #3419, #2736, #2197 ) ;
#3762 = CARTESIAN_POINT ( 'NONE',  ( -0.1736481776669289989, 25.00000000000000000, -2.851474419678869943 ) ) ;
#3763 = DIRECTION ( 'NONE',  ( -0.0000000000000000000, -1.000000000000000000, -0.0000000000000000000 ) ) ;
#3764 = VERTEX_POINT ( 'NONE', #3952 ) ;
#3765 = ORIENTED_EDGE ( 'NONE', *, *, #6181, .F. ) ;
#3766 = ORIENTED_EDGE ( 'NONE', *, *, #3067, .T. ) ;
#3767 = EDGE_CURVE ( 'NONE', #5490, #1532, #5283, .T. ) ;
#3768 = DIRECTION ( 'NONE',  ( -1.000000000000000000, 0.0000000000000000000, -0.0000000000000000000 ) ) ;
#3769 = CARTESIAN_POINT ( 'NONE',  ( 1.399999999999999911, 25.30000000000000071, -2.424871130596419899 ) ) ;
#3770 = EDGE_CURVE ( 'NONE', #7, #5431, #6812, .T. ) ;
#3771 = AXIS2_PLACEMENT_3D ( 'NONE', #5488, #554, #6595 ) ;
#3772 = CARTESIAN_POINT ( 'NONE',  ( -2.221528885045036539, 25.14999999999999858, 1.864084068090970048 ) ) ;
#3773 = ADVANCED_FACE ( 'NONE', ( #5176 ), #1893, .T. ) ;
#3774 = VERTEX_POINT ( 'NONE', #6281 ) ;
#3775 = ORIENTED_EDGE ( 'NONE', *, *, #3099, .F. ) ;
#3776 = ORIENTED_EDGE ( 'NONE', *, *, #778, .T. ) ;
#3777 = PLANE ( 'NONE',  #3248 ) ;
#3778 = VECTOR ( 'NONE', #5772, 1000.000000000000114 ) ;
#3779 = EDGE_CURVE ( 'NONE', #4475, #1182, #967, .T. ) ;
#3780 = FACE_OUTER_BOUND ( 'NONE', #3161, .T. ) ;
#3781 = CARTESIAN_POINT ( 'NONE',  ( 2.424871130596430113, 25.19999999999999929, 1.400000000000009903 ) ) ;
#3782 = CYLINDRICAL_SURFACE ( 'NONE', #6129, 0.5500000000000001554 ) ;
#3783 = LINE ( 'NONE', #5968, #5140 ) ;
#3784 = EDGE_CURVE ( 'NONE', #5263, #5205, #196, .T. ) ;
#3785 = CARTESIAN_POINT ( 'NONE',  ( 0.0000000000000000000, 14.80000000000000071, 3.000000000000001776 ) ) ;
#3786 = MECHANICAL_DESIGN_GEOMETRIC_PRESENTATION_REPRESENTATION (  '', ( #1348 ), #3432 ) ;
#3787 = ORIENTED_EDGE ( 'NONE', *, *, #195, .T. ) ;
#3788 = CARTESIAN_POINT ( 'NONE',  ( 1.110729883079680569, 25.30000000000000071, 2.575425147181570118 ) ) ;
#3789 = VECTOR ( 'NONE', #5072, 1000.000000000000000 ) ;
#3790 = LINE ( 'NONE', #6969, #1507 ) ;
#3791 = DIRECTION ( 'NONE',  ( 6.929039729652849138E-08, -0.0000000000000000000, 0.9999999999999975575 ) ) ;
#3792 = LINE ( 'NONE', #4255, #2825 ) ;
#3793 = EDGE_LOOP ( 'NONE', ( #6108, #6884 ) ) ;
#3794 = CIRCLE ( 'NONE', #915, 0.4708249680460303566 ) ;
#3795 = ORIENTED_EDGE ( 'NONE', *, *, #1419, .T. ) ;
#3796 = DIRECTION ( 'NONE',  ( 0.0000000000000000000, 0.0000000000000000000, 1.000000000000000000 ) ) ;
#3797 = CARTESIAN_POINT ( 'NONE',  ( -0.1628973968528039939, 25.30000000000000071, -2.799999999999990052 ) ) ;
#3798 = LINE ( 'NONE', #478, #4682 ) ;
#3799 = VERTEX_POINT ( 'NONE', #5062 ) ;
#3800 = CARTESIAN_POINT ( 'NONE',  ( 0.5209445330007910213, 25.00000000000000000, 2.954423259036630167 ) ) ;
#3801 = CARTESIAN_POINT ( 'NONE',  ( -0.4500000000000000666, 4.099999999999999645, 6.599999852478499740 ) ) ;
#3802 = DIRECTION ( 'NONE',  ( -0.0000000000000000000, -1.000000000000000000, -0.0000000000000000000 ) ) ;
#3803 = CARTESIAN_POINT ( 'NONE',  ( 4.200000000000000178, 7.799999999999999822, 4.729175031953969821 ) ) ;
#3804 = DIRECTION ( 'NONE',  ( 1.000000000000000000, -0.0000000000000000000, 0.0000000000000000000 ) ) ;
#3805 = VERTEX_POINT ( 'NONE', #3487 ) ;
#3806 = ORIENTED_EDGE ( 'NONE', *, *, #4791, .F. ) ;
#3807 = CARTESIAN_POINT ( 'NONE',  ( 2.650261147678680373, 25.10000000000000142, -1.137382321253890272 ) ) ;
#3808 = VERTEX_POINT ( 'NONE', #6779 ) ;
#3809 = ORIENTED_EDGE ( 'NONE', *, *, #149, .F. ) ;
#3810 = CARTESIAN_POINT ( 'NONE',  ( -2.424871130596430113, 25.30000000000000071, -1.399999999999995026 ) ) ;
#3811 = ADVANCED_FACE ( 'NONE', ( #120 ), #1589, .F. ) ;
#3812 = FACE_OUTER_BOUND ( 'NONE', #5884, .T. ) ;
#3813 = CARTESIAN_POINT ( 'NONE',  ( 0.0000000000000000000, 18.00000000000000355, 2.264854970235319974E-15 ) ) ;
#3814 = CARTESIAN_POINT ( 'NONE',  ( 0.4977914426452000329, 25.19999999999999929, -2.823115558634989863 ) ) ;
#3815 = VECTOR ( 'NONE', #5005, 1000.000000000000000 ) ;
#3816 = EDGE_CURVE ( 'NONE', #6142, #3192, #4524, .T. ) ;
#3817 = FACE_OUTER_BOUND ( 'NONE', #4631, .T. ) ;
#3818 = ADVANCED_FACE ( 'NONE', ( #4056 ), #157, .T. ) ;
#3819 = VECTOR ( 'NONE', #2260, 1000.000000000000000 ) ;
#3820 = ORIENTED_EDGE ( 'NONE', *, *, #1691, .F. ) ;
#3821 = EDGE_CURVE ( 'NONE', #3211, #805, #1283, .T. ) ;
#3822 = FACE_OUTER_BOUND ( 'NONE', #6724, .T. ) ;
#3823 = LINE ( 'NONE', #4366, #3119 ) ;
#3824 = FACE_OUTER_BOUND ( 'NONE', #3375, .T. ) ;
#3825 = CARTESIAN_POINT ( 'NONE',  ( 0.3329600436169680155, 25.19999999999999929, -2.824812742722509817 ) ) ;
#3826 = MECHANICAL_DESIGN_GEOMETRIC_PRESENTATION_REPRESENTATION (  '', ( #2663 ), #3472 ) ;
#3827 = VERTEX_POINT ( 'NONE', #3986 ) ;
#3828 = EDGE_LOOP ( 'NONE', ( #2940, #2829, #6617, #5692 ) ) ;
#3829 = ADVANCED_FACE ( 'NONE', ( #789 ), #6173, .T. ) ;
#3830 = AXIS2_PLACEMENT_3D ( 'NONE', #4586, #1990, #3107 ) ;
#3831 = CARTESIAN_POINT ( 'NONE',  ( 3.999999963598539932, -2.899999526143020923, -7.199999855990919961 ) ) ;
#3832 = LINE ( 'NONE', #5651, #4843 ) ;
#3833 = DIRECTION ( 'NONE',  ( -0.1134003845412969308, 0.0000000000000000000, -0.9935493710862515204 ) ) ;
#3834 = ORIENTED_EDGE ( 'NONE', *, *, #4294, .F. ) ;
#3835 = FACE_OUTER_BOUND ( 'NONE', #1406, .T. ) ;
#3836 = CARTESIAN_POINT ( 'NONE',  ( 4.399999960086120154, -2.899999526143020034, -6.999999848966090177 ) ) ;
#3837 = CARTESIAN_POINT ( 'NONE',  ( 1.110729883079689895, 25.30000000000000071, -2.575425147181559904 ) ) ;
#3838 = DIRECTION ( 'NONE',  ( -0.9999999999999997780, 0.0000000000000000000, -1.756208303782529389E-08 ) ) ;
#3839 = ORIENTED_EDGE ( 'NONE', *, *, #2391, .F. ) ;
#3840 = ORIENTED_EDGE ( 'NONE', *, *, #3909, .F. ) ;
#3841 = CARTESIAN_POINT ( 'NONE',  ( -0.9576564013118740171, 25.30000000000000071, -2.631139338200540134 ) ) ;
#3842 = VECTOR ( 'NONE', #4873, 1000.000000000000000 ) ;
#3843 = CARTESIAN_POINT ( 'NONE',  ( 2.757461708434179926, 25.30000000000000071, -0.4862148974673989876 ) ) ;
#3844 = CYLINDRICAL_SURFACE ( 'NONE', #3581, 1.399999852478510443 ) ;
#3845 = CIRCLE ( 'NONE', #3037, 3.000000000000000000 ) ;
#3846 = FILL_AREA_STYLE ('',( #5560 ) ) ;
#3847 = SURFACE_SIDE_STYLE ('',( #629 ) ) ;
#3848 = CARTESIAN_POINT ( 'NONE',  ( 2.687675618437289859, 25.00000000000000000, 1.150706953318010095 ) ) ;
#3849 = DIRECTION ( 'NONE',  ( 0.0000000000000000000, 1.000000000000000000, 2.220446049250310123E-16 ) ) ;
#3850 = VERTEX_POINT ( 'NONE', #6747 ) ;
#3851 = AXIS2_PLACEMENT_3D ( 'NONE', #2048, #5753, #4136 ) ;
#3852 = ORIENTED_EDGE ( 'NONE', *, *, #3770, .T. ) ;
#3853 = ADVANCED_FACE ( 'NONE', ( #2941 ), #5141, .T. ) ;
#3854 = CARTESIAN_POINT ( 'NONE',  ( -2.424871130596430113, 25.10000000000000142, -1.399999999999999911 ) ) ;
#3855 = LINE ( 'NONE', #53, #3819 ) ;
#3856 = DIRECTION ( 'NONE',  ( 1.000000000000000000, 0.0000000000000000000, 0.0000000000000000000 ) ) ;
#3857 = ADVANCED_FACE ( 'NONE', ( #1390 ), #968, .F. ) ;
#3858 = EDGE_CURVE ( 'NONE', #912, #6637, #3597, .T. ) ;
#3859 = ORIENTED_EDGE ( 'NONE', *, *, #6042, .F. ) ;
#3860 = ORIENTED_EDGE ( 'NONE', *, *, #1052, .F. ) ;
#3861 = CLOSED_SHELL ( 'NONE', ( #2800, #5092, #4598, #6225, #5225, #4775, #97, #4345, #604, #3903, #3773, #6830, #4077, #6307, #1174, #2785, #5874, #3409, #323, #2184, #1373, #3152, #3458, #4080, #642, #1044, #3499, #3726, #4175, #4476, #5622, #6567, #1242, #2699, #2222, #555, #4995, #1998, #3853, #5784, #5737, #4030, #6758 ) ) ;
#3862 = FACE_BOUND ( 'NONE', #3793, .T. ) ;
#3863 = CARTESIAN_POINT ( 'NONE',  ( -1.580315946745729949, 25.10000000000000142, -2.412493358344669936 ) ) ;
#3864 = LINE ( 'NONE', #575, #996 ) ;
#3865 = VECTOR ( 'NONE', #1783, 1000.000000000000000 ) ;
#3866 = EDGE_CURVE ( 'NONE', #6206, #2246, #5323, .T. ) ;
#3867 = ORIENTED_EDGE ( 'NONE', *, *, #4037, .T. ) ;
#3868 = CYLINDRICAL_SURFACE ( 'NONE', #632, 0.4708249680460303566 ) ;
#3869 = CARTESIAN_POINT ( 'NONE',  ( -2.693785512919599778, 25.19999999999999929, -0.9804577442002460064 ) ) ;
#3870 = CARTESIAN_POINT ( 'NONE',  ( -6.199999861419200009, 7.700000000000001066, -5.200000000000001066 ) ) ;
#3871 = VECTOR ( 'NONE', #1839, 1000.000000000000000 ) ;
#3872 = DIRECTION ( 'NONE',  ( -0.0000000000000000000, -1.000000000000000000, 0.0000000000000000000 ) ) ;
#3873 = CARTESIAN_POINT ( 'NONE',  ( -0.3999999415661609770, 1.099999526143019990, -6.599999864931620053 ) ) ;
#3874 = EDGE_LOOP ( 'NONE', ( #2450, #3839, #6220, #3957, #6645, #4831 ) ) ;
#3875 = AXIS2_PLACEMENT_3D ( 'NONE', #4128, #5096, #2321 ) ;
#3876 = ORIENTED_EDGE ( 'NONE', *, *, #2491, .F. ) ;
#3877 = CARTESIAN_POINT ( 'NONE',  ( -2.049999978626150021, 4.099999999999999645, 6.599999872595070372 ) ) ;
#3878 = PRESENTATION_STYLE_ASSIGNMENT (( #2822 ) ) ;
#3879 = DIRECTION ( 'NONE',  ( 0.0000000000000000000, 1.000000000000000000, 0.0000000000000000000 ) ) ;
#3880 = CARTESIAN_POINT ( 'NONE',  ( 2.298133329356930155, 25.00000000000000000, 1.928362829059620198 ) ) ;
#3881 = SURFACE_STYLE_USAGE ( .BOTH. , #3847 ) ;
#3882 = ORIENTED_EDGE ( 'NONE', *, *, #859, .F. ) ;
#3883 = B_SPLINE_CURVE_WITH_KNOTS ( 'NONE', 3,
 ( #4962, #1583, #6577, #3276 ),
 .UNSPECIFIED., .F., .F.,
 ( 4, 4 ),
 ( 5.963111948670274387E-19, 0.0004885781678749911809 ),
 .UNSPECIFIED. ) ;
#3884 = VECTOR ( 'NONE', #1358, 1000.000000000000000 ) ;
#3885 = ORIENTED_EDGE ( 'NONE', *, *, #3104, .F. ) ;
#3886 = CARTESIAN_POINT ( 'NONE',  ( -2.340379263103430141, 25.00000000000000000, -1.752241886039739960 ) ) ;
#3887 = CARTESIAN_POINT ( 'NONE',  ( 2.399999981120760850, 0.7999999407678783925, -6.799999884090250468 ) ) ;
#3888 = CARTESIAN_POINT ( 'NONE',  ( 9.020562075079400835E-16, 18.00000000000000355, -2.799999999999999822 ) ) ;
#3889 = VECTOR ( 'NONE', #3763, 1000.000000000000000 ) ;
#3890 = ORIENTED_EDGE ( 'NONE', *, *, #6140, .T. ) ;
#3891 = EDGE_LOOP ( 'NONE', ( #6680, #5989 ) ) ;
#3892 = CARTESIAN_POINT ( 'NONE',  ( -2.499999978626150199, 4.400000000000000355, 7.124999866099100743 ) ) ;
#3893 = EDGE_CURVE ( 'NONE', #6354, #2966, #2584, .T. ) ;
#3894 = ADVANCED_FACE ( 'NONE', ( #2509 ), #2618, .T. ) ;
#3895 = DIRECTION ( 'NONE',  ( -0.0000000000000000000, -1.000000000000000000, -0.0000000000000000000 ) ) ;
#3896 = CARTESIAN_POINT ( 'NONE',  ( -1.959111205433660130, 14.80000000000000071, -3.999999910593030616 ) ) ;
#3897 = VECTOR ( 'NONE', #1473, 1000.000000000000000 ) ;
#3898 = ORIENTED_EDGE ( 'NONE', *, *, #1171, .F. ) ;
#3899 = CARTESIAN_POINT ( 'NONE',  ( -2.757461708434179926, 25.30000000000000071, -0.4862148974674039836 ) ) ;
#3900 = DIRECTION ( 'NONE',  ( 0.0000000000000000000, 0.0000000000000000000, -1.000000000000000000 ) ) ;
#3901 = ADVANCED_FACE ( 'NONE', ( #2468 ), #4666, .T. ) ;
#3902 = DIRECTION ( 'NONE',  ( -0.2332523937523060531, 0.0000000000000000000, -0.9724162281702312116 ) ) ;
#3903 = ADVANCED_FACE ( 'NONE', ( #3707 ), #4778, .T. ) ;
#3904 = CARTESIAN_POINT ( 'NONE',  ( 1.500000000000000000, 18.00000000000000355, 2.598076211353320009 ) ) ;
#3905 = LINE ( 'NONE', #6085, #3186 ) ;
#3906 = ORIENTED_EDGE ( 'NONE', *, *, #427, .T. ) ;
#3907 = ORIENTED_EDGE ( 'NONE', *, *, #20, .T. ) ;
#3908 = CARTESIAN_POINT ( 'NONE',  ( -1.499999999999998224, 18.00000000000000355, 2.598076211353319120 ) ) ;
#3909 = EDGE_CURVE ( 'NONE', #4280, #1441, #3794, .T. ) ;
#3910 = CARTESIAN_POINT ( 'NONE',  ( 0.9576564013118720187, 18.00000000000000355, 2.631139338200549904 ) ) ;
#3911 = DIRECTION ( 'NONE',  ( -0.0000000000000000000, -1.000000000000000000, -0.0000000000000000000 ) ) ;
#3912 = CARTESIAN_POINT ( 'NONE',  ( 1.959111205433669900, 14.80000000000000071, -3.999999910593030616 ) ) ;
#3913 = CARTESIAN_POINT ( 'NONE',  ( 2.819077862357719955, 25.00000000000000000, 1.026060429977009969 ) ) ;
#3914 = EDGE_LOOP ( 'NONE', ( #5265, #2605, #2232, #3644 ) ) ;
#3915 = ORIENTED_EDGE ( 'NONE', *, *, #2016, .F. ) ;
#3916 = CIRCLE ( 'NONE', #2193, 0.5500000000000001554 ) ;
#3917 = CARTESIAN_POINT ( 'NONE',  ( -4.342624135289520284E-08, -2.900000000000000799, -6.799999926239250314 ) ) ;
#3918 = DIRECTION ( 'NONE',  ( 0.0000000000000000000, 0.0000000000000000000, 1.000000000000000000 ) ) ;
#3919 = CARTESIAN_POINT ( 'NONE',  ( -1.500000000000000222, 18.00000000000000355, -2.598076211353313347 ) ) ;
#3920 = DIRECTION ( 'NONE',  ( -1.000000000000000000, 0.0000000000000000000, 0.0000000000000000000 ) ) ;
#3921 = PLANE ( 'NONE',  #6411 ) ;
#3922 = ORIENTED_EDGE ( 'NONE', *, *, #1924, .F. ) ;
#3923 = VECTOR ( 'NONE', #3680, 1000.000000000000000 ) ;
#3924 = ORIENTED_EDGE ( 'NONE', *, *, #6748, .T. ) ;
#3925 = CARTESIAN_POINT ( 'NONE',  ( 2.757461708434179926, 25.30000000000000071, 0.4862148974674115887 ) ) ;
#3926 = CARTESIAN_POINT ( 'NONE',  ( -1.799805307122310127, 25.19999999999999929, -2.144924440733130044 ) ) ;
#3927 = VECTOR ( 'NONE', #3872, 1000.000000000000000 ) ;
#3928 = LINE ( 'NONE', #5043, #411 ) ;
#3929 = VERTEX_POINT ( 'NONE', #6466 ) ;
#3930 = CARTESIAN_POINT ( 'NONE',  ( -4.099999999999999645, 7.700000000000000178, 5.099999999999999645 ) ) ;
#3931 = PLANE ( 'NONE',  #3268 ) ;
#3932 = EDGE_CURVE ( 'NONE', #3334, #1719, #305, .T. ) ;
#3933 = VECTOR ( 'NONE', #3473, 1000.000000000000000 ) ;
#3934 = ORIENTED_EDGE ( 'NONE', *, *, #2348, .F. ) ;
#3935 = EDGE_CURVE ( 'NONE', #890, #3850, #1501, .T. ) ;
#3936 = LINE ( 'NONE', #6156, #6791 ) ;
#3937 = LINE ( 'NONE', #2680, #4109 ) ;
#3938 = ORIENTED_EDGE ( 'NONE', *, *, #6186, .F. ) ;
#3939 = EDGE_CURVE ( 'NONE', #2041, #4882, #4207, .T. ) ;
#3940 = ORIENTED_EDGE ( 'NONE', *, *, #1691, .T. ) ;
#3941 = LINE ( 'NONE', #1197, #607 ) ;
#3942 = EDGE_CURVE ( 'NONE', #4679, #1931, #4170, .T. ) ;
#3943 =( NAMED_UNIT ( * ) PLANE_ANGLE_UNIT ( ) SI_UNIT ( $, .RADIAN. ) );
#3944 = PLANE ( 'NONE',  #4271 ) ;
#3945 = CARTESIAN_POINT ( 'NONE',  ( -1.799805307122310127, 25.30000000000000071, 2.144924440733139814 ) ) ;
#3946 = DIRECTION ( 'NONE',  ( 0.0000000000000000000, -1.000000000000000000, 0.0000000000000000000 ) ) ;
#3947 = EDGE_CURVE ( 'NONE', #5895, #4806, #6958, .T. ) ;
#3948 = LINE ( 'NONE', #6132, #5940 ) ;
#3949 = ORIENTED_EDGE ( 'NONE', *, *, #4217, .F. ) ;
#3950 = EDGE_CURVE ( 'NONE', #2985, #6354, #6923, .T. ) ;
#3951 = ORIENTED_EDGE ( 'NONE', *, *, #1444, .F. ) ;
#3952 = CARTESIAN_POINT ( 'NONE',  ( 6.200000000000001066, 7.700000000000000178, 1.000000102646080080 ) ) ;
#3953 = LINE ( 'NONE', #4997, #6899 ) ;
#3954 = DIRECTION ( 'NONE',  ( 0.0000000000000000000, 1.000000000000000000, 0.0000000000000000000 ) ) ;
#3955 = CARTESIAN_POINT ( 'NONE',  ( 2.424871130596430113, 25.30000000000000071, -1.399999999999989919 ) ) ;
#3956 = LINE ( 'NONE', #1725, #2735 ) ;
#3957 = ORIENTED_EDGE ( 'NONE', *, *, #955, .F. ) ;
#3958 = ORIENTED_EDGE ( 'NONE', *, *, #2574, .T. ) ;
#3959 = CARTESIAN_POINT ( 'NONE',  ( 1.799805307122310127, 25.19999999999999929, -2.144924440733130044 ) ) ;
#3960 = CARTESIAN_POINT ( 'NONE',  ( -0.4500000000000000666, 4.099999999999999645, 7.499999852478500095 ) ) ;
#3961 = LINE ( 'NONE', #1220, #344 ) ;
#3962 = CARTESIAN_POINT ( 'NONE',  ( -2.950000000000000178, 4.099999999999999645, 7.499999852478500095 ) ) ;
#3963 = ORIENTED_EDGE ( 'NONE', *, *, #2971, .T. ) ;
#3964 = DIRECTION ( 'NONE',  ( 1.000000000000000000, -0.0000000000000000000, 0.0000000000000000000 ) ) ;
#3965 = DIRECTION ( 'NONE',  ( 1.000000000000000000, 0.0000000000000000000, -0.0000000000000000000 ) ) ;
#3966 = ORIENTED_EDGE ( 'NONE', *, *, #516, .F. ) ;
#3967 = LINE ( 'NONE', #6116, #4926 ) ;
#3968 = CLOSED_SHELL ( 'NONE', ( #91, #155, #3413, #3296, #5084, #3733, #5028, #4297 ) ) ;
#3969 = DIRECTION ( 'NONE',  ( 0.7071067811865480168, -0.7071067811865470176, 0.0000000000000000000 ) ) ;
#3970 = CARTESIAN_POINT ( 'NONE',  ( 2.757461708434179926, 25.10000000000000142, -0.4862148974673989876 ) ) ;
#3971 = VERTEX_POINT ( 'NONE', #3669 ) ;
#3972 = ORIENTED_EDGE ( 'NONE', *, *, #3509, .F. ) ;
#3973 = CARTESIAN_POINT ( 'NONE',  ( -7.358883331755659896, -2.058883450219890499, 0.9999999932729857210 ) ) ;
#3974 = EDGE_CURVE ( 'NONE', #6744, #2596, #3094, .T. ) ;
#3975 = CIRCLE ( 'NONE', #879, 4.453999999999999737 ) ;
#3976 = CARTESIAN_POINT ( 'NONE',  ( 2.745447556050419902, 25.19999999999999929, -0.6531455139749680061 ) ) ;
#3977 = EDGE_CURVE ( 'NONE', #6027, #5553, #4244, .T. ) ;
#3978 = ADVANCED_FACE ( 'NONE', ( #7066 ), #6600, .T. ) ;
#3979 = CARTESIAN_POINT ( 'NONE',  ( 2.757461708434179926, 18.00000000000000355, -0.4862148974674010415 ) ) ;
#3980 = DIRECTION ( 'NONE',  ( 0.8037388030040969467, 0.0000000000000000000, 0.5949822993548139483 ) ) ;
#3981 = AXIS2_PLACEMENT_3D ( 'NONE', #1872, #838, #5262 ) ;
#3982 = CARTESIAN_POINT ( 'NONE',  ( -2.424871130596431446, 25.00000000000000355, 1.400000000000006795 ) ) ;
#3983 = ORIENTED_EDGE ( 'NONE', *, *, #3104, .T. ) ;
#3984 = ORIENTED_EDGE ( 'NONE', *, *, #3284, .T. ) ;
#3985 = ORIENTED_EDGE ( 'NONE', *, *, #3858, .F. ) ;
#3986 = CARTESIAN_POINT ( 'NONE',  ( 6.199999980255961773, -0.9000000197440386485, -0.9999998973539252489 ) ) ;
#3987 = ADVANCED_FACE ( 'NONE', ( #5961 ), #1070, .T. ) ;
#3988 = CARTESIAN_POINT ( 'NONE',  ( -2.761313088571899943, 25.10000000000000142, 0.8322696212631750523 ) ) ;
#3989 = CARTESIAN_POINT ( 'NONE',  ( -0.9576564013118730179, 25.10000000000000142, 2.631139338200549904 ) ) ;
#3990 = LINE ( 'NONE', #1430, #151 ) ;
#3991 = FACE_OUTER_BOUND ( 'NONE', #6697, .T. ) ;
#3992 = CARTESIAN_POINT ( 'NONE',  ( -0.3999999415661609770, 0.7999995261430199456, -6.599999864931620053 ) ) ;
#3993 = VECTOR ( 'NONE', #1954, 1000.000000000000000 ) ;
#3994 = VERTEX_POINT ( 'NONE', #527 ) ;
#3995 = EDGE_LOOP ( 'NONE', ( #1588, #5858, #5507, #6349 ) ) ;
#3996 = FACE_OUTER_BOUND ( 'NONE', #6098, .T. ) ;
#3997 = CARTESIAN_POINT ( 'NONE',  ( -4.099999999999999645, 8.000000000000000000, 4.629175031953969288 ) ) ;
#3998 = VECTOR ( 'NONE', #3253, 1000.000000000000000 ) ;
#3999 = EDGE_CURVE ( 'NONE', #4178, #4767, #3195, .T. ) ;
#4000 = CARTESIAN_POINT ( 'NONE',  ( 2.424871130596430113, 25.14999999999999858, 1.400000000000009903 ) ) ;
#4001 = CYLINDRICAL_SURFACE ( 'NONE', #6729, 3.000000000000000000 ) ;
#4002 = ORIENTED_EDGE ( 'NONE', *, *, #992, .F. ) ;
#4003 = CARTESIAN_POINT ( 'NONE',  ( -2.340379263103430141, 25.00000000000000000, 1.752241886039749952 ) ) ;
#4004 = FACE_OUTER_BOUND ( 'NONE', #2630, .T. ) ;
#4005 = ORIENTED_EDGE ( 'NONE', *, *, #3426, .F. ) ;
#4006 = DIRECTION ( 'NONE',  ( -1.756208373171469421E-08, 0.0000000000000000000, 0.9999999999999997780 ) ) ;
#4007 = VECTOR ( 'NONE', #1837, 1000.000000000000000 ) ;
#4008 = CARTESIAN_POINT ( 'NONE',  ( -4.099999999999999645, 7.799999999999999822, -5.649999999999999467 ) ) ;
#4009 = DIRECTION ( 'NONE',  ( -0.0000000000000000000, -1.000000000000000000, -0.0000000000000000000 ) ) ;
#4010 = EDGE_LOOP ( 'NONE', ( #3840, #1531, #2840, #5293 ) ) ;
#4011 = EDGE_LOOP ( 'NONE', ( #3072, #3594, #3809, #4239 ) ) ;
#4012 = CARTESIAN_POINT ( 'NONE',  ( 4.659766618744310738E-16, 25.14999999999999858, 2.800000000000010036 ) ) ;
#4013 = B_SPLINE_CURVE_WITH_KNOTS ( 'NONE', 3,
 ( #348, #5292, #2784, #6362 ),
 .UNSPECIFIED., .F., .F.,
 ( 4, 4 ),
 ( 5.963111948670274387E-19, 0.0004885781678749905304 ),
 .UNSPECIFIED. ) ;
#4014 = VECTOR ( 'NONE', #3416, 1000.000000000000000 ) ;
#4015 = DIRECTION ( 'NONE',  ( -0.9999999999999997780, 0.0000000000000000000, -1.756208306888519797E-08 ) ) ;
#4016 = CARTESIAN_POINT ( 'NONE',  ( 0.0000000000000000000, 0.0000000000000000000, -6.599999852478499740 ) ) ;
#4017 = CARTESIAN_POINT ( 'NONE',  ( -6.148959085117179590, -3.268807696858369916, 1.000000102646080080 ) ) ;
#4018 = APPLICATION_PROTOCOL_DEFINITION ( 'draft international standard', 'automotive_design', 1998, #3141 ) ;
#4019 = DIRECTION ( 'NONE',  ( -0.0000000000000000000, -1.000000000000000000, -2.220446049250310123E-16 ) ) ;
#4020 = ORIENTED_EDGE ( 'NONE', *, *, #3236, .T. ) ;
#4021 = EDGE_LOOP ( 'NONE', ( #6535, #3356, #262, #3683 ) ) ;
#4022 = DIRECTION ( 'NONE',  ( -0.9724162281702312116, -5.179243561854871867E-17, 0.2332523937523060531 ) ) ;
#4023 = FACE_OUTER_BOUND ( 'NONE', #1032, .T. ) ;
#4024 = CARTESIAN_POINT ( 'NONE',  ( -1.279022955137550044, 25.19999999999999929, -2.540576647598749904 ) ) ;
#4025 = ADVANCED_FACE ( 'NONE', ( #1134 ), #3844, .T. ) ;
#4026 = LINE ( 'NONE', #755, #2923 ) ;
#4027 = CARTESIAN_POINT ( 'NONE',  ( -0.8045829195440590276, 25.30000000000000071, 2.686853529219519920 ) ) ;
#4028 = CARTESIAN_POINT ( 'NONE',  ( 2.757461708434179926, 18.00000000000000355, 0.4862148974674089796 ) ) ;
#4029 = LINE ( 'NONE', #1866, #3263 ) ;
#4030 = ADVANCED_FACE ( 'NONE', ( #3812 ), #1105, .T. ) ;
#4031 = VECTOR ( 'NONE', #6110, 1000.000000000000000 ) ;
#4032 = ORIENTED_EDGE ( 'NONE', *, *, #4362, .T. ) ;
#4033 = FACE_OUTER_BOUND ( 'NONE', #5909, .T. ) ;
#4034 = CARTESIAN_POINT ( 'NONE',  ( -2.298133329356930155, 18.00000000000000355, -1.928362829059620198 ) ) ;
#4035 = CARTESIAN_POINT ( 'NONE',  ( -1.258926716115120747, 25.29999999999999005, -2.506319829022821466 ) ) ;
#4036 = DIRECTION ( 'NONE',  ( -0.0000000000000000000, -1.000000000000000000, -2.220446049250310123E-16 ) ) ;
#4037 = EDGE_CURVE ( 'NONE', #3513, #4200, #456, .T. ) ;
#4038 = VECTOR ( 'NONE', #5367, 1000.000000000000000 ) ;
#4039 = EDGE_LOOP ( 'NONE', ( #5173, #6350, #1604 ) ) ;
#4040 = PLANE ( 'NONE',  #3396 ) ;
#4041 = ADVANCED_FACE ( 'NONE', ( #493 ), #1002, .T. ) ;
#4042 = ORIENTED_EDGE ( 'NONE', *, *, #6793, .F. ) ;
#4043 = AXIS2_PLACEMENT_3D ( 'NONE', #3979, #704, #2863 ) ;
#4044 = CARTESIAN_POINT ( 'NONE',  ( -0.3329600436169670163, 25.19999999999999929, 2.824812742722520031 ) ) ;
#4045 = LINE ( 'NONE', #6196, #2093 ) ;
#4046 = CARTESIAN_POINT ( 'NONE',  ( 2.919153902811390200, 25.00000000000000000, -0.1620716324891290083 ) ) ;
#4047 = ORIENTED_EDGE ( 'NONE', *, *, #4163, .F. ) ;
#4048 = ORIENTED_EDGE ( 'NONE', *, *, #2702, .F. ) ;
#4049 = DIRECTION ( 'NONE',  ( -1.000000000000000000, -0.0000000000000000000, 0.0000000000000000000 ) ) ;
#4050 = CARTESIAN_POINT ( 'NONE',  ( -2.950000000000000178, 4.400000000000000355, 7.499999852478500095 ) ) ;
#4051 = DIRECTION ( 'NONE',  ( -0.0000000000000000000, -1.000000000000000000, -0.0000000000000000000 ) ) ;
#4052 = CARTESIAN_POINT ( 'NONE',  ( 6.200000000000001066, 0.0000000000000000000, -5.200000000000001066 ) ) ;
#4053 = ORIENTED_EDGE ( 'NONE', *, *, #7015, .F. ) ;
#4054 = VERTEX_POINT ( 'NONE', #4986 ) ;
#4055 = EDGE_LOOP ( 'NONE', ( #473, #4812, #4804, #50 ) ) ;
#4056 = FACE_OUTER_BOUND ( 'NONE', #3584, .T. ) ;
#4057 = VECTOR ( 'NONE', #2350, 1000.000000000000000 ) ;
#4058 = CARTESIAN_POINT ( 'NONE',  ( 1.952142215151750015, 25.10000000000000142, -2.061898677917839873 ) ) ;
#4059 = LINE ( 'NONE', #1315, #5107 ) ;
#4060 = CARTESIAN_POINT ( 'NONE',  ( -1.599999914744069995, 1.099999526143019990, -7.199999877225074840 ) ) ;
#4061 = CARTESIAN_POINT ( 'NONE',  ( -2.757461708434179926, 25.10000000000000142, -0.4862148974674019852 ) ) ;
#4062 = DIRECTION ( 'NONE',  ( -0.0000000000000000000, 1.000000000000000000, 0.0000000000000000000 ) ) ;
#4063 = VECTOR ( 'NONE', #1224, 1000.000000000000000 ) ;
#4064 = EDGE_CURVE ( 'NONE', #6536, #4870, #2250, .T. ) ;
#4065 = EDGE_LOOP ( 'NONE', ( #5163, #1282, #5702, #5471, #3222, #92, #311, #7060, #4094 ) ) ;
#4066 = CARTESIAN_POINT ( 'NONE',  ( 1.500000000000000000, 25.00000000000000000, -2.598076211353309795 ) ) ;
#4067 = CARTESIAN_POINT ( 'NONE',  ( -4.099999999999999645, 8.000000000000000000, 5.570824968046030001 ) ) ;
#4068 = DIRECTION ( 'NONE',  ( 0.0000000000000000000, 0.0000000000000000000, 1.000000000000000000 ) ) ;
#4069 = EDGE_CURVE ( 'NONE', #6004, #1497, #2649, .T. ) ;
#4070 = ADVANCED_FACE ( 'NONE', ( #4449 ), #5424, .T. ) ;
#4071 = CARTESIAN_POINT ( 'NONE',  ( -2.399999896862679893, 0.7999995261430199456, -6.599999864931620053 ) ) ;
#4072 = AXIS2_PLACEMENT_3D ( 'NONE', #268, #2471, #4172 ) ;
#4073 = ORIENTED_EDGE ( 'NONE', *, *, #725, .T. ) ;
#4074 = LINE ( 'NONE', #2339, #3047 ) ;
#4075 = B_SPLINE_CURVE_WITH_KNOTS ( 'NONE', 3,
 ( #4568, #4027, #6214, #2981 ),
 .UNSPECIFIED., .F., .F.,
 ( 4, 4 ),
 ( 4.336808689942017255E-19, 0.0004885781678749954093 ),
 .UNSPECIFIED. ) ;
#4076 = ORIENTED_EDGE ( 'NONE', *, *, #3588, .T. ) ;
#4077 = ADVANCED_FACE ( 'NONE', ( #3780 ), #1714, .T. ) ;
#4078 = CARTESIAN_POINT ( 'NONE',  ( 0.5209445330007930197, 18.00000000000000355, -2.954423259036621285 ) ) ;
#4079 = CARTESIAN_POINT ( 'NONE',  ( 0.4500000000000000666, -2.500000000000000000, 7.349999852478499740 ) ) ;
#4080 = ADVANCED_FACE ( 'NONE', ( #4316 ), #6502, .T. ) ;
#4081 = LINE ( 'NONE', #5122, #2896 ) ;
#4082 = CARTESIAN_POINT ( 'NONE',  ( -2.650261147678680373, 25.10000000000000142, 1.137382321253910034 ) ) ;
#4083 = ORIENTED_EDGE ( 'NONE', *, *, #5482, .F. ) ;
#4084 = ORIENTED_EDGE ( 'NONE', *, *, #814, .F. ) ;
#4085 = PLANE ( 'NONE',  #5450 ) ;
#4086 = SURFACE_STYLE_FILL_AREA ( #3516 ) ;
#4087 = CIRCLE ( 'NONE', #2353, 1.399999852478509554 ) ;
#4088 = EDGE_CURVE ( 'NONE', #1138, #6488, #5576, .T. ) ;
#4089 = FACE_OUTER_BOUND ( 'NONE', #4215, .T. ) ;
#4090 = UNCERTAINTY_MEASURE_WITH_UNIT (LENGTH_MEASURE( 1.000000000000000082E-05 ), #4159, 'distance_accuracy_value', 'NONE');
#4091 = LINE ( 'NONE', #220, #4226 ) ;
#4092 = ORIENTED_EDGE ( 'NONE', *, *, #6819, .T. ) ;
#4093 = CIRCLE ( 'NONE', #3757, 3.000000000000000000 ) ;
#4094 = ORIENTED_EDGE ( 'NONE', *, *, #4425, .F. ) ;
#4095 = ORIENTED_EDGE ( 'NONE', *, *, #3939, .F. ) ;
#4096 = DIRECTION ( 'NONE',  ( 0.0000000000000000000, 0.0000000000000000000, 1.000000000000000000 ) ) ;
#4097 = VECTOR ( 'NONE', #5579, 1000.000000000000000 ) ;
#4098 = CARTESIAN_POINT ( 'NONE',  ( -2.724079585030830142, 25.19999999999999929, 0.8184252174213659803 ) ) ;
#4099 = CARTESIAN_POINT ( 'NONE',  ( -1.799805307122310127, 25.14999999999999858, -2.144924440733130044 ) ) ;
#4100 = DIRECTION ( 'NONE',  ( 0.0000000000000000000, 0.0000000000000000000, 1.000000000000000000 ) ) ;
#4101 = CARTESIAN_POINT ( 'NONE',  ( 6.200000000000001066, 7.799999999999999822, 1.026460751119010054E-07 ) ) ;
#4102 = DIRECTION ( 'NONE',  ( 0.0000000000000000000, 0.0000000000000000000, 1.000000000000000000 ) ) ;
#4103 = CARTESIAN_POINT ( 'NONE',  ( 1.799805307122310127, 25.00000000000000000, 2.144924440733139814 ) ) ;
#4104 = VECTOR ( 'NONE', #2357, 1000.000000000000000 ) ;
#4105 = ORIENTED_EDGE ( 'NONE', *, *, #132, .T. ) ;
#4106 = DIRECTION ( 'NONE',  ( -0.0000000000000000000, -0.0000000000000000000, 1.000000000000000000 ) ) ;
#4107 = DIRECTION ( 'NONE',  ( -0.7071067811865470176, -0.7071067811865480168, 0.0000000000000000000 ) ) ;
#4108 = CARTESIAN_POINT ( 'NONE',  ( -3.000000000000000000, 18.00000000000000355, 4.543169341760220979E-15 ) ) ;
#4109 = VECTOR ( 'NONE', #1640, 999.9999999999998863 ) ;
#4110 = LINE ( 'NONE', #6293, #3871 ) ;
#4111 = ORIENTED_EDGE ( 'NONE', *, *, #6648, .T. ) ;
#4112 = CARTESIAN_POINT ( 'NONE',  ( 2.757461708434179926, 25.14999999999999858, 0.4862148974674111446 ) ) ;
#4113 = ORIENTED_EDGE ( 'NONE', *, *, #1974, .T. ) ;
#4114 = AXIS2_PLACEMENT_3D ( 'NONE', #4028, #6891, #5829 ) ;
#4115 = ADVANCED_FACE ( 'NONE', ( #2218 ), #4355, .T. ) ;
#4116 = DIRECTION ( 'NONE',  ( -0.4249250029153157637, 0.8320502943378728089, -0.3565544132242346453 ) ) ;
#4117 = CARTESIAN_POINT ( 'NONE',  ( -2.221528885045035207, 25.14999999999999858, -1.864084068090958946 ) ) ;
#4118 = CARTESIAN_POINT ( 'NONE',  ( -2.799999999999997158, 25.30000000000000071, 7.204079395944728990E-15 ) ) ;
#4119 = CARTESIAN_POINT ( 'NONE',  ( 2.049999999999999822, -2.500000000000000444, 7.499999852478500095 ) ) ;
#4120 = ADVANCED_FACE ( 'NONE', ( #5159 ), #878, .T. ) ;
#4121 = ORIENTED_EDGE ( 'NONE', *, *, #2664, .T. ) ;
#4122 = ORIENTED_EDGE ( 'NONE', *, *, #864, .T. ) ;
#4123 = FACE_OUTER_BOUND ( 'NONE', #846, .T. ) ;
#4124 = ADVANCED_FACE ( 'NONE', ( #5020 ), #3944, .T. ) ;
#4125 = DIRECTION ( 'NONE',  ( -0.0000000000000000000, -1.000000000000000000, -0.0000000000000000000 ) ) ;
#4126 = AXIS2_PLACEMENT_3D ( 'NONE', #3249, #6683, #542 ) ;
#4127 = FILL_AREA_STYLE_COLOUR ( '', #5423 ) ;
#4128 = CARTESIAN_POINT ( 'NONE',  ( 0.0000000000000000000, 14.80000000000000071, 1.554312234475218565E-15 ) ) ;
#4129 = VERTEX_POINT ( 'NONE', #4721 ) ;
#4130 = VECTOR ( 'NONE', #2799, 1000.000000000000227 ) ;
#4131 = VERTEX_POINT ( 'NONE', #3617 ) ;
#4132 = VERTEX_POINT ( 'NONE', #2490 ) ;
#4133 = VERTEX_POINT ( 'NONE', #4079 ) ;
#4134 = CARTESIAN_POINT ( 'NONE',  ( -2.798539144383210164, 25.00000000000000000, 0.8461119191404780082 ) ) ;
#4135 = CARTESIAN_POINT ( 'NONE',  ( -4.099999999999999645, 7.700000000000000178, -4.549999999999998934 ) ) ;
#4136 = DIRECTION ( 'NONE',  ( 0.0000000000000000000, 0.0000000000000000000, 1.000000000000000000 ) ) ;
#4137 = LINE ( 'NONE', #1863, #1456 ) ;
#4138 = CARTESIAN_POINT ( 'NONE',  ( 1.500000000000000000, 18.00000000000000355, -2.598076211353309795 ) ) ;
#4139 = CARTESIAN_POINT ( 'NONE',  ( 4.099999999999999645, 7.700000000000000178, -4.549999999999998934 ) ) ;
#4140 = EDGE_LOOP ( 'NONE', ( #1443, #6080, #6945, #6388 ) ) ;
#4141 = LINE ( 'NONE', #6325, #1748 ) ;
#4142 = CARTESIAN_POINT ( 'NONE',  ( 2.356487886873050108, 25.19999999999999929, -1.552754386395170050 ) ) ;
#4143 = CARTESIAN_POINT ( 'NONE',  ( 4.199999906122680038, 7.700000000000000178, -6.599999852478499740 ) ) ;
#4144 = ORIENTED_EDGE ( 'NONE', *, *, #3196, .T. ) ;
#4145 = CARTESIAN_POINT ( 'NONE',  ( -4.400000120380079593, -2.899999912893960197, -7.000000003512419688 ) ) ;
#4146 = ORIENTED_EDGE ( 'NONE', *, *, #5523, .T. ) ;
#4147 = CARTESIAN_POINT ( 'NONE',  ( -0.1736481776669310251, 25.00000000000000000, 2.851474419678880157 ) ) ;
#4148 = LINE ( 'NONE', #3545, #4607 ) ;
#4149 = AXIS2_PLACEMENT_3D ( 'NONE', #3369, #3580, #627 ) ;
#4150 = CARTESIAN_POINT ( 'NONE',  ( -0.4499999649706297178, -2.500000000000000444, 7.649999852478499562 ) ) ;
#4151 = LINE ( 'NONE', #3619, #718 ) ;
#4152 = DIRECTION ( 'NONE',  ( 0.0000000000000000000, 0.0000000000000000000, 1.000000000000000000 ) ) ;
#4153 = EDGE_LOOP ( 'NONE', ( #845, #2936, #4251, #3898 ) ) ;
#4154 = FACE_OUTER_BOUND ( 'NONE', #4776, .T. ) ;
#4155 = ORIENTED_EDGE ( 'NONE', *, *, #1126, .F. ) ;
#4156 = DIRECTION ( 'NONE',  ( 0.0000000000000000000, -2.220446049250310123E-16, 1.000000000000000000 ) ) ;
#4157 = AXIS2_PLACEMENT_3D ( 'NONE', #5799, #130, #2336 ) ;
#4158 = EDGE_CURVE ( 'NONE', #6123, #6838, #4148, .T. ) ;
#4159 =( LENGTH_UNIT ( ) NAMED_UNIT ( * ) SI_UNIT ( .MILLI., .METRE. ) );
#4160 = CARTESIAN_POINT ( 'NONE',  ( -2.298133329356930155, 25.00000000000000000, -1.928362829059610206 ) ) ;
#4161 = CIRCLE ( 'NONE', #6219, 3.000000000000000000 ) ;
#4162 = LINE ( 'NONE', #1417, #6057 ) ;
#4163 = EDGE_CURVE ( 'NONE', #6136, #4240, #6335, .T. ) ;
#4164 = ORIENTED_EDGE ( 'NONE', *, *, #2531, .T. ) ;
#4165 = EDGE_LOOP ( 'NONE', ( #3776, #2084, #2708, #5859 ) ) ;
#4166 = ORIENTED_EDGE ( 'NONE', *, *, #4394, .T. ) ;
#4167 = VECTOR ( 'NONE', #93, 1000.000000000000000 ) ;
#4168 = ORIENTED_EDGE ( 'NONE', *, *, #226, .F. ) ;
#4169 = EDGE_CURVE ( 'NONE', #2847, #2486, #325, .T. ) ;
#4170 = LINE ( 'NONE', #6315, #2174 ) ;
#4171 = LINE ( 'NONE', #5929, #4276 ) ;
#4172 = DIRECTION ( 'NONE',  ( 1.332267629550187849E-14, 0.0000000000000000000, 1.000000000000000000 ) ) ;
#4173 = B_SPLINE_SURFACE_WITH_KNOTS ( 'NONE', 3, 3, ( 
 ( #2905, #6712, #1791, #5640 ),
 ( #5103, #1827, #4024, #2944 ),
 ( #4209, #4818, #6431, #3164 ),
 ( #1576, #6358, #1465, #2651 ) ),
 .UNSPECIFIED., .F., .F., .F.,
 ( 4, 4 ),
 ( 4, 4 ),
 ( 0.0000000000000000000, 1.000000000000000000 ),
 ( 0.0000000000000000000, 1.000000000000000000 ),
 .UNSPECIFIED. ) ;
#4174 = PLANE ( 'NONE',  #7079 ) ;
#4175 = ADVANCED_FACE ( 'NONE', ( #1334 ), #1880, .T. ) ;
#4176 = DIRECTION ( 'NONE',  ( 5.329070518200752183E-15, 0.0000000000000000000, 1.000000000000000000 ) ) ;
#4177 = FACE_OUTER_BOUND ( 'NONE', #1329, .T. ) ;
#4178 = VERTEX_POINT ( 'NONE', #2994 ) ;
#4179 = CARTESIAN_POINT ( 'NONE',  ( -2.144924440733142035, 25.30000000000000071, -1.799805307122306575 ) ) ;
#4180 = LINE ( 'NONE', #4858, #3897 ) ;
#4181 = CARTESIAN_POINT ( 'NONE',  ( 8.024409474993989377, -2.172792186019218974, 1.000000102646080080 ) ) ;
#4182 = LINE ( 'NONE', #1440, #765 ) ;
#4183 = VECTOR ( 'NONE', #8, 1000.000000000000000 ) ;
#4184 = ORIENTED_EDGE ( 'NONE', *, *, #3821, .T. ) ;
#4185 = DIRECTION ( 'NONE',  ( -1.756208234393599614E-08, 0.0000000000000000000, 0.9999999999999997780 ) ) ;
#4186 = ORIENTED_EDGE ( 'NONE', *, *, #2722, .T. ) ;
#4187 = DIRECTION ( 'NONE',  ( -0.0000000000000000000, -1.000000000000000000, 0.0000000000000000000 ) ) ;
#4188 = CARTESIAN_POINT ( 'NONE',  ( 1.799805307122310127, 25.30000000000000071, -2.144924440733130044 ) ) ;
#4189 = CARTESIAN_POINT ( 'NONE',  ( -6.199999917384520387, 7.700000000000000178, -1.000000062584879945 ) ) ;
#4190 = FACE_OUTER_BOUND ( 'NONE', #6179, .T. ) ;
#4191 = FACE_OUTER_BOUND ( 'NONE', #2901, .T. ) ;
#4192 = EDGE_LOOP ( 'NONE', ( #2003, #1651, #451, #1295, #442, #4848 ) ) ;
#4193 = CARTESIAN_POINT ( 'NONE',  ( 0.0000000000000000000, 18.00000000000000355, 2.264854970235319974E-15 ) ) ;
#4194 = EDGE_LOOP ( 'NONE', ( #6226, #2341, #428, #2161 ) ) ;
#4195 = DIRECTION ( 'NONE',  ( -1.000000000000000000, -0.0000000000000000000, 0.0000000000000000000 ) ) ;
#4196 = AXIS2_PLACEMENT_3D ( 'NONE', #1392, #3129, #1504 ) ;
#4197 = DIRECTION ( 'NONE',  ( -8.116651358805287824E-17, 1.000000000000000000, 1.867715514095425008E-16 ) ) ;
#4198 = CARTESIAN_POINT ( 'NONE',  ( -1.541073283884889289, 25.30000000000000071, -2.343422432170020109 ) ) ;
#4199 = EDGE_CURVE ( 'NONE', #3081, #5774, #1749, .T. ) ;
#4200 = VERTEX_POINT ( 'NONE', #6832 ) ;
#4201 = ORIENTED_EDGE ( 'NONE', *, *, #1824, .F. ) ;
#4203 = VERTEX_POINT ( 'NONE', #1987 ) ;
#4202 = AXIS2_PLACEMENT_3D ( 'NONE', #4940, #4904, #4871 ) ;
#4204 = EDGE_LOOP ( 'NONE', ( #2894, #4186, #1709, #452 ) ) ;
#4205 = EDGE_CURVE ( 'NONE', #5512, #4674, #5842, .T. ) ;
#4206 = ADVANCED_FACE ( 'NONE', ( #1950 ), #286, .T. ) ;
#4207 = LINE ( 'NONE', #5898, #326 ) ;
#4208 = CARTESIAN_POINT ( 'NONE',  ( -4.099999999999999645, 7.799999999999999822, 5.099999999999999645 ) ) ;
#4209 = CARTESIAN_POINT ( 'NONE',  ( -1.138437600874580014, 25.00000000000000000, -2.620118295918130169 ) ) ;
#4210 = CARTESIAN_POINT ( 'NONE',  ( 2.819077862357719955, 25.00000000000000000, 1.026060429977009969 ) ) ;
#4211 = VECTOR ( 'NONE', #3045, 1000.000000000000000 ) ;
#4212 = CARTESIAN_POINT ( 'NONE',  ( 2.757461708434178593, 18.00000000000000355, 0.4862148974674105339 ) ) ;
#4213 = DIRECTION ( 'NONE',  ( 0.0000000000000000000, 1.000000000000000000, 0.0000000000000000000 ) ) ;
#4214 = CARTESIAN_POINT ( 'NONE',  ( -0.8070831705550409740, 25.19999999999999929, -2.704200085285049848 ) ) ;
#4215 = EDGE_LOOP ( 'NONE', ( #2582, #1892, #6768, #1347 ) ) ;
#4216 = AXIS2_PLACEMENT_3D ( 'NONE', #3144, #5341, #2065 ) ;
#4217 = EDGE_CURVE ( 'NONE', #6160, #1499, #6298, .T. ) ;
#4218 = LINE ( 'NONE', #2085, #3324 ) ;
#4219 = LINE ( 'NONE', #939, #1155 ) ;
#4220 = VECTOR ( 'NONE', #29, 1000.000000000000000 ) ;
#4221 = ORIENTED_EDGE ( 'NONE', *, *, #4464, .F. ) ;
#4222 = DIRECTION ( 'NONE',  ( 0.0000000000000000000, 1.000000000000000000, 0.0000000000000000000 ) ) ;
#4223 = ORIENTED_EDGE ( 'NONE', *, *, #2262, .F. ) ;
#4224 = EDGE_CURVE ( 'NONE', #3512, #3394, #6905, .T. ) ;
#4225 = CARTESIAN_POINT ( 'NONE',  ( 1.691587865731329909, 25.10000000000000142, 2.280529736418159814 ) ) ;
#4226 = VECTOR ( 'NONE', #3005, 1000.000000000000000 ) ;
#4227 = DIRECTION ( 'NONE',  ( 0.0000000000000000000, -0.0000000000000000000, -1.000000000000000000 ) ) ;
#4228 = FACE_OUTER_BOUND ( 'NONE', #6767, .T. ) ;
#4229 = FACE_OUTER_BOUND ( 'NONE', #3630, .T. ) ;
#4230 = DIRECTION ( 'NONE',  ( -0.0000000000000000000, 0.0000000000000000000, -1.000000000000000000 ) ) ;
#4231 = ORIENTED_EDGE ( 'NONE', *, *, #2052, .T. ) ;
#4232 = ORIENTED_EDGE ( 'NONE', *, *, #3569, .F. ) ;
#4233 = ORIENTED_EDGE ( 'NONE', *, *, #689, .T. ) ;
#4234 = LINE ( 'NONE', #6420, #2683 ) ;
#4235 = CARTESIAN_POINT ( 'NONE',  ( 4.200000000000000178, 7.700000000000000178, 6.599999852478505069 ) ) ;
#4236 = AXIS2_PLACEMENT_3D ( 'NONE', #1007, #3234, #3131 ) ;
#4237 = FILL_AREA_STYLE ('',( #888 ) ) ;
#4238 = CARTESIAN_POINT ( 'NONE',  ( 4.200000000000000178, 7.700000000000000178, 5.200000000000001066 ) ) ;
#4239 = ORIENTED_EDGE ( 'NONE', *, *, #3689, .F. ) ;
#4240 = VERTEX_POINT ( 'NONE', #4652 ) ;
#4241 = AXIS2_PLACEMENT_3D ( 'NONE', #4306, #4808, #6525 ) ;
#4242 = VERTEX_POINT ( 'NONE', #1168 ) ;
#4243 = VERTEX_POINT ( 'NONE', #5196 ) ;
#4244 = LINE ( 'NONE', #6429, #7008 ) ;
#4245 = DIRECTION ( 'NONE',  ( -0.0000000000000000000, -1.000000000000000000, -0.0000000000000000000 ) ) ;
#4246 =( NAMED_UNIT ( * ) PLANE_ANGLE_UNIT ( ) SI_UNIT ( $, .RADIAN. ) );
#4247 = DIRECTION ( 'NONE',  ( 0.0000000000000000000, 1.000000000000000000, 0.0000000000000000000 ) ) ;
#4248 = AXIS2_PLACEMENT_3D ( 'NONE', #1688, #4996, #3239 ) ;
#4249 = CARTESIAN_POINT ( 'NONE',  ( 4.099999999999999645, 7.700000000000000178, -5.649999999999999467 ) ) ;
#4250 = ADVANCED_FACE ( 'NONE', ( #6799 ), #2455, .T. ) ;
#4251 = ORIENTED_EDGE ( 'NONE', *, *, #4504, .F. ) ;
#4252 = EDGE_CURVE ( 'NONE', #3441, #3471, #1264, .T. ) ;
#4253 = DIRECTION ( 'NONE',  ( 5.036380489193874471E-17, 1.000000000000000000, 1.208070958628875351E-17 ) ) ;
#4254 = DIRECTION ( 'NONE',  ( 1.000000000000000000, -0.0000000000000000000, 0.0000000000000000000 ) ) ;
#4255 = CARTESIAN_POINT ( 'NONE',  ( 1.799805307122310127, 18.00000000000000355, 2.144924440733139814 ) ) ;
#4256 = EDGE_CURVE ( 'NONE', #1182, #136, #1279, .T. ) ;
#4257 = EDGE_CURVE ( 'NONE', #912, #872, #5696, .T. ) ;
#4258 = ORIENTED_EDGE ( 'NONE', *, *, #4552, .F. ) ;
#4259 = LINE ( 'NONE', #1367, #1316 ) ;
#4260 = ORIENTED_EDGE ( 'NONE', *, *, #1960, .F. ) ;
#4261 = CARTESIAN_POINT ( 'NONE',  ( 4.099999999999999645, 7.700000000000000178, -5.099999999999999645 ) ) ;
#4262 = CARTESIAN_POINT ( 'NONE',  ( 0.0000000000000000000, 18.00000000000000355, 2.264854970235319974E-15 ) ) ;
#4263 = EDGE_CURVE ( 'NONE', #1066, #3063, #111, .T. ) ;
#4264 = LINE ( 'NONE', #397, #5704 ) ;
#4265 = CYLINDRICAL_SURFACE ( 'NONE', #1692, 1.399999852478509998 ) ;
#4266 = EDGE_CURVE ( 'NONE', #4129, #5343, #1593, .T. ) ;
#4267 = VERTEX_POINT ( 'NONE', #6374 ) ;
#4268 = ORIENTED_EDGE ( 'NONE', *, *, #6573, .T. ) ;
#4269 = ORIENTED_EDGE ( 'NONE', *, *, #6657, .T. ) ;
#4270 = CARTESIAN_POINT ( 'NONE',  ( 2.757461708434179926, 25.14999999999999858, -0.4862148974673990987 ) ) ;
#4271 = AXIS2_PLACEMENT_3D ( 'NONE', #5733, #4686, #2285 ) ;
#4272 = DIRECTION ( 'NONE',  ( -0.9587633535238186955, 0.0000000000000000000, 0.2842056156020869029 ) ) ;
#4273 = CARTESIAN_POINT ( 'NONE',  ( -2.132023988612059995, 25.00000000000000000, -2.000550032950790147 ) ) ;
#4274 = CARTESIAN_POINT ( 'NONE',  ( 1.110729883079679903, 25.30000000000000071, 2.575425147181570118 ) ) ;
#4275 = B_SPLINE_CURVE_WITH_KNOTS ( 'NONE', 3,
 ( #5803, #3062, #4796, #6973 ),
 .UNSPECIFIED., .F., .F.,
 ( 4, 4 ),
 ( 2.335442953235084577E-18, 0.0004885781678749930241 ),
 .UNSPECIFIED. ) ;
#4276 = VECTOR ( 'NONE', #1004, 1000.000000000000114 ) ;
#4277 = EDGE_LOOP ( 'NONE', ( #962, #2234, #6746, #577 ) ) ;
#4278 = ORIENTED_EDGE ( 'NONE', *, *, #5261, .F. ) ;
#4279 = ORIENTED_EDGE ( 'NONE', *, *, #6406, .F. ) ;
#4280 = VERTEX_POINT ( 'NONE', #511 ) ;
#4281 = AXIS2_PLACEMENT_3D ( 'NONE', #3813, #4356, #4451 ) ;
#4282 = DIRECTION ( 'NONE',  ( -1.756208234393599945E-08, 0.0000000000000000000, 0.9999999999999998890 ) ) ;
#4283 = CARTESIAN_POINT ( 'NONE',  ( -6.199999861419199121, 7.799999999999999822, 1.026460751119010054E-07 ) ) ;
#4284 = DIRECTION ( 'NONE',  ( 0.0000000000000000000, -1.000000000000000000, -0.0000000000000000000 ) ) ;
#4285 = DIRECTION ( 'NONE',  ( 0.0000000000000000000, -1.000000000000000000, 0.0000000000000000000 ) ) ;
#4286 = PLANE ( 'NONE',  #4455 ) ;
#4287 = VECTOR ( 'NONE', #5085, 1000.000000000000000 ) ;
#4288 = VERTEX_POINT ( 'NONE', #6519 ) ;
#4289 = FACE_OUTER_BOUND ( 'NONE', #7044, .T. ) ;
#4290 = CARTESIAN_POINT ( 'NONE',  ( -5.599999852478505069, 7.700000000000000178, 5.199999874830250057 ) ) ;
#4291 = DIRECTION ( 'NONE',  ( 0.9587633535238182514, 0.0000000000000000000, 0.2842056156020881241 ) ) ;
#4292 = DIRECTION ( 'NONE',  ( -8.116651358805301383E-17, -1.000000000000000000, -1.867715514095423036E-16 ) ) ;
#4293 = VERTEX_POINT ( 'NONE', #4761 ) ;
#4294 = EDGE_CURVE ( 'NONE', #5310, #2023, #2564, .T. ) ;
#4295 = ORIENTED_EDGE ( 'NONE', *, *, #4385, .F. ) ;
#4296 = CARTESIAN_POINT ( 'NONE',  ( 1.799805307122310127, 25.10000000000000142, 2.144924440733139814 ) ) ;
#4297 = ADVANCED_FACE ( 'NONE', ( #981 ), #2669, .T. ) ;
#4298 = EDGE_CURVE ( 'NONE', #6143, #3074, #4866, .T. ) ;
#4299 = DIRECTION ( 'NONE',  ( 0.0000000000000000000, -2.220446049250310123E-16, 1.000000000000000000 ) ) ;
#4300 = CARTESIAN_POINT ( 'NONE',  ( 3.999999960086180639, 1.099999526143019990, -6.599999864931620053 ) ) ;
#4301 = DIRECTION ( 'NONE',  ( -0.9981468937684691012, 0.0000000000000000000, 0.06085045982041750734 ) ) ;
#4302 = ORIENTED_EDGE ( 'NONE', *, *, #7006, .T. ) ;
#4303 = FACE_OUTER_BOUND ( 'NONE', #995, .T. ) ;
#4304 = ORIENTED_EDGE ( 'NONE', *, *, #6551, .T. ) ;
#4305 = DIRECTION ( 'NONE',  ( 0.0000000000000000000, 0.0000000000000000000, 1.000000000000000000 ) ) ;
#4306 = CARTESIAN_POINT ( 'NONE',  ( -5.599999999999999645, 0.0000000000000000000, -5.200000000000001066 ) ) ;
#4307 = ADVANCED_FACE ( 'NONE', ( #2127 ), #4332, .T. ) ;
#4308 = PLANE ( 'NONE',  #6333 ) ;
#4309 = LINE ( 'NONE', #3772, #2959 ) ;
#4310 = CIRCLE ( 'NONE', #4987, 4.453999999999999737 ) ;
#4311 = ORIENTED_EDGE ( 'NONE', *, *, #2393, .T. ) ;
#4312 = ORIENTED_EDGE ( 'NONE', *, *, #5307, .T. ) ;
#4313 = ORIENTED_EDGE ( 'NONE', *, *, #6538, .F. ) ;
#4314 = EDGE_LOOP ( 'NONE', ( #4073, #4582, #6734, #1397 ) ) ;
#4315 = PLANE ( 'NONE',  #3009 ) ;
#4316 = FACE_OUTER_BOUND ( 'NONE', #2875, .T. ) ;
#4317 = CARTESIAN_POINT ( 'NONE',  ( 2.424871130596430113, 25.00000000000000000, 1.400000000000009903 ) ) ;
#4318 = FILL_AREA_STYLE_COLOUR ( '', #1321 ) ;
#4319 = CARTESIAN_POINT ( 'NONE',  ( 0.4500001401174810178, 4.400000000000000355, 7.124999856040810542 ) ) ;
#4320 = CARTESIAN_POINT ( 'NONE',  ( 2.049999999999999822, -2.500000000000000000, 7.349999852478499740 ) ) ;
#4321 = DIRECTION ( 'NONE',  ( -0.0000000000000000000, -1.000000000000000000, -0.0000000000000000000 ) ) ;
#4322 = ORIENTED_EDGE ( 'NONE', *, *, #4298, .T. ) ;
#4323 = DIRECTION ( 'NONE',  ( -1.000000000000000000, 0.0000000000000000000, -0.0000000000000000000 ) ) ;
#4324 = COLOUR_RGB ( '',0.6274509803921568540, 0.6274509803921568540, 0.6274509803921568540 ) ;
#4325 = LINE ( 'NONE', #390, #1628 ) ;
#4326 = FACE_OUTER_BOUND ( 'NONE', #5521, .T. ) ;
#4327 = DIRECTION ( 'NONE',  ( 0.4463754028477891489, 0.0000000000000000000, 0.8948457966222302939 ) ) ;
#4328 = VERTEX_POINT ( 'NONE', #1483 ) ;
#4329 = AXIS2_PLACEMENT_3D ( 'NONE', #6702, #2492, #3980 ) ;
#4330 = ORIENTED_EDGE ( 'NONE', *, *, #3974, .F. ) ;
#4331 = CARTESIAN_POINT ( 'NONE',  ( -2.879438508160590438, 25.10000000000000142, 0.1623470767151289906 ) ) ;
#4332 = PLANE ( 'NONE',  #3231 ) ;
#4333 = EDGE_CURVE ( 'NONE', #4352, #1754, #2028, .T. ) ;
#4334 = VECTOR ( 'NONE', #4678, 1000.000000000000000 ) ;
#4335 = DIRECTION ( 'NONE',  ( -0.0000000000000000000, 0.0000000000000000000, -1.000000000000000000 ) ) ;
#4336 = CARTESIAN_POINT ( 'NONE',  ( -1.959111205433663461, 7.799999999999998046, 3.999999910593030616 ) ) ;
#4337 = VERTEX_POINT ( 'NONE', #3688 ) ;
#4338 = CARTESIAN_POINT ( 'NONE',  ( 2.757461708434179926, 25.19999999999999929, 0.4862148974674109780 ) ) ;
#4339 = ORIENTED_EDGE ( 'NONE', *, *, #3373, .F. ) ;
#4340 = LINE ( 'NONE', #1599, #6807 ) ;
#4341 = EDGE_CURVE ( 'NONE', #4454, #6660, #1383, .T. ) ;
#4342 = AXIS2_PLACEMENT_3D ( 'NONE', #2116, #2049, #6469 ) ;
#4343 =( NAMED_UNIT ( * ) SI_UNIT ( $, .STERADIAN. ) SOLID_ANGLE_UNIT ( ) );
#4344 = CARTESIAN_POINT ( 'NONE',  ( 0.9576564013118730179, 25.10000000000000142, -2.631139338200540134 ) ) ;
#4345 = ADVANCED_FACE ( 'NONE', ( #914 ), #4834, .F. ) ;
#4346 = CARTESIAN_POINT ( 'NONE',  ( -2.785748544544361494, 25.30000000000000071, -0.3257922781012539959 ) ) ;
#4347 = ORIENTED_EDGE ( 'NONE', *, *, #4478, .T. ) ;
#4348 = EDGE_LOOP ( 'NONE', ( #525, #1884, #3027, #3434 ) ) ;
#4349 = PLANE ( 'NONE',  #5331 ) ;
#4350 = ADVANCED_FACE ( 'NONE', ( #7011 ), #2095, .T. ) ;
#4351 = ORIENTED_EDGE ( 'NONE', *, *, #290, .T. ) ;
#4352 = VERTEX_POINT ( 'NONE', #1054 ) ;
#4353 = FACE_OUTER_BOUND ( 'NONE', #4993, .T. ) ;
#4354 =( GEOMETRIC_REPRESENTATION_CONTEXT ( 3 ) GLOBAL_UNCERTAINTY_ASSIGNED_CONTEXT ( ( #5095 ) ) GLOBAL_UNIT_ASSIGNED_CONTEXT ( ( #2862, #3943, #5056 ) ) REPRESENTATION_CONTEXT ( 'NONE', 'WORKASPACE' ) );
#4355 = PLANE ( 'NONE',  #1731 ) ;
#4356 = DIRECTION ( 'NONE',  ( -0.0000000000000000000, 1.000000000000000000, 2.220446049250310123E-16 ) ) ;
#4357 = CARTESIAN_POINT ( 'NONE',  ( 0.9576564013118730179, 25.10000000000000142, -2.631139338200540134 ) ) ;
#4358 = PRODUCT ( '6B32B94C-5F29-461E-87AC-33F4407AC0DD', '6B32B94C-5F29-461E-87AC-33F4407AC0DD', '', ( #2793 ) ) ;
#4359 = DIRECTION ( 'NONE',  ( -0.9999999999999997780, -0.0000000000000000000, -1.756208373171469421E-08 ) ) ;
#4360 = DIRECTION ( 'NONE',  ( -0.0000000000000000000, -1.000000000000000000, -0.0000000000000000000 ) ) ;
#4361 = VECTOR ( 'NONE', #2210, 1000.000000000000227 ) ;
#4362 = EDGE_CURVE ( 'NONE', #6143, #1138, #6978, .T. ) ;
#4363 = ORIENTED_EDGE ( 'NONE', *, *, #6458, .F. ) ;
#4364 = CARTESIAN_POINT ( 'NONE',  ( -6.199999861419200009, 7.700000000000003730, -5.200000000000001066 ) ) ;
#4365 = VECTOR ( 'NONE', #4116, 1000.000000000000114 ) ;
#4366 = CARTESIAN_POINT ( 'NONE',  ( 4.199999906122680038, 0.0000000000000000000, 6.599999852478499740 ) ) ;
#4367 = CARTESIAN_POINT ( 'NONE',  ( -5.600000000000000533, 0.0000000000000000000, -5.200000000000001066 ) ) ;
#4368 = FACE_OUTER_BOUND ( 'NONE', #2101, .T. ) ;
#4369 = ORIENTED_EDGE ( 'NONE', *, *, #6530, .F. ) ;
#4370 = VECTOR ( 'NONE', #4743, 1000.000000000000000 ) ;
#4371 = ORIENTED_EDGE ( 'NONE', *, *, #4389, .F. ) ;
#4372 = CARTESIAN_POINT ( 'NONE',  ( -2.575425147181570118, 25.30000000000000071, 1.110729883079689895 ) ) ;
#4373 = CARTESIAN_POINT ( 'NONE',  ( 2.144924440733142035, 25.30000000000000071, 1.799805307122322118 ) ) ;
#4374 = CARTESIAN_POINT ( 'NONE',  ( -6.199999861419200009, 7.700000000000000178, -5.200000000000001066 ) ) ;
#4375 = LINE ( 'NONE', #5067, #3077 ) ;
#4376 = ORIENTED_EDGE ( 'NONE', *, *, #5653, .F. ) ;
#4377 = FACE_OUTER_BOUND ( 'NONE', #2214, .T. ) ;
#4378 = CARTESIAN_POINT ( 'NONE',  ( -2.631139338200540134, 25.30000000000000071, -0.9576564013118680219 ) ) ;
#4379 = CARTESIAN_POINT ( 'NONE',  ( -2.819077862357731057, 25.00000000000000355, 1.026060429977010857 ) ) ;
#4380 = CARTESIAN_POINT ( 'NONE',  ( 1.279022955137550044, 25.19999999999999929, -2.540576647598749904 ) ) ;
#4381 = CARTESIAN_POINT ( 'NONE',  ( -4.399999852159189651, 1.099999526143019990, -7.199999851520569649 ) ) ;
#4382 = VERTEX_POINT ( 'NONE', #4188 ) ;
#4383 = ORIENTED_EDGE ( 'NONE', *, *, #4333, .T. ) ;
#4384 = CARTESIAN_POINT ( 'NONE',  ( -0.4862148974674039836, 25.30000000000000071, -2.757461708434179926 ) ) ;
#4385 = EDGE_CURVE ( 'NONE', #4727, #5310, #1843, .T. ) ;
#4386 = DIRECTION ( 'NONE',  ( -0.9999999999999998890, 0.0000000000000000000, -1.332507683590949845E-08 ) ) ;
#4387 = DIRECTION ( 'NONE',  ( -0.6882106125681433095, 1.610957944312460908E-16, -0.7255109597715122538 ) ) ;
#4388 = ADVANCED_FACE ( 'NONE', ( #5340 ), #396, .T. ) ;
#4389 = EDGE_CURVE ( 'NONE', #1779, #4889, #1020, .T. ) ;
#4390 = LINE ( 'NONE', #1136, #3522 ) ;
#4391 = VECTOR ( 'NONE', #6072, 1000.000000000000000 ) ;
#4392 = CARTESIAN_POINT ( 'NONE',  ( -2.757461708434179926, 25.30000000000000071, 0.4862148974674086466 ) ) ;
#4393 = VERTEX_POINT ( 'NONE', #5409 ) ;
#4394 = EDGE_CURVE ( 'NONE', #2999, #6637, #1121, .T. ) ;
#4395 = VECTOR ( 'NONE', #6561, 1000.000000000000000 ) ;
#4396 = EDGE_LOOP ( 'NONE', ( #4184, #6873, #4111, #4815 ) ) ;
#4397 = FACE_OUTER_BOUND ( 'NONE', #1190, .T. ) ;
#4398 = EDGE_CURVE ( 'NONE', #3512, #1058, #3961, .T. ) ;
#4399 = LINE ( 'NONE', #6578, #2083 ) ;
#4400 = CARTESIAN_POINT ( 'NONE',  ( 2.500000000000000000, 4.099999999999999645, 7.349999852478499740 ) ) ;
#4401 = CIRCLE ( 'NONE', #5315, 0.5500000000000001554 ) ;
#4402 = ORIENTED_EDGE ( 'NONE', *, *, #2834, .F. ) ;
#4403 = ORIENTED_EDGE ( 'NONE', *, *, #4199, .T. ) ;
#4404 = FACE_BOUND ( 'NONE', #415, .T. ) ;
#4405 = CARTESIAN_POINT ( 'NONE',  ( -4.399999852159189651, 0.7999995261430199456, -6.599999864931620053 ) ) ;
#4406 = DIRECTION ( 'NONE',  ( -1.000000000000000000, -0.0000000000000000000, -0.0000000000000000000 ) ) ;
#4407 = ORIENTED_EDGE ( 'NONE', *, *, #3932, .F. ) ;
#4408 = CARTESIAN_POINT ( 'NONE',  ( 0.4862148974674039836, 25.30000000000000071, 2.757461708434190140 ) ) ;
#4409 = CARTESIAN_POINT ( 'NONE',  ( -2.556273374516860208, 25.00000000000000000, -1.275353476659000007 ) ) ;
#4410 = LINE ( 'NONE', #4379, #4361 ) ;
#4411 = VECTOR ( 'NONE', #662, 1000.000000000000114 ) ;
#4412 = CARTESIAN_POINT ( 'NONE',  ( 1.119964730995979929, 25.19999999999999929, -2.590320510433790080 ) ) ;
#4413 = CARTESIAN_POINT ( 'NONE',  ( 0.1628973968528039107, 25.30000000000000071, -2.799999999999990052 ) ) ;
#4414 = ORIENTED_EDGE ( 'NONE', *, *, #2177, .T. ) ;
#4415 = ORIENTED_EDGE ( 'NONE', *, *, #3252, .F. ) ;
#4416 = CARTESIAN_POINT ( 'NONE',  ( -0.8045829195440600268, 25.30000000000000071, -2.686853529219510150 ) ) ;
#4417 = AXIS2_PLACEMENT_3D ( 'NONE', #3624, #2537, #1923 ) ;
#4418 = FILL_AREA_STYLE_COLOUR ( '', #2266 ) ;
#4419 = DIRECTION ( 'NONE',  ( 0.9981468937684692122, 0.0000000000000000000, -0.06085045982041641793 ) ) ;
#4420 = VECTOR ( 'NONE', #6504, 1000.000000000000227 ) ;
#4421 =( NAMED_UNIT ( * ) SI_UNIT ( $, .STERADIAN. ) SOLID_ANGLE_UNIT ( ) );
#4422 =( NAMED_UNIT ( * ) SI_UNIT ( $, .STERADIAN. ) SOLID_ANGLE_UNIT ( ) );
#4423 = CARTESIAN_POINT ( 'NONE',  ( 2.522968687892470196, 25.19999999999999929, 1.264401180544789893 ) ) ;
#4424 = CARTESIAN_POINT ( 'NONE',  ( -6.200000000000001066, 0.0000000000000000000, 5.199999874830250945 ) ) ;
#4425 = EDGE_CURVE ( 'NONE', #4337, #3298, #5042, .T. ) ;
#4426 = ORIENTED_EDGE ( 'NONE', *, *, #2020, .F. ) ;
#4427 = CARTESIAN_POINT ( 'NONE',  ( -2.279879574323210090, 25.19999999999999929, -1.700758227578720083 ) ) ;
#4428 = CARTESIAN_POINT ( 'NONE',  ( 2.819077862357719955, 18.00000000000000355, 1.026060429977009969 ) ) ;
#4429 = CARTESIAN_POINT ( 'NONE',  ( 8.024409474993989377, -2.172792186019219418, -0.9999998973539252489 ) ) ;
#4430 = LINE ( 'NONE', #4400, #643 ) ;
#4431 = ADVANCED_FACE ( 'NONE', ( #5074 ), #3428, .T. ) ;
#4432 = ORIENTED_EDGE ( 'NONE', *, *, #6270, .F. ) ;
#4433 = EDGE_CURVE ( 'NONE', #4133, #1719, #1185, .T. ) ;
#4434 = ORIENTED_EDGE ( 'NONE', *, *, #4861, .T. ) ;
#4435 = VECTOR ( 'NONE', #1404, 1000.000000000000000 ) ;
#4436 = CARTESIAN_POINT ( 'NONE',  ( -2.424871130596430113, 25.30000000000000071, 1.400000000000009903 ) ) ;
#4437 = DIRECTION ( 'NONE',  ( 1.000000000000000000, 0.0000000000000000000, -0.0000000000000000000 ) ) ;
#4438 = PLANE ( 'NONE',  #2029 ) ;
#4439 = CARTESIAN_POINT ( 'NONE',  ( 3.000000000000000000, 25.00000000000000000, 5.902134370677321026E-15 ) ) ;
#4440 = LINE ( 'NONE', #692, #3734 ) ;
#4441 = EDGE_CURVE ( 'NONE', #3160, #3534, #1147, .T. ) ;
#4442 = DIRECTION ( 'NONE',  ( 1.000000000000000000, 0.0000000000000000000, 0.0000000000000000000 ) ) ;
#4443 = AXIS2_PLACEMENT_3D ( 'NONE', #6078, #2775, #1148 ) ;
#4444 = CARTESIAN_POINT ( 'NONE',  ( -1.924591952779949988, 25.30000000000000071, -2.040216012385959843 ) ) ;
#4445 = DIRECTION ( 'NONE',  ( 0.7071067811865480168, -0.7071067811865470176, 0.0000000000000000000 ) ) ;
#4446 = ORIENTED_EDGE ( 'NONE', *, *, #6053, .T. ) ;
#4447 = VECTOR ( 'NONE', #3492, 1000.000000000000000 ) ;
#4448 = ORIENTED_EDGE ( 'NONE', *, *, #2889, .F. ) ;
#4449 = FACE_OUTER_BOUND ( 'NONE', #4165, .T. ) ;
#4450 = AXIS2_PLACEMENT_3D ( 'NONE', #2464, #3520, #3591 ) ;
#4451 = DIRECTION ( 'NONE',  ( 0.0000000000000000000, -2.220446049250310123E-16, 1.000000000000000000 ) ) ;
#4452 = CARTESIAN_POINT ( 'NONE',  ( -1.799805307122309905, 18.00000000000000355, 2.144924440733138926 ) ) ;
#4453 = CARTESIAN_POINT ( 'NONE',  ( 1.959111205433669900, 14.80000000000000071, -3.999999910593030616 ) ) ;
#4454 = VERTEX_POINT ( 'NONE', #1729 ) ;
#4455 = AXIS2_PLACEMENT_3D ( 'NONE', #6963, #6997, #2050 ) ;
#4456 = ORIENTED_EDGE ( 'NONE', *, *, #2279, .T. ) ;
#4457 = CARTESIAN_POINT ( 'NONE',  ( -2.310132557860530067, 25.10000000000000142, -1.726502319925689921 ) ) ;
#4458 = CARTESIAN_POINT ( 'NONE',  ( -3.599999870040590189, 1.099999526143019990, -6.599999864931620053 ) ) ;
#4459 = DIRECTION ( 'NONE',  ( -0.0000000000000000000, 0.0000000000000000000, 1.000000000000000000 ) ) ;
#4460 = VECTOR ( 'NONE', #4442, 1000.000000000000000 ) ;
#4461 = ADVANCED_FACE ( 'NONE', ( #1631 ), #7032, .F. ) ;
#4462 = DIRECTION ( 'NONE',  ( 0.0000000000000000000, 0.0000000000000000000, 1.000000000000000000 ) ) ;
#4463 = ORIENTED_EDGE ( 'NONE', *, *, #546, .T. ) ;
#4464 = EDGE_CURVE ( 'NONE', #191, #4980, #3916, .T. ) ;
#4465 = VERTEX_POINT ( 'NONE', #2743 ) ;
#4466 = CIRCLE ( 'NONE', #6184, 1.400000000000000133 ) ;
#4467 = CARTESIAN_POINT ( 'NONE',  ( 0.0000000000000000000, -2.500000000000000000, 7.349999852478499740 ) ) ;
#4468 = EDGE_CURVE ( 'NONE', #2486, #2886, #28, .T. ) ;
#4469 = EDGE_CURVE ( 'NONE', #2026, #5519, #4971, .T. ) ;
#4470 = CARTESIAN_POINT ( 'NONE',  ( -6.537867814769780850, -3.657716426510969843, -0.9999998973539252489 ) ) ;
#4471 = VECTOR ( 'NONE', #3379, 1000.000000000000227 ) ;
#4472 = ORIENTED_EDGE ( 'NONE', *, *, #5523, .F. ) ;
#4473 = CARTESIAN_POINT ( 'NONE',  ( 0.6665151557711509467, 25.00000000000000000, 2.846661952091269931 ) ) ;
#4474 = DIRECTION ( 'NONE',  ( -0.0000000000000000000, -1.000000000000000000, -2.220446049250310123E-16 ) ) ;
#4475 = VERTEX_POINT ( 'NONE', #6045 ) ;
#4476 = ADVANCED_FACE ( 'NONE', ( #5510 ), #2237, .T. ) ;
#4477 = LINE ( 'NONE', #3294, #436 ) ;
#4478 = EDGE_CURVE ( 'NONE', #5665, #6168, #2766, .T. ) ;
#4479 = LINE ( 'NONE', #5051, #5430 ) ;
#4480 = CARTESIAN_POINT ( 'NONE',  ( 1.400000000000001910, 25.30000000000000071, 2.424871130596433666 ) ) ;
#4481 = ORIENTED_EDGE ( 'NONE', *, *, #4723, .T. ) ;
#4482 = ORIENTED_EDGE ( 'NONE', *, *, #5174, .T. ) ;
#4483 = CARTESIAN_POINT ( 'NONE',  ( 7.931754456707185661E-16, 25.30000000000000071, 2.800000000000010036 ) ) ;
#4484 = CARTESIAN_POINT ( 'NONE',  ( -2.101423179097909877, 25.10000000000000142, 1.975232471874159845 ) ) ;
#4485 = CARTESIAN_POINT ( 'NONE',  ( -0.4000000364014084098, -2.899999999999999911, -7.199999933264090046 ) ) ;
#4486 = CARTESIAN_POINT ( 'NONE',  ( -1.691587865731329909, 25.10000000000000142, 2.280529736418159814 ) ) ;
#4487 = DIRECTION ( 'NONE',  ( 0.0000000000000000000, 0.0000000000000000000, 1.000000000000000000 ) ) ;
#4488 = CARTESIAN_POINT ( 'NONE',  ( 2.686853529219519920, 25.30000000000000071, 0.8045829195440650228 ) ) ;
#4489 = EDGE_LOOP ( 'NONE', ( #3924, #6794, #1785, #2958, #985, #255 ) ) ;
#4490 = VERTEX_POINT ( 'NONE', #6649 ) ;
#4491 = AXIS2_PLACEMENT_3D ( 'NONE', #77, #6666, #3404 ) ;
#4492 = CARTESIAN_POINT ( 'NONE',  ( -0.9576564013118730179, 25.10000000000000142, 2.631139338200549904 ) ) ;
#4493 = PLANE ( 'NONE',  #1847 ) ;
#4494 = FACE_OUTER_BOUND ( 'NONE', #997, .T. ) ;
#4495 = FACE_OUTER_BOUND ( 'NONE', #2597, .T. ) ;
#4496 = CARTESIAN_POINT ( 'NONE',  ( 0.1736481776669299981, 25.00000000000000000, 2.851474419678880157 ) ) ;
#4497 = ORIENTED_EDGE ( 'NONE', *, *, #2760, .T. ) ;
#4498 = VECTOR ( 'NONE', #2293, 1000.000000000000114 ) ;
#4499 = ORIENTED_EDGE ( 'NONE', *, *, #6956, .T. ) ;
#4500 = CARTESIAN_POINT ( 'NONE',  ( 1.699870204748209934, 25.00000000000000000, -2.295975030939859884 ) ) ;
#4501 = DIRECTION ( 'NONE',  ( 0.0000000000000000000, -0.0000000000000000000, 1.000000000000000000 ) ) ;
#4502 = CARTESIAN_POINT ( 'NONE',  ( -1.799805307122310127, 25.30000000000000071, -2.144924440733130044 ) ) ;
#4503 = LINE ( 'NONE', #61, #2483 ) ;
#4504 = EDGE_CURVE ( 'NONE', #1744, #5068, #1767, .T. ) ;
#4505 = ORIENTED_EDGE ( 'NONE', *, *, #3197, .T. ) ;
#4506 = DIRECTION ( 'NONE',  ( -0.6882106125681438646, -1.610957944312459182E-16, 0.7255109597715119207 ) ) ;
#4507 = PLANE ( 'NONE',  #1769 ) ;
#4508 = VECTOR ( 'NONE', #1881, 1000.000000000000000 ) ;
#4509 = ORIENTED_EDGE ( 'NONE', *, *, #871, .F. ) ;
#4510 = EDGE_CURVE ( 'NONE', #2281, #6810, #5150, .T. ) ;
#4511 = EDGE_CURVE ( 'NONE', #3223, #1033, #241, .T. ) ;
#4512 = CARTESIAN_POINT ( 'NONE',  ( 2.799999999999999822, 25.30000000000000071, -0.1628973968527979987 ) ) ;
#4513 = ORIENTED_EDGE ( 'NONE', *, *, #1914, .T. ) ;
#4514 = ORIENTED_EDGE ( 'NONE', *, *, #1337, .T. ) ;
#4515 = CARTESIAN_POINT ( 'NONE',  ( -6.199999861419200009, 7.700000000000000178, 5.199999874830250057 ) ) ;
#4516 = EDGE_CURVE ( 'NONE', #4959, #6135, #3832, .T. ) ;
#4517 = CARTESIAN_POINT ( 'NONE',  ( -2.040216012385959843, 25.30000000000000071, 1.924591952779949988 ) ) ;
#4518 = CARTESIAN_POINT ( 'NONE',  ( 4.200000000000000178, 7.700000000000000178, -5.200000000000001066 ) ) ;
#4519 = PLANE ( 'NONE',  #4329 ) ;
#4520 = CARTESIAN_POINT ( 'NONE',  ( 0.4862148974674035951, 25.30000000000000071, 2.757461708434192360 ) ) ;
#4521 = EDGE_LOOP ( 'NONE', ( #2555, #541, #3614, #4740 ) ) ;
#4522 = ORIENTED_EDGE ( 'NONE', *, *, #1654, .F. ) ;
#4523 = VECTOR ( 'NONE', #4828, 1000.000000000000000 ) ;
#4524 = LINE ( 'NONE', #6710, #5397 ) ;
#4525 = LINE ( 'NONE', #4564, #4846 ) ;
#4526 = DIRECTION ( 'NONE',  ( -1.000000000000000000, -0.0000000000000000000, 0.0000000000000000000 ) ) ;
#4527 = DIRECTION ( 'NONE',  ( 0.0000000000000000000, 1.000000000000000000, 0.0000000000000000000 ) ) ;
#4528 = LINE ( 'NONE', #1213, #3533 ) ;
#4529 = DIRECTION ( 'NONE',  ( -1.000000000000000000, -0.0000000000000000000, 0.0000000000000000000 ) ) ;
#4530 = VECTOR ( 'NONE', #345, 1000.000000000000000 ) ;
#4531 = EDGE_LOOP ( 'NONE', ( #1929, #39, #944, #3585 ) ) ;
#4532 = EDGE_LOOP ( 'NONE', ( #2142, #2298, #1557, #5666 ) ) ;
#4533 = CARTESIAN_POINT ( 'NONE',  ( 1.675018661464680036, 25.30000000000000071, -2.249632869080299802 ) ) ;
#4534 = PLANE ( 'NONE',  #4929 ) ;
#4535 = CARTESIAN_POINT ( 'NONE',  ( -0.9576564013118743501, 25.30000000000000071, -2.631139338200540134 ) ) ;
#4536 = CARTESIAN_POINT ( 'NONE',  ( -1.999999905803369948, 0.7999995261430199456, -6.899999858226090410 ) ) ;
#4537 = EDGE_LOOP ( 'NONE', ( #2039, #1885, #2827, #4121 ) ) ;
#4538 = CARTESIAN_POINT ( 'NONE',  ( -2.424871130596430113, 25.30000000000000071, 1.400000000000009903 ) ) ;
#4539 = CARTESIAN_POINT ( 'NONE',  ( 4.399999963598540731, -2.899999526143020034, -6.999999848966090177 ) ) ;
#4540 = EDGE_LOOP ( 'NONE', ( #1568, #284, #5060, #2644 ) ) ;
#4541 = CARTESIAN_POINT ( 'NONE',  ( 1.978524321700099861E-17, 25.10000000000000142, 2.800000000000010036 ) ) ;
#4542 = VECTOR ( 'NONE', #1328, 1000.000000000000000 ) ;
#4543 = CARTESIAN_POINT ( 'NONE',  ( -1.499999999999999334, 25.00000000000000000, -2.598076211353309350 ) ) ;
#4544 = CARTESIAN_POINT ( 'NONE',  ( 2.757461708434179926, 25.30000000000000071, -0.4862148974673989876 ) ) ;
#4545 = EDGE_CURVE ( 'NONE', #4352, #4692, #243, .T. ) ;
#4546 = ORIENTED_EDGE ( 'NONE', *, *, #6707, .T. ) ;
#4547 = ORIENTED_EDGE ( 'NONE', *, *, #6692, .F. ) ;
#4548 = CARTESIAN_POINT ( 'NONE',  ( -0.5209445330007926867, 18.00000000000000355, 2.954423259036626170 ) ) ;
#4549 = CIRCLE ( 'NONE', #4216, 3.000000000000000000 ) ;
#4550 = EDGE_CURVE ( 'NONE', #6660, #6419, #2988, .T. ) ;
#4551 = CARTESIAN_POINT ( 'NONE',  ( -1.799805307122310127, 25.19999999999999929, 2.144924440733139814 ) ) ;
#4552 = EDGE_CURVE ( 'NONE', #7024, #3063, #5726, .T. ) ;
#4553 = LINE ( 'NONE', #6805, #5312 ) ;
#4554 = PLANE ( 'NONE',  #2025 ) ;
#4555 = VECTOR ( 'NONE', #2522, 1000.000000000000000 ) ;
#4556 = CARTESIAN_POINT ( 'NONE',  ( 2.819077862357719066, 25.00000000000000355, -1.026060429976999089 ) ) ;
#4557 = ADVANCED_FACE ( 'NONE', ( #6188 ), #5113, .T. ) ;
#4558 = ORIENTED_EDGE ( 'NONE', *, *, #5606, .T. ) ;
#4559 = ORIENTED_EDGE ( 'NONE', *, *, #1788, .T. ) ;
#4560 = EDGE_LOOP ( 'NONE', ( #4032, #2783, #4756, #2180 ) ) ;
#4561 = VECTOR ( 'NONE', #828, 1000.000000000000000 ) ;
#4562 = EDGE_CURVE ( 'NONE', #4665, #340, #6327, .T. ) ;
#4563 = DIRECTION ( 'NONE',  ( 0.0000000000000000000, -2.220446049250310123E-16, 1.000000000000000000 ) ) ;
#4564 = CARTESIAN_POINT ( 'NONE',  ( 6.200000000000001066, -0.8999999999999998002, 1.000000102646080080 ) ) ;
#4565 = CARTESIAN_POINT ( 'NONE',  ( -1.119964730995979929, 25.19999999999999929, 2.590320510433799850 ) ) ;
#4566 = CARTESIAN_POINT ( 'NONE',  ( -2.249632869080310016, 25.30000000000001137, 1.675018661464678704 ) ) ;
#4567 = B_SPLINE_SURFACE_WITH_KNOTS ( 'NONE', 3, 3, ( 
 ( #691, #1259, #2884, #2848 ),
 ( #4003, #5079, #5729, #6258 ),
 ( #766, #5581, #2919, #3469 ),
 ( #3392, #5047, #804, #4538 ) ),
 .UNSPECIFIED., .F., .F., .F.,
 ( 4, 4 ),
 ( 4, 4 ),
 ( 0.0000000000000000000, 1.000000000000000000 ),
 ( 0.0000000000000000000, 1.000000000000000000 ),
 .UNSPECIFIED. ) ;
#4568 = CARTESIAN_POINT ( 'NONE',  ( -0.9576564013118735730, 25.30000000000000071, 2.631139338200549904 ) ) ;
#4569 = EDGE_CURVE ( 'NONE', #4243, #2647, #3264, .T. ) ;
#4570 = CARTESIAN_POINT ( 'NONE',  ( 4.200000000000000178, 7.700000000000000178, 6.599999852478510398 ) ) ;
#4571 = ORIENTED_EDGE ( 'NONE', *, *, #1833, .F. ) ;
#4572 = CARTESIAN_POINT ( 'NONE',  ( 2.424871130596430113, 25.19999999999999929, -1.399999999999989919 ) ) ;
#4573 = ORIENTED_EDGE ( 'NONE', *, *, #4169, .T. ) ;
#4574 = CARTESIAN_POINT ( 'NONE',  ( 1.691587865731329909, 25.10000000000000142, -2.280529736418150488 ) ) ;
#4575 = CARTESIAN_POINT ( 'NONE',  ( 6.150576504849640358, -3.268807696858370360, 1.000000102646080080 ) ) ;
#4576 = VECTOR ( 'NONE', #4856, 1000.000000000000000 ) ;
#4577 = CARTESIAN_POINT ( 'NONE',  ( -2.757461708434179926, 18.00000000000000355, 0.4862148974674089796 ) ) ;
#4578 = CARTESIAN_POINT ( 'NONE',  ( 3.000000000000000000, 18.00000000000000355, 4.371503159461549934E-15 ) ) ;
#4579 = ORIENTED_EDGE ( 'NONE', *, *, #5797, .T. ) ;
#4580 = DIRECTION ( 'NONE',  ( 0.9999999999999998890, 0.0000000000000000000, 1.756208234393599945E-08 ) ) ;
#4581 = CIRCLE ( 'NONE', #793, 0.5500000000000001554 ) ;
#4582 = ORIENTED_EDGE ( 'NONE', *, *, #5351, .F. ) ;
#4583 = CARTESIAN_POINT ( 'NONE',  ( -2.949999994656537616, -2.500000000000000444, 7.649999852478499562 ) ) ;
#4584 = B_SPLINE_CURVE_WITH_KNOTS ( 'NONE', 3,
 ( #3257, #6986, #2071, #1028 ),
 .UNSPECIFIED., .F., .F.,
 ( 4, 4 ),
 ( 0.0000000000000000000, 0.0004885781678749949756 ),
 .UNSPECIFIED. ) ;
#4585 = VECTOR ( 'NONE', #2410, 1000.000000000000227 ) ;
#4586 = CARTESIAN_POINT ( 'NONE',  ( -6.200000000000001066, 0.0000000000000000000, 5.199999874830250057 ) ) ;
#4587 = CARTESIAN_POINT ( 'NONE',  ( 2.803265731477530220, 25.19999999999999929, -0.3252423468317650057 ) ) ;
#4588 = ORIENTED_EDGE ( 'NONE', *, *, #1477, .T. ) ;
#4589 = EDGE_LOOP ( 'NONE', ( #2274, #3694, #117, #5925 ) ) ;
#4590 = CARTESIAN_POINT ( 'NONE',  ( 4.099999999999999645, 7.799999999999999822, -5.649999999999999467 ) ) ;
#4591 = LINE ( 'NONE', #5278, #664 ) ;
#4592 = CARTESIAN_POINT ( 'NONE',  ( -1.399999999999999911, 25.30000000000000071, 2.424871130596430113 ) ) ;
#4593 = UNCERTAINTY_MEASURE_WITH_UNIT (LENGTH_MEASURE( 1.000000000000000082E-05 ), #6949, 'distance_accuracy_value', 'NONE');
#4594 = LINE ( 'NONE', #3484, #4104 ) ;
#4595 = EDGE_CURVE ( 'NONE', #5489, #6810, #5223, .T. ) ;
#4596 = ORIENTED_EDGE ( 'NONE', *, *, #1580, .F. ) ;
#4597 = EDGE_LOOP ( 'NONE', ( #4376, #2951, #1890, #6107 ) ) ;
#4598 = ADVANCED_FACE ( 'NONE', ( #3609 ), #2447, .F. ) ;
#4599 = ADVANCED_FACE ( 'NONE', ( #168 ), #2376, .T. ) ;
#4600 = CARTESIAN_POINT ( 'NONE',  ( -0.6466375168335519730, 25.30000000000000071, 2.729174872324009904 ) ) ;
#4601 = SURFACE_STYLE_USAGE ( .BOTH. , #5178 ) ;
#4602 = LINE ( 'NONE', #6677, #6811 ) ;
#4603 = DIRECTION ( 'NONE',  ( -0.0000000000000000000, 0.0000000000000000000, 1.000000000000000000 ) ) ;
#4604 = CARTESIAN_POINT ( 'NONE',  ( -2.950000000000000178, -2.500000000000000444, 7.499999852478500095 ) ) ;
#4605 = DIRECTION ( 'NONE',  ( -0.2332523937523069968, -0.0000000000000000000, 0.9724162281702309896 ) ) ;
#4606 = EDGE_CURVE ( 'NONE', #5886, #5534, #1293, .T. ) ;
#4607 = VECTOR ( 'NONE', #5268, 1000.000000000000000 ) ;
#4608 = ORIENTED_EDGE ( 'NONE', *, *, #20, .F. ) ;
#4609 = CARTESIAN_POINT ( 'NONE',  ( -1.600000036401403314, 0.7999998606303140303, -7.199999954338590413 ) ) ;
#4610 = EDGE_CURVE ( 'NONE', #4267, #6305, #5637, .T. ) ;
#4611 = DIRECTION ( 'NONE',  ( 0.0000000000000000000, 1.000000000000000000, 0.0000000000000000000 ) ) ;
#4612 = CARTESIAN_POINT ( 'NONE',  ( -4.200000000000000178, 7.700000000000000178, 5.200000000000001066 ) ) ;
#4613 = DIRECTION ( 'NONE',  ( 0.8948457966222302939, 9.911524997358902431E-17, -0.4463754028477891489 ) ) ;
#4614 = VECTOR ( 'NONE', #2021, 1000.000000000000000 ) ;
#4615 = ORIENTED_EDGE ( 'NONE', *, *, #5705, .T. ) ;
#4616 = LINE ( 'NONE', #5192, #2019 ) ;
#4617 = EDGE_LOOP ( 'NONE', ( #533, #4144, #1733, #5990, #6716, #3424 ) ) ;
#4618 = AXIS2_PLACEMENT_3D ( 'NONE', #6274, #2970, #1235 ) ;
#4619 = DIRECTION ( 'NONE',  ( 0.0000000000000000000, 0.0000000000000000000, 1.000000000000000000 ) ) ;
#4620 = DIRECTION ( 'NONE',  ( 0.0000000000000000000, -0.0000000000000000000, -1.000000000000000000 ) ) ;
#4621 = CARTESIAN_POINT ( 'NONE',  ( 0.0000000000000000000, 18.00000000000000355, 2.264854970235319974E-15 ) ) ;
#4622 = DIRECTION ( 'NONE',  ( 0.0000000000000000000, 0.0000000000000000000, -1.000000000000000000 ) ) ;
#4623 = AXIS2_PLACEMENT_3D ( 'NONE', #3069, #5197, #6415 ) ;
#4624 = EDGE_LOOP ( 'NONE', ( #3859, #979, #6876, #4312 ) ) ;
#4625 = ORIENTED_EDGE ( 'NONE', *, *, #3504, .F. ) ;
#4626 = DIRECTION ( 'NONE',  ( 0.0000000000000000000, 1.000000000000000000, 0.0000000000000000000 ) ) ;
#4627 = FACE_OUTER_BOUND ( 'NONE', #6241, .T. ) ;
#4628 = CARTESIAN_POINT ( 'NONE',  ( -1.500000000000000000, 25.00000000000000000, 2.598076211353320009 ) ) ;
#4629 = LINE ( 'NONE', #1238, #6740 ) ;
#4630 = VERTEX_POINT ( 'NONE', #6254 ) ;
#4631 = EDGE_LOOP ( 'NONE', ( #3440, #6205, #3485, #1965 ) ) ;
#4632 = ORIENTED_EDGE ( 'NONE', *, *, #6209, .F. ) ;
#4633 = CARTESIAN_POINT ( 'NONE',  ( -4.099999999999999645, 7.799999999999999822, -5.099999999999999645 ) ) ;
#4634 = FACE_OUTER_BOUND ( 'NONE', #5193, .T. ) ;
#4635 = DIRECTION ( 'NONE',  ( 0.0000000000000000000, 1.000000000000000000, 2.220446049250310123E-16 ) ) ;
#4636 = FACE_OUTER_BOUND ( 'NONE', #3180, .T. ) ;
#4637 = CARTESIAN_POINT ( 'NONE',  ( 1.599999963598586650, -2.899999999999999911, -7.199999898139919807 ) ) ;
#4638 = CARTESIAN_POINT ( 'NONE',  ( -2.933333333333330017, 25.10000000000000142, 5.459019215697869990E-15 ) ) ;
#4639 = EDGE_CURVE ( 'NONE', #1955, #6919, #801, .T. ) ;
#4640 = CARTESIAN_POINT ( 'NONE',  ( -4.099999999999999645, 7.700000000000000178, 4.629175031953969288 ) ) ;
#4641 = VECTOR ( 'NONE', #3791, 1000.000000000000000 ) ;
#4642 = EDGE_LOOP ( 'NONE', ( #3820, #5015, #832, #1451 ) ) ;
#4643 = LINE ( 'NONE', #4609, #6340 ) ;
#4644 = DIRECTION ( 'NONE',  ( -1.332507709966289905E-08, 0.0000000000000000000, 0.9999999999999998890 ) ) ;
#4645 = CARTESIAN_POINT ( 'NONE',  ( 4.099999999999999645, 7.700000000000000178, -4.549999999999998934 ) ) ;
#4646 = EDGE_CURVE ( 'NONE', #5948, #5665, #5188, .T. ) ;
#4647 = DIRECTION ( 'NONE',  ( 0.0000000000000000000, -1.000000000000000000, -0.0000000000000000000 ) ) ;
#4648 = ORIENTED_EDGE ( 'NONE', *, *, #2807, .T. ) ;
#4649 = DIRECTION ( 'NONE',  ( 0.9999999999999998890, -0.0000000000000000000, 1.332507690046919825E-08 ) ) ;
#4650 = ORIENTED_EDGE ( 'NONE', *, *, #2976, .F. ) ;
#4651 = CARTESIAN_POINT ( 'NONE',  ( 8.024409474993989377, -2.172792186019218974, 1.000000102646080080 ) ) ;
#4652 = CARTESIAN_POINT ( 'NONE',  ( 1.400000000000001910, 25.30000000000000071, 2.424871130596433666 ) ) ;
#4653 = DIRECTION ( 'NONE',  ( 0.9587633535238186955, 0.0000000000000000000, -0.2842056156020869029 ) ) ;
#4654 = CARTESIAN_POINT ( 'NONE',  ( 2.866666666666669805, 25.19999999999999929, 6.223725238877861071E-15 ) ) ;
#4655 = ORIENTED_EDGE ( 'NONE', *, *, #4595, .F. ) ;
#4656 = EDGE_LOOP ( 'NONE', ( #4426, #3958, #1232, #1320 ) ) ;
#4657 = FACE_OUTER_BOUND ( 'NONE', #6370, .T. ) ;
#4658 = FILL_AREA_STYLE_COLOUR ( '', #1474 ) ;
#4659 = AXIS2_PLACEMENT_3D ( 'NONE', #6371, #2561, #6936 ) ;
#4660 = UNCERTAINTY_MEASURE_WITH_UNIT (LENGTH_MEASURE( 1.000000000000000082E-05 ), #15, 'distance_accuracy_value', 'NONE');
#4661 = CYLINDRICAL_SURFACE ( 'NONE', #425, 0.4708249680460303566 ) ;
#4662 = VERTEX_POINT ( 'NONE', #4108 ) ;
#4663 = STYLED_ITEM ( 'NONE', ( #880 ), #532 ) ;
#4664 = ORIENTED_EDGE ( 'NONE', *, *, #4906, .F. ) ;
#4665 = VERTEX_POINT ( 'NONE', #6292 ) ;
#4666 = PLANE ( 'NONE',  #5967 ) ;
#4667 = VECTOR ( 'NONE', #6580, 1000.000000000000114 ) ;
#4668 = PLANE ( 'NONE',  #2309 ) ;
#4669 = FACE_OUTER_BOUND ( 'NONE', #787, .T. ) ;
#4670 = DIRECTION ( 'NONE',  ( 0.9171391875453948073, 0.0000000000000000000, 0.3985670717314378497 ) ) ;
#4671 = LINE ( 'NONE', #308, #4561 ) ;
#4672 = LINE ( 'NONE', #4640, #6583 ) ;
#4673 = VECTOR ( 'NONE', #6927, 1000.000000000000000 ) ;
#4674 = VERTEX_POINT ( 'NONE', #1364 ) ;
#4675 = PLANE ( 'NONE',  #6575 ) ;
#4676 = FACE_OUTER_BOUND ( 'NONE', #1811, .T. ) ;
#4677 = CARTESIAN_POINT ( 'NONE',  ( -1.400000000000004130, 25.30000000000000071, -2.424871130596422564 ) ) ;
#4678 = DIRECTION ( 'NONE',  ( 0.0000000000000000000, -0.0000000000000000000, -1.000000000000000000 ) ) ;
#4679 = VERTEX_POINT ( 'NONE', #3574 ) ;
#4680 = DIRECTION ( 'NONE',  ( -1.000000000000000000, 0.0000000000000000000, -0.0000000000000000000 ) ) ;
#4681 = VERTEX_POINT ( 'NONE', #3024 ) ;
#4682 = VECTOR ( 'NONE', #4902, 1000.000000000000227 ) ;
#4683 = DIRECTION ( 'NONE',  ( 0.0000000000000000000, -0.0000000000000000000, 1.000000000000000000 ) ) ;
#4684 = EDGE_CURVE ( 'NONE', #6380, #5626, #4325, .T. ) ;
#4685 = EDGE_CURVE ( 'NONE', #3562, #3486, #3206, .T. ) ;
#4686 = DIRECTION ( 'NONE',  ( 0.5949822993548128380, -1.784658649759619527E-16, 0.8037388030040977238 ) ) ;
#4687 =( NAMED_UNIT ( * ) PLANE_ANGLE_UNIT ( ) SI_UNIT ( $, .RADIAN. ) );
#4688 = DIRECTION ( 'NONE',  ( 1.756208234393599945E-08, 0.0000000000000000000, -0.9999999999999998890 ) ) ;
#4689 = AXIS2_PLACEMENT_3D ( 'NONE', #446, #3802, #5985 ) ;
#4690 = CARTESIAN_POINT ( 'NONE',  ( -6.749999944034679622, -0.9000000000000032419, 0.9999999776482579872 ) ) ;
#4691 = ORIENTED_EDGE ( 'NONE', *, *, #6736, .F. ) ;
#4692 = VERTEX_POINT ( 'NONE', #4181 ) ;
#4693 = EDGE_LOOP ( 'NONE', ( #1215, #3717, #6883, #5822 ) ) ;
#4694 = CARTESIAN_POINT ( 'NONE',  ( 0.4000000405524459790, 0.7999995261430199456, -6.599999864931620053 ) ) ;
#4695 = EDGE_CURVE ( 'NONE', #4054, #1744, #5403, .T. ) ;
#4696 = DIRECTION ( 'NONE',  ( -1.332507709966289905E-08, 0.0000000000000000000, 0.9999999999999998890 ) ) ;
#4697 = VECTOR ( 'NONE', #6261, 1000.000000000000000 ) ;
#4698 = EDGE_CURVE ( 'NONE', #2883, #5580, #1, .T. ) ;
#4699 =( NAMED_UNIT ( * ) SI_UNIT ( $, .STERADIAN. ) SOLID_ANGLE_UNIT ( ) );
#4700 = DIRECTION ( 'NONE',  ( -0.0000000000000000000, -1.000000000000000000, -2.220446049250310123E-16 ) ) ;
#4701 = EDGE_LOOP ( 'NONE', ( #4164, #5876, #6183, #4269 ) ) ;
#4702 = VECTOR ( 'NONE', #3634, 1000.000000000000000 ) ;
#4703 = ORIENTED_EDGE ( 'NONE', *, *, #1001, .T. ) ;
#4704 = VERTEX_POINT ( 'NONE', #3136 ) ;
#4705 = EDGE_LOOP ( 'NONE', ( #1161, #3906, #3365, #2361, #5759, #514, #6288, #4497, #4811, #951, #4482, #5148, #6498, #2467, #3170, #2795, #3282, #4076, #1374, #2698 ) ) ;
#4706 = CARTESIAN_POINT ( 'NONE',  ( -2.757461708434179926, 25.10000000000000142, -0.4862148974674010415 ) ) ;
#4707 =( NAMED_UNIT ( * ) SI_UNIT ( $, .STERADIAN. ) SOLID_ANGLE_UNIT ( ) );
#4708 = CARTESIAN_POINT ( 'NONE',  ( 0.4500000350293703044, 4.099999999999999645, 6.599999852478499740 ) ) ;
#4709 = CARTESIAN_POINT ( 'NONE',  ( 4.199999906122680038, 7.700000000000000178, -6.599999852478499740 ) ) ;
#4710 = CARTESIAN_POINT ( 'NONE',  ( -2.820790618689620111, 25.10000000000000142, -0.3246931962477530020 ) ) ;
#4711 = FACE_OUTER_BOUND ( 'NONE', #1663, .T. ) ;
#4712 = VERTEX_POINT ( 'NONE', #6511 ) ;
#4713 = DIRECTION ( 'NONE',  ( 0.09632267822599938079, 0.8320502943378565996, 0.5462730538399790392 ) ) ;
#4714 = PLANE ( 'NONE',  #3467 ) ;
#4715 = CARTESIAN_POINT ( 'NONE',  ( -1.799805307122309461, 25.00000000000000000, -2.144924440733128712 ) ) ;
#4716 = ORIENTED_EDGE ( 'NONE', *, *, #3373, .T. ) ;
#4717 = VECTOR ( 'NONE', #6063, 1000.000000000000000 ) ;
#4718 = LINE ( 'NONE', #6901, #6259 ) ;
#4719 = ORIENTED_EDGE ( 'NONE', *, *, #2574, .F. ) ;
#4720 = CARTESIAN_POINT ( 'NONE',  ( -2.757461708434179926, 25.10000000000000142, 0.4862148974674099788 ) ) ;
#4721 = CARTESIAN_POINT ( 'NONE',  ( 4.200000000000000178, 7.700000000000000178, 4.729175031953969821 ) ) ;
#4722 = AXIS2_PLACEMENT_3D ( 'NONE', #6029, #5526, #562 ) ;
#4723 = EDGE_CURVE ( 'NONE', #2396, #1182, #4219, .T. ) ;
#4724 = FACE_OUTER_BOUND ( 'NONE', #1031, .T. ) ;
#4725 = CARTESIAN_POINT ( 'NONE',  ( 2.799999999999997158, 25.30000000000000071, 6.317169010117138191E-15 ) ) ;
#4726 = LINE ( 'NONE', #4690, #5492 ) ;
#4727 = VERTEX_POINT ( 'NONE', #5973 ) ;
#4728 = ORIENTED_EDGE ( 'NONE', *, *, #1819, .T. ) ;
#4729 = EDGE_CURVE ( 'NONE', #4393, #6695, #6367, .T. ) ;
#4730 = ORIENTED_EDGE ( 'NONE', *, *, #6787, .F. ) ;
#4731 = DIRECTION ( 'NONE',  ( -0.0000000000000000000, 1.000000000000000000, 2.220446049250310123E-16 ) ) ;
#4732 = EDGE_CURVE ( 'NONE', #1338, #3513, #1439, .T. ) ;
#4733 = AXIS2_PLACEMENT_3D ( 'NONE', #4577, #6759, #6223 ) ;
#4734 = DIRECTION ( 'NONE',  ( 0.0000000000000000000, 1.000000000000000000, 0.0000000000000000000 ) ) ;
#4735 = CARTESIAN_POINT ( 'NONE',  ( -1.799805307122310127, 25.30000000000000071, 2.144924440733139814 ) ) ;
#4736 = ADVANCED_FACE ( 'NONE', ( #1547 ), #4714, .T. ) ;
#4737 = CARTESIAN_POINT ( 'NONE',  ( 1.433333333333330017, 25.19999999999999929, 2.482606157515399925 ) ) ;
#4738 = ORIENTED_EDGE ( 'NONE', *, *, #864, .F. ) ;
#4739 = VERTEX_POINT ( 'NONE', #5836 ) ;
#4740 = ORIENTED_EDGE ( 'NONE', *, *, #901, .F. ) ;
#4741 = VECTOR ( 'NONE', #5185, 1000.000000000000000 ) ;
#4742 = VERTEX_POINT ( 'NONE', #4290 ) ;
#4743 = DIRECTION ( 'NONE',  ( -0.0000000000000000000, -1.000000000000000000, 0.0000000000000000000 ) ) ;
#4744 = CARTESIAN_POINT ( 'NONE',  ( -2.729174872324009904, 25.30000000000000071, -0.6466375168335489754 ) ) ;
#4745 = EDGE_CURVE ( 'NONE', #1508, #3386, #315, .T. ) ;
#4746 = DIRECTION ( 'NONE',  ( 0.8037388030040977238, -0.0000000000000000000, -0.5949822993548128380 ) ) ;
#4747 = CARTESIAN_POINT ( 'NONE',  ( -6.199999861419200009, 0.0000000000000000000, -5.200000000000001066 ) ) ;
#4748 = DIRECTION ( 'NONE',  ( 0.0000000000000000000, 0.0000000000000000000, 1.000000000000000000 ) ) ;
#4749 = ADVANCED_FACE ( 'NONE', ( #4792 ), #3753, .T. ) ;
#4750 = CARTESIAN_POINT ( 'NONE',  ( -0.6598899094739919535, 25.10000000000000142, -2.807502093137320465 ) ) ;
#4751 = ORIENTED_EDGE ( 'NONE', *, *, #1380, .T. ) ;
#4752 = VECTOR ( 'NONE', #74, 1000.000000000000000 ) ;
#4753 = CARTESIAN_POINT ( 'NONE',  ( -0.5209445330007893560, 25.00000000000000355, -2.954423259036619953 ) ) ;
#4754 = LINE ( 'NONE', #1011, #1270 ) ;
#4755 = CARTESIAN_POINT ( 'NONE',  ( 6.750000000000000000, -0.8999999999999998002, -0.9999998973539250269 ) ) ;
#4756 = ORIENTED_EDGE ( 'NONE', *, *, #5493, .F. ) ;
#4757 = CYLINDRICAL_SURFACE ( 'NONE', #5354, 1.399999852478509554 ) ;
#4758 = ORIENTED_EDGE ( 'NONE', *, *, #3022, .F. ) ;
#4759 = CARTESIAN_POINT ( 'NONE',  ( 1.580315946745729949, 25.10000000000000142, 2.412493358344680150 ) ) ;
#4760 = AXIS2_PLACEMENT_3D ( 'NONE', #6853, #1355, #4100 ) ;
#4761 = CARTESIAN_POINT ( 'NONE',  ( -1.500000000000000000, 25.00000000000000000, -2.598076211353309795 ) ) ;
#4762 = CARTESIAN_POINT ( 'NONE',  ( -2.757461708434179926, 18.00000000000000355, -0.4862148974674010415 ) ) ;
#4763 = CARTESIAN_POINT ( 'NONE',  ( -7.358883331755659896, -2.058883450219890943, -0.9999998973539261371 ) ) ;
#4764 = CARTESIAN_POINT ( 'NONE',  ( 0.4862148974674039836, 25.30000000000000071, 2.757461708434190140 ) ) ;
#4765 = EDGE_LOOP ( 'NONE', ( #6763, #3178, #2591, #1386 ) ) ;
#4766 = LINE ( 'NONE', #2034, #2242 ) ;
#4767 = VERTEX_POINT ( 'NONE', #2055 ) ;
#4768 = DIRECTION ( 'NONE',  ( 1.000000000000000000, 0.0000000000000000000, 0.0000000000000000000 ) ) ;
#4769 = CARTESIAN_POINT ( 'NONE',  ( 0.4000000405524459790, 0.7999995261430199456, -6.599999864931620053 ) ) ;
#4770 = EDGE_CURVE ( 'NONE', #7063, #481, #3790, .T. ) ;
#4771 = CARTESIAN_POINT ( 'NONE',  ( -1.799805307122310127, 25.10000000000000142, 2.144924440733139814 ) ) ;
#4772 = CARTESIAN_POINT ( 'NONE',  ( -3.640140813776509852E-08, -1.050000000000000044, -7.199999926239249781 ) ) ;
#4773 = EDGE_LOOP ( 'NONE', ( #5993, #7088, #3410, #5627 ) ) ;
#4774 = ORIENTED_EDGE ( 'NONE', *, *, #3721, .T. ) ;
#4775 = ADVANCED_FACE ( 'NONE', ( #3096 ), #2086, .F. ) ;
#4776 = EDGE_LOOP ( 'NONE', ( #224, #3890, #5971 ) ) ;
#4777 = ORIENTED_EDGE ( 'NONE', *, *, #2047, .F. ) ;
#4778 = PLANE ( 'NONE',  #2861 ) ;
#4779 = EDGE_CURVE ( 'NONE', #5318, #5948, #5764, .T. ) ;
#4780 = EDGE_CURVE ( 'NONE', #5908, #4739, #1510, .T. ) ;
#4781 = DIRECTION ( 'NONE',  ( 0.0000000000000000000, -0.0000000000000000000, 1.000000000000000000 ) ) ;
#4782 = CARTESIAN_POINT ( 'NONE',  ( -4.099999999999999645, 7.799999999999999822, -5.099999999999999645 ) ) ;
#4783 = PRESENTATION_LAYER_ASSIGNMENT (  '', '', ( #3295 ) ) ;
#4784 = PLANE ( 'NONE',  #298 ) ;
#4785 = CARTESIAN_POINT ( 'NONE',  ( -3.000000000000000000, 18.00000000000000355, 4.024558464266190092E-15 ) ) ;
#4786 = FACE_OUTER_BOUND ( 'NONE', #1655, .T. ) ;
#4787 = EDGE_CURVE ( 'NONE', #507, #2396, #4754, .T. ) ;
#4788 = EDGE_LOOP ( 'NONE', ( #6462, #2902, #644, #5738 ) ) ;
#4789 = VECTOR ( 'NONE', #1511, 1000.000000000000000 ) ;
#4790 = CARTESIAN_POINT ( 'NONE',  ( 4.399999963598538066, -2.899999526143021811, -7.199999852478504714 ) ) ;
#4791 = EDGE_CURVE ( 'NONE', #5895, #6809, #5906, .T. ) ;
#4792 = FACE_OUTER_BOUND ( 'NONE', #6153, .T. ) ;
#4793 = LINE ( 'NONE', #6971, #6271 ) ;
#4794 = AXIS2_PLACEMENT_3D ( 'NONE', #1818, #4019, #5745 ) ;
#4795 = ORIENTED_EDGE ( 'NONE', *, *, #4069, .F. ) ;
#4796 = CARTESIAN_POINT ( 'NONE',  ( 2.729174872324009904, 25.30000000000000071, 0.6466375168335589674 ) ) ;
#4797 = ORIENTED_EDGE ( 'NONE', *, *, #6524, .F. ) ;
#4798 = CARTESIAN_POINT ( 'NONE',  ( 1.799805307122310127, 25.19999999999999929, 2.144924440733139814 ) ) ;
#4799 = AXIS2_PLACEMENT_3D ( 'NONE', #6461, #4700, #1962 ) ;
#4800 = CARTESIAN_POINT ( 'NONE',  ( 0.0000000000000000000, 18.00000000000000355, 2.264854970235319974E-15 ) ) ;
#4801 = DIRECTION ( 'NONE',  ( 0.0000000000000000000, 0.0000000000000000000, 1.000000000000000000 ) ) ;
#4802 = DIRECTION ( 'NONE',  ( -0.9981468937684691012, 0.0000000000000000000, 0.06085045982041750734 ) ) ;
#4803 = ORIENTED_EDGE ( 'NONE', *, *, #3190, .T. ) ;
#4804 = ORIENTED_EDGE ( 'NONE', *, *, #4723, .F. ) ;
#4805 = VECTOR ( 'NONE', #934, 999.9999999999998863 ) ;
#4806 = VERTEX_POINT ( 'NONE', #431 ) ;
#4807 = PLANE ( 'NONE',  #5335 ) ;
#4808 = DIRECTION ( 'NONE',  ( 0.0000000000000000000, 0.0000000000000000000, -1.000000000000000000 ) ) ;
#4809 = MECHANICAL_DESIGN_GEOMETRIC_PRESENTATION_REPRESENTATION (  '', ( #5605 ), #5156 ) ;
#4810 = LINE ( 'NONE', #5240, #1581 ) ;
#4811 = ORIENTED_EDGE ( 'NONE', *, *, #48, .T. ) ;
#4812 = ORIENTED_EDGE ( 'NONE', *, *, #4256, .F. ) ;
#4813 = VECTOR ( 'NONE', #3768, 1000.000000000000000 ) ;
#4814 = VERTEX_POINT ( 'NONE', #6474 ) ;
#4815 = ORIENTED_EDGE ( 'NONE', *, *, #1703, .T. ) ;
#4816 = DIRECTION ( 'NONE',  ( -0.3985670717314378497, -2.036458085597809406E-16, 0.9171391875453948073 ) ) ;
#4817 = FACE_OUTER_BOUND ( 'NONE', #1102, .T. ) ;
#4818 = CARTESIAN_POINT ( 'NONE',  ( -1.129202752958289979, 25.10000000000000142, -2.605222932665899993 ) ) ;
#4819 = EDGE_CURVE ( 'NONE', #872, #6626, #1757, .T. ) ;
#4820 = AXIS2_PLACEMENT_3D ( 'NONE', #1509, #5905, #975 ) ;
#4821 = CARTESIAN_POINT ( 'NONE',  ( 2.298133329356936372, 18.00000000000000355, -1.928362829059613759 ) ) ;
#4822 = DIRECTION ( 'NONE',  ( -0.0000000000000000000, -1.000000000000000000, -2.220446049250310123E-16 ) ) ;
#4823 = EDGE_CURVE ( 'NONE', #3764, #6123, #6102, .T. ) ;
#4824 = EDGE_CURVE ( 'NONE', #2886, #5976, #3953, .T. ) ;
#4825 = VERTEX_POINT ( 'NONE', #1179 ) ;
#4826 = CARTESIAN_POINT ( 'NONE',  ( 2.382625196849930127, 25.00000000000000000, -1.576120943019869935 ) ) ;
#4827 = CARTESIAN_POINT ( 'NONE',  ( 4.099999999999999645, 7.700000000000000178, -5.099999999999999645 ) ) ;
#4828 = DIRECTION ( 'NONE',  ( 1.000000000000000000, 0.0000000000000000000, -0.0000000000000000000 ) ) ;
#4829 = FACE_BOUND ( 'NONE', #1597, .T. ) ;
#4830 = EDGE_CURVE ( 'NONE', #6508, #5673, #3855, .T. ) ;
#4831 = ORIENTED_EDGE ( 'NONE', *, *, #5407, .T. ) ;
#4832 = ORIENTED_EDGE ( 'NONE', *, *, #2145, .T. ) ;
#4833 = CARTESIAN_POINT ( 'NONE',  ( 1.699870204748209934, 25.00000000000000000, 2.295975030939870098 ) ) ;
#4834 = CYLINDRICAL_SURFACE ( 'NONE', #1963, 0.5500000000000001554 ) ;
#4835 = PLANE ( 'NONE',  #2372 ) ;
#4836 = LINE ( 'NONE', #844, #7090 ) ;
#4837 = VERTEX_POINT ( 'NONE', #4930 ) ;
#4838 = ORIENTED_EDGE ( 'NONE', *, *, #6086, .F. ) ;
#4839 = ORIENTED_EDGE ( 'NONE', *, *, #6399, .F. ) ;
#4840 = FACE_OUTER_BOUND ( 'NONE', #1693, .T. ) ;
#4841 = EDGE_CURVE ( 'NONE', #1349, #4837, #1114, .T. ) ;
#4842 = B_SPLINE_CURVE_WITH_KNOTS ( 'NONE', 3,
 ( #3698, #6421, #6947, #1061 ),
 .UNSPECIFIED., .F., .F.,
 ( 4, 4 ),
 ( 0.0000000000000000000, 0.0004885781678749877115 ),
 .UNSPECIFIED. ) ;
#4843 = VECTOR ( 'NONE', #6823, 999.9999999999998863 ) ;
#4844 = SURFACE_STYLE_USAGE ( .BOTH. , #2641 ) ;
#4845 = CARTESIAN_POINT ( 'NONE',  ( 1.138437600874580014, 25.00000000000000000, 2.620118295918139939 ) ) ;
#4846 = VECTOR ( 'NONE', #2904, 1000.000000000000000 ) ;
#4847 = ORIENTED_EDGE ( 'NONE', *, *, #4468, .T. ) ;
#4848 = ORIENTED_EDGE ( 'NONE', *, *, #6042, .T. ) ;
#4849 = ORIENTED_EDGE ( 'NONE', *, *, #774, .F. ) ;
#4850 = ORIENTED_EDGE ( 'NONE', *, *, #725, .F. ) ;
#4851 = CARTESIAN_POINT ( 'NONE',  ( 1.599999999441210186, 0.7999997630715105501, -6.599999864931620053 ) ) ;
#4852 = DIRECTION ( 'NONE',  ( 2.501751711169054515E-17, -1.000000000000000000, -2.855415285133223601E-18 ) ) ;
#4853 = CARTESIAN_POINT ( 'NONE',  ( -2.757461708434179926, 25.30000000000000071, -0.4862148974674019852 ) ) ;
#4854 = SURFACE_STYLE_FILL_AREA ( #459 ) ;
#4855 = DIRECTION ( 'NONE',  ( 1.000000000000000000, 0.0000000000000000000, 0.0000000000000000000 ) ) ;
#4856 = DIRECTION ( 'NONE',  ( -6.050403047574039089E-17, -1.000000000000000000, -2.041094333682906009E-16 ) ) ;
#4857 = VERTEX_POINT ( 'NONE', #3887 ) ;
#4858 = CARTESIAN_POINT ( 'NONE',  ( -4.099999999999999645, 7.700000000000000178, 5.570824968046030001 ) ) ;
#4859 = CARTESIAN_POINT ( 'NONE',  ( 6.474999999999999645, 7.799999999999999822, 5.199999874830250057 ) ) ;
#4860 = CYLINDRICAL_SURFACE ( 'NONE', #6924, 0.4708249680460303566 ) ;
#4861 = EDGE_CURVE ( 'NONE', #818, #3774, #601, .T. ) ;
#4862 = DIRECTION ( 'NONE',  ( -0.0000000000000000000, 1.000000000000000000, 0.0000000000000000000 ) ) ;
#4863 = ORIENTED_EDGE ( 'NONE', *, *, #3329, .F. ) ;
#4864 = EDGE_CURVE ( 'NONE', #3827, #6123, #21, .T. ) ;
#4865 = CARTESIAN_POINT ( 'NONE',  ( 1.466666666666669894, 25.10000000000000142, 2.540341184434359967 ) ) ;
#4866 = LINE ( 'NONE', #2634, #5061 ) ;
#4867 = EDGE_CURVE ( 'NONE', #2264, #6471, #7110, .T. ) ;
#4868 = CARTESIAN_POINT ( 'NONE',  ( -0.1664808010194140098, 25.19999999999999929, -2.817155566939959943 ) ) ;
#4869 = CARTESIAN_POINT ( 'NONE',  ( 0.3472963553338609954, 25.00000000000000000, 2.902948839357760047 ) ) ;
#4870 = VERTEX_POINT ( 'NONE', #3312 ) ;
#4871 = DIRECTION ( 'NONE',  ( 0.0000000000000000000, -2.220446049250310123E-16, 1.000000000000000000 ) ) ;
#4872 = ORIENTED_EDGE ( 'NONE', *, *, #5891, .F. ) ;
#4873 = DIRECTION ( 'NONE',  ( -0.0000000000000000000, -1.000000000000000000, 0.0000000000000000000 ) ) ;
#4874 = VECTOR ( 'NONE', #1415, 1000.000000000000114 ) ;
#4875 = EDGE_CURVE ( 'NONE', #1497, #1559, #637, .T. ) ;
#4876 = CARTESIAN_POINT ( 'NONE',  ( 1.500000000000000000, 25.00000000000000000, -2.598076211353309795 ) ) ;
#4877 = CARTESIAN_POINT ( 'NONE',  ( -2.400000043426246066, -2.899999860630310344, -6.799999964875836689 ) ) ;
#4878 = VECTOR ( 'NONE', #5462, 1000.000000000000000 ) ;
#4879 = EDGE_LOOP ( 'NONE', ( #6464, #4751, #4113, #6531 ) ) ;
#4880 = ORIENTED_EDGE ( 'NONE', *, *, #4864, .T. ) ;
#4881 = ORIENTED_EDGE ( 'NONE', *, *, #280, .F. ) ;
#4882 = VERTEX_POINT ( 'NONE', #2157 ) ;
#4883 = LINE ( 'NONE', #2721, #2432 ) ;
#4884 = DIRECTION ( 'NONE',  ( 1.000000000000000000, 0.0000000000000000000, -0.0000000000000000000 ) ) ;
#4885 = CARTESIAN_POINT ( 'NONE',  ( 0.9576564013118730179, 25.19999999999999929, -2.631139338200540134 ) ) ;
#4886 = SURFACE_STYLE_USAGE ( .BOTH. , #2690 ) ;
#4887 = CARTESIAN_POINT ( 'NONE',  ( -2.424871130596426116, 18.00000000000000355, -1.399999999999999911 ) ) ;
#4888 = CARTESIAN_POINT ( 'NONE',  ( -4.099999999999999645, 7.700000000000000178, 5.099999999999999645 ) ) ;
#4889 = VERTEX_POINT ( 'NONE', #4458 ) ;
#4890 = FACE_OUTER_BOUND ( 'NONE', #4656, .T. ) ;
#4891 = CARTESIAN_POINT ( 'NONE',  ( 1.600000013730360049, 0.7999995261430199456, -6.599999864931620053 ) ) ;
#4892 = CARTESIAN_POINT ( 'NONE',  ( -8.022792055261529498, -2.172792186019219862, 1.000000071396624612 ) ) ;
#4893 = CARTESIAN_POINT ( 'NONE',  ( 1.076594577956270217E-15, 25.00000000000000000, -2.799999999999990052 ) ) ;
#4894 = ORIENTED_EDGE ( 'NONE', *, *, #3866, .T. ) ;
#4895 = VECTOR ( 'NONE', #5374, 1000.000000000000000 ) ;
#4896 = EDGE_LOOP ( 'NONE', ( #7108, #377, #4839, #3765 ) ) ;
#4897 = FACE_OUTER_BOUND ( 'NONE', #7097, .T. ) ;
#4898 = DIRECTION ( 'NONE',  ( 0.0000000000000000000, 1.000000000000000000, 0.0000000000000000000 ) ) ;
#4899 = VECTOR ( 'NONE', #5655, 1000.000000000000114 ) ;
#4900 = DIRECTION ( 'NONE',  ( 0.0000000000000000000, 1.000000000000000000, 0.0000000000000000000 ) ) ;
#4901 = EDGE_CURVE ( 'NONE', #891, #4129, #6448, .T. ) ;
#4902 = DIRECTION ( 'NONE',  ( -0.9999999999999997780, 0.0000000000000000000, -1.756208373171469421E-08 ) ) ;
#4903 = ORIENTED_EDGE ( 'NONE', *, *, #5168, .T. ) ;
#4904 = DIRECTION ( 'NONE',  ( -0.0000000000000000000, 1.000000000000000000, 2.220446049250310123E-16 ) ) ;
#4905 = PLANE ( 'NONE',  #1299 ) ;
#4906 = EDGE_CURVE ( 'NONE', #1582, #1095, #1658, .T. ) ;
#4907 = CIRCLE ( 'NONE', #5134, 0.4708249680460303566 ) ;
#4908 = ADVANCED_FACE ( 'NONE', ( #5030 ), #2801, .T. ) ;
#4909 = CARTESIAN_POINT ( 'NONE',  ( 3.599999967669815337, 1.099999526143019990, -7.199999851520569649 ) ) ;
#4910 = CARTESIAN_POINT ( 'NONE',  ( -2.400000036401412906, -2.899999860630309900, -7.199999968388250515 ) ) ;
#4911 = LINE ( 'NONE', #4381, #2383 ) ;
#4912 = EDGE_CURVE ( 'NONE', #340, #4132, #3823, .T. ) ;
#4913 = ORIENTED_EDGE ( 'NONE', *, *, #6099, .F. ) ;
#4914 = EDGE_LOOP ( 'NONE', ( #3578, #4903, #6651, #7054 ) ) ;
#4915 = CARTESIAN_POINT ( 'NONE',  ( -0.6532627631307119653, 25.19999999999999929, -2.768334731277939831 ) ) ;
#4916 = EDGE_CURVE ( 'NONE', #4806, #5774, #1689, .T. ) ;
#4917 = DIRECTION ( 'NONE',  ( 0.7071067811865480168, -0.7071067811865470176, 0.0000000000000000000 ) ) ;
#4918 = AXIS2_PLACEMENT_3D ( 'NONE', #4785, #1041, #461 ) ;
#4919 = CARTESIAN_POINT ( 'NONE',  ( 2.144924440733139814, 25.30000000000000071, -1.799805307122300135 ) ) ;
#4920 = SURFACE_SIDE_STYLE ('',( #2688 ) ) ;
#4921 = LINE ( 'NONE', #4762, #3865 ) ;
#4922 = LINE ( 'NONE', #1039, #3625 ) ;
#4923 = B_SPLINE_SURFACE_WITH_KNOTS ( 'NONE', 3, 3, ( 
 ( #4210, #2081, #3709, #2220 ),
 ( #3848, #2728, #5966, #2621 ),
 ( #6031, #1074, #4423, #6603 ),
 ( #2761, #1541, #6541, #2653 ) ),
 .UNSPECIFIED., .F., .F., .F.,
 ( 4, 4 ),
 ( 4, 4 ),
 ( 0.0000000000000000000, 1.000000000000000000 ),
 ( 0.0000000000000000000, 1.000000000000000000 ),
 .UNSPECIFIED. ) ;
#4924 = LINE ( 'NONE', #2762, #3065 ) ;
#4925 = ORIENTED_EDGE ( 'NONE', *, *, #4947, .F. ) ;
#4926 = VECTOR ( 'NONE', #5050, 1000.000000000000000 ) ;
#4927 = VERTEX_POINT ( 'NONE', #3346 ) ;
#4928 = LINE ( 'NONE', #3917, #447 ) ;
#4929 = AXIS2_PLACEMENT_3D ( 'NONE', #1799, #1292, #242 ) ;
#4930 = CARTESIAN_POINT ( 'NONE',  ( -2.399999931747362147, 1.099999526143019990, -7.199999851520569649 ) ) ;
#4931 = CARTESIAN_POINT ( 'NONE',  ( -5.599999852478504181, 7.799999999999999822, 5.199999874830250057 ) ) ;
#4932 = CARTESIAN_POINT ( 'NONE',  ( 8.024409474993989377, -2.172792186019218974, -0.9999998973539250269 ) ) ;
#4933 = ORIENTED_EDGE ( 'NONE', *, *, #2235, .F. ) ;
#4934 = VECTOR ( 'NONE', #752, 1000.000000000000000 ) ;
#4935 = ORIENTED_EDGE ( 'NONE', *, *, #2057, .F. ) ;
#4936 = CARTESIAN_POINT ( 'NONE',  ( 2.785748544544358829, 25.30000000000001137, 0.3257922781012629887 ) ) ;
#4937 = CARTESIAN_POINT ( 'NONE',  ( 4.399999963598540731, -1.050000000000000044, -7.199999848966086802 ) ) ;
#4938 = DIRECTION ( 'NONE',  ( -0.8339953368018132585, 1.225178827103780643E-16, -0.5517714909206801188 ) ) ;
#4939 = ORIENTED_EDGE ( 'NONE', *, *, #2092, .T. ) ;
#4940 = CARTESIAN_POINT ( 'NONE',  ( 0.0000000000000000000, 18.00000000000000355, 2.264854970235319974E-15 ) ) ;
#4941 = CARTESIAN_POINT ( 'NONE',  ( -2.756431687638659866, 25.10000000000000142, -1.003259087088619994 ) ) ;
#4942 = ADVANCED_FACE ( 'NONE', ( #2696 ), #5468, .T. ) ;
#4943 = DIRECTION ( 'NONE',  ( 0.0000000000000000000, 1.000000000000000000, 2.220446049250310123E-16 ) ) ;
#4944 = PLANE ( 'NONE',  #2204 ) ;
#4945 = ADVANCED_FACE ( 'NONE', ( #1081 ), #4493, .F. ) ;
#4946 = CARTESIAN_POINT ( 'NONE',  ( 0.4862148974674044277, 25.30000000000000071, -2.757461708434171932 ) ) ;
#4947 = EDGE_CURVE ( 'NONE', #4133, #1955, #4399, .T. ) ;
#4948 = ORIENTED_EDGE ( 'NONE', *, *, #6406, .T. ) ;
#4949 = ORIENTED_EDGE ( 'NONE', *, *, #2135, .T. ) ;
#4950 = DIRECTION ( 'NONE',  ( -0.9999999999999998890, 0.0000000000000000000, -1.332507709966289905E-08 ) ) ;
#4951 = AXIS2_PLACEMENT_3D ( 'NONE', #1036, #4387, #6631 ) ;
#4952 = CARTESIAN_POINT ( 'NONE',  ( -1.965914647867190057, 25.00000000000000000, 2.072737236841970088 ) ) ;
#4953 = EDGE_CURVE ( 'NONE', #3827, #3756, #4525, .T. ) ;
#4954 = DIRECTION ( 'NONE',  ( 0.0000000000000000000, 1.000000000000000000, 0.0000000000000000000 ) ) ;
#4955 = CARTESIAN_POINT ( 'NONE',  ( 2.144924440733139814, 25.30000000000000071, 1.799805307122319897 ) ) ;
#4956 = AXIS2_PLACEMENT_3D ( 'NONE', #4891, #3918, #86 ) ;
#4957 = LINE ( 'NONE', #5496, #4878 ) ;
#4958 = ADVANCED_FACE ( 'NONE', ( #4634 ), #6526, .F. ) ;
#4959 = VERTEX_POINT ( 'NONE', #790 ) ;
#4960 = VECTOR ( 'NONE', #528, 1000.000000000000000 ) ;
#4961 = EDGE_LOOP ( 'NONE', ( #5749, #216, #4304, #2062 ) ) ;
#4962 = CARTESIAN_POINT ( 'NONE',  ( -2.757461708434179926, 25.30000000000000071, 0.4862148974674086466 ) ) ;
#4963 = DIRECTION ( 'NONE',  ( -0.0000000000000000000, 1.000000000000000000, 0.0000000000000000000 ) ) ;
#4964 = DIRECTION ( 'NONE',  ( 0.0000000000000000000, 0.0000000000000000000, 1.000000000000000000 ) ) ;
#4965 = CARTESIAN_POINT ( 'NONE',  ( -4.099999999999999645, 8.000000000000000000, -5.099999999999999645 ) ) ;
#4966 = ADVANCED_FACE ( 'NONE', ( #4023 ), #3317, .F. ) ;
#4967 = AXIS2_PLACEMENT_3D ( 'NONE', #1739, #2419, #3397 ) ;
#4968 = ORIENTED_EDGE ( 'NONE', *, *, #2318, .F. ) ;
#4969 = ORIENTED_EDGE ( 'NONE', *, *, #955, .T. ) ;
#4970 = LINE ( 'NONE', #4034, #6636 ) ;
#4971 = LINE ( 'NONE', #1091, #4031 ) ;
#4972 = CARTESIAN_POINT ( 'NONE',  ( 0.5209445330007920205, 18.00000000000000355, -2.954423259036619953 ) ) ;
#4973 = ORIENTED_EDGE ( 'NONE', *, *, #226, .T. ) ;
#4974 = LINE ( 'NONE', #5448, #2706 ) ;
#4975 = LINE ( 'NONE', #2240, #4063 ) ;
#4976 =( NAMED_UNIT ( * ) SI_UNIT ( $, .STERADIAN. ) SOLID_ANGLE_UNIT ( ) );
#4977 = VECTOR ( 'NONE', #3532, 1000.000000000000000 ) ;
#4978 = CARTESIAN_POINT ( 'NONE',  ( 0.0000000000000000000, 18.00000000000000355, 2.264854970235320368E-15 ) ) ;
#4979 = DIRECTION ( 'NONE',  ( -1.000000000000000000, -0.0000000000000000000, 0.0000000000000000000 ) ) ;
#4980 = VERTEX_POINT ( 'NONE', #5603 ) ;
#4981 = EDGE_LOOP ( 'NONE', ( #4505, #5200 ) ) ;
#4982 = PLANE ( 'NONE',  #3488 ) ;
#4983 = VECTOR ( 'NONE', #6455, 1000.000000000000114 ) ;
#4984 = CARTESIAN_POINT ( 'NONE',  ( -1.924591952779949988, 25.30000000000000071, 2.040216012385970057 ) ) ;
#4985 = ADVANCED_FACE ( 'NONE', ( #713 ), #2403, .T. ) ;
#4986 = CARTESIAN_POINT ( 'NONE',  ( -2.424871130596431446, 18.00000000000000355, 1.400000000000005240 ) ) ;
#4987 = AXIS2_PLACEMENT_3D ( 'NONE', #496, #1648, #1616 ) ;
#4988 = DIRECTION ( 'NONE',  ( 0.0000000000000000000, 0.0000000000000000000, 1.000000000000000000 ) ) ;
#4989 = CARTESIAN_POINT ( 'NONE',  ( -2.949999989313075055, 4.099999999999999645, 7.349999852478499740 ) ) ;
#4990 = CARTESIAN_POINT ( 'NONE',  ( 2.693785512919599778, 25.19999999999999929, 0.9804577442002571086 ) ) ;
#4991 = ADVANCED_FACE ( 'NONE', ( #3489 ), #1284, .T. ) ;
#4992 = ORIENTED_EDGE ( 'NONE', *, *, #1741, .F. ) ;
#4993 = EDGE_LOOP ( 'NONE', ( #1902, #3730, #2255, #146 ) ) ;
#4994 = ADVANCED_FACE ( 'NONE', ( #5677 ), #2469, .T. ) ;
#4995 = ADVANCED_FACE ( 'NONE', ( #2435 ), #4668, .T. ) ;
#4996 = DIRECTION ( 'NONE',  ( 0.0000000000000000000, 1.000000000000000000, 0.0000000000000000000 ) ) ;
#4997 = CARTESIAN_POINT ( 'NONE',  ( -2.298133329356930155, 18.00000000000000355, 1.928362829059620198 ) ) ;
#4998 = CARTESIAN_POINT ( 'NONE',  ( -0.3999999670311810140, 0.7999997630715105501, -6.599999864931620053 ) ) ;
#4999 = DIRECTION ( 'NONE',  ( 1.000000000000000000, -0.0000000000000000000, 0.0000000000000000000 ) ) ;
#5000 = ADVANCED_FACE ( 'NONE', ( #5787 ), #2011, .T. ) ;
#5001 = EDGE_LOOP ( 'NONE', ( #623, #109, #1241, #566, #4231, #5276 ) ) ;
#5002 = CLOSED_SHELL ( 'NONE', ( #3243, #6696, #7047, #1794, #4945, #2258, #4025, #6046, #4250, #4749, #2233, #2088, #240, #3279, #5532, #2880, #916, #13, #144, #1910, #5089, #7005, #1382, #190, #961, #3546 ) ) ;
#5003 = EDGE_CURVE ( 'NONE', #4674, #2108, #2739, .T. ) ;
#5004 = PLANE ( 'NONE',  #2627 ) ;
#5005 = DIRECTION ( 'NONE',  ( -0.0000000000000000000, -1.000000000000000000, -0.0000000000000000000 ) ) ;
#5006 = DIRECTION ( 'NONE',  ( -0.0000000000000000000, -0.0000000000000000000, 1.000000000000000000 ) ) ;
#5007 = VECTOR ( 'NONE', #3270, 1000.000000000000000 ) ;
#5008 = ORIENTED_EDGE ( 'NONE', *, *, #2711, .F. ) ;
#5009 = FACE_OUTER_BOUND ( 'NONE', #4489, .T. ) ;
#5010 = DIRECTION ( 'NONE',  ( 0.7255109597715122538, 0.0000000000000000000, -0.6882106125681433095 ) ) ;
#5011 = ORIENTED_EDGE ( 'NONE', *, *, #5958, .T. ) ;
#5012 = CARTESIAN_POINT ( 'NONE',  ( 4.199999965354797027, 7.700000000000000178, -6.599999852478498852 ) ) ;
#5013 = AXIS2_PLACEMENT_3D ( 'NONE', #7086, #6556, #3833 ) ;
#5014 = DIRECTION ( 'NONE',  ( 1.000000000000000000, 0.0000000000000000000, 0.0000000000000000000 ) ) ;
#5015 = ORIENTED_EDGE ( 'NONE', *, *, #6918, .F. ) ;
#5016 = VECTOR ( 'NONE', #2552, 1000.000000000000000 ) ;
#5017 = ORIENTED_EDGE ( 'NONE', *, *, #1777, .F. ) ;
#5018 = CARTESIAN_POINT ( 'NONE',  ( -6.200000000000001066, 0.0000000000000000000, 5.199999874830250057 ) ) ;
#5019 = CARTESIAN_POINT ( 'NONE',  ( 2.778000426408699930, 25.00000000000000000, -0.6661634083039329468 ) ) ;
#5020 = FACE_OUTER_BOUND ( 'NONE', #5917, .T. ) ;
#5021 = VECTOR ( 'NONE', #3033, 1000.000000000000114 ) ;
#5022 =( NAMED_UNIT ( * ) PLANE_ANGLE_UNIT ( ) SI_UNIT ( $, .RADIAN. ) );
#5023 = UNCERTAINTY_MEASURE_WITH_UNIT (LENGTH_MEASURE( 1.000000000000000082E-05 ), #564, 'distance_accuracy_value', 'NONE');
#5024 = CARTESIAN_POINT ( 'NONE',  ( 2.631139338200540134, 25.30000000000000071, 0.9576564013118790131 ) ) ;
#5025 = ORIENTED_EDGE ( 'NONE', *, *, #6217, .T. ) ;
#5026 = VECTOR ( 'NONE', #3711, 1000.000000000000000 ) ;
#5027 = VERTEX_POINT ( 'NONE', #3127 ) ;
#5028 = ADVANCED_FACE ( 'NONE', ( #5324 ), #5248, .F. ) ;
#5029 = CARTESIAN_POINT ( 'NONE',  ( -0.5093679878229959712, 25.10000000000000142, 2.888769408835820229 ) ) ;
#5030 = FACE_OUTER_BOUND ( 'NONE', #338, .T. ) ;
#5031 = CARTESIAN_POINT ( 'NONE',  ( 0.0000000000000000000, 18.00000000000000355, 2.264854970235320762E-15 ) ) ;
#5032 = AXIS2_PLACEMENT_3D ( 'NONE', #6770, #5202, #3626 ) ;
#5033 = PLANE ( 'NONE',  #1221 ) ;
#5034 = LINE ( 'NONE', #3992, #1586 ) ;
#5035 = EDGE_CURVE ( 'NONE', #3225, #6508, #457, .T. ) ;
#5036 = EDGE_CURVE ( 'NONE', #5286, #1797, #4171, .T. ) ;
#5037 = ORIENTED_EDGE ( 'NONE', *, *, #5962, .T. ) ;
#5038 = VERTEX_POINT ( 'NONE', #380 ) ;
#5039 = AXIS2_PLACEMENT_3D ( 'NONE', #2877, #129, #4644 ) ;
#5040 = DIRECTION ( 'NONE',  ( 0.0000000000000000000, -2.220446049250310123E-16, 1.000000000000000000 ) ) ;
#5041 = FACE_OUTER_BOUND ( 'NONE', #3138, .T. ) ;
#5042 = LINE ( 'NONE', #5578, #5183 ) ;
#5043 = CARTESIAN_POINT ( 'NONE',  ( 7.359692041621889835, -2.059692160086119994, 1.000000102646080080 ) ) ;
#5044 = VECTOR ( 'NONE', #5288, 1000.000000000000000 ) ;
#5045 = EDGE_CURVE ( 'NONE', #6194, #1909, #6096, .T. ) ;
#5046 = ORIENTED_EDGE ( 'NONE', *, *, #6538, .T. ) ;
#5047 = CARTESIAN_POINT ( 'NONE',  ( -2.424871130596430113, 25.10000000000000142, 1.400000000000009903 ) ) ;
#5048 = CARTESIAN_POINT ( 'NONE',  ( 6.750000000000000000, 7.799999999999998934, -0.9999998973539250269 ) ) ;
#5049 = ORIENTED_EDGE ( 'NONE', *, *, #2411, .F. ) ;
#5050 = DIRECTION ( 'NONE',  ( 0.0000000000000000000, 0.0000000000000000000, -1.000000000000000000 ) ) ;
#5051 = CARTESIAN_POINT ( 'NONE',  ( -4.200000000000000178, 0.0000000000000000000, -6.600000000000000533 ) ) ;
#5052 = CARTESIAN_POINT ( 'NONE',  ( -2.424871130596430113, 25.30000000000000071, 1.400000000000009903 ) ) ;
#5053 = ORIENTED_EDGE ( 'NONE', *, *, #4824, .F. ) ;
#5054 = ORIENTED_EDGE ( 'NONE', *, *, #5443, .F. ) ;
#5055 = DIRECTION ( 'NONE',  ( 1.000000000000000000, 0.0000000000000000000, -0.0000000000000000000 ) ) ;
#5056 =( NAMED_UNIT ( * ) SI_UNIT ( $, .STERADIAN. ) SOLID_ANGLE_UNIT ( ) );
#5057 = FACE_OUTER_BOUND ( 'NONE', #4879, .T. ) ;
#5058 = DIRECTION ( 'NONE',  ( 0.8339953368018132585, 1.225178827103780643E-16, -0.5517714909206801188 ) ) ;
#5059 = ORIENTED_EDGE ( 'NONE', *, *, #3011, .T. ) ;
#5060 = ORIENTED_EDGE ( 'NONE', *, *, #3677, .T. ) ;
#5061 = VECTOR ( 'NONE', #2064, 1000.000000000000000 ) ;
#5062 = CARTESIAN_POINT ( 'NONE',  ( -1.799805307122310127, 25.30000000000000071, -2.144924440733130044 ) ) ;
#5063 = CARTESIAN_POINT ( 'NONE',  ( 2.101423179097909877, 25.10000000000000142, -1.975232471874149853 ) ) ;
#5064 = CARTESIAN_POINT ( 'NONE',  ( 0.0000000000000000000, 16.39999999999999858, 1.909583602355269960E-15 ) ) ;
#5065 = CARTESIAN_POINT ( 'NONE',  ( 6.200000000000001066, 7.799999999999998934, -0.9999998973539250269 ) ) ;
#5066 = CARTESIAN_POINT ( 'NONE',  ( 2.399999995848959955, 1.099999526143019990, -6.599999864931620053 ) ) ;
#5067 = CARTESIAN_POINT ( 'NONE',  ( -2.400000043426250063, -1.050000000000000044, -6.799999968388253713 ) ) ;
#5068 = VERTEX_POINT ( 'NONE', #3044 ) ;
#5069 = VECTOR ( 'NONE', #2412, 1000.000000000000000 ) ;
#5070 = ORIENTED_EDGE ( 'NONE', *, *, #2750, .F. ) ;
#5071 = CARTESIAN_POINT ( 'NONE',  ( 1.560692439513259977, 25.19999999999999929, -2.377954694971930127 ) ) ;
#5072 = DIRECTION ( 'NONE',  ( -0.5517714909206801188, -0.0000000000000000000, 0.8339953368018132585 ) ) ;
#5073 = ADVANCED_FACE ( 'NONE', ( #6392 ), #6011, .F. ) ;
#5074 = FACE_OUTER_BOUND ( 'NONE', #5619, .T. ) ;
#5075 = COLOUR_RGB ( '',0.2666666666666666630, 0.5843137254901961120, 0.2823529411764705843 ) ;
#5076 = DIRECTION ( 'NONE',  ( -0.2842056156020869029, 2.128882300497939282E-16, -0.9587633535238186955 ) ) ;
#5077 = ORIENTED_EDGE ( 'NONE', *, *, #406, .F. ) ;
#5078 = ADVANCED_FACE ( 'NONE', ( #4817 ), #2619, .T. ) ;
#5079 = CARTESIAN_POINT ( 'NONE',  ( -2.310132557860530067, 25.10000000000000142, 1.726502319925699913 ) ) ;
#5080 = CARTESIAN_POINT ( 'NONE',  ( 2.000000004789660224, 1.099999526143019990, -6.899999858226090410 ) ) ;
#5081 = EDGE_CURVE ( 'NONE', #1787, #3298, #5899, .T. ) ;
#5082 = EDGE_LOOP ( 'NONE', ( #3876, #208, #7016 ) ) ;
#5083 = DIRECTION ( 'NONE',  ( -0.7071067811865483499, 0.7071067811865467956, 0.0000000000000000000 ) ) ;
#5084 = ADVANCED_FACE ( 'NONE', ( #6888 ), #5825, .T. ) ;
#5085 = DIRECTION ( 'NONE',  ( -1.061840306997434080E-16, -1.000000000000000000, -1.434399406928705902E-16 ) ) ;
#5086 = DIRECTION ( 'NONE',  ( 0.0000000000000000000, -1.000000000000000000, -2.220446049250310123E-16 ) ) ;
#5087 = VERTEX_POINT ( 'NONE', #969 ) ;
#5088 = ORIENTED_EDGE ( 'NONE', *, *, #5003, .T. ) ;
#5089 = ADVANCED_FACE ( 'NONE', ( #2650 ), #3198, .T. ) ;
#5090 = B_SPLINE_CURVE_WITH_KNOTS ( 'NONE', 3,
 ( #2542, #4198, #6384, #3700 ),
 .UNSPECIFIED., .F., .F.,
 ( 4, 4 ),
 ( 2.168404344971008868E-18, 0.0004885781678749926988 ),
 .UNSPECIFIED. ) ;
#5091 = CARTESIAN_POINT ( 'NONE',  ( 2.761313088571899943, 25.10000000000000142, -0.8322696212631649493 ) ) ;
#5092 = ADVANCED_FACE ( 'NONE', ( #2759 ), #1715, .F. ) ;
#5093 = DIRECTION ( 'NONE',  ( -0.0000000000000000000, -1.000000000000000000, -0.0000000000000000000 ) ) ;
#5094 = CARTESIAN_POINT ( 'NONE',  ( 6.200000000000001066, 7.799999999999999822, -0.9999998973539250269 ) ) ;
#5095 = UNCERTAINTY_MEASURE_WITH_UNIT (LENGTH_MEASURE( 1.000000000000000082E-05 ), #2862, 'distance_accuracy_value', 'NONE');
#5096 = DIRECTION ( 'NONE',  ( 0.0000000000000000000, 1.000000000000000000, 2.220446049250310123E-16 ) ) ;
#5097 = ORIENTED_EDGE ( 'NONE', *, *, #6449, .T. ) ;
#5098 = EDGE_LOOP ( 'NONE', ( #6706, #3316, #2737, #1009 ) ) ;
#5099 = EDGE_LOOP ( 'NONE', ( #5885, #3325, #4053, #4547 ) ) ;
#5100 = VECTOR ( 'NONE', #4291, 1000.000000000000114 ) ;
#5101 = CARTESIAN_POINT ( 'NONE',  ( -1.999999905803369948, 0.7999995261430199456, -6.599999864931620053 ) ) ;
#5102 = CARTESIAN_POINT ( 'NONE',  ( -2.049999999999999822, -2.500000000000000000, 7.499999852478500095 ) ) ;
#5103 = CARTESIAN_POINT ( 'NONE',  ( -1.319218800437290007, 25.00000000000000000, -2.609097253635720204 ) ) ;
#5104 = PLANE ( 'NONE',  #2342 ) ;
#5105 = CARTESIAN_POINT ( 'NONE',  ( -6.199999906122684479, -0.9000000245869160809, 1.000000102646080080 ) ) ;
#5106 = CARTESIAN_POINT ( 'NONE',  ( 6.539485234502239841, -3.657716426510969843, 1.000000102646080080 ) ) ;
#5107 = VECTOR ( 'NONE', #715, 1000.000000000000227 ) ;
#5108 = VERTEX_POINT ( 'NONE', #563 ) ;
#5109 = CARTESIAN_POINT ( 'NONE',  ( 2.070816821900109961, 25.19999999999999929, 1.949909513856590282 ) ) ;
#5110 = EDGE_LOOP ( 'NONE', ( #909, #4092, #751, #2673 ) ) ;
#5111 = DIRECTION ( 'NONE',  ( 0.7071067811865470176, -0.7071067811865479058, 0.0000000000000000000 ) ) ;
#5112 = CARTESIAN_POINT ( 'NONE',  ( 3.999999960086180639, 1.099999526143019990, -6.899999858226090410 ) ) ;
#5113 = PLANE ( 'NONE',  #5190 ) ;
#5114 = PLANE ( 'NONE',  #5479 ) ;
#5115 = ORIENTED_EDGE ( 'NONE', *, *, #2351, .T. ) ;
#5116 = LINE ( 'NONE', #2991, #6497 ) ;
#5117 = VECTOR ( 'NONE', #4649, 1000.000000000000114 ) ;
#5118 = ORIENTED_EDGE ( 'NONE', *, *, #2360, .T. ) ;
#5119 = CARTESIAN_POINT ( 'NONE',  ( 3.599999959687081752, 0.7999995261430202786, -6.799999855990920494 ) ) ;
#5120 = ADVANCED_FACE ( 'NONE', ( #628 ), #2150, .F. ) ;
#5121 = VECTOR ( 'NONE', #1952, 1000.000000000000000 ) ;
#5122 = CARTESIAN_POINT ( 'NONE',  ( -6.148959085117179590, -3.268807696858369916, -0.9999998973539250269 ) ) ;
#5123 = CARTESIAN_POINT ( 'NONE',  ( 2.757461708434179926, 25.00000000000000000, -0.4862148974673999868 ) ) ;
#5124 = ORIENTED_EDGE ( 'NONE', *, *, #1737, .F. ) ;
#5125 = EDGE_CURVE ( 'NONE', #465, #3360, #6632, .T. ) ;
#5126 = EDGE_LOOP ( 'NONE', ( #6279, #6228, #1726, #274 ) ) ;
#5127 = DIRECTION ( 'NONE',  ( 0.0000000000000000000, 0.0000000000000000000, 1.000000000000000000 ) ) ;
#5128 = EDGE_CURVE ( 'NONE', #1385, #6142, #4161, .T. ) ;
#5129 = VECTOR ( 'NONE', #2635, 1000.000000000000000 ) ;
#5130 = PLANE ( 'NONE',  #6980 ) ;
#5131 = FACE_BOUND ( 'NONE', #3571, .T. ) ;
#5132 = CARTESIAN_POINT ( 'NONE',  ( 1.799805307122310127, 25.30000000000000071, -2.144924440733130044 ) ) ;
#5133 = EDGE_CURVE ( 'NONE', #1727, #3360, #3370, .T. ) ;
#5134 = AXIS2_PLACEMENT_3D ( 'NONE', #972, #5901, #6506 ) ;
#5135 = CARTESIAN_POINT ( 'NONE',  ( -4.099999999999999645, 7.700000000000000178, 5.099999999999999645 ) ) ;
#5136 = EDGE_LOOP ( 'NONE', ( #133, #4042, #6425, #2091 ) ) ;
#5137 = ADVANCED_FACE ( 'NONE', ( #1106 ), #5996, .T. ) ;
#5138 = ORIENTED_EDGE ( 'NONE', *, *, #689, .F. ) ;
#5139 = ORIENTED_EDGE ( 'NONE', *, *, #271, .F. ) ;
#5140 = VECTOR ( 'NONE', #1040, 1000.000000000000000 ) ;
#5141 = PLANE ( 'NONE',  #676 ) ;
#5142 = CARTESIAN_POINT ( 'NONE',  ( 0.9576564013118730179, 18.00000000000000355, -2.631139338200540134 ) ) ;
#5143 = CYLINDRICAL_SURFACE ( 'NONE', #1555, 3.000000000000000000 ) ;
#5144 = DIRECTION ( 'NONE',  ( -0.5949822993548128380, 1.784658649759619527E-16, -0.8037388030040977238 ) ) ;
#5145 = CARTESIAN_POINT ( 'NONE',  ( -2.399999896862679893, 0.7999995261430199456, -6.599999864931620053 ) ) ;
#5146 = AXIS2_PLACEMENT_3D ( 'NONE', #1336, #5086, #143 ) ;
#5147 = CARTESIAN_POINT ( 'NONE',  ( -0.3999999924962011622, 0.7999999407678791696, -6.799999931507880291 ) ) ;
#5148 = ORIENTED_EDGE ( 'NONE', *, *, #5081, .T. ) ;
#5149 = LINE ( 'NONE', #2986, #4741 ) ;
#5150 = B_SPLINE_CURVE_WITH_KNOTS ( 'NONE', 3,
 ( #4373, #277, #1838, #5686 ),
 .UNSPECIFIED., .F., .F.,
 ( 4, 4 ),
 ( 4.848699518061080308E-19, 0.0004885781678749924820 ),
 .UNSPECIFIED. ) ;
#5151 = CARTESIAN_POINT ( 'NONE',  ( 2.899999999999999911, 25.14999999999999858, 6.177003353258215017E-15 ) ) ;
#5152 = DIRECTION ( 'NONE',  ( -1.000000000000000000, -0.0000000000000000000, 0.0000000000000000000 ) ) ;
#5153 = DIRECTION ( 'NONE',  ( -0.0000000000000000000, -0.0000000000000000000, 1.000000000000000000 ) ) ;
#5154 = ORIENTED_EDGE ( 'NONE', *, *, #2982, .T. ) ;
#5155 = DIRECTION ( 'NONE',  ( 0.0000000000000000000, 0.0000000000000000000, 1.000000000000000000 ) ) ;
#5156 =( GEOMETRIC_REPRESENTATION_CONTEXT ( 3 ) GLOBAL_UNCERTAINTY_ASSIGNED_CONTEXT ( ( #2934 ) ) GLOBAL_UNIT_ASSIGNED_CONTEXT ( ( #2677, #1192, #4976 ) ) REPRESENTATION_CONTEXT ( 'NONE', 'WORKASPACE' ) );
#5157 = ORIENTED_EDGE ( 'NONE', *, *, #5520, .F. ) ;
#5158 = CARTESIAN_POINT ( 'NONE',  ( 0.8045829195440586945, 25.30000000000001137, -2.686853529219508818 ) ) ;
#5159 = FACE_OUTER_BOUND ( 'NONE', #5440, .T. ) ;
#5160 = AXIS2_PLACEMENT_3D ( 'NONE', #3960, #6146, #2335 ) ;
#5161 = CARTESIAN_POINT ( 'NONE',  ( 2.725108600279129600, 25.14999999999999858, -0.9918584156444324451 ) ) ;
#5162 = DIRECTION ( 'NONE',  ( 1.000000000000000000, -0.0000000000000000000, 0.0000000000000000000 ) ) ;
#5163 = ORIENTED_EDGE ( 'NONE', *, *, #5392, .T. ) ;
#5164 = CARTESIAN_POINT ( 'NONE',  ( -5.599999999999999645, 7.700000000000000178, -5.200000000000001066 ) ) ;
#5165 = MANIFOLD_SOLID_BREP ( 'Encoder pin C', #3968 ) ;
#5166 = CARTESIAN_POINT ( 'NONE',  ( 1.959111205433662128, 7.799999999999999822, 3.999999910593033725 ) ) ;
#5167 = ADVANCED_FACE ( 'NONE', ( #6601 ), #2854, .F. ) ;
#5168 = EDGE_CURVE ( 'NONE', #1117, #2580, #3339, .T. ) ;
#5169 = CARTESIAN_POINT ( 'NONE',  ( -1.560692439513249985, 25.19999999999999929, 2.377954694971939897 ) ) ;
#5170 = UNCERTAINTY_MEASURE_WITH_UNIT (LENGTH_MEASURE( 1.000000000000000082E-05 ), #1354, 'distance_accuracy_value', 'NONE');
#5171 = PLANE ( 'NONE',  #1921 ) ;
#5172 = ORIENTED_EDGE ( 'NONE', *, *, #1529, .F. ) ;
#5173 = ORIENTED_EDGE ( 'NONE', *, *, #6878, .F. ) ;
#5174 = EDGE_CURVE ( 'NONE', #3101, #1787, #3003, .T. ) ;
#5175 = ORIENTED_EDGE ( 'NONE', *, *, #3246, .F. ) ;
#5176 = FACE_OUTER_BOUND ( 'NONE', #3596, .T. ) ;
#5177 = CARTESIAN_POINT ( 'NONE',  ( -2.693785512919599778, 25.19999999999999929, 0.9804577442002548882 ) ) ;
#5178 = SURFACE_SIDE_STYLE ('',( #6317 ) ) ;
#5179 = CARTESIAN_POINT ( 'NONE',  ( 2.757461708434179926, 18.00000000000000355, 0.4862148974674089796 ) ) ;
#5180 = LINE ( 'NONE', #6854, #1687 ) ;
#5181 = CARTESIAN_POINT ( 'NONE',  ( 6.200000000000001066, 7.700000000000000178, 5.200000000000001066 ) ) ;
#5182 = CARTESIAN_POINT ( 'NONE',  ( 2.195994070274399856, 25.19999999999999929, 1.842657814434750074 ) ) ;
#5183 = VECTOR ( 'NONE', #7116, 1000.000000000000000 ) ;
#5184 = ORIENTED_EDGE ( 'NONE', *, *, #4787, .T. ) ;
#5185 = DIRECTION ( 'NONE',  ( 6.050403047574067439E-17, -1.000000000000000000, -2.041094333682906502E-16 ) ) ;
#5186 = DIRECTION ( 'NONE',  ( -0.0000000000000000000, -1.000000000000000000, -0.0000000000000000000 ) ) ;
#5187 = ADVANCED_FACE ( 'NONE', ( #6667 ), #2426, .T. ) ;
#5188 = LINE ( 'NONE', #4645, #6669 ) ;
#5189 = DIRECTION ( 'NONE',  ( 0.0000000000000000000, 1.000000000000000000, -0.0000000000000000000 ) ) ;
#5190 = AXIS2_PLACEMENT_3D ( 'NONE', #6790, #5762, #3465 ) ;
#5191 = ORIENTED_EDGE ( 'NONE', *, *, #5036, .F. ) ;
#5192 = CARTESIAN_POINT ( 'NONE',  ( 6.150576504849641246, -3.268807696858369916, -0.9999998973539252489 ) ) ;
#5193 = EDGE_LOOP ( 'NONE', ( #3552, #5648, #2074, #7027 ) ) ;
#5194 = AXIS2_PLACEMENT_3D ( 'NONE', #1464, #1970, #306 ) ;
#5195 = LINE ( 'NONE', #250, #4365 ) ;
#5196 = CARTESIAN_POINT ( 'NONE',  ( 1.714505518806266042E-16, 25.30000000000000071, -2.799999999999990052 ) ) ;
#5197 = DIRECTION ( 'NONE',  ( -0.0000000000000000000, -1.000000000000000000, -0.0000000000000000000 ) ) ;
#5198 = FACE_OUTER_BOUND ( 'NONE', #6313, .T. ) ;
#5199 = ORIENTED_EDGE ( 'NONE', *, *, #5693, .T. ) ;
#5200 = ORIENTED_EDGE ( 'NONE', *, *, #2588, .T. ) ;
#5201 = DIRECTION ( 'NONE',  ( 1.000000000000000000, 0.0000000000000000000, 0.0000000000000000000 ) ) ;
#5202 = DIRECTION ( 'NONE',  ( 0.0000000000000000000, 1.000000000000000000, 0.0000000000000000000 ) ) ;
#5203 = DIRECTION ( 'NONE',  ( -1.000000000000000000, 0.0000000000000000000, -0.0000000000000000000 ) ) ;
#5204 = CYLINDRICAL_SURFACE ( 'NONE', #5372, 4.453999999999999737 ) ;
#5205 = VERTEX_POINT ( 'NONE', #6237 ) ;
#5206 = ORIENTED_EDGE ( 'NONE', *, *, #6273, .F. ) ;
#5207 = EDGE_CURVE ( 'NONE', #3471, #3441, #1636, .T. ) ;
#5208 = ORIENTED_EDGE ( 'NONE', *, *, #278, .F. ) ;
#5209 = CARTESIAN_POINT ( 'NONE',  ( 3.999999956573700111, -1.050000000000000044, -6.799999855990919606 ) ) ;
#5210 = VECTOR ( 'NONE', #1359, 1000.000000000000227 ) ;
#5211 = CARTESIAN_POINT ( 'NONE',  ( 2.247063699815670557, 25.10000000000000142, -1.885510321747180029 ) ) ;
#5212 = CARTESIAN_POINT ( 'NONE',  ( -1.258926716115120081, 25.30000000000000071, 2.506319829022840118 ) ) ;
#5213 = EDGE_CURVE ( 'NONE', #6953, #5431, #5743, .T. ) ;
#5214 = CARTESIAN_POINT ( 'NONE',  ( 0.3999999565737591412, -1.050000000000000044, -6.799999919214417154 ) ) ;
#5215 = CARTESIAN_POINT ( 'NONE',  ( 1.500000000000001332, 18.00000000000000355, -2.598076211353313347 ) ) ;
#5216 = CARTESIAN_POINT ( 'NONE',  ( 0.3999999600861749993, -2.899999999999999911, -6.999999919214420885 ) ) ;
#5217 = EDGE_CURVE ( 'NONE', #3805, #5512, #3600, .T. ) ;
#5218 = EDGE_CURVE ( 'NONE', #1016, #465, #5889, .T. ) ;
#5219 = CIRCLE ( 'NONE', #3153, 3.000000000000000000 ) ;
#5220 = ORIENTED_EDGE ( 'NONE', *, *, #4510, .T. ) ;
#5221 = CARTESIAN_POINT ( 'NONE',  ( 6.539485234502239841, -3.657716426510969843, 1.000000102646080080 ) ) ;
#5222 = FACE_OUTER_BOUND ( 'NONE', #4204, .T. ) ;
#5223 = LINE ( 'NONE', #4000, #5069 ) ;
#5224 = DIRECTION ( 'NONE',  ( 0.1134003845412969308, -0.0000000000000000000, 0.9935493710862515204 ) ) ;
#5225 = ADVANCED_FACE ( 'NONE', ( #5630, #1203, #5131, #747, #2933 ), #3482, .T. ) ;
#5226 = ORIENTED_EDGE ( 'NONE', *, *, #2136, .T. ) ;
#5227 = LINE ( 'NONE', #5841, #1672 ) ;
#5228 = EDGE_CURVE ( 'NONE', #2813, #2379, #4553, .T. ) ;
#5229 = EDGE_LOOP ( 'NONE', ( #1590, #2810, #127, #7018 ) ) ;
#5230 = CARTESIAN_POINT ( 'NONE',  ( -0.4977914426452000329, 25.19999999999999929, 2.823115558635000077 ) ) ;
#5231 = CARTESIAN_POINT ( 'NONE',  ( 6.199999861419200009, -0.8999999798834320552, 1.000000102646080080 ) ) ;
#5232 = DIRECTION ( 'NONE',  ( -0.3985670717314378497, 2.036458085597809406E-16, -0.9171391875453948073 ) ) ;
#5233 = LINE ( 'NONE', #7014, #775 ) ;
#5234 = ORIENTED_EDGE ( 'NONE', *, *, #2279, .F. ) ;
#5235 = EDGE_LOOP ( 'NONE', ( #1822, #4313, #6314, #5070 ) ) ;
#5236 = ORIENTED_EDGE ( 'NONE', *, *, #4791, .T. ) ;
#5237 = CARTESIAN_POINT ( 'NONE',  ( 6.200000000000001066, 7.799999999999999822, 1.000000102646080080 ) ) ;
#5238 = CARTESIAN_POINT ( 'NONE',  ( -2.195994070274399856, 25.19999999999999929, 1.842657814434750074 ) ) ;
#5239 = CLOSED_SHELL ( 'NONE', ( #6394, #4307, #3281, #4985, #4120, #3337, #5120, #6009 ) ) ;
#5240 = CARTESIAN_POINT ( 'NONE',  ( -2.757461708434179926, 25.00000000000000355, 0.4862148974674089796 ) ) ;
#5241 = ORIENTED_EDGE ( 'NONE', *, *, #4875, .F. ) ;
#5242 = STYLED_ITEM ( 'NONE', ( #6468 ), #450 ) ;
#5243 = ORIENTED_EDGE ( 'NONE', *, *, #419, .T. ) ;
#5244 = ORIENTED_EDGE ( 'NONE', *, *, #280, .T. ) ;
#5245 = ORIENTED_EDGE ( 'NONE', *, *, #2190, .F. ) ;
#5246 = DIRECTION ( 'NONE',  ( 0.9999999999999997780, 0.0000000000000000000, 1.756208234393599614E-08 ) ) ;
#5247 = AXIS2_PLACEMENT_3D ( 'NONE', #1594, #4900, #4801 ) ;
#5248 = PLANE ( 'NONE',  #228 ) ;
#5249 = CARTESIAN_POINT ( 'NONE',  ( -1.799805307122310571, 18.00000000000000355, -2.144924440733130044 ) ) ;
#5250 = LINE ( 'NONE', #5105, #5708 ) ;
#5251 = LINE ( 'NONE', #6855, #5950 ) ;
#5252 = CARTESIAN_POINT ( 'NONE',  ( -2.298133329356934151, 18.00000000000000355, 1.928362829059618200 ) ) ;
#5253 = VECTOR ( 'NONE', #6714, 1000.000000000000000 ) ;
#5254 = ADVANCED_FACE ( 'NONE', ( #4089 ), #665, .F. ) ;
#5255 = EDGE_LOOP ( 'NONE', ( #2912, #369, #5356, #1946 ) ) ;
#5256 = PLANE ( 'NONE',  #5773 ) ;
#5257 = DIRECTION ( 'NONE',  ( 0.0000000000000000000, 1.000000000000000000, 0.0000000000000000000 ) ) ;
#5258 = CARTESIAN_POINT ( 'NONE',  ( -4.400000123892509940, -1.050000000000000044, -6.800000003512415070 ) ) ;
#5259 = EDGE_CURVE ( 'NONE', #4889, #2746, #1782, .T. ) ;
#5260 = AXIS2_PLACEMENT_3D ( 'NONE', #6981, #3070, #6942 ) ;
#5261 = EDGE_CURVE ( 'NONE', #6774, #4454, #3405, .T. ) ;
#5262 = DIRECTION ( 'NONE',  ( -1.000000000000000000, 0.0000000000000000000, -0.0000000000000000000 ) ) ;
#5263 = VERTEX_POINT ( 'NONE', #1750 ) ;
#5264 = DIRECTION ( 'NONE',  ( 0.0000000000000000000, -1.000000000000000000, -0.0000000000000000000 ) ) ;
#5265 = ORIENTED_EDGE ( 'NONE', *, *, #949, .T. ) ;
#5266 = AXIS2_PLACEMENT_3D ( 'NONE', #2623, #4822, #6470 ) ;
#5267 = DIRECTION ( 'NONE',  ( 0.0000000000000000000, 1.000000000000000000, 0.0000000000000000000 ) ) ;
#5268 = DIRECTION ( 'NONE',  ( 0.0000000000000000000, 1.000000000000000000, 0.0000000000000000000 ) ) ;
#5269 = ADVANCED_FACE ( 'NONE', ( #219 ), #6202, .T. ) ;
#5270 = CARTESIAN_POINT ( 'NONE',  ( 0.3999999635985915791, 0.8000000000000010436, -7.199999919214420174 ) ) ;
#5271 = PLANE ( 'NONE',  #592 ) ;
#5272 = VECTOR ( 'NONE', #5484, 1000.000000000000114 ) ;
#5273 = DIRECTION ( 'NONE',  ( -0.7071067811865470176, -0.7071067811865480168, 0.0000000000000000000 ) ) ;
#5274 = ORIENTED_EDGE ( 'NONE', *, *, #1015, .F. ) ;
#5275 = VERTEX_POINT ( 'NONE', #1272 ) ;
#5276 = ORIENTED_EDGE ( 'NONE', *, *, #4064, .T. ) ;
#5277 = CARTESIAN_POINT ( 'NONE',  ( -2.500000000000000000, 4.099999999999999645, 7.349999852478499740 ) ) ;
#5278 = CARTESIAN_POINT ( 'NONE',  ( 0.0000000000000000000, 7.700000000000000178, -5.200000000000001066 ) ) ;
#5279 = AXIS2_PLACEMENT_3D ( 'NONE', #7115, #573, #6647 ) ;
#5280 = ADVANCED_FACE ( 'NONE', ( #5668 ), #1237, .F. ) ;
#5281 = CARTESIAN_POINT ( 'NONE',  ( 4.399999951145479926, 1.099999526143019990, -6.599999864931620053 ) ) ;
#5282 = ORIENTED_EDGE ( 'NONE', *, *, #2578, .T. ) ;
#5283 = CIRCLE ( 'NONE', #2518, 0.5500000000000001554 ) ;
#5284 = ORIENTED_EDGE ( 'NONE', *, *, #6786, .T. ) ;
#5285 = EDGE_LOOP ( 'NONE', ( #1196, #4579, #2305, #3449, #17, #3668, #6115, #6059, #66, #6638, #3743, #5088, #660, #5610, #797, #2818, #4774, #5465, #6312, #5220, #3728, #2638, #3984, #2119, #4446, #1753, #6330, #2632, #300, #5688, #3766, #2852, #1017, #6250, #2206, #4513 ) ) ;
#5286 = VERTEX_POINT ( 'NONE', #2575 ) ;
#5287 = MANIFOLD_SOLID_BREP ( 'LED Pin 4', #983 ) ;
#5288 = DIRECTION ( 'NONE',  ( 0.0000000000000000000, 0.0000000000000000000, 1.000000000000000000 ) ) ;
#5289 = DIRECTION ( 'NONE',  ( -0.7071067811865480168, 0.7071067811865470176, 0.0000000000000000000 ) ) ;
#5290 = DIRECTION ( 'NONE',  ( 0.0000000000000000000, 1.000000000000000000, -0.0000000000000000000 ) ) ;
#5291 = CARTESIAN_POINT ( 'NONE',  ( 6.751617268858200127, -0.8999999798834316111, -0.9999998973539250269 ) ) ;
#5292 = CARTESIAN_POINT ( 'NONE',  ( 2.729174872324009904, 25.30000000000001137, -0.6466375168335467549 ) ) ;
#5293 = ORIENTED_EDGE ( 'NONE', *, *, #1211, .F. ) ;
#5294 = DIRECTION ( 'NONE',  ( 0.0000000000000000000, 0.0000000000000000000, 1.000000000000000000 ) ) ;
#5295 = CARTESIAN_POINT ( 'NONE',  ( 2.500000000000000000, -2.500000000000000000, 7.649999852478499562 ) ) ;
#5296 = FACE_BOUND ( 'NONE', #616, .T. ) ;
#5297 = MANIFOLD_SOLID_BREP ( 'Clear shaft', #2129 ) ;
#5298 = EDGE_LOOP ( 'NONE', ( #373, #5284, #2162, #6672 ) ) ;
#5299 = AXIS2_PLACEMENT_3D ( 'NONE', #3031, #5806, #1370 ) ;
#5300 = DIRECTION ( 'NONE',  ( 0.0000000000000000000, 0.0000000000000000000, 1.000000000000000000 ) ) ;
#5301 = ORIENTED_EDGE ( 'NONE', *, *, #385, .T. ) ;
#5302 = CARTESIAN_POINT ( 'NONE',  ( 6.150576504849641246, -3.268807696858369916, 1.000000102646080080 ) ) ;
#5303 = CARTESIAN_POINT ( 'NONE',  ( 0.0000000000000000000, 18.00000000000000355, 2.264854970235320762E-15 ) ) ;
#5304 = VECTOR ( 'NONE', #3277, 1000.000000000000000 ) ;
#5305 = DIRECTION ( 'NONE',  ( -0.0000000000000000000, 1.000000000000000000, 0.0000000000000000000 ) ) ;
#5306 = CARTESIAN_POINT ( 'NONE',  ( -0.4499998949118892422, 4.400000000000000355, 7.649999856040810009 ) ) ;
#5307 = EDGE_CURVE ( 'NONE', #5774, #3035, #1999, .T. ) ;
#5308 = CARTESIAN_POINT ( 'NONE',  ( 0.5093679878229949720, 25.10000000000000142, 2.888769408835820229 ) ) ;
#5309 = VERTEX_POINT ( 'NONE', #991 ) ;
#5310 = VERTEX_POINT ( 'NONE', #1379 ) ;
#5311 = VERTEX_POINT ( 'NONE', #6309 ) ;
#5312 = VECTOR ( 'NONE', #5203, 1000.000000000000000 ) ;
#5313 = EDGE_CURVE ( 'NONE', #3506, #5310, #297, .T. ) ;
#5314 = CARTESIAN_POINT ( 'NONE',  ( 1.799805307122310127, 18.00000000000000355, 2.144924440733139814 ) ) ;
#5315 = AXIS2_PLACEMENT_3D ( 'NONE', #5994, #3606, #3193 ) ;
#5316 = LINE ( 'NONE', #6493, #6052 ) ;
#5317 = ADVANCED_FACE ( 'NONE', ( #1961 ), #668, .F. ) ;
#5318 = VERTEX_POINT ( 'NONE', #5986 ) ;
#5319 = EDGE_LOOP ( 'NONE', ( #1605, #5872, #5370, #4949, #4434, #1608 ) ) ;
#5320 = ORIENTED_EDGE ( 'NONE', *, *, #4398, .F. ) ;
#5321 = EDGE_CURVE ( 'NONE', #1515, #3850, #354, .T. ) ;
#5322 = VERTEX_POINT ( 'NONE', #485 ) ;
#5323 = LINE ( 'NONE', #5357, #1245 ) ;
#5324 = FACE_OUTER_BOUND ( 'NONE', #330, .T. ) ;
#5325 = CARTESIAN_POINT ( 'NONE',  ( -2.725108600279134929, 25.14999999999999858, 0.9918584156444426592 ) ) ;
#5326 = CARTESIAN_POINT ( 'NONE',  ( -2.424871130596430113, 18.00000000000000355, 1.399999999999999911 ) ) ;
#5327 = DIRECTION ( 'NONE',  ( -0.0000000000000000000, 0.0000000000000000000, -1.000000000000000000 ) ) ;
#5328 = CARTESIAN_POINT ( 'NONE',  ( -2.424871130596427005, 25.00000000000000000, -1.399999999999999023 ) ) ;
#5329 = DIRECTION ( 'NONE',  ( 1.756208303782529389E-08, 0.0000000000000000000, -0.9999999999999997780 ) ) ;
#5330 = ORIENTED_EDGE ( 'NONE', *, *, #49, .T. ) ;
#5331 = AXIS2_PLACEMENT_3D ( 'NONE', #6533, #5456, #6565 ) ;
#5332 = CARTESIAN_POINT ( 'NONE',  ( 2.310132557860530067, 25.10000000000000142, -1.726502319925689921 ) ) ;
#5333 = CARTESIAN_POINT ( 'NONE',  ( 4.200000000000000178, 7.700000000000000178, 5.200000000000001066 ) ) ;
#5334 = DIRECTION ( 'NONE',  ( 0.0000000000000000000, -1.000000000000000000, -0.0000000000000000000 ) ) ;
#5335 = AXIS2_PLACEMENT_3D ( 'NONE', #5918, #3181, #2070 ) ;
#5336 = VERTEX_POINT ( 'NONE', #582 ) ;
#5337 = DIRECTION ( 'NONE',  ( -0.8037388030040969467, 0.0000000000000000000, -0.5949822993548139483 ) ) ;
#5338 = EDGE_LOOP ( 'NONE', ( #5418, #2533, #803, #491 ) ) ;
#5339 = VECTOR ( 'NONE', #971, 1000.000000000000000 ) ;
#5340 = FACE_OUTER_BOUND ( 'NONE', #5082, .T. ) ;
#5341 = DIRECTION ( 'NONE',  ( -0.0000000000000000000, -1.000000000000000000, -2.220446049250310123E-16 ) ) ;
#5342 = DIRECTION ( 'NONE',  ( 0.0000000000000000000, 0.0000000000000000000, 1.000000000000000000 ) ) ;
#5343 = VERTEX_POINT ( 'NONE', #3803 ) ;
#5344 = ORIENTED_EDGE ( 'NONE', *, *, #5133, .F. ) ;
#5345 = ORIENTED_EDGE ( 'NONE', *, *, #1165, .F. ) ;
#5346 = DIRECTION ( 'NONE',  ( -1.756208373171469421E-08, 0.0000000000000000000, 0.9999999999999997780 ) ) ;
#5347 = EDGE_CURVE ( 'NONE', #5869, #4203, #5415, .T. ) ;
#5348 = FILL_AREA_STYLE_COLOUR ( '', #2506 ) ;
#5349 = ADVANCED_FACE ( 'NONE', ( #5452 ), #140, .F. ) ;
#5350 = PLANE ( 'NONE',  #5944 ) ;
#5351 = EDGE_CURVE ( 'NONE', #5336, #402, #1158, .T. ) ;
#5352 = ORIENTED_EDGE ( 'NONE', *, *, #6082, .T. ) ;
#5353 = ORIENTED_EDGE ( 'NONE', *, *, #3235, .F. ) ;
#5355 = ORIENTED_EDGE ( 'NONE', *, *, #730, .F. ) ;
#5354 = AXIS2_PLACEMENT_3D ( 'NONE', #2024, #6865, #3651 ) ;
#5356 = ORIENTED_EDGE ( 'NONE', *, *, #7046, .T. ) ;
#5357 = CARTESIAN_POINT ( 'NONE',  ( 5.599999852478511286, 0.0000000000000000000, 5.200000000000001066 ) ) ;
#5358 = CARTESIAN_POINT ( 'NONE',  ( -2.761727742682280162, 25.10000000000000142, -0.6596554111625131389 ) ) ;
#5359 = CARTESIAN_POINT ( 'NONE',  ( 0.0000000000000000000, 18.00000000000000355, 2.264854970235319974E-15 ) ) ;
#5360 = PRESENTATION_LAYER_ASSIGNMENT (  '', '', ( #5242 ) ) ;
#5361 = LINE ( 'NONE', #460, #2607 ) ;
#5362 = ADVANCED_FACE ( 'NONE', ( #2243 ), #1707, .T. ) ;
#5363 = FACE_OUTER_BOUND ( 'NONE', #5674, .T. ) ;
#5364 = VERTEX_POINT ( 'NONE', #1062 ) ;
#5365 = VECTOR ( 'NONE', #3682, 1000.000000000000000 ) ;
#5366 = CARTESIAN_POINT ( 'NONE',  ( 0.4862148974674035951, 25.30000000000000071, 2.757461708434192360 ) ) ;
#5367 = DIRECTION ( 'NONE',  ( 0.0000000000000000000, -0.0000000000000000000, 1.000000000000000000 ) ) ;
#5368 = AXIS2_PLACEMENT_3D ( 'NONE', #4709, #717, #162 ) ;
#5369 = ORIENTED_EDGE ( 'NONE', *, *, #2750, .T. ) ;
#5370 = ORIENTED_EDGE ( 'NONE', *, *, #5847, .F. ) ;
#5371 = CARTESIAN_POINT ( 'NONE',  ( -2.785748544544360161, 25.30000000000000071, 0.3257922781012619895 ) ) ;
#5372 = AXIS2_PLACEMENT_3D ( 'NONE', #849, #6310, #2899 ) ;
#5373 = DIRECTION ( 'NONE',  ( 0.0000000000000000000, 0.0000000000000000000, -1.000000000000000000 ) ) ;
#5374 = DIRECTION ( 'NONE',  ( 1.000000000000000000, -0.0000000000000000000, 0.0000000000000000000 ) ) ;
#5375 = CARTESIAN_POINT ( 'NONE',  ( 2.399999995848959955, 1.099999526143019990, -7.199999851520569649 ) ) ;
#5376 = ORIENTED_EDGE ( 'NONE', *, *, #6048, .F. ) ;
#5377 = DIRECTION ( 'NONE',  ( -0.0000000000000000000, 1.000000000000000000, 2.220446049250310123E-16 ) ) ;
#5378 = VECTOR ( 'NONE', #150, 1000.000000000000114 ) ;
#5379 = ORIENTED_EDGE ( 'NONE', *, *, #1653, .F. ) ;
#5380 = DIRECTION ( 'NONE',  ( 0.0000000000000000000, 1.000000000000000000, 0.0000000000000000000 ) ) ;
#5381 = SURFACE_STYLE_FILL_AREA ( #404 ) ;
#5382 = VECTOR ( 'NONE', #4015, 1000.000000000000227 ) ;
#5383 = DIRECTION ( 'NONE',  ( 0.8339953368018132585, -1.225178827103780643E-16, 0.5517714909206801188 ) ) ;
#5384 = CARTESIAN_POINT ( 'NONE',  ( 1.299122561414860044, 25.10000000000000142, 2.574840435059809973 ) ) ;
#5385 = PRODUCT_RELATED_PRODUCT_CATEGORY ( 'part', '', ( #4358 ) ) ;
#5386 = ORIENTED_EDGE ( 'NONE', *, *, #5392, .F. ) ;
#5387 = ORIENTED_EDGE ( 'NONE', *, *, #469, .F. ) ;
#5388 = AXIS2_PLACEMENT_3D ( 'NONE', #1842, #6297, #4006 ) ;
#5389 = ORIENTED_EDGE ( 'NONE', *, *, #333, .F. ) ;
#5390 = ORIENTED_EDGE ( 'NONE', *, *, #4606, .T. ) ;
#5391 = CARTESIAN_POINT ( 'NONE',  ( -6.199999861419200009, 0.0000000000000000000, -7.376074639964259818E-08 ) ) ;
#5392 = EDGE_CURVE ( 'NONE', #4337, #5038, #519, .T. ) ;
#5393 = CARTESIAN_POINT ( 'NONE',  ( -4.200000000000000178, 0.0000000000000000000, 5.200000000000001066 ) ) ;
#5394 = CARTESIAN_POINT ( 'NONE',  ( -2.819077862357719955, 25.00000000000000000, -1.026060429976999977 ) ) ;
#5395 = FILL_AREA_STYLE_COLOUR ( '', #1563 ) ;
#5396 = FILL_AREA_STYLE_COLOUR ( '', #1544 ) ;
#5397 = VECTOR ( 'NONE', #5638, 1000.000000000000114 ) ;
#5398 = CARTESIAN_POINT ( 'NONE',  ( 2.050000064715276960, -2.500000000000000444, 7.649999852478499562 ) ) ;
#5399 = PLANE ( 'NONE',  #4918 ) ;
#5400 = VERTEX_POINT ( 'NONE', #553 ) ;
#5401 = ADVANCED_FACE ( 'NONE', ( #2751 ), #4944, .F. ) ;
#5402 = CARTESIAN_POINT ( 'NONE',  ( 2.369559742146900128, 25.10000000000000142, -1.564439840509570079 ) ) ;
#5403 = LINE ( 'NONE', #2628, #1632 ) ;
#5404 = DIRECTION ( 'NONE',  ( 0.0000000000000000000, 0.0000000000000000000, 1.000000000000000000 ) ) ;
#5405 = DIRECTION ( 'NONE',  ( 0.0000000000000000000, 1.000000000000000000, -0.0000000000000000000 ) ) ;
#5406 = ORIENTED_EDGE ( 'NONE', *, *, #4552, .T. ) ;
#5407 = EDGE_CURVE ( 'NONE', #4837, #5908, #2642, .T. ) ;
#5408 = CARTESIAN_POINT ( 'NONE',  ( -2.757461708434179926, 25.00000000000000000, 0.4862148974674099788 ) ) ;
#5409 = CARTESIAN_POINT ( 'NONE',  ( -6.199999907612799177, 7.799999999999998934, 5.199999874830250057 ) ) ;
#5410 = CARTESIAN_POINT ( 'NONE',  ( -0.5093679878229949720, 25.10000000000000142, -2.888769408835810015 ) ) ;
#5411 = DIRECTION ( 'NONE',  ( 0.2773500981125943676, 0.8320502943378589311, 0.4803844614152467662 ) ) ;
#5412 = CARTESIAN_POINT ( 'NONE',  ( -2.575425147181570118, 25.30000000000000071, -1.110729883079679903 ) ) ;
#5413 = VECTOR ( 'NONE', #212, 1000.000000000000000 ) ;
#5414 =( NAMED_UNIT ( * ) PLANE_ANGLE_UNIT ( ) SI_UNIT ( $, .RADIAN. ) );
#5415 = LINE ( 'NONE', #2176, #3927 ) ;
#5416 = DIRECTION ( 'NONE',  ( -0.0000000000000000000, 1.000000000000000000, 0.0000000000000000000 ) ) ;
#5417 = VECTOR ( 'NONE', #6138, 1000.000000000000000 ) ;
#5418 = ORIENTED_EDGE ( 'NONE', *, *, #631, .F. ) ;
#5419 = ORIENTED_EDGE ( 'NONE', *, *, #1085, .F. ) ;
#5420 = ORIENTED_EDGE ( 'NONE', *, *, #458, .F. ) ;
#5421 = VERTEX_POINT ( 'NONE', #2105 ) ;
#5422 = CARTESIAN_POINT ( 'NONE',  ( 2.500000000000000000, 0.8000000000000000444, 7.649999852478499562 ) ) ;
#5423 = COLOUR_RGB ( '',0.6274509803921568540, 0.6274509803921568540, 0.6274509803921568540 ) ;
#5424 = PLANE ( 'NONE',  #4951 ) ;
#5425 = DIRECTION ( 'NONE',  ( 0.0000000000000000000, 0.0000000000000000000, 1.000000000000000000 ) ) ;
#5426 = DIRECTION ( 'NONE',  ( -1.756208373171469752E-08, 0.0000000000000000000, 0.9999999999999998890 ) ) ;
#5427 = CARTESIAN_POINT ( 'NONE',  ( -4.099999999999999645, 7.700000000000000178, -5.099999999999999645 ) ) ;
#5428 = DIRECTION ( 'NONE',  ( -0.0000000000000000000, -0.0000000000000000000, -1.000000000000000000 ) ) ;
#5429 = CARTESIAN_POINT ( 'NONE',  ( 0.9576564013118721297, 25.00000000000000000, 2.631139338200551236 ) ) ;
#5430 = VECTOR ( 'NONE', #2310, 1000.000000000000000 ) ;
#5431 = VERTEX_POINT ( 'NONE', #1638 ) ;
#5432 = ADVANCED_FACE ( 'NONE', ( #1673 ), #4308, .T. ) ;
#5433 = CARTESIAN_POINT ( 'NONE',  ( -2.195994070274399856, 25.19999999999999929, -1.842657814434740082 ) ) ;
#5434 = DIRECTION ( 'NONE',  ( -0.0000000000000000000, 0.0000000000000000000, -1.000000000000000000 ) ) ;
#5435 = FACE_OUTER_BOUND ( 'NONE', #2444, .T. ) ;
#5436 = CARTESIAN_POINT ( 'NONE',  ( 4.731652272391759870E-16, 25.19999999999999929, -2.799999999999990052 ) ) ;
#5437 = EDGE_CURVE ( 'NONE', #470, #1994, #4045, .T. ) ;
#5438 = ADVANCED_FACE ( 'NONE', ( #6230 ), #5624, .T. ) ;
#5439 = ORIENTED_EDGE ( 'NONE', *, *, #5744, .F. ) ;
#5440 = EDGE_LOOP ( 'NONE', ( #3343, #1461, #6553, #263 ) ) ;
#5441 = PLANE ( 'NONE',  #5279 ) ;
#5442 = CARTESIAN_POINT ( 'NONE',  ( -6.537867814769780850, -3.657716426510969843, -0.9999998973539252489 ) ) ;
#5443 = EDGE_CURVE ( 'NONE', #3808, #872, #4081, .T. ) ;
#5444 = CARTESIAN_POINT ( 'NONE',  ( 2.424871130596429669, 25.00000000000000000, -1.399999999999999911 ) ) ;
#5445 = FACE_OUTER_BOUND ( 'NONE', #3995, .T. ) ;
#5446 = EDGE_CURVE ( 'NONE', #3225, #505, #142, .T. ) ;
#5447 = ORIENTED_EDGE ( 'NONE', *, *, #5168, .F. ) ;
#5448 = CARTESIAN_POINT ( 'NONE',  ( 0.9576564013118711305, 25.14999999999999858, 2.631139338200549904 ) ) ;
#5449 = CARTESIAN_POINT ( 'NONE',  ( -6.199999916496186536, 7.799999999999998934, 0.9999999776482579872 ) ) ;
#5450 = AXIS2_PLACEMENT_3D ( 'NONE', #332, #1341, #6381 ) ;
#5451 = CARTESIAN_POINT ( 'NONE',  ( -1.799805307122310127, 25.14999999999999858, 2.144924440733139814 ) ) ;
#5452 = FACE_OUTER_BOUND ( 'NONE', #4540, .T. ) ;
#5453 = LINE ( 'NONE', #3332, #5837 ) ;
#5454 = ORIENTED_EDGE ( 'NONE', *, *, #2442, .F. ) ;
#5455 = ORIENTED_EDGE ( 'NONE', *, *, #2480, .T. ) ;
#5456 = DIRECTION ( 'NONE',  ( -1.756208303782529720E-08, 0.0000000000000000000, 0.9999999999999998890 ) ) ;
#5457 = ORIENTED_EDGE ( 'NONE', *, *, #3858, .T. ) ;
#5458 = DIRECTION ( 'NONE',  ( -0.0000000000000000000, 1.000000000000000000, 0.0000000000000000000 ) ) ;
#5459 = DIRECTION ( 'NONE',  ( 0.0000000000000000000, 0.0000000000000000000, -1.000000000000000000 ) ) ;
#5460 = CARTESIAN_POINT ( 'NONE',  ( 0.0000000000000000000, 18.00000000000000355, 2.264854970235320762E-15 ) ) ;
#5461 = CARTESIAN_POINT ( 'NONE',  ( 1.959111205433667013, 7.800000000000001599, -3.999999910593031061 ) ) ;
#5462 = DIRECTION ( 'NONE',  ( -0.8037388030040977238, -0.0000000000000000000, 0.5949822993548128380 ) ) ;
#5463 = CARTESIAN_POINT ( 'NONE',  ( 2.798539144383210164, 25.00000000000000000, 0.8461119191404790074 ) ) ;
#5464 = EDGE_LOOP ( 'NONE', ( #6882, #6655, #5241 ) ) ;
#5465 = ORIENTED_EDGE ( 'NONE', *, *, #1924, .T. ) ;
#5466 = CARTESIAN_POINT ( 'NONE',  ( -2.356487886873050108, 25.19999999999999929, -1.552754386395170050 ) ) ;
#5467 = CLOSED_SHELL ( 'NONE', ( #4736, #1437, #3103, #5793, #2356, #5432, #4942, #6490 ) ) ;
#5468 = PLANE ( 'NONE',  #4956 ) ;
#5469 = CARTESIAN_POINT ( 'NONE',  ( -6.199999930709600093, 7.700000000000000178, -6.258487728061369539E-08 ) ) ;
#5470 = DIRECTION ( 'NONE',  ( -0.0000000000000000000, 1.000000000000000000, 2.220446049250310123E-16 ) ) ;
#5471 = ORIENTED_EDGE ( 'NONE', *, *, #5443, .T. ) ;
#5472 = EDGE_CURVE ( 'NONE', #5977, #1016, #2962, .T. ) ;
#5473 = VECTOR ( 'NONE', #705, 1000.000000000000000 ) ;
#5474 = EDGE_LOOP ( 'NONE', ( #4311, #3121, #4048, #1267 ) ) ;
#5475 = FACE_OUTER_BOUND ( 'NONE', #6803, .T. ) ;
#5476 = ADVANCED_FACE ( 'NONE', ( #1193 ), #6765, .T. ) ;
#5477 = ADVANCED_FACE ( 'NONE', ( #1775 ), #6265, .T. ) ;
#5478 = DIRECTION ( 'NONE',  ( -0.7071067604108878246, -0.7071068019622066547, 0.0000000000000000000 ) ) ;
#5479 = AXIS2_PLACEMENT_3D ( 'NONE', #4578, #4613, #1907 ) ;
#5480 = PLANE ( 'NONE',  #5013 ) ;
#5481 = FACE_OUTER_BOUND ( 'NONE', #5126, .T. ) ;
#5482 = EDGE_CURVE ( 'NONE', #3827, #1117, #5698, .T. ) ;
#5483 = VECTOR ( 'NONE', #5428, 1000.000000000000000 ) ;
#5484 = DIRECTION ( 'NONE',  ( -0.7255109597715122538, 0.0000000000000000000, 0.6882106125681433095 ) ) ;
#5485 = EDGE_CURVE ( 'NONE', #5860, #6626, #3936, .T. ) ;
#5486 = DIRECTION ( 'NONE',  ( -1.348647803525922110E-17, 1.000000000000000000, 2.212224229446766828E-16 ) ) ;
#5487 = AXIS2_PLACEMENT_3D ( 'NONE', #4772, #960, #3838 ) ;
#5488 = CARTESIAN_POINT ( 'NONE',  ( 4.099999999999999645, 7.700000000000000178, -5.099999999999999645 ) ) ;
#5489 = VERTEX_POINT ( 'NONE', #1228 ) ;
#5490 = VERTEX_POINT ( 'NONE', #4008 ) ;
#5491 = CARTESIAN_POINT ( 'NONE',  ( 2.539624515647219916, 25.10000000000000142, -1.269879012229329973 ) ) ;
#5492 = VECTOR ( 'NONE', #1449, 1000.000000000000114 ) ;
#5493 = EDGE_CURVE ( 'NONE', #2271, #2929, #5663, .T. ) ;
#5494 = CARTESIAN_POINT ( 'NONE',  ( 3.599999956573700644, -2.899999526143020034, -6.999999848966090177 ) ) ;
#5495 = CARTESIAN_POINT ( 'NONE',  ( 2.195994070274399856, 25.19999999999999929, 1.842657814434750074 ) ) ;
#5496 = CARTESIAN_POINT ( 'NONE',  ( 0.5209445330007917985, 25.00000000000000000, 2.954423259036631055 ) ) ;
#5497 = B_SPLINE_SURFACE_WITH_KNOTS ( 'NONE', 3, 3, ( 
 ( #3679, #389, #1438, #6932 ),
 ( #1399, #5332, #351, #3645 ),
 ( #4826, #5402, #4142, #3714 ),
 ( #2018, #2592, #1943, #6326 ) ),
 .UNSPECIFIED., .F., .F., .F.,
 ( 4, 4 ),
 ( 4, 4 ),
 ( 0.0000000000000000000, 1.000000000000000000 ),
 ( 0.0000000000000000000, 1.000000000000000000 ),
 .UNSPECIFIED. ) ;
#5498 = DIRECTION ( 'NONE',  ( -0.5212476811413425670, 0.8320502943378400573, -0.1897186406157474470 ) ) ;
#5499 = ORIENTED_EDGE ( 'NONE', *, *, #3050, .T. ) ;
#5500 = PRESENTATION_LAYER_ASSIGNMENT (  '', '', ( #3548 ) ) ;
#5501 = VERTEX_POINT ( 'NONE', #6800 ) ;
#5502 = LINE ( 'NONE', #2831, #7105 ) ;
#5503 = VECTOR ( 'NONE', #2993, 1000.000000000000227 ) ;
#5504 = CARTESIAN_POINT ( 'NONE',  ( -6.199999944034679800, 7.799999999999999822, 0.9999999776482579872 ) ) ;
#5505 = DIRECTION ( 'NONE',  ( -1.000000000000000000, -0.0000000000000000000, 0.0000000000000000000 ) ) ;
#5506 = ORIENTED_EDGE ( 'NONE', *, *, #5125, .T. ) ;
#5507 = ORIENTED_EDGE ( 'NONE', *, *, #2217, .T. ) ;
#5508 = CARTESIAN_POINT ( 'NONE',  ( 4.200000000000000178, 7.700000000000000178, 4.729175031953969821 ) ) ;
#5509 = B_SPLINE_CURVE_WITH_KNOTS ( 'NONE', 3,
 ( #5366, #5870, #938, #3135 ),
 .UNSPECIFIED., .F., .F.,
 ( 4, 4 ),
 ( 8.131516293641283255E-19, 0.0004885781678749909641 ),
 .UNSPECIFIED. ) ;
#5510 = FACE_OUTER_BOUND ( 'NONE', #2144, .T. ) ;
#5511 = DIRECTION ( 'NONE',  ( 0.0000000000000000000, 1.000000000000000000, 0.0000000000000000000 ) ) ;
#5512 = VERTEX_POINT ( 'NONE', #619 ) ;
#5513 = CARTESIAN_POINT ( 'NONE',  ( 2.799999999999999822, 25.30000000000000071, 0.1628973968528099892 ) ) ;
#5514 = DIRECTION ( 'NONE',  ( 0.9171391875453943632, 0.0000000000000000000, -0.3985670717314387379 ) ) ;
#5515 = EDGE_CURVE ( 'NONE', #6123, #2772, #2925, .T. ) ;
#5516 = CARTESIAN_POINT ( 'NONE',  ( 2.424871130596430113, 18.00000000000000355, -1.399999999999999911 ) ) ;
#5517 = EDGE_CURVE ( 'NONE', #2560, #6516, #2890, .T. ) ;
#5518 = CARTESIAN_POINT ( 'NONE',  ( -1.799805307122310127, 25.10000000000000142, -2.144924440733130044 ) ) ;
#5519 = VERTEX_POINT ( 'NONE', #2816 ) ;
#5520 = EDGE_CURVE ( 'NONE', #5977, #4454, #4479, .T. ) ;
#5521 = EDGE_LOOP ( 'NONE', ( #6060, #4730, #3245, #6990 ) ) ;
#5522 = CARTESIAN_POINT ( 'NONE',  ( -0.4977914426451989782, 25.19999999999999929, -2.823115558634989863 ) ) ;
#5523 = EDGE_CURVE ( 'NONE', #2422, #5364, #106, .T. ) ;
#5524 = VECTOR ( 'NONE', #3213, 1000.000000000000000 ) ;
#5525 = CARTESIAN_POINT ( 'NONE',  ( 0.0000000000000000000, 18.00000000000000355, 2.264854970235319974E-15 ) ) ;
#5526 = DIRECTION ( 'NONE',  ( 0.7071067811865475727, 0.7071067811865475727, 0.0000000000000000000 ) ) ;
#5527 = CARTESIAN_POINT ( 'NONE',  ( 7.359692041621889835, -2.059692160086119994, 1.000000102646080080 ) ) ;
#5528 = CARTESIAN_POINT ( 'NONE',  ( 0.8095855275305300358, 25.10000000000000142, -2.721554089080359784 ) ) ;
#5529 = EDGE_CURVE ( 'NONE', #964, #4293, #2345, .T. ) ;
#5530 = CARTESIAN_POINT ( 'NONE',  ( 1.599999956573756599, -2.899999999999999911, -6.799999894627503316 ) ) ;
#5531 = ORIENTED_EDGE ( 'NONE', *, *, #4217, .T. ) ;
#5532 = ADVANCED_FACE ( 'NONE', ( #6730 ), #1808, .T. ) ;
#5533 = VECTOR ( 'NONE', #6163, 1000.000000000000000 ) ;
#5534 = VERTEX_POINT ( 'NONE', #5306 ) ;
#5535 = CARTESIAN_POINT ( 'NONE',  ( -4.000000043426240381, 0.7999999128939578874, -6.799999996487580134 ) ) ;
#5536 = CARTESIAN_POINT ( 'NONE',  ( 6.200000000000001066, 7.700000000000000178, -7.376074639964259818E-08 ) ) ;
#5537 = PLANE ( 'NONE',  #6589 ) ;
#5538 = CIRCLE ( 'NONE', #244, 1.400000000000000133 ) ;
#5539 = ORIENTED_EDGE ( 'NONE', *, *, #6648, .F. ) ;
#5540 = ORIENTED_EDGE ( 'NONE', *, *, #3256, .F. ) ;
#5541 = DIRECTION ( 'NONE',  ( 0.0000000000000000000, 1.000000000000000000, 0.0000000000000000000 ) ) ;
#5542 = CARTESIAN_POINT ( 'NONE',  ( -1.675018661464670044, 25.30000000000000071, -2.249632869080310016 ) ) ;
#5543 = LINE ( 'NONE', #2303, #6616 ) ;
#5544 = CARTESIAN_POINT ( 'NONE',  ( -4.099999999999999645, 7.700000000000000178, 4.629175031953969288 ) ) ;
#5545 = CARTESIAN_POINT ( 'NONE',  ( -2.049999983969612583, 4.399999999999999467, 6.599999872595070372 ) ) ;
#5546 = EDGE_LOOP ( 'NONE', ( #2562, #4456, #1992, #6418 ) ) ;
#5547 = CARTESIAN_POINT ( 'NONE',  ( -2.424871130596430113, 18.00000000000000355, -1.399999999999999911 ) ) ;
#5548 = B_SPLINE_SURFACE_WITH_KNOTS ( 'NONE', 3, 3, ( 
 ( #4066, #6289, #2299, #6682 ),
 ( #166, #6221, #5071, #5649 ),
 ( #4500, #4574, #1254, #4533 ),
 ( #3535, #1765, #3959, #6789 ) ),
 .UNSPECIFIED., .F., .F., .F.,
 ( 4, 4 ),
 ( 4, 4 ),
 ( 0.0000000000000000000, 1.000000000000000000 ),
 ( 0.0000000000000000000, 1.000000000000000000 ),
 .UNSPECIFIED. ) ;
#5549 = CIRCLE ( 'NONE', #3026, 3.000000000000000000 ) ;
#5550 = DIRECTION ( 'NONE',  ( -0.5212476811413425670, 0.8320502943378400573, 0.1897186406157474470 ) ) ;
#5551 = DIRECTION ( 'NONE',  ( -1.000000000000000000, 0.0000000000000000000, -0.0000000000000000000 ) ) ;
#5552 = ORIENTED_EDGE ( 'NONE', *, *, #4433, .T. ) ;
#5553 = VERTEX_POINT ( 'NONE', #5848 ) ;
#5554 = CARTESIAN_POINT ( 'NONE',  ( 1.499999999999999556, 25.00000000000000000, 2.598076211353321785 ) ) ;
#5555 = VECTOR ( 'NONE', #5505, 1000.000000000000000 ) ;
#5556 = CARTESIAN_POINT ( 'NONE',  ( -3.599999870040590189, 0.7999995261430199456, -6.599999864931620053 ) ) ;
#5557 = DIRECTION ( 'NONE',  ( 1.332507690046919825E-08, 0.0000000000000000000, -0.9999999999999998890 ) ) ;
#5558 = EDGE_CURVE ( 'NONE', #2998, #394, #6460, .T. ) ;
#5559 = ADVANCED_FACE ( 'NONE', ( #1486 ), #5271, .T. ) ;
#5560 = FILL_AREA_STYLE_COLOUR ( '', #3354 ) ;
#5561 = CARTESIAN_POINT ( 'NONE',  ( 0.5209445330007920205, 25.00000000000000000, -2.954423259036619953 ) ) ;
#5562 = CARTESIAN_POINT ( 'NONE',  ( 0.0000000000000000000, 11.30000000000000071, 7.771561172376099727E-16 ) ) ;
#5563 = VERTEX_POINT ( 'NONE', #2996 ) ;
#5564 = ORIENTED_EDGE ( 'NONE', *, *, #2442, .T. ) ;
#5565 = EDGE_CURVE ( 'NONE', #3412, #5087, #1177, .T. ) ;
#5566 = VERTEX_POINT ( 'NONE', #328 ) ;
#5567 = DIRECTION ( 'NONE',  ( -0.7071067811865480168, 0.7071067811865470176, 0.0000000000000000000 ) ) ;
#5568 = ADVANCED_FACE ( 'NONE', ( #4190 ), #1918, .T. ) ;
#5569 = CARTESIAN_POINT ( 'NONE',  ( -2.049999999999999822, -2.500000000000000000, 7.349999852478499740 ) ) ;
#5570 = CARTESIAN_POINT ( 'NONE',  ( 0.9576564013118730179, 25.14999999999999858, -2.631139338200540134 ) ) ;
#5571 = DIRECTION ( 'NONE',  ( -0.0000000000000000000, -0.0000000000000000000, 1.000000000000000000 ) ) ;
#5572 = CARTESIAN_POINT ( 'NONE',  ( 4.399999951145479926, 0.7999995261430199456, -6.599999864931620053 ) ) ;
#5573 = ORIENTED_EDGE ( 'NONE', *, *, #6654, .T. ) ;
#5574 = ORIENTED_EDGE ( 'NONE', *, *, #1737, .T. ) ;
#5575 = VECTOR ( 'NONE', #3601, 1000.000000000000000 ) ;
#5576 = B_SPLINE_CURVE_WITH_KNOTS ( 'NONE', 3,
 ( #6539, #12, #1611, #4919 ),
 .UNSPECIFIED., .F., .F.,
 ( 4, 4 ),
 ( 0.0000000000000000000, 0.0004885781678749929156 ),
 .UNSPECIFIED. ) ;
#5577 = CARTESIAN_POINT ( 'NONE',  ( 0.0000000000000000000, 7.700000000000000178, -7.376074639964259818E-08 ) ) ;
#5578 = CARTESIAN_POINT ( 'NONE',  ( -6.199999917384523052, 7.700000000000000178, -1.000000062584879057 ) ) ;
#5579 = DIRECTION ( 'NONE',  ( 0.0000000000000000000, 0.0000000000000000000, 1.000000000000000000 ) ) ;
#5580 = VERTEX_POINT ( 'NONE', #2567 ) ;
#5581 = CARTESIAN_POINT ( 'NONE',  ( -2.369559742146900128, 25.10000000000000142, 1.564439840509590063 ) ) ;
#5582 = DIRECTION ( 'NONE',  ( 0.0000000000000000000, 1.000000000000000000, 2.220446049250310123E-16 ) ) ;
#5583 = VERTEX_POINT ( 'NONE', #4118 ) ;
#5584 = CARTESIAN_POINT ( 'NONE',  ( -4.099999999999999645, 7.700000000000000178, -5.649999999999999467 ) ) ;
#5585 = VECTOR ( 'NONE', #5571, 1000.000000000000000 ) ;
#5586 = CARTESIAN_POINT ( 'NONE',  ( 7.359692041621889835, -2.059692160086119994, -0.9999998973539252489 ) ) ;
#5587 = CARTESIAN_POINT ( 'NONE',  ( -5.599999852478505069, 7.700000000000000178, 5.199999874830249169 ) ) ;
#5588 = ORIENTED_EDGE ( 'NONE', *, *, #1042, .F. ) ;
#5589 = CIRCLE ( 'NONE', #1800, 0.4708249680460303566 ) ;
#5590 = VERTEX_POINT ( 'NONE', #4763 ) ;
#5591 = CARTESIAN_POINT ( 'NONE',  ( -0.3999999415661609770, 1.099999526143019990, -6.599999864931620053 ) ) ;
#5592 = CARTESIAN_POINT ( 'NONE',  ( 4.099999999999999645, 7.799999999999999822, -5.099999999999999645 ) ) ;
#5593 = VECTOR ( 'NONE', #1810, 1000.000000000000000 ) ;
#5594 = CARTESIAN_POINT ( 'NONE',  ( -1.433333333333330017, 25.19999999999999929, 2.482606157515399925 ) ) ;
#5595 = SURFACE_STYLE_USAGE ( .BOTH. , #5807 ) ;
#5596 = DIRECTION ( 'NONE',  ( -0.0000000000000000000, -1.000000000000000000, -0.0000000000000000000 ) ) ;
#5597 = ORIENTED_EDGE ( 'NONE', *, *, #1165, .T. ) ;
#5598 = AXIS2_PLACEMENT_3D ( 'NONE', #6784, #1900, #4102 ) ;
#5599 = ORIENTED_EDGE ( 'NONE', *, *, #1198, .T. ) ;
#5600 = ADVANCED_FACE ( 'NONE', ( #808 ), #1335, .T. ) ;
#5601 = ORIENTED_EDGE ( 'NONE', *, *, #4294, .T. ) ;
#5602 = CARTESIAN_POINT ( 'NONE',  ( -2.424871130596430113, 25.30000000000000071, -1.399999999999995026 ) ) ;
#5603 = CARTESIAN_POINT ( 'NONE',  ( -4.099999999999999645, 7.700000000000000178, -5.649999999999999467 ) ) ;
#5604 = CARTESIAN_POINT ( 'NONE',  ( -2.343422432170028546, 25.30000000000001137, 1.541073283884889289 ) ) ;
#5605 = STYLED_ITEM ( 'NONE', ( #7020 ), #2948 ) ;
#5606 = EDGE_CURVE ( 'NONE', #937, #4054, #3547, .T. ) ;
#5607 = CARTESIAN_POINT ( 'NONE',  ( 5.750429231398600078E-16, 25.19999999999999929, 2.800000000000010036 ) ) ;
#5608 = ORIENTED_EDGE ( 'NONE', *, *, #3515, .T. ) ;
#5609 = EDGE_CURVE ( 'NONE', #700, #4630, #486, .T. ) ;
#5610 = ORIENTED_EDGE ( 'NONE', *, *, #6091, .T. ) ;
#5611 = VECTOR ( 'NONE', #1728, 1000.000000000000000 ) ;
#5612 = CARTESIAN_POINT ( 'NONE',  ( 2.757461708434178149, 25.00000000000000000, 0.4862148974674100899 ) ) ;
#5613 = CARTESIAN_POINT ( 'NONE',  ( 1.500000000000000666, 25.00000000000000000, 2.598076211353320453 ) ) ;
#5614 = APPLICATION_CONTEXT ( 'automotive_design' ) ;
#5615 = CARTESIAN_POINT ( 'NONE',  ( -1.599935102374100193, 25.00000000000000000, -2.447025621146579955 ) ) ;
#5616 = DIRECTION ( 'NONE',  ( 1.000000000000000000, 0.0000000000000000000, -0.0000000000000000000 ) ) ;
#5617 = EDGE_CURVE ( 'NONE', #5364, #3506, #881, .T. ) ;
#5618 = VECTOR ( 'NONE', #416, 1000.000000000000000 ) ;
#5619 = EDGE_LOOP ( 'NONE', ( #6837, #388, #3430, #2054 ) ) ;
#5620 = CARTESIAN_POINT ( 'NONE',  ( -6.749999917384520209, 7.799999999999999822, -1.000000069913669964 ) ) ;
#5621 = LINE ( 'NONE', #4539, #2001 ) ;
#5622 = ADVANCED_FACE ( 'NONE', ( #4229 ), #5771, .T. ) ;
#5623 = ORIENTED_EDGE ( 'NONE', *, *, #1337, .F. ) ;
#5624 = PLANE ( 'NONE',  #1981 ) ;
#5625 = CARTESIAN_POINT ( 'NONE',  ( -2.756431687638670081, 25.10000000000000142, 1.003259087088629986 ) ) ;
#5626 = VERTEX_POINT ( 'NONE', #6301 ) ;
#5627 = ORIENTED_EDGE ( 'NONE', *, *, #2399, .T. ) ;
#5628 = CARTESIAN_POINT ( 'NONE',  ( -3.599999870040590189, 1.099999526143019990, -7.199999851520569649 ) ) ;
#5629 = DIRECTION ( 'NONE',  ( -0.0000000000000000000, -1.000000000000000000, -0.0000000000000000000 ) ) ;
#5630 = FACE_BOUND ( 'NONE', #3496, .T. ) ;
#5631 = DIRECTION ( 'NONE',  ( 0.0000000000000000000, -1.947377049816801886E-16, 1.000000000000000000 ) ) ;
#5632 = DIRECTION ( 'NONE',  ( 1.000000000000000000, 0.0000000000000000000, 0.0000000000000000000 ) ) ;
#5633 = VECTOR ( 'NONE', #360, 1000.000000000000000 ) ;
#5634 = EDGE_LOOP ( 'NONE', ( #1675, #6788, #3885, #2263 ) ) ;
#5635 = ORIENTED_EDGE ( 'NONE', *, *, #5446, .T. ) ;
#5636 = ORIENTED_EDGE ( 'NONE', *, *, #4819, .T. ) ;
#5637 = CIRCLE ( 'NONE', #115, 1.399999852478510443 ) ;
#5638 = DIRECTION ( 'NONE',  ( 0.9587633535238186955, 0.0000000000000000000, -0.2842056156020869029 ) ) ;
#5639 = CARTESIAN_POINT ( 'NONE',  ( 2.070816821900109961, 25.19999999999999929, -1.949909513856580068 ) ) ;
#5640 = CARTESIAN_POINT ( 'NONE',  ( -1.399999999999999911, 25.30000000000000071, -2.424871130596419899 ) ) ;
#5641 = LINE ( 'NONE', #6783, #510 ) ;
#5642 = DIRECTION ( 'NONE',  ( 0.0000000000000000000, 0.0000000000000000000, 1.000000000000000000 ) ) ;
#5643 = CARTESIAN_POINT ( 'NONE',  ( -1.450000000000003730, 25.14999999999999858, -2.511473670974865069 ) ) ;
#5644 = ORIENTED_EDGE ( 'NONE', *, *, #4779, .F. ) ;
#5645 = CARTESIAN_POINT ( 'NONE',  ( 2.040216012385970057, 25.30000000000000071, 1.924591952779949988 ) ) ;
#5646 = VECTOR ( 'NONE', #6721, 1000.000000000000000 ) ;
#5647 = EDGE_CURVE ( 'NONE', #4200, #5804, #3032, .T. ) ;
#5648 = ORIENTED_EDGE ( 'NONE', *, *, #3738, .F. ) ;
#5649 = CARTESIAN_POINT ( 'NONE',  ( 1.541073283884889955, 25.30000000000000071, -2.343422432170020109 ) ) ;
#5650 = LINE ( 'NONE', #5613, #3789 ) ;
#5651 = CARTESIAN_POINT ( 'NONE',  ( -0.9576564013118737950, 25.00000000000000000, 2.631139338200550792 ) ) ;
#5652 = VECTOR ( 'NONE', #4051, 1000.000000000000000 ) ;
#5653 = EDGE_CURVE ( 'NONE', #1551, #5765, #288, .T. ) ;
#5654 = EDGE_CURVE ( 'NONE', #6637, #6626, #4151, .T. ) ;
#5655 = DIRECTION ( 'NONE',  ( 0.7255109597715122538, -0.0000000000000000000, -0.6882106125681433095 ) ) ;
#5656 = VERTEX_POINT ( 'NONE', #2374 ) ;
#5657 = DIRECTION ( 'NONE',  ( 0.0000000000000000000, -0.0000000000000000000, 1.000000000000000000 ) ) ;
#5658 = LINE ( 'NONE', #615, #6021 ) ;
#5659 = EDGE_LOOP ( 'NONE', ( #885, #6951, #1534, #26 ) ) ;
#5660 = EDGE_CURVE ( 'NONE', #5580, #4242, #799, .T. ) ;
#5661 = CARTESIAN_POINT ( 'NONE',  ( -0.5209445330007920205, 25.00000000000000000, 2.954423259036630167 ) ) ;
#5662 = EDGE_CURVE ( 'NONE', #6004, #5489, #645, .T. ) ;
#5663 = LINE ( 'NONE', #5161, #124 ) ;
#5664 = CARTESIAN_POINT ( 'NONE',  ( -2.506319829022829904, 25.30000000000000071, 1.258926716115120081 ) ) ;
#5665 = VERTEX_POINT ( 'NONE', #5684 ) ;
#5666 = ORIENTED_EDGE ( 'NONE', *, *, #4550, .T. ) ;
#5667 = AXIS2_PLACEMENT_3D ( 'NONE', #6804, #6877, #5813 ) ;
#5668 = FACE_OUTER_BOUND ( 'NONE', #2421, .T. ) ;
#5669 = CARTESIAN_POINT ( 'NONE',  ( -1.599999962999882896, 0.7999998188194022974, -6.799999954338590058 ) ) ;
#5670 = UNCERTAINTY_MEASURE_WITH_UNIT (LENGTH_MEASURE( 1.000000000000000082E-05 ), #7031, 'distance_accuracy_value', 'NONE');
#5671 = CARTESIAN_POINT ( 'NONE',  ( 6.539485234502238953, -3.657716426510970287, -0.9999998973539252489 ) ) ;
#5672 = AXIS2_PLACEMENT_3D ( 'NONE', #988, #5952, #4305 ) ;
#5673 = VERTEX_POINT ( 'NONE', #1835 ) ;
#5674 = EDGE_LOOP ( 'NONE', ( #6797, #5386, #1845, #1966, #5124 ) ) ;
#5675 = ORIENTED_EDGE ( 'NONE', *, *, #5472, .T. ) ;
#5676 = DIRECTION ( 'NONE',  ( -1.000000000000000000, -0.0000000000000000000, -0.0000000000000000000 ) ) ;
#5677 = FACE_OUTER_BOUND ( 'NONE', #4314, .T. ) ;
#5678 = CARTESIAN_POINT ( 'NONE',  ( -1.799805307122310127, 18.00000000000000355, 2.144924440733139814 ) ) ;
#5679 = CARTESIAN_POINT ( 'NONE',  ( 3.673940397442059868E-16, 14.80000000000000071, -2.999999999999998224 ) ) ;
#5680 = CARTESIAN_POINT ( 'NONE',  ( 0.0000000000000000000, 18.00000000000000355, 2.264854970235320368E-15 ) ) ;
#5681 = CARTESIAN_POINT ( 'NONE',  ( -1.500000000000000000, 18.00000000000000355, 2.598076211353320009 ) ) ;
#5682 = CARTESIAN_POINT ( 'NONE',  ( 1.924591952779949988, 25.30000000000000071, 2.040216012385970057 ) ) ;
#5683 = ORIENTED_EDGE ( 'NONE', *, *, #3935, .T. ) ;
#5684 = CARTESIAN_POINT ( 'NONE',  ( 4.099999999999999645, 7.799999999999999822, -4.549999999999998934 ) ) ;
#5685 = DIRECTION ( 'NONE',  ( 0.0000000000000000000, 0.0000000000000000000, 1.000000000000000000 ) ) ;
#5686 = CARTESIAN_POINT ( 'NONE',  ( 2.424871130596430113, 25.30000000000000071, 1.400000000000009903 ) ) ;
#5687 = CARTESIAN_POINT ( 'NONE',  ( 0.0000000000000000000, 14.80000000000000071, 1.554312234475218171E-15 ) ) ;
#5688 = ORIENTED_EDGE ( 'NONE', *, *, #3205, .T. ) ;
#5689 = B_SPLINE_CURVE_WITH_KNOTS ( 'NONE', 3,
 ( #189, #261, #816, #4520 ),
 .UNSPECIFIED., .F., .F.,
 ( 4, 4 ),
 ( 1.637040452729150475E-33, 0.0004885781678749898799 ),
 .UNSPECIFIED. ) ;
#5690 = DIRECTION ( 'NONE',  ( 0.0000000000000000000, 1.000000000000000000, 0.0000000000000000000 ) ) ;
#5691 = CLOSED_SHELL ( 'NONE', ( #5755, #6613, #3642, #4991, #3383, #6867, #6012, #2443 ) ) ;
#5692 = ORIENTED_EDGE ( 'NONE', *, *, #49, .F. ) ;
#5693 = EDGE_CURVE ( 'NONE', #522, #3192, #5149, .T. ) ;
#5694 = EDGE_CURVE ( 'NONE', #4131, #3101, #5538, .T. ) ;
#5695 = CARTESIAN_POINT ( 'NONE',  ( 0.9576564013118730179, 25.30000000000000071, -2.631139338200540134 ) ) ;
#5696 = LINE ( 'NONE', #5442, #5633 ) ;
#5697 =( GEOMETRIC_REPRESENTATION_CONTEXT ( 3 ) GLOBAL_UNCERTAINTY_ASSIGNED_CONTEXT ( ( #5170 ) ) GLOBAL_UNIT_ASSIGNED_CONTEXT ( ( #1354, #678, #159 ) ) REPRESENTATION_CONTEXT ( 'NONE', 'WORKASPACE' ) );
#5698 = LINE ( 'NONE', #5586, #2209 ) ;
#5699 = CARTESIAN_POINT ( 'NONE',  ( 2.785748544544360161, 25.30000000000000071, -0.3257922781012509983 ) ) ;
#5700 = EDGE_CURVE ( 'NONE', #4739, #1349, #4643, .T. ) ;
#5701 = ORIENTED_EDGE ( 'NONE', *, *, #4069, .T. ) ;
#5702 = ORIENTED_EDGE ( 'NONE', *, *, #2198, .F. ) ;
#5703 = CARTESIAN_POINT ( 'NONE',  ( -0.4862148974674038171, 25.30000000000000071, 2.757461708434192360 ) ) ;
#5704 = VECTOR ( 'NONE', #1521, 1000.000000000000000 ) ;
#5705 = EDGE_CURVE ( 'NONE', #2486, #499, #1362, .T. ) ;
#5706 = DIRECTION ( 'NONE',  ( -1.000000000000000000, -0.0000000000000000000, -0.0000000000000000000 ) ) ;
#5707 = DIRECTION ( 'NONE',  ( -1.756208234393599945E-08, 0.0000000000000000000, 0.9999999999999998890 ) ) ;
#5708 = VECTOR ( 'NONE', #4603, 1000.000000000000000 ) ;
#5709 = DIRECTION ( 'NONE',  ( 0.7255109597715118097, -0.0000000000000000000, 0.6882106125681437536 ) ) ;
#5710 = ORIENTED_EDGE ( 'NONE', *, *, #1662, .F. ) ;
#5711 = ORIENTED_EDGE ( 'NONE', *, *, #6998, .T. ) ;
#5712 = EDGE_CURVE ( 'NONE', #2929, #1138, #6663, .T. ) ;
#5713 = ORIENTED_EDGE ( 'NONE', *, *, #5217, .F. ) ;
#5714 = AXIS2_PLACEMENT_3D ( 'NONE', #1411, #5342, #364 ) ;
#5715 = CARTESIAN_POINT ( 'NONE',  ( -0.4862148974674039836, 25.30000000000000071, 2.757461708434190140 ) ) ;
#5716 = LINE ( 'NONE', #4099, #2472 ) ;
#5717 = LINE ( 'NONE', #5179, #2461 ) ;
#5718 = CARTESIAN_POINT ( 'NONE',  ( 0.4500000000000000666, 0.8000000000000000444, 7.649999852478499562 ) ) ;
#5719 = DIRECTION ( 'NONE',  ( 0.0000000000000000000, 0.0000000000000000000, -1.000000000000000000 ) ) ;
#5720 = AXIS2_PLACEMENT_3D ( 'NONE', #7087, #640, #4301 ) ;
#5721 = CARTESIAN_POINT ( 'NONE',  ( 3.599999969026869806, 0.7999995261430199456, -7.199999851520569649 ) ) ;
#5722 = ORIENTED_EDGE ( 'NONE', *, *, #7103, .T. ) ;
#5723 = CARTESIAN_POINT ( 'NONE',  ( 5.599999852478510398, 7.700000000000000178, 5.200000000000001066 ) ) ;
#5724 = CARTESIAN_POINT ( 'NONE',  ( 4.200000000000000178, 8.000000000000000000, 5.200000000000001066 ) ) ;
#5725 = VECTOR ( 'NONE', #4197, 1000.000000000000000 ) ;
#5726 = LINE ( 'NONE', #4143, #706 ) ;
#5727 = LINE ( 'NONE', #3575, #3649 ) ;
#5728 = ORIENTED_EDGE ( 'NONE', *, *, #4953, .T. ) ;
#5729 = CARTESIAN_POINT ( 'NONE',  ( -2.279879574323210090, 25.19999999999999929, 1.700758227578730075 ) ) ;
#5730 = CIRCLE ( 'NONE', #4126, 1.399999852478509554 ) ;
#5731 = ORIENTED_EDGE ( 'NONE', *, *, #1654, .T. ) ;
#5732 = LINE ( 'NONE', #806, #5503 ) ;
#5733 = CARTESIAN_POINT ( 'NONE',  ( 0.5209445330007910213, 18.00000000000000355, 2.954423259036630167 ) ) ;
#5734 = VECTOR ( 'NONE', #1696, 1000.000000000000114 ) ;
#5735 = DIRECTION ( 'NONE',  ( 0.2842056156020869029, -2.128882300497939282E-16, 0.9587633535238186955 ) ) ;
#5736 = CARTESIAN_POINT ( 'NONE',  ( -2.424871130596430113, 25.19999999999999929, 1.400000000000009903 ) ) ;
#5737 = ADVANCED_FACE ( 'NONE', ( #4033 ), #6251, .T. ) ;
#5738 = ORIENTED_EDGE ( 'NONE', *, *, #2939, .F. ) ;
#5739 = EDGE_LOOP ( 'NONE', ( #6134, #6515, #3949, #6296 ) ) ;
#5740 = LINE ( 'NONE', #847, #6013 ) ;
#5741 = ADVANCED_FACE ( 'NONE', ( #761 ), #3463, .T. ) ;
#5742 = LINE ( 'NONE', #5314, #1018 ) ;
#5743 = LINE ( 'NONE', #152, #1396 ) ;
#5744 = EDGE_CURVE ( 'NONE', #4328, #6010, #1868, .T. ) ;
#5745 = DIRECTION ( 'NONE',  ( 0.0000000000000000000, 0.0000000000000000000, 1.000000000000000000 ) ) ;
#5746 = ADVANCED_FACE ( 'NONE', ( #6719 ), #5548, .F. ) ;
#5747 = VERTEX_POINT ( 'NONE', #5612 ) ;
#5748 = ORIENTED_EDGE ( 'NONE', *, *, #5933, .F. ) ;
#5749 = ORIENTED_EDGE ( 'NONE', *, *, #3246, .T. ) ;
#5750 = ADVANCED_FACE ( 'NONE', ( #3497 ), #1322, .T. ) ;
#5751 = CARTESIAN_POINT ( 'NONE',  ( -2.631139338200538802, 25.30000000000000071, -0.9576564013118654684 ) ) ;
#5752 = CARTESIAN_POINT ( 'NONE',  ( 1.938364385495390030, 25.19999999999999929, -2.051054571310079844 ) ) ;
#5753 = DIRECTION ( 'NONE',  ( -0.0000000000000000000, -1.000000000000000000, -0.0000000000000000000 ) ) ;
#5754 = CARTESIAN_POINT ( 'NONE',  ( -6.749999917384521986, 7.799999999999999822, -1.000000068081472238 ) ) ;
#5755 = ADVANCED_FACE ( 'NONE', ( #3996 ), #723, .T. ) ;
#5756 = CARTESIAN_POINT ( 'NONE',  ( -2.803265731477530220, 25.19999999999999929, -0.3252423468317670041 ) ) ;
#5757 = CARTESIAN_POINT ( 'NONE',  ( 2.424871130596430113, 25.30000000000000071, 1.400000000000009903 ) ) ;
#5758 = VECTOR ( 'NONE', #4227, 1000.000000000000000 ) ;
#5759 = ORIENTED_EDGE ( 'NONE', *, *, #597, .F. ) ;
#5760 = LINE ( 'NONE', #2477, #837 ) ;
#5761 = CARTESIAN_POINT ( 'NONE',  ( 2.950000000000000178, -2.500000000000000000, 7.649999854259654342 ) ) ;
#5762 = DIRECTION ( 'NONE',  ( 0.9999999999999998890, 0.0000000000000000000, 1.756208373171469752E-08 ) ) ;
#5763 = DIRECTION ( 'NONE',  ( -0.0000000000000000000, 0.0000000000000000000, -1.000000000000000000 ) ) ;
#5764 = CIRCLE ( 'NONE', #2424, 0.5500000000000001554 ) ;
#5765 = VERTEX_POINT ( 'NONE', #5960 ) ;
#5766 = DIRECTION ( 'NONE',  ( -0.9999999999999998890, 0.0000000000000000000, -1.756208234393599945E-08 ) ) ;
#5767 = VERTEX_POINT ( 'NONE', #6537 ) ;
#5768 = STYLED_ITEM ( 'NONE', ( #6347 ), #5287 ) ;
#5769 = CARTESIAN_POINT ( 'NONE',  ( -0.3401285898181499734, 25.10000000000000142, 2.863884641179600621 ) ) ;
#5770 = CARTESIAN_POINT ( 'NONE',  ( -1.799805307122310571, 25.00000000000000000, 2.144924440733140258 ) ) ;
#5771 = PLANE ( 'NONE',  #2319 ) ;
#5772 = DIRECTION ( 'NONE',  ( 0.7255109597715122538, 0.0000000000000000000, -0.6882106125681433095 ) ) ;
#5773 = AXIS2_PLACEMENT_3D ( 'NONE', #310, #6180, #3460 ) ;
#5774 = VERTEX_POINT ( 'NONE', #1536 ) ;
#5775 = VERTEX_POINT ( 'NONE', #3266 ) ;
#5776 = FACE_OUTER_BOUND ( 'NONE', #6069, .T. ) ;
#5777 = LINE ( 'NONE', #218, #3666 ) ;
#5778 = DIRECTION ( 'NONE',  ( -0.0000000000000000000, 1.000000000000000000, 0.0000000000000000000 ) ) ;
#5779 = ADVANCED_FACE ( 'NONE', ( #1644 ), #4675, .T. ) ;
#5780 = ORIENTED_EDGE ( 'NONE', *, *, #4698, .F. ) ;
#5781 = ORIENTED_EDGE ( 'NONE', *, *, #2449, .F. ) ;
#5782 = EDGE_LOOP ( 'NONE', ( #4608, #6993, #3073, #5138 ) ) ;
#5783 = ORIENTED_EDGE ( 'NONE', *, *, #591, .T. ) ;
#5784 = ADVANCED_FACE ( 'NONE', ( #3021 ), #3777, .T. ) ;
#5785 = CARTESIAN_POINT ( 'NONE',  ( -6.148959085117179590, -3.268807696858369916, 1.000000102646080080 ) ) ;
#5786 = VECTOR ( 'NONE', #4049, 1000.000000000000000 ) ;
#5787 = FACE_OUTER_BOUND ( 'NONE', #3166, .T. ) ;
#5788 =( NAMED_UNIT ( * ) PLANE_ANGLE_UNIT ( ) SI_UNIT ( $, .RADIAN. ) );
#5789 = DIRECTION ( 'NONE',  ( -0.9999999999999997780, 0.0000000000000000000, -1.756208373171469421E-08 ) ) ;
#5790 = CARTESIAN_POINT ( 'NONE',  ( 4.949314236224470176E-08, 1.099999526143019990, -6.899999858226090410 ) ) ;
#5791 = DIRECTION ( 'NONE',  ( -0.9981468937684691012, 0.0000000000000000000, -0.06085045982041850654 ) ) ;
#5792 = CARTESIAN_POINT ( 'NONE',  ( 2.247063699815670557, 25.10000000000000142, 1.885510321747190021 ) ) ;
#5793 = ADVANCED_FACE ( 'NONE', ( #3744 ), #1034, .F. ) ;
#5794 = AXIS2_PLACEMENT_3D ( 'NONE', #3888, #2629, #7003 ) ;
#5795 = ORIENTED_EDGE ( 'NONE', *, *, #3012, .F. ) ;
#5796 = CARTESIAN_POINT ( 'NONE',  ( 0.4500000350293703044, 4.399999999999999467, 7.649999857821964788 ) ) ;
#5797 = EDGE_CURVE ( 'NONE', #1499, #4475, #6322, .T. ) ;
#5798 = DIRECTION ( 'NONE',  ( 0.0000000000000000000, 1.000000000000000000, -0.0000000000000000000 ) ) ;
#5799 = CARTESIAN_POINT ( 'NONE',  ( 4.099999999999999645, 7.700000000000000178, -5.099999999999999645 ) ) ;
#5800 = PLANE ( 'NONE',  #5824 ) ;
#5801 = VECTOR ( 'NONE', #4284, 1000.000000000000000 ) ;
#5802 = ORIENTED_EDGE ( 'NONE', *, *, #2976, .T. ) ;
#5803 = CARTESIAN_POINT ( 'NONE',  ( 2.631139338200538802, 25.30000000000000071, 0.9576564013118761265 ) ) ;
#5804 = VERTEX_POINT ( 'NONE', #5927 ) ;
#5805 = CARTESIAN_POINT ( 'NONE',  ( 0.6466375168335529722, 25.30000000000001137, -2.729174872323999246 ) ) ;
#5806 = DIRECTION ( 'NONE',  ( -0.0000000000000000000, 1.000000000000000000, 2.220446049250310123E-16 ) ) ;
#5807 = SURFACE_SIDE_STYLE ('',( #6375 ) ) ;
#5808 = CARTESIAN_POINT ( 'NONE',  ( -1.799805307122310127, 18.00000000000000355, -2.144924440733130044 ) ) ;
#5809 = CARTESIAN_POINT ( 'NONE',  ( 4.200000000000000178, 0.0000000000000000000, -5.200000000000001066 ) ) ;
#5810 = VERTEX_POINT ( 'NONE', #526 ) ;
#5811 = CARTESIAN_POINT ( 'NONE',  ( 5.599999852478510398, 0.0000000000000000000, 5.200000000000001066 ) ) ;
#5812 = ORIENTED_EDGE ( 'NONE', *, *, #335, .F. ) ;
#5813 = DIRECTION ( 'NONE',  ( 0.0000000000000000000, 0.0000000000000000000, 1.000000000000000000 ) ) ;
#5814 =( NAMED_UNIT ( * ) PLANE_ANGLE_UNIT ( ) SI_UNIT ( $, .RADIAN. ) );
#5815 = VECTOR ( 'NONE', #884, 1000.000000000000000 ) ;
#5816 = SURFACE_SIDE_STYLE ('',( #3589 ) ) ;
#5817 = DIRECTION ( 'NONE',  ( 0.4249250029153837094, 0.8320502943378433880, -0.3565544132242220998 ) ) ;
#5818 = ORIENTED_EDGE ( 'NONE', *, *, #3686, .T. ) ;
#5819 = PRESENTATION_LAYER_ASSIGNMENT (  '', '', ( #6505 ) ) ;
#5820 = EDGE_LOOP ( 'NONE', ( #1855, #5455, #5206, #3052 ) ) ;
#5821 = VERTEX_POINT ( 'NONE', #1000 ) ;
#5822 = ORIENTED_EDGE ( 'NONE', *, *, #5347, .F. ) ;
#5823 = CARTESIAN_POINT ( 'NONE',  ( 6.200000000000001066, 7.700000000000000178, 5.200000000000001066 ) ) ;
#5824 = AXIS2_PLACEMENT_3D ( 'NONE', #2378, #764, #2448 ) ;
#5825 = PLANE ( 'NONE',  #1851 ) ;
#5826 = CARTESIAN_POINT ( 'NONE',  ( -0.9576564013118731289, 25.14999999999999858, 2.631139338200549904 ) ) ;
#5827 = FACE_OUTER_BOUND ( 'NONE', #6732, .T. ) ;
#5828 = CARTESIAN_POINT ( 'NONE',  ( 4.399999951145479926, 1.099999526143019990, -6.599999864931620053 ) ) ;
#5829 = DIRECTION ( 'NONE',  ( 0.4463754028477891489, 0.0000000000000000000, -0.8948457966222302939 ) ) ;
#5830 = EDGE_CURVE ( 'NONE', #1685, #5309, #4401, .T. ) ;
#5831 = CARTESIAN_POINT ( 'NONE',  ( 2.756431687638659866, 25.10000000000000142, -1.003259087088619994 ) ) ;
#5832 = CIRCLE ( 'NONE', #3875, 4.453999999999999737 ) ;
#5833 = ORIENTED_EDGE ( 'NONE', *, *, #5998, .F. ) ;
#5834 = EDGE_CURVE ( 'NONE', #6674, #5501, #7101, .T. ) ;
#5835 = DIRECTION ( 'NONE',  ( -0.0000000000000000000, 1.000000000000000000, 2.220446049250310123E-16 ) ) ;
#5836 = CARTESIAN_POINT ( 'NONE',  ( -1.600000036401400871, -2.899999860630310344, -7.199999961363419132 ) ) ;
#5837 = VECTOR ( 'NONE', #4979, 1000.000000000000000 ) ;
#5838 = CARTESIAN_POINT ( 'NONE',  ( -8.022792055261529498, -2.172792186019220306, -0.9999999404938613168 ) ) ;
#5839 = EDGE_CURVE ( 'NONE', #1797, #6294, #867, .T. ) ;
#5840 = ORIENTED_EDGE ( 'NONE', *, *, #2615, .T. ) ;
#5841 = CARTESIAN_POINT ( 'NONE',  ( -2.899999999999999911, 25.14999999999999858, 6.446986198574325763E-15 ) ) ;
#5842 = B_SPLINE_CURVE_WITH_KNOTS ( 'NONE', 3,
 ( #3066, #6264, #251, #2823 ),
 .UNSPECIFIED., .F., .F.,
 ( 4, 4 ),
 ( 0.0000000000000000000, 0.0004885781678749931325 ),
 .UNSPECIFIED. ) ;
#5843 = ORIENTED_EDGE ( 'NONE', *, *, #2664, .F. ) ;
#5844 = VECTOR ( 'NONE', #795, 1000.000000000000000 ) ;
#5845 = CARTESIAN_POINT ( 'NONE',  ( 1.541073283884879963, 25.30000000000000071, 2.343422432170029879 ) ) ;
#5846 = DIRECTION ( 'NONE',  ( 0.0000000000000000000, 0.0000000000000000000, 1.000000000000000000 ) ) ;
#5847 = EDGE_CURVE ( 'NONE', #3994, #1551, #4883, .T. ) ;
#5848 = CARTESIAN_POINT ( 'NONE',  ( 4.399999952502534839, 0.7999995261430200566, -6.799999848966089111 ) ) ;
#5849 = CARTESIAN_POINT ( 'NONE',  ( 2.424871130596430113, 18.00000000000000355, 1.399999999999999911 ) ) ;
#5850 = EDGE_CURVE ( 'NONE', #2560, #4490, #2183, .T. ) ;
#5851 = ORIENTED_EDGE ( 'NONE', *, *, #3554, .F. ) ;
#5852 = VERTEX_POINT ( 'NONE', #833 ) ;
#5853 = VERTEX_POINT ( 'NONE', #4851 ) ;
#5854 = CARTESIAN_POINT ( 'NONE',  ( -6.199999861419200009, -0.8999999798834320552, -0.9999998973539261371 ) ) ;
#5855 = AXIS2_PLACEMENT_3D ( 'NONE', #4261, #1517, #980 ) ;
#5856 =( NAMED_UNIT ( * ) SI_UNIT ( $, .STERADIAN. ) SOLID_ANGLE_UNIT ( ) );
#5857 = CARTESIAN_POINT ( 'NONE',  ( 1.319218800437290007, 25.00000000000000000, 2.609097253635729974 ) ) ;
#5858 = ORIENTED_EDGE ( 'NONE', *, *, #5647, .F. ) ;
#5859 = ORIENTED_EDGE ( 'NONE', *, *, #3060, .T. ) ;
#5860 = VERTEX_POINT ( 'NONE', #6859 ) ;
#5861 = EDGE_LOOP ( 'NONE', ( #5728, #171, #598, #6829 ) ) ;
#5862 = CARTESIAN_POINT ( 'NONE',  ( 0.0000000000000000000, 14.80000000000000071, 1.554312234475220932E-15 ) ) ;
#5863 = DIRECTION ( 'NONE',  ( -0.0000000000000000000, 1.000000000000000000, 0.0000000000000000000 ) ) ;
#5864 = DIRECTION ( 'NONE',  ( -0.0000000000000000000, -0.0000000000000000000, -1.000000000000000000 ) ) ;
#5865 = CARTESIAN_POINT ( 'NONE',  ( 6.200000000000001066, 7.799999999999999822, 1.000000102646080080 ) ) ;
#5866 = CARTESIAN_POINT ( 'NONE',  ( 2.757461708434179926, 25.00000000000000000, 0.4862148974674109780 ) ) ;
#5867 = DIRECTION ( 'NONE',  ( -0.0000000000000000000, 0.0000000000000000000, -1.000000000000000000 ) ) ;
#5868 = DIRECTION ( 'NONE',  ( 0.0000000000000000000, 0.0000000000000000000, -1.000000000000000000 ) ) ;
#5869 = VERTEX_POINT ( 'NONE', #7065 ) ;
#5870 = CARTESIAN_POINT ( 'NONE',  ( 0.6466375168335519730, 25.30000000000000071, 2.729174872324009904 ) ) ;
#5871 = CARTESIAN_POINT ( 'NONE',  ( 7.748799025977220171E-16, 25.10000000000000142, -2.799999999999990052 ) ) ;
#5872 = ORIENTED_EDGE ( 'NONE', *, *, #2179, .F. ) ;
#5873 = AXIS2_PLACEMENT_3D ( 'NONE', #6483, #1553, #6938 ) ;
#5874 = ADVANCED_FACE ( 'NONE', ( #4353 ), #4315, .T. ) ;
#5875 = LINE ( 'NONE', #873, #3638 ) ;
#5876 = ORIENTED_EDGE ( 'NONE', *, *, #4333, .F. ) ;
#5877 = DIRECTION ( 'NONE',  ( -0.09632267822600740215, 0.8320502943378559335, -0.5462730538399785951 ) ) ;
#5878 = EDGE_CURVE ( 'NONE', #5553, #5275, #5760, .T. ) ;
#5879 = EDGE_CURVE ( 'NONE', #1994, #818, #4141, .T. ) ;
#5880 = DIRECTION ( 'NONE',  ( 0.0000000000000000000, 1.000000000000000000, 0.0000000000000000000 ) ) ;
#5881 = VECTOR ( 'NONE', #5152, 1000.000000000000000 ) ;
#5882 = DIRECTION ( 'NONE',  ( 0.2332523937523060531, -0.0000000000000000000, 0.9724162281702312116 ) ) ;
#5883 = CYLINDRICAL_SURFACE ( 'NONE', #185, 1.400000000000000133 ) ;
#5884 = EDGE_LOOP ( 'NONE', ( #852, #5564, #6931, #2476 ) ) ;
#5885 = ORIENTED_EDGE ( 'NONE', *, *, #3816, .F. ) ;
#5886 = VERTEX_POINT ( 'NONE', #5796 ) ;
#5887 = CARTESIAN_POINT ( 'NONE',  ( 0.9576564013118720187, 18.00000000000000355, 2.631139338200549904 ) ) ;
#5888 = ADVANCED_FACE ( 'NONE', ( #3054 ), #5256, .T. ) ;
#5889 = CIRCLE ( 'NONE', #1274, 1.399999852478509998 ) ;
#5890 = CARTESIAN_POINT ( 'NONE',  ( 6.200000000000001066, 7.799999999999998934, 5.200000000000001066 ) ) ;
#5891 = EDGE_CURVE ( 'NONE', #4280, #3471, #4672, .T. ) ;
#5892 = VECTOR ( 'NONE', #1069, 1000.000000000000000 ) ;
#5893 = CARTESIAN_POINT ( 'NONE',  ( 1.119964730995979929, 25.19999999999999929, 2.590320510433799850 ) ) ;
#5894 = ORIENTED_EDGE ( 'NONE', *, *, #6834, .F. ) ;
#5895 = VERTEX_POINT ( 'NONE', #5147 ) ;
#5896 = ORIENTED_EDGE ( 'NONE', *, *, #4732, .F. ) ;
#5897 = ORIENTED_EDGE ( 'NONE', *, *, #1957, .F. ) ;
#5898 = CARTESIAN_POINT ( 'NONE',  ( 3.000000000000000444, 18.00000000000000355, 5.598320280254693772E-15 ) ) ;
#5899 = LINE ( 'NONE', #4283, #586 ) ;
#5900 = CARTESIAN_POINT ( 'NONE',  ( -1.959111205433661684, 7.799999999999999822, -3.999999910593031061 ) ) ;
#5901 = DIRECTION ( 'NONE',  ( -0.0000000000000000000, -1.000000000000000000, -0.0000000000000000000 ) ) ;
#5902 = CARTESIAN_POINT ( 'NONE',  ( 4.099999999999999645, 8.000000000000000000, -5.099999999999999645 ) ) ;
#5903 = ORIENTED_EDGE ( 'NONE', *, *, #4464, .T. ) ;
#5904 = VECTOR ( 'NONE', #6124, 1000.000000000000000 ) ;
#5905 = DIRECTION ( 'NONE',  ( 0.0000000000000000000, 1.000000000000000000, 0.0000000000000000000 ) ) ;
#5906 = LINE ( 'NONE', #3169, #4038 ) ;
#5907 = CARTESIAN_POINT ( 'NONE',  ( 1.600000013730360049, 1.099999526143019990, -7.199999851520569649 ) ) ;
#5908 = VERTEX_POINT ( 'NONE', #2407 ) ;
#5909 = EDGE_LOOP ( 'NONE', ( #3787, #3098, #2125, #5447 ) ) ;
#5910 = CARTESIAN_POINT ( 'NONE',  ( 1.683301000481550069, 25.19999999999999929, 2.265078163602030070 ) ) ;
#5911 = DIRECTION ( 'NONE',  ( 0.0000000000000000000, 1.000000000000000000, 0.0000000000000000000 ) ) ;
#5912 = CARTESIAN_POINT ( 'NONE',  ( -0.6466375168335526391, 25.30000000000000071, -2.729174872323999246 ) ) ;
#5913 = FACE_OUTER_BOUND ( 'NONE', #331, .T. ) ;
#5914 = ORIENTED_EDGE ( 'NONE', *, *, #2052, .F. ) ;
#5915 = ORIENTED_EDGE ( 'NONE', *, *, #4745, .F. ) ;
#5916 = EDGE_CURVE ( 'NONE', #4681, #4288, #6857, .T. ) ;
#5917 = EDGE_LOOP ( 'NONE', ( #2571, #4146, #6847, #410 ) ) ;
#5918 = CARTESIAN_POINT ( 'NONE',  ( -2.500000000000000000, 0.8000000000000000444, 7.649999852478499562 ) ) ;
#5919 = EDGE_CURVE ( 'NONE', #6088, #4857, #1319, .T. ) ;
#5920 = FACE_OUTER_BOUND ( 'NONE', #4642, .T. ) ;
#5921 = ORIENTED_EDGE ( 'NONE', *, *, #4819, .F. ) ;
#5922 = ORIENTED_EDGE ( 'NONE', *, *, #1694, .F. ) ;
#5923 = EDGE_CURVE ( 'NONE', #1582, #6088, #6218, .T. ) ;
#5925 = ORIENTED_EDGE ( 'NONE', *, *, #2177, .F. ) ;
#5924 = AXIS2_PLACEMENT_3D ( 'NONE', #3684, #3139, #1514 ) ;
#5926 = EDGE_LOOP ( 'NONE', ( #3593, #587, #3629, #4268 ) ) ;
#5927 = CARTESIAN_POINT ( 'NONE',  ( -0.9576564013118721297, 25.00000000000000000, -2.631139338200538358 ) ) ;
#5928 = DIRECTION ( 'NONE',  ( 0.0000000000000000000, 1.000000000000000000, 2.379049338482480203E-16 ) ) ;
#5929 = CARTESIAN_POINT ( 'NONE',  ( 0.5209445330007924646, 25.00000000000000355, -2.954423259036618621 ) ) ;
#5930 = SURFACE_STYLE_USAGE ( .BOTH. , #421 ) ;
#5931 = LINE ( 'NONE', #5828, #649 ) ;
#5932 = LINE ( 'NONE', #7072, #1697 ) ;
#5933 = EDGE_CURVE ( 'NONE', #5489, #2740, #4029, .T. ) ;
#5934 = ORIENTED_EDGE ( 'NONE', *, *, #3598, .F. ) ;
#5935 = VECTOR ( 'NONE', #5334, 1000.000000000000000 ) ;
#5936 = PLANE ( 'NONE',  #2745 ) ;
#5937 = DIRECTION ( 'NONE',  ( 1.756208306888520128E-08, 0.0000000000000000000, -0.9999999999999998890 ) ) ;
#5938 = LINE ( 'NONE', #1012, #5555 ) ;
#5939 = CARTESIAN_POINT ( 'NONE',  ( 5.599999852478511286, 7.700000000000000178, -5.200000000000001066 ) ) ;
#5940 = VECTOR ( 'NONE', #5596, 1000.000000000000000 ) ;
#5941 = EDGE_LOOP ( 'NONE', ( #4339, #5420, #1195 ) ) ;
#5942 = VERTEX_POINT ( 'NONE', #6249 ) ;
#5943 = DIRECTION ( 'NONE',  ( 0.0000000000000000000, 0.0000000000000000000, 1.000000000000000000 ) ) ;
#5944 = AXIS2_PLACEMENT_3D ( 'NONE', #408, #337, #2038 ) ;
#5945 = DIRECTION ( 'NONE',  ( -1.000000000000000000, 0.0000000000000000000, 0.0000000000000000000 ) ) ;
#5946 = CARTESIAN_POINT ( 'NONE',  ( -0.3472963553338599962, 25.00000000000000000, -2.902948839357740063 ) ) ;
#5947 = CARTESIAN_POINT ( 'NONE',  ( 3.599999969026869806, 0.7999995261430199456, -6.599999864931620053 ) ) ;
#5948 = VERTEX_POINT ( 'NONE', #4139 ) ;
#5949 = CARTESIAN_POINT ( 'NONE',  ( 0.9576564013118711305, 25.30000000000000071, 2.631139338200549904 ) ) ;
#5950 = VECTOR ( 'NONE', #309, 1000.000000000000000 ) ;
#5951 = ORIENTED_EDGE ( 'NONE', *, *, #6878, .T. ) ;
#5952 = DIRECTION ( 'NONE',  ( 0.0000000000000000000, 1.000000000000000000, 0.0000000000000000000 ) ) ;
#5953 = AXIS2_PLACEMENT_3D ( 'NONE', #2608, #3735, #2103 ) ;
#5954 = CARTESIAN_POINT ( 'NONE',  ( -6.199999917384520387, 7.799999999999999822, -1.000000062584877725 ) ) ;
#5955 = CARTESIAN_POINT ( 'NONE',  ( 3.599999969026869806, 0.7999995261430199456, -6.599999864931620053 ) ) ;
#5956 = ORIENTED_EDGE ( 'NONE', *, *, #4875, .T. ) ;
#5957 = ORIENTED_EDGE ( 'NONE', *, *, #3364, .F. ) ;
#5958 = EDGE_CURVE ( 'NONE', #3109, #3041, #2516, .T. ) ;
#5959 = EDGE_LOOP ( 'NONE', ( #1764, #3335, #4558, #3653 ) ) ;
#5960 = CARTESIAN_POINT ( 'NONE',  ( -2.949999983969612494, 4.400000000000000355, 7.649999856040810009 ) ) ;
#5961 = FACE_OUTER_BOUND ( 'NONE', #6999, .T. ) ;
#5962 = EDGE_CURVE ( 'NONE', #5027, #6199, #2910, .T. ) ;
#5963 = ADVANCED_FACE ( 'NONE', ( #4711 ), #6633, .F. ) ;
#5964 = CARTESIAN_POINT ( 'NONE',  ( 2.356487886873050108, 25.19999999999999929, 1.552754386395180042 ) ) ;
#5965 = LINE ( 'NONE', #3340, #5007 ) ;
#5966 = CARTESIAN_POINT ( 'NONE',  ( 2.612839617940180048, 25.19999999999999929, 1.124054515143799948 ) ) ;
#5967 = AXIS2_PLACEMENT_3D ( 'NONE', #6850, #4816, #6887 ) ;
#5968 = CARTESIAN_POINT ( 'NONE',  ( 0.0000000000000000000, 4.099999999999999645, 7.349999852478499740 ) ) ;
#5969 = CARTESIAN_POINT ( 'NONE',  ( 6.200000000000001066, 7.799999999999998934, -5.200000000000001066 ) ) ;
#5970 = EDGE_CURVE ( 'NONE', #1993, #3739, #830, .T. ) ;
#5971 = ORIENTED_EDGE ( 'NONE', *, *, #7046, .F. ) ;
#5972 = CARTESIAN_POINT ( 'NONE',  ( -8.022792055261529498, -2.172792186019219862, 1.000000102646080080 ) ) ;
#5973 = CARTESIAN_POINT ( 'NONE',  ( 2.298133329356931487, 18.00000000000000355, 1.928362829059623751 ) ) ;
#5974 = CARTESIAN_POINT ( 'NONE',  ( 6.200000000000001066, 7.700000000000000178, 5.200000000000001066 ) ) ;
#5975 = DIRECTION ( 'NONE',  ( 0.0000000000000000000, -0.0000000000000000000, 1.000000000000000000 ) ) ;
#5976 = VERTEX_POINT ( 'NONE', #5252 ) ;
#5977 = VERTEX_POINT ( 'NONE', #2949 ) ;
#5978 = LINE ( 'NONE', #1053, #2513 ) ;
#5979 = DIRECTION ( 'NONE',  ( -0.0000000000000000000, 1.000000000000000000, 2.220446049250310123E-16 ) ) ;
#5980 = CARTESIAN_POINT ( 'NONE',  ( 6.750000000000000000, 7.799999999999999822, -0.9999998973539250269 ) ) ;
#5981 = CARTESIAN_POINT ( 'NONE',  ( 0.5209445330007920205, 25.00000000000000000, 2.954423259036628391 ) ) ;
#5982 = DIRECTION ( 'NONE',  ( -9.757819552369598282E-15, 1.000000000000000000, 0.0000000000000000000 ) ) ;
#5983 = LINE ( 'NONE', #7055, #7041 ) ;
#5984 = AXIS2_PLACEMENT_3D ( 'NONE', #2528, #6128, #4620 ) ;
#5985 = DIRECTION ( 'NONE',  ( 0.0000000000000000000, 0.0000000000000000000, 1.000000000000000000 ) ) ;
#5986 = CARTESIAN_POINT ( 'NONE',  ( 4.099999999999999645, 7.700000000000000178, -5.649999999999999467 ) ) ;
#5987 = LINE ( 'NONE', #3297, #655 ) ;
#5988 = VECTOR ( 'NONE', #1944, 1000.000000000000114 ) ;
#5989 = ORIENTED_EDGE ( 'NONE', *, *, #5830, .F. ) ;
#5990 = ORIENTED_EDGE ( 'NONE', *, *, #1079, .F. ) ;
#5991 = CARTESIAN_POINT ( 'NONE',  ( 2.693785512919599778, 25.19999999999999929, -0.9804577442002441190 ) ) ;
#5992 = ORIENTED_EDGE ( 'NONE', *, *, #6079, .F. ) ;
#5993 = ORIENTED_EDGE ( 'NONE', *, *, #1425, .F. ) ;
#5994 = CARTESIAN_POINT ( 'NONE',  ( -4.099999999999999645, 8.000000000000000000, -5.099999999999999645 ) ) ;
#5995 = CARTESIAN_POINT ( 'NONE',  ( 2.819077862357719955, 18.00000000000000355, 1.026060429977009969 ) ) ;
#5996 = PLANE ( 'NONE',  #4281 ) ;
#5997 = FILL_AREA_STYLE ('',( #7068 ) ) ;
#5998 = EDGE_CURVE ( 'NONE', #6810, #194, #1435, .T. ) ;
#5999 = DIRECTION ( 'NONE',  ( 0.0000000000000000000, 1.000000000000000000, 0.0000000000000000000 ) ) ;
#6000 = CARTESIAN_POINT ( 'NONE',  ( 2.724079585030830142, 25.19999999999999929, 0.8184252174213669795 ) ) ;
#6001 = LINE ( 'NONE', #1076, #5026 ) ;
#6002 = ADVANCED_FACE ( 'NONE', ( #1975 ), #3570, .T. ) ;
#6003 = ADVANCED_FACE ( 'NONE', ( #721 ), #6117, .F. ) ;
#6004 = VERTEX_POINT ( 'NONE', #40 ) ;
#6005 = CARTESIAN_POINT ( 'NONE',  ( -2.343422432170029879, 25.30000000000000071, -1.541073283884879963 ) ) ;
#6006 = CARTESIAN_POINT ( 'NONE',  ( 6.200000000000001066, 7.799999999999999822, -0.9999998973539250269 ) ) ;
#6007 = LINE ( 'NONE', #5469, #4641 ) ;
#6008 = PLANE ( 'NONE',  #2149 ) ;
#6009 = ADVANCED_FACE ( 'NONE', ( #1433 ), #900, .T. ) ;
#6010 = VERTEX_POINT ( 'NONE', #2554 ) ;
#6011 = B_SPLINE_SURFACE_WITH_KNOTS ( 'NONE', 3, 3, ( 
 ( #6960, #4706, #6316, #4853 ),
 ( #6467, #5358, #6925, #4744 ),
 ( #2045, #3708, #7030, #1391 ),
 ( #5394, #6357, #1502, #2549 ) ),
 .UNSPECIFIED., .F., .F., .F.,
 ( 4, 4 ),
 ( 4, 4 ),
 ( 0.0000000000000000000, 1.000000000000000000 ),
 ( 0.0000000000000000000, 1.000000000000000000 ),
 .UNSPECIFIED. ) ;
#6012 = ADVANCED_FACE ( 'NONE', ( #4177 ), #4982, .F. ) ;
#6013 = VECTOR ( 'NONE', #922, 1000.000000000000000 ) ;
#6014 = ORIENTED_EDGE ( 'NONE', *, *, #6167, .F. ) ;
#6015 = CARTESIAN_POINT ( 'NONE',  ( -6.199999903393190515, 7.799999999999999822, -1.000000062584878391 ) ) ;
#6016 = CARTESIAN_POINT ( 'NONE',  ( -1.433333333333340009, 25.19999999999999929, -2.482606157515379941 ) ) ;
#6017 = CARTESIAN_POINT ( 'NONE',  ( -4.199999987706542370, 7.700000000000000178, -6.599999999999997868 ) ) ;
#6018 = ORIENTED_EDGE ( 'NONE', *, *, #1211, .T. ) ;
#6019 = DIRECTION ( 'NONE',  ( 0.0000000000000000000, 1.000000000000000000, 0.0000000000000000000 ) ) ;
#6020 = ADVANCED_FACE ( 'NONE', ( #4786 ), #4349, .T. ) ;
#6021 = VECTOR ( 'NONE', #6193, 1000.000000000000000 ) ;
#6022 = LINE ( 'NONE', #103, #314 ) ;
#6023 = CARTESIAN_POINT ( 'NONE',  ( 1.433333333333340009, 25.19999999999999929, -2.482606157515379941 ) ) ;
#6024 = CARTESIAN_POINT ( 'NONE',  ( 1.675018661464670044, 25.30000000000001137, 2.249632869080318454 ) ) ;
#6025 = VECTOR ( 'NONE', #4670, 1000.000000000000114 ) ;
#6026 = ORIENTED_EDGE ( 'NONE', *, *, #2491, .T. ) ;
#6027 = VERTEX_POINT ( 'NONE', #558 ) ;
#6028 = CARTESIAN_POINT ( 'NONE',  ( -6.199999861419200009, 0.0000000000000000000, -5.200000000000001066 ) ) ;
#6029 = CARTESIAN_POINT ( 'NONE',  ( -7.358883331755660784, -2.058883450219890054, 1.000000102646080080 ) ) ;
#6030 = CARTESIAN_POINT ( 'NONE',  ( 2.247063699815670557, 25.10000000000000142, 1.885510321747190021 ) ) ;
#6031 = CARTESIAN_POINT ( 'NONE',  ( 2.556273374516860208, 25.00000000000000000, 1.275353476659010221 ) ) ;
#6032 = ORIENTED_EDGE ( 'NONE', *, *, #195, .F. ) ;
#6033 = AXIS2_PLACEMENT_3D ( 'NONE', #6725, #6227, #5657 ) ;
#6034 = ORIENTED_EDGE ( 'NONE', *, *, #6079, .T. ) ;
#6035 = FACE_OUTER_BOUND ( 'NONE', #5739, .T. ) ;
#6036 = CARTESIAN_POINT ( 'NONE',  ( -6.537867814769780850, -3.657716426510969843, 1.000000102646080080 ) ) ;
#6037 = DIRECTION ( 'NONE',  ( 0.0000000000000000000, -0.0000000000000000000, -1.000000000000000000 ) ) ;
#6038 = ADVANCED_FACE ( 'NONE', ( #6598 ), #2738, .F. ) ;
#6039 = DIRECTION ( 'NONE',  ( -0.2332523937523060531, -0.0000000000000000000, -0.9724162281702312116 ) ) ;
#6040 = EDGE_LOOP ( 'NONE', ( #4223, #1188, #4509, #5915 ) ) ;
#6041 = AXIS2_PLACEMENT_3D ( 'NONE', #6189, #5511, #2809 ) ;
#6042 = EDGE_CURVE ( 'NONE', #6727, #3035, #7099, .T. ) ;
#6043 = ORIENTED_EDGE ( 'NONE', *, *, #458, .T. ) ;
#6044 = DIRECTION ( 'NONE',  ( 0.0000000000000000000, 0.0000000000000000000, -1.000000000000000000 ) ) ;
#6045 = CARTESIAN_POINT ( 'NONE',  ( -2.424871130596430113, 25.30000000000000071, -1.399999999999995026 ) ) ;
#6046 = ADVANCED_FACE ( 'NONE', ( #1643 ), #386, .T. ) ;
#6047 = AXIS2_PLACEMENT_3D ( 'NONE', #1317, #6177, #5642 ) ;
#6048 = EDGE_CURVE ( 'NONE', #1058, #6516, #3301, .T. ) ;
#6049 = LINE ( 'NONE', #1222, #2718 ) ;
#6050 = VERTEX_POINT ( 'NONE', #2015 ) ;
#6051 = FACE_OUTER_BOUND ( 'NONE', #3874, .T. ) ;
#6052 = VECTOR ( 'NONE', #2503, 1000.000000000000000 ) ;
#6053 = EDGE_CURVE ( 'NONE', #5087, #2929, #4013, .T. ) ;
#6054 = CARTESIAN_POINT ( 'NONE',  ( 3.599999962800345177, 0.7999995261430199456, -6.599999864931620053 ) ) ;
#6055 = EDGE_CURVE ( 'NONE', #4393, #6233, #589, .T. ) ;
#6056 = CARTESIAN_POINT ( 'NONE',  ( 1.258926716115120081, 25.30000000000000071, -2.506319829022820134 ) ) ;
#6057 = VECTOR ( 'NONE', #1530, 1000.000000000000000 ) ;
#6058 = CARTESIAN_POINT ( 'NONE',  ( 7.359692041621889835, -2.059692160086119994, 1.000000102646080080 ) ) ;
#6059 = ORIENTED_EDGE ( 'NONE', *, *, #3252, .T. ) ;
#6060 = ORIENTED_EDGE ( 'NONE', *, *, #3287, .T. ) ;
#6061 = DIRECTION ( 'NONE',  ( -1.000000000000000000, 0.0000000000000000000, -0.0000000000000000000 ) ) ;
#6062 = VECTOR ( 'NONE', #5867, 1000.000000000000000 ) ;
#6063 = DIRECTION ( 'NONE',  ( 0.0000000000000000000, 0.0000000000000000000, -1.000000000000000000 ) ) ;
#6064 = LINE ( 'NONE', #3912, #6833 ) ;
#6065 = DIRECTION ( 'NONE',  ( 1.000000000000000000, 0.0000000000000000000, 0.0000000000000000000 ) ) ;
#6066 = CARTESIAN_POINT ( 'NONE',  ( 2.757461708434179926, 25.19999999999999929, 0.4862148974674109780 ) ) ;
#6067 = ORIENTED_EDGE ( 'NONE', *, *, #3116, .T. ) ;
#6068 = CIRCLE ( 'NONE', #2969, 0.5500000000000001554 ) ;
#6069 = EDGE_LOOP ( 'NONE', ( #3218, #5226, #1820, #4168 ) ) ;
#6070 = CARTESIAN_POINT ( 'NONE',  ( -2.298133329356930155, 25.00000000000000000, -1.928362829059610206 ) ) ;
#6071 = VECTOR ( 'NONE', #94, 1000.000000000000000 ) ;
#6072 = DIRECTION ( 'NONE',  ( 0.0000000000000000000, 1.000000000000000000, 0.0000000000000000000 ) ) ;
#6073 = CARTESIAN_POINT ( 'NONE',  ( 6.150576504849640358, -3.268807696858370804, 1.000000102646080080 ) ) ;
#6074 = CARTESIAN_POINT ( 'NONE',  ( -2.631139338200538802, 25.30000000000000071, -0.9576564013118654684 ) ) ;
#6075 = ORIENTED_EDGE ( 'NONE', *, *, #472, .F. ) ;
#6076 = EDGE_LOOP ( 'NONE', ( #3387, #2458, #3563, #4850 ) ) ;
#6077 = CARTESIAN_POINT ( 'NONE',  ( 2.799999999999998490, 25.30000000000001137, 0.1628973968528099892 ) ) ;
#6078 = CARTESIAN_POINT ( 'NONE',  ( 0.0000000000000000000, 18.00000000000000355, 2.264854970235320762E-15 ) ) ;
#6079 = EDGE_CURVE ( 'NONE', #4630, #2990, #3442, .T. ) ;
#6080 = ORIENTED_EDGE ( 'NONE', *, *, #3721, .F. ) ;
#6081 = DIRECTION ( 'NONE',  ( 0.0000000000000000000, -0.0000000000000000000, 1.000000000000000000 ) ) ;
#6082 = EDGE_CURVE ( 'NONE', #5501, #5852, #701, .T. ) ;
#6083 = LINE ( 'NONE', #1156, #1815 ) ;
#6084 = CARTESIAN_POINT ( 'NONE',  ( 0.9576564013118730179, 25.00000000000000000, -2.631139338200540134 ) ) ;
#6085 = CARTESIAN_POINT ( 'NONE',  ( 6.474999999999999645, 7.799999999999999822, -5.200000000000001066 ) ) ;
#6086 = EDGE_CURVE ( 'NONE', #6471, #4393, #1745, .T. ) ;
#6087 = ORIENTED_EDGE ( 'NONE', *, *, #3779, .F. ) ;
#6088 = VERTEX_POINT ( 'NONE', #1164 ) ;
#6089 = DIRECTION ( 'NONE',  ( 1.000000000000000000, -0.0000000000000000000, 0.0000000000000000000 ) ) ;
#6090 = AXIS2_PLACEMENT_3D ( 'NONE', #2723, #3227, #3338 ) ;
#6091 = EDGE_CURVE ( 'NONE', #4704, #1854, #1252, .T. ) ;
#6092 = CARTESIAN_POINT ( 'NONE',  ( 2.757461708434179926, 25.19999999999999929, -0.4862148974673989876 ) ) ;
#6093 = DIRECTION ( 'NONE',  ( 1.000000000000000000, 0.0000000000000000000, 0.0000000000000000000 ) ) ;
#6094 = CARTESIAN_POINT ( 'NONE',  ( 2.343422432170029879, 25.30000000000000071, 1.541073283884889955 ) ) ;
#6095 = CARTESIAN_POINT ( 'NONE',  ( 0.6532627631307119653, 25.19999999999999929, -2.768334731277939831 ) ) ;
#6096 = CIRCLE ( 'NONE', #3001, 0.4708249680460303566 ) ;
#6097 = CARTESIAN_POINT ( 'NONE',  ( -1.924591952779949988, 25.30000000000000071, -2.040216012385961175 ) ) ;
#6098 = EDGE_LOOP ( 'NONE', ( #7017, #928, #3695, #3260 ) ) ;
#6099 = EDGE_CURVE ( 'NONE', #522, #1854, #6735, .T. ) ;
#6100 = ORIENTED_EDGE ( 'NONE', *, *, #6621, .T. ) ;
#6101 = CARTESIAN_POINT ( 'NONE',  ( 0.9576564013118697982, 25.30000000000000071, 2.631139338200549904 ) ) ;
#6102 = LINE ( 'NONE', #5536, #2887 ) ;
#6103 = DIRECTION ( 'NONE',  ( -0.0000000000000000000, 1.000000000000000000, 0.0000000000000000000 ) ) ;
#6104 = DIRECTION ( 'NONE',  ( 0.0000000000000000000, 0.0000000000000000000, 1.000000000000000000 ) ) ;
#6105 = VECTOR ( 'NONE', #4106, 1000.000000000000000 ) ;
#6106 = CARTESIAN_POINT ( 'NONE',  ( 7.931754456707169884E-16, 25.30000000000000071, 2.800000000000010036 ) ) ;
#6107 = ORIENTED_EDGE ( 'NONE', *, *, #2788, .F. ) ;
#6108 = ORIENTED_EDGE ( 'NONE', *, *, #1153, .T. ) ;
#6109 = DIRECTION ( 'NONE',  ( 0.0000000000000000000, -0.0000000000000000000, 1.000000000000000000 ) ) ;
#6110 = DIRECTION ( 'NONE',  ( 0.5517714909206801188, -0.0000000000000000000, 0.8339953368018132585 ) ) ;
#6111 = DIRECTION ( 'NONE',  ( -0.7071067811865480168, 0.7071067811865470176, -0.0000000000000000000 ) ) ;
#6112 = ORIENTED_EDGE ( 'NONE', *, *, #4266, .F. ) ;
#6113 = DIRECTION ( 'NONE',  ( 0.0000000000000000000, 0.0000000000000000000, 1.000000000000000000 ) ) ;
#6114 = CARTESIAN_POINT ( 'NONE',  ( 1.799805307122310127, 18.00000000000000355, 2.144924440733139814 ) ) ;
#6115 = ORIENTED_EDGE ( 'NONE', *, *, #3738, .T. ) ;
#6116 = CARTESIAN_POINT ( 'NONE',  ( 2.950000000000000178, 4.099999999999999645, 7.499999852478500095 ) ) ;
#6117 = B_SPLINE_SURFACE_WITH_KNOTS ( 'NONE', 3, 3, ( 
 ( #164, #2371, #4572, #6753 ),
 ( #6964, #5491, #2215, #1677 ),
 ( #3641, #3807, #2720, #1470 ),
 ( #6398, #5831, #5991, #2590 ) ),
 .UNSPECIFIED., .F., .F., .F.,
 ( 4, 4 ),
 ( 4, 4 ),
 ( 0.0000000000000000000, 1.000000000000000000 ),
 ( 0.0000000000000000000, 1.000000000000000000 ),
 .UNSPECIFIED. ) ;
#6118 = AXIS2_PLACEMENT_3D ( 'NONE', #6028, #4950, #1103 ) ;
#6119 = CARTESIAN_POINT ( 'NONE',  ( -2.499999978626150199, 4.099999999999999645, 6.599999872595070372 ) ) ;
#6120 = LINE ( 'NONE', #5587, #5593 ) ;
#6121 = EDGE_CURVE ( 'NONE', #3101, #4630, #2895, .T. ) ;
#6122 = ORIENTED_EDGE ( 'NONE', *, *, #3196, .F. ) ;
#6123 = VERTEX_POINT ( 'NONE', #624 ) ;
#6124 = DIRECTION ( 'NONE',  ( 0.0000000000000000000, -1.000000000000000000, -0.0000000000000000000 ) ) ;
#6125 = CIRCLE ( 'NONE', #6477, 0.5500000000000001554 ) ;
#6126 = DIRECTION ( 'NONE',  ( 0.0000000000000000000, 0.0000000000000000000, 1.000000000000000000 ) ) ;
#6127 = EDGE_CURVE ( 'NONE', #4889, #1049, #6662, .T. ) ;
#6128 = DIRECTION ( 'NONE',  ( 0.0000000000000000000, -1.000000000000000000, 0.0000000000000000000 ) ) ;
#6129 = AXIS2_PLACEMENT_3D ( 'NONE', #5427, #5999, #3271 ) ;
#6130 = DIRECTION ( 'NONE',  ( -0.0000000000000000000, -1.000000000000000000, -0.0000000000000000000 ) ) ;
#6131 = LINE ( 'NONE', #1273, #5473 ) ;
#6132 = CARTESIAN_POINT ( 'NONE',  ( 6.200000000000001066, 7.700000000000000178, 5.200000000000001066 ) ) ;
#6133 = EDGE_CURVE ( 'NONE', #2700, #6775, #3941, .T. ) ;
#6134 = ORIENTED_EDGE ( 'NONE', *, *, #6400, .F. ) ;
#6135 = VERTEX_POINT ( 'NONE', #3367 ) ;
#6136 = VERTEX_POINT ( 'NONE', #5554 ) ;
#6137 = CARTESIAN_POINT ( 'NONE',  ( -0.6532627631307119653, 25.19999999999999929, 2.768334731277950045 ) ) ;
#6138 = DIRECTION ( 'NONE',  ( -0.0000000000000000000, 1.000000000000000000, 0.0000000000000000000 ) ) ;
#6139 = LINE ( 'NONE', #2261, #1660 ) ;
#6140 = EDGE_CURVE ( 'NONE', #1515, #3074, #2820, .T. ) ;
#6141 = DIRECTION ( 'NONE',  ( 0.0000000000000000000, 1.000000000000000000, 0.0000000000000000000 ) ) ;
#6142 = VERTEX_POINT ( 'NONE', #4548 ) ;
#6143 = VERTEX_POINT ( 'NONE', #1813 ) ;
#6144 = AXIS2_PLACEMENT_3D ( 'NONE', #6983, #3110, #2100 ) ;
#6145 = DIRECTION ( 'NONE',  ( -0.0000000000000000000, 1.000000000000000000, 0.0000000000000000000 ) ) ;
#6146 = DIRECTION ( 'NONE',  ( -1.000000000000000000, 0.0000000000000000000, 0.0000000000000000000 ) ) ;
#6147 = CARTESIAN_POINT ( 'NONE',  ( -2.424871130596430113, 25.14999999999999858, 1.400000000000009903 ) ) ;
#6148 = CARTESIAN_POINT ( 'NONE',  ( 1.600000013730360049, 1.099999526143019990, -6.599999864931620053 ) ) ;
#6149 = VECTOR ( 'NONE', #1236, 1000.000000000000227 ) ;
#6150 = ORIENTED_EDGE ( 'NONE', *, *, #3652, .T. ) ;
#6151 = FACE_OUTER_BOUND ( 'NONE', #4153, .T. ) ;
#6152 = CARTESIAN_POINT ( 'NONE',  ( 2.399999995848959955, 0.7999995261430199456, -6.899999858226090410 ) ) ;
#6153 = EDGE_LOOP ( 'NONE', ( #5675, #6761, #6802, #5157 ) ) ;
#6154 = CARTESIAN_POINT ( 'NONE',  ( -1.449999999999999956, 25.14999999999999858, 2.511473670974878836 ) ) ;
#6155 = VECTOR ( 'NONE', #2269, 1000.000000000000000 ) ;
#6156 = CARTESIAN_POINT ( 'NONE',  ( -6.148959085117179590, -3.268807696858369916, 1.000000102646080080 ) ) ;
#6157 = CARTESIAN_POINT ( 'NONE',  ( -2.424871130596430113, 25.10000000000000142, 1.400000000000009903 ) ) ;
#6158 = EDGE_LOOP ( 'NONE', ( #1150, #6407, #4881, #2416 ) ) ;
#6159 = AXIS2_PLACEMENT_3D ( 'NONE', #5790, #6319, #6751 ) ;
#6160 = VERTEX_POINT ( 'NONE', #777 ) ;
#6161 = CARTESIAN_POINT ( 'NONE',  ( -4.399999852159189651, 1.099999526143019990, -6.599999864931620053 ) ) ;
#6162 = CIRCLE ( 'NONE', #6404, 0.4708249680460303566 ) ;
#6163 = DIRECTION ( 'NONE',  ( -1.000000000000000000, 0.0000000000000000000, -0.0000000000000000000 ) ) ;
#6164 = PLANE ( 'NONE',  #1210 ) ;
#6165 =( NAMED_UNIT ( * ) SI_UNIT ( $, .STERADIAN. ) SOLID_ANGLE_UNIT ( ) );
#6166 = FACE_OUTER_BOUND ( 'NONE', #4010, .T. ) ;
#6167 = EDGE_CURVE ( 'NONE', #6686, #3334, #1305, .T. ) ;
#6168 = VERTEX_POINT ( 'NONE', #4590 ) ;
#6169 = CIRCLE ( 'NONE', #6745, 1.399999852478510443 ) ;
#6170 = ORIENTED_EDGE ( 'NONE', *, *, #3190, .F. ) ;
#6171 = EDGE_CURVE ( 'NONE', #5489, #3157, #110, .T. ) ;
#6172 = EDGE_CURVE ( 'NONE', #6010, #1985, #3401, .T. ) ;
#6173 = PLANE ( 'NONE',  #1361 ) ;
#6174 = LINE ( 'NONE', #1935, #3752 ) ;
#6175 = LINE ( 'NONE', #5570, #2579 ) ;
#6176 = COLOUR_RGB ( '',0.6274509803921568540, 0.6274509803921568540, 0.6274509803921568540 ) ;
#6177 = DIRECTION ( 'NONE',  ( 0.0000000000000000000, 1.000000000000000000, -0.0000000000000000000 ) ) ;
#6178 = DIRECTION ( 'NONE',  ( 0.0000000000000000000, -1.000000000000000000, -0.0000000000000000000 ) ) ;
#6179 = EDGE_LOOP ( 'NONE', ( #722, #145, #810, #2124 ) ) ;
#6180 = DIRECTION ( 'NONE',  ( 0.0000000000000000000, -1.000000000000000000, -2.220446049250310123E-16 ) ) ;
#6181 = EDGE_CURVE ( 'NONE', #2271, #1297, #3514, .T. ) ;
#6182 = B_SPLINE_SURFACE_WITH_KNOTS ( 'NONE', 3, 3, ( 
 ( #1526, #4941, #3869, #4378 ),
 ( #3255, #2208, #7019, #5412 ),
 ( #4409, #1635, #6591, #1668 ),
 ( #2134, #2102, #2710, #482 ) ),
 .UNSPECIFIED., .F., .F., .F.,
 ( 4, 4 ),
 ( 4, 4 ),
 ( 0.0000000000000000000, 1.000000000000000000 ),
 ( 0.0000000000000000000, 1.000000000000000000 ),
 .UNSPECIFIED. ) ;
#6183 = ORIENTED_EDGE ( 'NONE', *, *, #2431, .T. ) ;
#6184 = AXIS2_PLACEMENT_3D ( 'NONE', #3607, #466, #5294 ) ;
#6185 = CARTESIAN_POINT ( 'NONE',  ( -1.799805307122310127, 18.00000000000000355, 2.144924440733139814 ) ) ;
#6186 = EDGE_CURVE ( 'NONE', #2596, #6744, #5549, .T. ) ;
#6187 = CARTESIAN_POINT ( 'NONE',  ( -4.400000123892500170, -2.899999912893960197, -6.800000000000002487 ) ) ;
#6188 = FACE_OUTER_BOUND ( 'NONE', #2465, .T. ) ;
#6189 = CARTESIAN_POINT ( 'NONE',  ( -4.200000000000000178, 7.700000000000000178, 5.200000000000001066 ) ) ;
#6190 = VECTOR ( 'NONE', #6390, 1000.000000000000000 ) ;
#6191 = VERTEX_POINT ( 'NONE', #4515 ) ;
#6192 = CYLINDRICAL_SURFACE ( 'NONE', #524, 0.5500000000000001554 ) ;
#6193 = DIRECTION ( 'NONE',  ( -0.0000000000000000000, -1.000000000000000000, 0.0000000000000000000 ) ) ;
#6194 = VERTEX_POINT ( 'NONE', #6235 ) ;
#6195 = FACE_OUTER_BOUND ( 'NONE', #1384, .T. ) ;
#6196 = CARTESIAN_POINT ( 'NONE',  ( -2.950000000000000178, 4.099999999999999645, 7.349999852478499740 ) ) ;
#6197 = CARTESIAN_POINT ( 'NONE',  ( -4.199999906122680038, 0.0000000000000000000, 6.599999852478499740 ) ) ;
#6198 = ORIENTED_EDGE ( 'NONE', *, *, #682, .F. ) ;
#6199 = VERTEX_POINT ( 'NONE', #3973 ) ;
#6200 = CARTESIAN_POINT ( 'NONE',  ( 2.298133329356930155, 18.00000000000000355, -1.928362829059610206 ) ) ;
#6201 = DIRECTION ( 'NONE',  ( -1.021793428552867908E-16, -1.000000000000000000, -6.760187480755030621E-17 ) ) ;
#6202 = PLANE ( 'NONE',  #1742 ) ;
#6203 = FACE_OUTER_BOUND ( 'NONE', #4396, .T. ) ;
#6204 = AXIS2_PLACEMENT_3D ( 'NONE', #5303, #3760, #947 ) ;
#6205 = ORIENTED_EDGE ( 'NONE', *, *, #743, .F. ) ;
#6206 = VERTEX_POINT ( 'NONE', #1711 ) ;
#6207 = VERTEX_POINT ( 'NONE', #3908 ) ;
#6208 = VECTOR ( 'NONE', #2228, 1000.000000000000000 ) ;
#6209 = EDGE_CURVE ( 'NONE', #6536, #1779, #1780, .T. ) ;
#6210 = DIRECTION ( 'NONE',  ( 0.2332523937523060531, 0.0000000000000000000, 0.9724162281702312116 ) ) ;
#6211 = CARTESIAN_POINT ( 'NONE',  ( -2.756431687638659866, 25.10000000000000142, 1.003259087088629986 ) ) ;
#6212 = CARTESIAN_POINT ( 'NONE',  ( -1.110729883079689895, 25.30000000000000071, 2.575425147181570118 ) ) ;
#6213 = CARTESIAN_POINT ( 'NONE',  ( 4.199999953061340108, 0.0000000000000000000, -6.599999852478499740 ) ) ;
#6214 = CARTESIAN_POINT ( 'NONE',  ( -0.6466375168335516399, 25.30000000000000071, 2.729174872324008572 ) ) ;
#6215 = FACE_OUTER_BOUND ( 'NONE', #6453, .T. ) ;
#6216 = EDGE_CURVE ( 'NONE', #1515, #3971, #370, .T. ) ;
#6217 = EDGE_CURVE ( 'NONE', #2543, #3506, #6343, .T. ) ;
#6218 = LINE ( 'NONE', #202, #3145 ) ;
#6219 = AXIS2_PLACEMENT_3D ( 'NONE', #5460, #594, #5425 ) ;
#6220 = ORIENTED_EDGE ( 'NONE', *, *, #1518, .T. ) ;
#6221 = CARTESIAN_POINT ( 'NONE',  ( 1.580315946745740163, 25.10000000000000142, -2.412493358344669936 ) ) ;
#6222 = FACE_OUTER_BOUND ( 'NONE', #5298, .T. ) ;
#6223 = DIRECTION ( 'NONE',  ( -0.1134003845412969308, 0.0000000000000000000, 0.9935493710862515204 ) ) ;
#6224 = CARTESIAN_POINT ( 'NONE',  ( -3.599999870040590189, 0.7999995261430199456, -6.899999858226090410 ) ) ;
#6225 = ADVANCED_FACE ( 'NONE', ( #4657 ), #6269, .F. ) ;
#6226 = ORIENTED_EDGE ( 'NONE', *, *, #2834, .T. ) ;
#6227 = DIRECTION ( 'NONE',  ( 0.0000000000000000000, 1.000000000000000000, 0.0000000000000000000 ) ) ;
#6228 = ORIENTED_EDGE ( 'NONE', *, *, #1607, .T. ) ;
#6229 = LINE ( 'NONE', #1369, #2855 ) ;
#6230 = FACE_OUTER_BOUND ( 'NONE', #6385, .T. ) ;
#6231 = CARTESIAN_POINT ( 'NONE',  ( -2.631139338200540134, 25.30000000000000071, 0.9576564013118761265 ) ) ;
#6232 = EDGE_CURVE ( 'NONE', #5810, #6975, #5740, .T. ) ;
#6233 = VERTEX_POINT ( 'NONE', #217 ) ;
#6234 = ORIENTED_EDGE ( 'NONE', *, *, #2796, .T. ) ;
#6235 = CARTESIAN_POINT ( 'NONE',  ( -4.099999999999999645, 7.799999999999999822, 5.570824968046030001 ) ) ;
#6236 = VECTOR ( 'NONE', #2572, 1000.000000000000000 ) ;
#6237 = CARTESIAN_POINT ( 'NONE',  ( 6.200000000000001066, 0.0000000000000000000, 5.200000000000001066 ) ) ;
#6238 = CARTESIAN_POINT ( 'NONE',  ( 5.599999852478511286, 7.799999999999999822, 5.200000000000001066 ) ) ;
#6239 = VECTOR ( 'NONE', #5582, 1000.000000000000000 ) ;
#6240 = ORIENTED_EDGE ( 'NONE', *, *, #646, .F. ) ;
#6241 = EDGE_LOOP ( 'NONE', ( #6428, #4838, #3729, #2224 ) ) ;
#6242 = EDGE_LOOP ( 'NONE', ( #3209, #254, #5236, #6954, #5059, #4403 ) ) ;
#6243 = CARTESIAN_POINT ( 'NONE',  ( -2.424871130596430113, 18.00000000000000355, 1.399999999999999911 ) ) ;
#6244 = DIRECTION ( 'NONE',  ( 0.5949822993548139483, 1.784658649759620020E-16, -0.8037388030040969467 ) ) ;
#6245 = CARTESIAN_POINT ( 'NONE',  ( 0.9576564013118726848, 25.00000000000000000, -2.631139338200538358 ) ) ;
#6246 = PLANE ( 'NONE',  #265 ) ;
#6247 = FACE_OUTER_BOUND ( 'NONE', #893, .T. ) ;
#6248 = CARTESIAN_POINT ( 'NONE',  ( -2.757461708434179926, 25.00000000000000000, -0.4862148974674010415 ) ) ;
#6249 = CARTESIAN_POINT ( 'NONE',  ( 4.200000000000000178, 7.700000000000000178, 5.670824968046031422 ) ) ;
#6250 = ORIENTED_EDGE ( 'NONE', *, *, #634, .T. ) ;
#6251 = PLANE ( 'NONE',  #2667 ) ;
#6252 = CARTESIAN_POINT ( 'NONE',  ( 0.9576564013118716856, 18.00000000000000355, 2.631139338200549904 ) ) ;
#6253 = EDGE_CURVE ( 'NONE', #101, #2746, #1959, .T. ) ;
#6254 = CARTESIAN_POINT ( 'NONE',  ( -5.600000000000000533, 7.700000000000000178, -5.200000000000001066 ) ) ;
#6255 = CARTESIAN_POINT ( 'NONE',  ( -1.400000000000004130, 25.30000000000000071, -2.424871130596422564 ) ) ;
#6256 = ORIENTED_EDGE ( 'NONE', *, *, #6916, .T. ) ;
#6257 = ADVANCED_FACE ( 'NONE', ( #6946 ), #3075, .T. ) ;
#6258 = CARTESIAN_POINT ( 'NONE',  ( -2.249632869080310016, 25.30000000000000071, 1.675018661464680036 ) ) ;
#6259 = VECTOR ( 'NONE', #3028, 1000.000000000000000 ) ;
#6260 = ORIENTED_EDGE ( 'NONE', *, *, #3784, .T. ) ;
#6261 = DIRECTION ( 'NONE',  ( -1.061840306997436298E-16, 1.000000000000000000, 1.434399406928704916E-16 ) ) ;
#6262 = EDGE_CURVE ( 'NONE', #6809, #6311, #1995, .T. ) ;
#6263 = EDGE_CURVE ( 'NONE', #6953, #3034, #4234, .T. ) ;
#6264 = CARTESIAN_POINT ( 'NONE',  ( -1.675018661464670044, 25.30000000000000071, 2.249632869080321118 ) ) ;
#6265 = PLANE ( 'NONE',  #4967 ) ;
#6266 = DIRECTION ( 'NONE',  ( -0.0000000000000000000, -1.000000000000000000, -2.220446049250310123E-16 ) ) ;
#6267 = EDGE_LOOP ( 'NONE', ( #2466, #5713, #1421, #6389 ) ) ;
#6268 = ORIENTED_EDGE ( 'NONE', *, *, #6736, .T. ) ;
#6269 = CYLINDRICAL_SURFACE ( 'NONE', #5667, 0.4708249680460303566 ) ;
#6270 = EDGE_CURVE ( 'NONE', #470, #3774, #3696, .T. ) ;
#6271 = VECTOR ( 'NONE', #2056, 1000.000000000000227 ) ;
#6272 = LINE ( 'NONE', #1342, #6630 ) ;
#6273 = EDGE_CURVE ( 'NONE', #4490, #3764, #954, .T. ) ;
#6274 = CARTESIAN_POINT ( 'NONE',  ( -4.099999999999999645, 8.000000000000000000, 5.099999999999999645 ) ) ;
#6275 = AXIS2_PLACEMENT_3D ( 'NONE', #5680, #233, #757 ) ;
#6276 = CARTESIAN_POINT ( 'NONE',  ( -6.199999861419200009, 7.799999999999998934, -5.200000000000001066 ) ) ;
#6277 = ORIENTED_EDGE ( 'NONE', *, *, #385, .F. ) ;
#6278 = EDGE_LOOP ( 'NONE', ( #4201, #3273, #3806, #2611 ) ) ;
#6279 = ORIENTED_EDGE ( 'NONE', *, *, #5653, .T. ) ;
#6280 = AXIS2_PLACEMENT_3D ( 'NONE', #4238, #6424, #2610 ) ;
#6281 = CARTESIAN_POINT ( 'NONE',  ( -2.049999999999999822, 4.099999999999999645, 7.349999852478499740 ) ) ;
#6282 = CARTESIAN_POINT ( 'NONE',  ( 2.040216012385970057, 25.30000000000000071, -1.924591952779939996 ) ) ;
#6283 = CARTESIAN_POINT ( 'NONE',  ( -0.9576564013118720187, 25.19999999999999929, 2.631139338200549904 ) ) ;
#6284 = CARTESIAN_POINT ( 'NONE',  ( -1.599999914744069995, 1.099999526143019990, -6.599999864931620053 ) ) ;
#6285 = CARTESIAN_POINT ( 'NONE',  ( -1.799805307122310349, 25.00000000000000000, 2.144924440733139814 ) ) ;
#6286 = VECTOR ( 'NONE', #3091, 1000.000000000000000 ) ;
#6287 = CARTESIAN_POINT ( 'NONE',  ( -2.000000043426239937, -2.899999860630310788, -6.799999961363419665 ) ) ;
#6288 = ORIENTED_EDGE ( 'NONE', *, *, #2053, .T. ) ;
#6289 = CARTESIAN_POINT ( 'NONE',  ( 1.466666666666669894, 25.10000000000000142, -2.540341184434350197 ) ) ;
#6290 = DIRECTION ( 'NONE',  ( 0.0000000000000000000, -0.0000000000000000000, 1.000000000000000000 ) ) ;
#6291 = VECTOR ( 'NONE', #6344, 1000.000000000000000 ) ;
#6292 = CARTESIAN_POINT ( 'NONE',  ( -4.199999953061340108, 0.0000000000000000000, 6.599999852478499740 ) ) ;
#6293 = CARTESIAN_POINT ( 'NONE',  ( -2.399999896862679893, 1.099999526143019990, -7.199999851520569649 ) ) ;
#6294 = VERTEX_POINT ( 'NONE', #294 ) ;
#6295 = DIRECTION ( 'NONE',  ( 0.0000000000000000000, 1.000000000000000000, 0.0000000000000000000 ) ) ;
#6296 = ORIENTED_EDGE ( 'NONE', *, *, #3287, .F. ) ;
#6297 = DIRECTION ( 'NONE',  ( -0.9999999999999998890, 0.0000000000000000000, -1.756208373171469752E-08 ) ) ;
#6298 = LINE ( 'NONE', #4117, #695 ) ;
#6299 = EDGE_CURVE ( 'NONE', #4980, #5490, #3553, .T. ) ;
#6300 = AXIS2_PLACEMENT_3D ( 'NONE', #856, #3085, #5928 ) ;
#6301 = CARTESIAN_POINT ( 'NONE',  ( 2.399999995848959955, 0.7999995261430199456, -6.599999864931620053 ) ) ;
#6302 = CARTESIAN_POINT ( 'NONE',  ( 2.950000000000000178, -2.500000000000000000, 7.349999852478499740 ) ) ;
#6303 = ORIENTED_EDGE ( 'NONE', *, *, #5558, .F. ) ;
#6304 = ADVANCED_FACE ( 'NONE', ( #1886 ), #4085, .T. ) ;
#6305 = VERTEX_POINT ( 'NONE', #1376 ) ;
#6306 = CARTESIAN_POINT ( 'NONE',  ( -4.099999999999999645, 7.700000000000000178, -5.649999999999999467 ) ) ;
#6307 = ADVANCED_FACE ( 'NONE', ( #5776 ), #2499, .T. ) ;
#6308 = DIRECTION ( 'NONE',  ( 0.0000000000000000000, 0.0000000000000000000, 1.000000000000000000 ) ) ;
#6309 = CARTESIAN_POINT ( 'NONE',  ( -6.749999916041268477, -0.9000000046745246784, -0.9999999836337976067 ) ) ;
#6310 = DIRECTION ( 'NONE',  ( 0.0000000000000000000, 1.000000000000000000, 2.220446049250310123E-16 ) ) ;
#6311 = VERTEX_POINT ( 'NONE', #4694 ) ;
#6312 = ORIENTED_EDGE ( 'NONE', *, *, #2922, .T. ) ;
#6313 = EDGE_LOOP ( 'NONE', ( #3938, #4330 ) ) ;
#6314 = ORIENTED_EDGE ( 'NONE', *, *, #4646, .T. ) ;
#6315 = CARTESIAN_POINT ( 'NONE',  ( -2.757461708434181258, 18.00000000000000355, 0.4862148974674098678 ) ) ;
#6316 = CARTESIAN_POINT ( 'NONE',  ( -2.757461708434179926, 25.19999999999999929, -0.4862148974674019852 ) ) ;
#6317 = SURFACE_STYLE_FILL_AREA ( #1314 ) ;
#6318 = PLANE ( 'NONE',  #855 ) ;
#6319 = DIRECTION ( 'NONE',  ( 0.0000000000000000000, 1.000000000000000000, 0.0000000000000000000 ) ) ;
#6320 = LINE ( 'NONE', #4570, #5844 ) ;
#6321 = DIRECTION ( 'NONE',  ( -0.7071067811865474617, -0.7071067811865474617, -0.0000000000000000000 ) ) ;
#6322 = B_SPLINE_CURVE_WITH_KNOTS ( 'NONE', 3,
 ( #4179, #2519, #6365, #3810 ),
 .UNSPECIFIED., .F., .F.,
 ( 4, 4 ),
 ( 3.730663897181825168E-18, 0.0004885781678749887957 ),
 .UNSPECIFIED. ) ;
#6323 = AXIS2_PLACEMENT_3D ( 'NONE', #1200, #5557, #807 ) ;
#6324 = ORIENTED_EDGE ( 'NONE', *, *, #5485, .F. ) ;
#6325 = CARTESIAN_POINT ( 'NONE',  ( -2.950000000000000178, -2.500000000000000000, 7.349999852478499740 ) ) ;
#6326 = CARTESIAN_POINT ( 'NONE',  ( 2.424871130596430113, 25.30000000000000071, -1.399999999999989919 ) ) ;
#6327 = LINE ( 'NONE', #1400, #5646 ) ;
#6328 = LINE ( 'NONE', #2989, #4334 ) ;
#6329 = VECTOR ( 'NONE', #3537, 1000.000000000000000 ) ;
#6330 = ORIENTED_EDGE ( 'NONE', *, *, #4088, .T. ) ;
#6331 = LINE ( 'NONE', #3718, #3517 ) ;
#6332 = ORIENTED_EDGE ( 'NONE', *, *, #4867, .T. ) ;
#6333 = AXIS2_PLACEMENT_3D ( 'NONE', #6492, #1564, #735 ) ;
#6334 = LINE ( 'NONE', #2454, #671 ) ;
#6335 = LINE ( 'NONE', #1408, #702 ) ;
#6336 =( NAMED_UNIT ( * ) SI_UNIT ( $, .STERADIAN. ) SOLID_ANGLE_UNIT ( ) );
#6337 = DIRECTION ( 'NONE',  ( 0.7255109597715118097, 0.0000000000000000000, 0.6882106125681437536 ) ) ;
#6338 = FACE_OUTER_BOUND ( 'NONE', #605, .T. ) ;
#6339 = EDGE_LOOP ( 'NONE', ( #1778, #3750, #1661, #1802 ) ) ;
#6340 = VECTOR ( 'NONE', #6145, 1000.000000000000000 ) ;
#6341 = DIRECTION ( 'NONE',  ( 0.0000000000000000000, 1.000000000000000000, 0.0000000000000000000 ) ) ;
#6342 = ORIENTED_EDGE ( 'NONE', *, *, #2789, .T. ) ;
#6343 = LINE ( 'NONE', #5887, #6236 ) ;
#6344 = DIRECTION ( 'NONE',  ( -0.0000000000000000000, -0.0000000000000000000, -1.000000000000000000 ) ) ;
#6345 = B_SPLINE_SURFACE_WITH_KNOTS ( 'NONE', 3, 3, ( 
 ( #3613, #3989, #6283, #2366 ),
 ( #714, #826, #4565, #6212 ),
 ( #3490, #3014, #267, #5212 ),
 ( #2470, #791, #3528, #1895 ) ),
 .UNSPECIFIED., .F., .F., .F.,
 ( 4, 4 ),
 ( 4, 4 ),
 ( 0.0000000000000000000, 1.000000000000000000 ),
 ( 0.0000000000000000000, 1.000000000000000000 ),
 .UNSPECIFIED. ) ;
#6346 = EDGE_CURVE ( 'NONE', #5590, #5038, #886, .T. ) ;
#6347 = PRESENTATION_STYLE_ASSIGNMENT (( #959 ) ) ;
#6348 = CARTESIAN_POINT ( 'NONE',  ( 0.4500000000000000666, -2.500000000000000000, 6.599999852478499740 ) ) ;
#6349 = ORIENTED_EDGE ( 'NONE', *, *, #6834, .T. ) ;
#6350 = ORIENTED_EDGE ( 'NONE', *, *, #2534, .F. ) ;
#6351 = ADVANCED_FACE ( 'NONE', ( #2460 ), #6839, .T. ) ;
#6352 = ORIENTED_EDGE ( 'NONE', *, *, #5321, .T. ) ;
#6353 = ADVANCED_FACE ( 'NONE', ( #4123 ), #3586, .T. ) ;
#6354 = VERTEX_POINT ( 'NONE', #2606 ) ;
#6355 = DIRECTION ( 'NONE',  ( 8.869286482002776380E-17, -1.000000000000000000, -4.424260963532012098E-17 ) ) ;
#6356 = EDGE_CURVE ( 'NONE', #4129, #891, #379, .T. ) ;
#6357 = CARTESIAN_POINT ( 'NONE',  ( -2.756431687638659866, 25.10000000000000142, -1.003259087088619994 ) ) ;
#6358 = CARTESIAN_POINT ( 'NONE',  ( -0.9576564013118730179, 25.10000000000000142, -2.631139338200540134 ) ) ;
#6359 = CARTESIAN_POINT ( 'NONE',  ( 4.199999953061340108, 7.799999999999999822, -6.599999852478499740 ) ) ;
#6360 = DIRECTION ( 'NONE',  ( 1.565200208771850091E-30, 1.000000000000000000, -1.173900156578890012E-29 ) ) ;
#6361 = CARTESIAN_POINT ( 'NONE',  ( -2.785748544544360161, 25.30000000000000071, -0.3257922781012539959 ) ) ;
#6362 = CARTESIAN_POINT ( 'NONE',  ( 2.631139338200538802, 25.30000000000000071, -0.9576564013118634699 ) ) ;
#6363 = VECTOR ( 'NONE', #3151, 1000.000000000000000 ) ;
#6364 = ORIENTED_EDGE ( 'NONE', *, *, #5133, .T. ) ;
#6365 = CARTESIAN_POINT ( 'NONE',  ( -2.343422432170029879, 25.30000000000000071, -1.541073283884879963 ) ) ;
#6366 = FACE_OUTER_BOUND ( 'NONE', #5782, .T. ) ;
#6367 = LINE ( 'NONE', #4859, #3923 ) ;
#6368 = CARTESIAN_POINT ( 'NONE',  ( -4.099999999999999645, 7.700000000000000178, 5.570824968046030001 ) ) ;
#6369 = VECTOR ( 'NONE', #4459, 1000.000000000000000 ) ;
#6370 = EDGE_LOOP ( 'NONE', ( #3650, #1912, #4448, #4777 ) ) ;
#6371 = CARTESIAN_POINT ( 'NONE',  ( -4.099999999999999645, 7.700000000000000178, -5.099999999999999645 ) ) ;
#6372 = ORIENTED_EDGE ( 'NONE', *, *, #6491, .T. ) ;
#6373 = CARTESIAN_POINT ( 'NONE',  ( -2.757461708434179926, 25.19999999999999929, 0.4862148974674099788 ) ) ;
#6374 = CARTESIAN_POINT ( 'NONE',  ( -4.199999953061340108, 7.700000000000000178, 6.599999852478499740 ) ) ;
#6375 = SURFACE_STYLE_FILL_AREA ( #1817 ) ;
#6376 = CARTESIAN_POINT ( 'NONE',  ( -4.000000036401409886, -1.050000000000000044, -7.199999996487579601 ) ) ;
#6377 = DIRECTION ( 'NONE',  ( 1.000000000000000000, -0.0000000000000000000, 0.0000000000000000000 ) ) ;
#6378 = ORIENTED_EDGE ( 'NONE', *, *, #4824, .T. ) ;
#6379 = DIRECTION ( 'NONE',  ( 0.0000000000000000000, 0.0000000000000000000, 1.000000000000000000 ) ) ;
#6380 = VERTEX_POINT ( 'NONE', #3731 ) ;
#6381 = DIRECTION ( 'NONE',  ( -1.756208234393599614E-08, 0.0000000000000000000, 0.9999999999999997780 ) ) ;
#6382 = CARTESIAN_POINT ( 'NONE',  ( -1.499999999999998224, 25.00000000000000000, 2.598076211353320453 ) ) ;
#6383 = CARTESIAN_POINT ( 'NONE',  ( -2.195994070274399856, 25.19999999999999929, -1.842657814434740082 ) ) ;
#6384 = CARTESIAN_POINT ( 'NONE',  ( -1.675018661464670044, 25.30000000000000071, -2.249632869080310016 ) ) ;
#6385 = EDGE_LOOP ( 'NONE', ( #2603, #2646, #301 ) ) ;
#6386 = AXIS2_PLACEMENT_3D ( 'NONE', #3230, #5426, #529 ) ;
#6387 = VERTEX_POINT ( 'NONE', #445 ) ;
#6388 = ORIENTED_EDGE ( 'NONE', *, *, #6409, .F. ) ;
#6389 = ORIENTED_EDGE ( 'NONE', *, *, #4468, .F. ) ;
#6390 = DIRECTION ( 'NONE',  ( -0.0000000000000000000, -0.0000000000000000000, 1.000000000000000000 ) ) ;
#6391 = VECTOR ( 'NONE', #4327, 1000.000000000000000 ) ;
#6392 = FACE_OUTER_BOUND ( 'NONE', #4055, .T. ) ;
#6393 = LINE ( 'NONE', #2620, #6609 ) ;
#6394 = ADVANCED_FACE ( 'NONE', ( #5481 ), #4807, .T. ) ;
#6395 = DIRECTION ( 'NONE',  ( 9.769962616701377556E-15, 0.0000000000000000000, 1.000000000000000000 ) ) ;
#6396 = DIRECTION ( 'NONE',  ( -0.0000000000000000000, -1.000000000000000000, -0.0000000000000000000 ) ) ;
#6397 = DIRECTION ( 'NONE',  ( -0.0000000000000000000, -1.000000000000000000, -0.0000000000000000000 ) ) ;
#6398 = CARTESIAN_POINT ( 'NONE',  ( 2.819077862357719955, 25.00000000000000000, -1.026060429976999977 ) ) ;
#6399 = EDGE_CURVE ( 'NONE', #1297, #5087, #2747, .T. ) ;
#6400 = EDGE_CURVE ( 'NONE', #4475, #2625, #5983, .T. ) ;
#6401 = ORIENTED_EDGE ( 'NONE', *, *, #994, .T. ) ;
#6402 = LINE ( 'NONE', #3204, #6755 ) ;
#6403 = DIRECTION ( 'NONE',  ( -0.9999999999999997780, 0.0000000000000000000, -1.756208306888519797E-08 ) ) ;
#6404 = AXIS2_PLACEMENT_3D ( 'NONE', #659, #4009, #107 ) ;
#6405 = FACE_BOUND ( 'NONE', #4981, .T. ) ;
#6406 = EDGE_CURVE ( 'NONE', #2998, #1685, #1125, .T. ) ;
#6407 = ORIENTED_EDGE ( 'NONE', *, *, #1612, .F. ) ;
#6408 = FACE_OUTER_BOUND ( 'NONE', #1043, .T. ) ;
#6409 = EDGE_CURVE ( 'NONE', #6136, #2543, #2640, .T. ) ;
#6410 = ORIENTED_EDGE ( 'NONE', *, *, #2235, .T. ) ;
#6411 = AXIS2_PLACEMENT_3D ( 'NONE', #1214, #681, #1596 ) ;
#6412 = CARTESIAN_POINT ( 'NONE',  ( 1.799805307122310127, 25.00000000000000000, 2.144924440733139814 ) ) ;
#6413 = DIRECTION ( 'NONE',  ( 0.5517714909206801188, 0.0000000000000000000, -0.8339953368018132585 ) ) ;
#6414 = CARTESIAN_POINT ( 'NONE',  ( -0.5209445330007900221, 25.00000000000000000, -2.954423259036619953 ) ) ;
#6415 = DIRECTION ( 'NONE',  ( 0.0000000000000000000, 0.0000000000000000000, 1.000000000000000000 ) ) ;
#6416 = PLANE ( 'NONE',  #5714 ) ;
#6417 = ORIENTED_EDGE ( 'NONE', *, *, #6551, .F. ) ;
#6418 = ORIENTED_EDGE ( 'NONE', *, *, #6121, .F. ) ;
#6419 = VERTEX_POINT ( 'NONE', #1027 ) ;
#6420 = CARTESIAN_POINT ( 'NONE',  ( -2.399999896862679893, 1.099999526143019990, -6.599999864931620053 ) ) ;
#6421 = CARTESIAN_POINT ( 'NONE',  ( 1.924591952779949988, 25.30000000000000071, 2.040216012385970057 ) ) ;
#6422 = AXIS2_PLACEMENT_3D ( 'NONE', #5724, #5186, #2446 ) ;
#6423 = SURFACE_STYLE_USAGE ( .BOTH. , #6459 ) ;
#6424 = DIRECTION ( 'NONE',  ( 0.0000000000000000000, 1.000000000000000000, 0.0000000000000000000 ) ) ;
#6425 = ORIENTED_EDGE ( 'NONE', *, *, #3999, .T. ) ;
#6426 = ORIENTED_EDGE ( 'NONE', *, *, #3643, .T. ) ;
#6427 = VERTEX_POINT ( 'NONE', #3292 ) ;
#6428 = ORIENTED_EDGE ( 'NONE', *, *, #6055, .F. ) ;
#6429 = CARTESIAN_POINT ( 'NONE',  ( 4.399999951145479926, 0.7999995261430199456, -6.599999864931620053 ) ) ;
#6430 = CARTESIAN_POINT ( 'NONE',  ( -1.400000000000001910, 25.30000000000000071, 2.424871130596433666 ) ) ;
#6431 = CARTESIAN_POINT ( 'NONE',  ( -1.119964730995979929, 25.19999999999999929, -2.590320510433790080 ) ) ;
#6432 = DIRECTION ( 'NONE',  ( 0.0000000000000000000, -1.000000000000000000, -0.0000000000000000000 ) ) ;
#6433 = CARTESIAN_POINT ( 'NONE',  ( -2.144924440733142035, 25.30000000000000071, -1.799805307122306575 ) ) ;
#6434 = LINE ( 'NONE', #424, #1468 ) ;
#6435 = ORIENTED_EDGE ( 'NONE', *, *, #4441, .F. ) ;
#6436 = DIRECTION ( 'NONE',  ( -0.9999999999999997780, 0.0000000000000000000, -1.756208234393599614E-08 ) ) ;
#6437 = DIRECTION ( 'NONE',  ( 0.0000000000000000000, 0.0000000000000000000, 1.000000000000000000 ) ) ;
#6438 = EDGE_CURVE ( 'NONE', #6975, #840, #1059, .T. ) ;
#6439 = ADVANCED_FACE ( 'NONE', ( #4840 ), #6182, .F. ) ;
#6440 = FACE_BOUND ( 'NONE', #1414, .T. ) ;
#6441 = ORIENTED_EDGE ( 'NONE', *, *, #5437, .F. ) ;
#6442 = VECTOR ( 'NONE', #2687, 1000.000000000000000 ) ;
#6443 = DIRECTION ( 'NONE',  ( 0.5547001962252515739, 0.8320502943378286220, 4.199597451421389606E-15 ) ) ;
#6444 = VERTEX_POINT ( 'NONE', #6489 ) ;
#6445 = ADVANCED_FACE ( 'NONE', ( #6051 ), #1560, .T. ) ;
#6446 = CARTESIAN_POINT ( 'NONE',  ( -2.866666666666669805, 25.19999999999999929, 6.699350597697790087E-15 ) ) ;
#6447 = DIRECTION ( 'NONE',  ( 0.0000000000000000000, -2.220446049250310123E-16, 1.000000000000000000 ) ) ;
#6448 = CIRCLE ( 'NONE', #2200, 0.4708249680460303566 ) ;
#6449 = EDGE_CURVE ( 'NONE', #2535, #6686, #2676, .T. ) ;
#6450 = CARTESIAN_POINT ( 'NONE',  ( -0.3401285898181489742, 25.10000000000000142, -2.863884641179589963 ) ) ;
#6451 = LINE ( 'NONE', #950, #3309 ) ;
#6452 = ORIENTED_EDGE ( 'NONE', *, *, #2531, .F. ) ;
#6453 = EDGE_LOOP ( 'NONE', ( #1024, #4969, #3852, #6991 ) ) ;
#6454 = EDGE_LOOP ( 'NONE', ( #7035, #4221, #5301, #6808 ) ) ;
#6455 = DIRECTION ( 'NONE',  ( -0.9171391875453948073, 0.0000000000000000000, 0.3985670717314378497 ) ) ;
#6456 = AXIS2_PLACEMENT_3D ( 'NONE', #14, #3269, #2726 ) ;
#6457 = FACE_OUTER_BOUND ( 'NONE', #2077, .T. ) ;
#6458 = EDGE_CURVE ( 'NONE', #5519, #5322, #4340, .T. ) ;
#6459 = SURFACE_SIDE_STYLE ('',( #3078 ) ) ;
#6460 = CIRCLE ( 'NONE', #4623, 0.5500000000000001554 ) ;
#6461 = CARTESIAN_POINT ( 'NONE',  ( 0.0000000000000000000, 18.00000000000000355, 2.264854970235320762E-15 ) ) ;
#6462 = ORIENTED_EDGE ( 'NONE', *, *, #6172, .T. ) ;
#6463 = ORIENTED_EDGE ( 'NONE', *, *, #5839, .F. ) ;
#6464 = ORIENTED_EDGE ( 'NONE', *, *, #4516, .T. ) ;
#6465 = ORIENTED_EDGE ( 'NONE', *, *, #4504, .T. ) ;
#6466 = CARTESIAN_POINT ( 'NONE',  ( -0.9576564013118732399, 18.00000000000000355, 2.631139338200549016 ) ) ;
#6467 = CARTESIAN_POINT ( 'NONE',  ( -2.778000426408699930, 25.00000000000000000, -0.6661634083039349452 ) ) ;
#6468 = PRESENTATION_STYLE_ASSIGNMENT (( #858 ) ) ;
#6469 = DIRECTION ( 'NONE',  ( 0.0000000000000000000, 0.0000000000000000000, 1.000000000000000000 ) ) ;
#6470 = DIRECTION ( 'NONE',  ( 7.993605777301127091E-15, 0.0000000000000000000, 1.000000000000000000 ) ) ;
#6471 = VERTEX_POINT ( 'NONE', #5449 ) ;
#6472 = VECTOR ( 'NONE', #2930, 1000.000000000000000 ) ;
#6473 = CARTESIAN_POINT ( 'NONE',  ( -4.099999999999999645, 8.000000000000000000, 5.099999999999999645 ) ) ;
#6474 = CARTESIAN_POINT ( 'NONE',  ( 0.4500001050881107800, 4.399999999999999467, 6.599999852478499740 ) ) ;
#6475 = CARTESIAN_POINT ( 'NONE',  ( 0.3999999600861753879, -2.900000000000000799, -6.799999919214418931 ) ) ;
#6476 = CARTESIAN_POINT ( 'NONE',  ( 0.1700647735003210093, 25.10000000000000142, -2.834318852738909822 ) ) ;
#6477 = AXIS2_PLACEMENT_3D ( 'NONE', #1734, #33, #1804 ) ;
#6478 = ORIENTED_EDGE ( 'NONE', *, *, #6186, .T. ) ;
#6479 = ORIENTED_EDGE ( 'NONE', *, *, #2617, .T. ) ;
#6480 = ADVANCED_FACE ( 'NONE', ( #515 ), #4905, .T. ) ;
#6481 = CARTESIAN_POINT ( 'NONE',  ( -1.500000000000000000, 25.00000000000000000, 2.598076211353321785 ) ) ;
#6482 = STYLED_ITEM ( 'NONE', ( #7069 ), #3228 ) ;
#6483 = CARTESIAN_POINT ( 'NONE',  ( 4.200000000000000178, 7.700000000000000178, -5.200000000000001066 ) ) ;
#6484 = LINE ( 'NONE', #4374, #6952 ) ;
#6485 = CARTESIAN_POINT ( 'NONE',  ( 0.3257922781012559943, 25.30000000000000071, 2.785748544544360161 ) ) ;
#6486 = EDGE_LOOP ( 'NONE', ( #2717, #4571, #3188, #3111 ) ) ;
#6487 = CARTESIAN_POINT ( 'NONE',  ( 0.9576564013118720187, 25.10000000000000142, 2.631139338200549904 ) ) ;
#6488 = VERTEX_POINT ( 'NONE', #3470 ) ;
#6489 = CARTESIAN_POINT ( 'NONE',  ( -2.631139338200542355, 25.30000000000000071, 0.9576564013118741281 ) ) ;
#6490 = ADVANCED_FACE ( 'NONE', ( #4004 ), #3393, .T. ) ;
#6491 = EDGE_CURVE ( 'NONE', #2596, #1385, #3433, .T. ) ;
#6492 = CARTESIAN_POINT ( 'NONE',  ( 1.999999963598589892, -1.050000000000000044, -7.199999891115090200 ) ) ;
#6493 = CARTESIAN_POINT ( 'NONE',  ( 0.0000000000000000000, 7.700000000000000178, 5.199999874830250057 ) ) ;
#6494 = EDGE_CURVE ( 'NONE', #5566, #1268, #5219, .T. ) ;
#6495 = ORIENTED_EDGE ( 'NONE', *, *, #3866, .F. ) ;
#6496 = ORIENTED_EDGE ( 'NONE', *, *, #1425, .T. ) ;
#6498 = ORIENTED_EDGE ( 'NONE', *, *, #174, .F. ) ;
#6497 = VECTOR ( 'NONE', #5690, 1000.000000000000000 ) ;
#6499 = EDGE_CURVE ( 'NONE', #5626, #4857, #2340, .T. ) ;
#6500 = ORIENTED_EDGE ( 'NONE', *, *, #6167, .T. ) ;
#6501 = DIRECTION ( 'NONE',  ( -0.7255109597715118097, 0.0000000000000000000, -0.6882106125681437536 ) ) ;
#6502 = PLANE ( 'NONE',  #3344 ) ;
#6503 = FACE_OUTER_BOUND ( 'NONE', #1412, .T. ) ;
#6504 = DIRECTION ( 'NONE',  ( -0.7255109597715118097, 0.0000000000000000000, -0.6882106125681437536 ) ) ;
#6505 = STYLED_ITEM ( 'NONE', ( #6668 ), #464 ) ;
#6506 = DIRECTION ( 'NONE',  ( 0.0000000000000000000, 0.0000000000000000000, 1.000000000000000000 ) ) ;
#6507 = CARTESIAN_POINT ( 'NONE',  ( 4.949314236224470176E-08, 0.7999995261430199456, -6.899999858226090410 ) ) ;
#6508 = VERTEX_POINT ( 'NONE', #5545 ) ;
#6509 = VECTOR ( 'NONE', #4647, 1000.000000000000000 ) ;
#6510 = CARTESIAN_POINT ( 'NONE',  ( -1.600000039913819005, -2.899999860630311233, -6.799999954338589170 ) ) ;
#6511 = CARTESIAN_POINT ( 'NONE',  ( 1.600000001197417365, 1.099999526143019990, -7.199999851520569649 ) ) ;
#6512 = CARTESIAN_POINT ( 'NONE',  ( -2.298133329356930155, 18.00000000000000355, -1.928362829059620198 ) ) ;
#6513 = LINE ( 'NONE', #940, #2253 ) ;
#6514 = VECTOR ( 'NONE', #7071, 1000.000000000000000 ) ;
#6515 = ORIENTED_EDGE ( 'NONE', *, *, #5797, .F. ) ;
#6516 = VERTEX_POINT ( 'NONE', #5048 ) ;
#6517 = CARTESIAN_POINT ( 'NONE',  ( -2.799999999999999822, 25.30000000000000071, 7.204079395944730568E-15 ) ) ;
#6518 = VECTOR ( 'NONE', #5778, 1000.000000000000000 ) ;
#6519 = CARTESIAN_POINT ( 'NONE',  ( 2.950000194145832477, 4.399999999999999467, 6.599999852478499740 ) ) ;
#6520 = CARTESIAN_POINT ( 'NONE',  ( -0.4862148974674039836, 25.30000000000000071, -2.757461708434179926 ) ) ;
#6521 = FACE_OUTER_BOUND ( 'NONE', #953, .T. ) ;
#6522 = EDGE_LOOP ( 'NONE', ( #6465, #4415, #2583, #2330 ) ) ;
#6523 = CARTESIAN_POINT ( 'NONE',  ( 0.9576564013118721297, 25.00000000000000000, 2.631139338200551681 ) ) ;
#6524 = EDGE_CURVE ( 'NONE', #5673, #505, #5658, .T. ) ;
#6525 = DIRECTION ( 'NONE',  ( -1.000000000000000000, 0.0000000000000000000, -0.0000000000000000000 ) ) ;
#6526 = B_SPLINE_SURFACE_WITH_KNOTS ( 'NONE', 3, 3, ( 
 ( #1894, #6211, #5177, #2978 ),
 ( #4134, #3988, #4098, #197 ),
 ( #2943, #3453, #3565, #1860 ),
 ( #3417, #6851, #1246, #1353 ) ),
 .UNSPECIFIED., .F., .F., .F.,
 ( 4, 4 ),
 ( 4, 4 ),
 ( 0.0000000000000000000, 1.000000000000000000 ),
 ( 0.0000000000000000000, 1.000000000000000000 ),
 .UNSPECIFIED. ) ;
#6527 = VECTOR ( 'NONE', #4943, 1000.000000000000000 ) ;
#6528 = CARTESIAN_POINT ( 'NONE',  ( 0.9576564013118730179, 25.30000000000000071, -2.631139338200540134 ) ) ;
#6529 = ADVANCED_FACE ( 'NONE', ( #64 ), #2850, .T. ) ;
#6530 = EDGE_CURVE ( 'NONE', #3534, #5275, #5621, .T. ) ;
#6531 = ORIENTED_EDGE ( 'NONE', *, *, #2672, .F. ) ;
#6532 = EDGE_LOOP ( 'NONE', ( #5243, #3342, #4650, #5175 ) ) ;
#6533 = CARTESIAN_POINT ( 'NONE',  ( -4.342624135289520284E-08, -1.050000000000000044, -6.799999926239250314 ) ) ;
#6534 = AXIS2_PLACEMENT_3D ( 'NONE', #6586, #6044, #1118 ) ;
#6535 = ORIENTED_EDGE ( 'NONE', *, *, #2973, .F. ) ;
#6536 = VERTEX_POINT ( 'NONE', #6726 ) ;
#6537 = CARTESIAN_POINT ( 'NONE',  ( 1.599999985152059212, 0.7999998815357562965, -6.799999894627503316 ) ) ;
#6538 = EDGE_CURVE ( 'NONE', #5948, #5318, #6125, .T. ) ;
#6539 = CARTESIAN_POINT ( 'NONE',  ( 2.424871130596430113, 25.30000000000000071, -1.399999999999989919 ) ) ;
#6540 = LINE ( 'NONE', #6602, #2248 ) ;
#6541 = CARTESIAN_POINT ( 'NONE',  ( 2.424871130596430113, 25.19999999999999929, 1.400000000000009903 ) ) ;
#6542 = AXIS2_PLACEMENT_3D ( 'NONE', #2869, #4096, #1756 ) ;
#6543 = DIRECTION ( 'NONE',  ( -0.0000000000000000000, -1.000000000000000000, -0.0000000000000000000 ) ) ;
#6544 = ADVANCED_FACE ( 'NONE', ( #1260 ), #3931, .T. ) ;
#6545 = LINE ( 'NONE', #2553, #1809 ) ;
#6546 = EDGE_LOOP ( 'NONE', ( #4122, #1231, #1311, #2612 ) ) ;
#6547 = CARTESIAN_POINT ( 'NONE',  ( 1.400000000000001910, 25.30000000000000071, 2.424871130596433666 ) ) ;
#6548 = DIRECTION ( 'NONE',  ( 0.0000000000000000000, 0.0000000000000000000, -1.000000000000000000 ) ) ;
#6549 = CARTESIAN_POINT ( 'NONE',  ( 0.0000000000000000000, 14.79999999999999893, 3.999999910593039942 ) ) ;
#6550 = CARTESIAN_POINT ( 'NONE',  ( 0.3257922781012569935, 25.30000000000000071, -2.785748544544349947 ) ) ;
#6551 = EDGE_CURVE ( 'NONE', #6207, #3929, #1189, .T. ) ;
#6552 = ORIENTED_EDGE ( 'NONE', *, *, #4224, .F. ) ;
#6553 = ORIENTED_EDGE ( 'NONE', *, *, #2135, .F. ) ;
#6554 = DIRECTION ( 'NONE',  ( 0.0000000000000000000, -0.0000000000000000000, 1.000000000000000000 ) ) ;
#6555 = DIRECTION ( 'NONE',  ( 0.0000000000000000000, 0.0000000000000000000, 1.000000000000000000 ) ) ;
#6556 = DIRECTION ( 'NONE',  ( 0.9935493710862515204, 2.517994358381888004E-17, -0.1134003845412969308 ) ) ;
#6557 = CARTESIAN_POINT ( 'NONE',  ( -1.600000043426239804, -1.050000000000000044, -6.799999954338585617 ) ) ;
#6558 = CARTESIAN_POINT ( 'NONE',  ( -2.400000039913829930, -2.899999860630309900, -6.999999968388250338 ) ) ;
#6559 = VECTOR ( 'NONE', #3646, 1000.000000000000000 ) ;
#6560 = CARTESIAN_POINT ( 'NONE',  ( -6.749999937372139769, 7.799999999999999822, 0.9999999776482579872 ) ) ;
#6561 = DIRECTION ( 'NONE',  ( -0.0000000000000000000, -1.000000000000000000, -0.0000000000000000000 ) ) ;
#6562 = VECTOR ( 'NONE', #2072, 1000.000000000000114 ) ;
#6563 = EDGE_LOOP ( 'NONE', ( #5574, #6332, #1458, #3860, #4166, #2918, #6324, #339, #179 ) ) ;
#6564 = ORIENTED_EDGE ( 'NONE', *, *, #2301, .T. ) ;
#6565 = DIRECTION ( 'NONE',  ( 0.9999999999999997780, 0.0000000000000000000, 1.756208303782529389E-08 ) ) ;
#6566 = DIRECTION ( 'NONE',  ( -1.332507683590949845E-08, 0.0000000000000000000, 0.9999999999999998890 ) ) ;
#6567 = ADVANCED_FACE ( 'NONE', ( #2778 ), #4507, .T. ) ;
#6568 =( GEOMETRIC_REPRESENTATION_CONTEXT ( 3 ) GLOBAL_UNCERTAINTY_ASSIGNED_CONTEXT ( ( #260 ) ) GLOBAL_UNIT_ASSIGNED_CONTEXT ( ( #3699, #848, #5856 ) ) REPRESENTATION_CONTEXT ( 'NONE', 'WORKASPACE' ) );
#6569 = DIRECTION ( 'NONE',  ( -0.9999999999999998890, 0.0000000000000000000, -1.756208303782529720E-08 ) ) ;
#6570 = CARTESIAN_POINT ( 'NONE',  ( 2.369559742146900128, 25.10000000000000142, 1.564439840509590063 ) ) ;
#6571 = DIRECTION ( 'NONE',  ( 0.0000000000000000000, 1.000000000000000000, 0.0000000000000000000 ) ) ;
#6572 = APPLICATION_PROTOCOL_DEFINITION ( 'draft international standard', 'automotive_design', 1998, #5614 ) ;
#6573 = EDGE_CURVE ( 'NONE', #1338, #5286, #4975, .T. ) ;
#6574 = ORIENTED_EDGE ( 'NONE', *, *, #2807, .F. ) ;
#6575 = AXIS2_PLACEMENT_3D ( 'NONE', #1610, #6895, #6501 ) ;
#6576 = ORIENTED_EDGE ( 'NONE', *, *, #4841, .T. ) ;
#6577 = CARTESIAN_POINT ( 'NONE',  ( -2.686853529219518588, 25.30000000000000071, 0.8045829195440626913 ) ) ;
#6578 = CARTESIAN_POINT ( 'NONE',  ( 0.4500000000000000666, -2.500000000000000000, 7.349999852478499740 ) ) ;
#6579 = CARTESIAN_POINT ( 'NONE',  ( 2.049999999999999822, 4.099999999999999645, 7.499999852478500095 ) ) ;
#6580 = DIRECTION ( 'NONE',  ( -0.7071067811865474617, -0.7071067811865474617, 0.0000000000000000000 ) ) ;
#6581 = ORIENTED_EDGE ( 'NONE', *, *, #236, .T. ) ;
#6582 = EDGE_CURVE ( 'NONE', #2271, #3850, #4440, .T. ) ;
#6583 = VECTOR ( 'NONE', #1288, 1000.000000000000000 ) ;
#6584 = ORIENTED_EDGE ( 'NONE', *, *, #6874, .F. ) ;
#6585 = ADVANCED_FACE ( 'NONE', ( #5435 ), #3347, .T. ) ;
#6586 = CARTESIAN_POINT ( 'NONE',  ( -2.500000000000000000, 0.8000000000000000444, 7.349999852478499740 ) ) ;
#6587 = CARTESIAN_POINT ( 'NONE',  ( -1.691587865731329909, 25.10000000000000142, -2.280529736418150488 ) ) ;
#6588 = CARTESIAN_POINT ( 'NONE',  ( 1.499999999999999334, 18.00000000000000355, -2.598076211353309350 ) ) ;
#6589 = AXIS2_PLACEMENT_3D ( 'NONE', #6579, #1047, #5404 ) ;
#6590 = EDGE_LOOP ( 'NONE', ( #5531, #3029, #5077, #4002 ) ) ;
#6591 = CARTESIAN_POINT ( 'NONE',  ( -2.522968687892470196, 25.19999999999999929, -1.264401180544779901 ) ) ;
#6592 = VECTOR ( 'NONE', #1896, 1000.000000000000000 ) ;
#6593 = CARTESIAN_POINT ( 'NONE',  ( -2.399999896862679893, 1.099999526143019990, -6.599999864931620053 ) ) ;
#6594 = CARTESIAN_POINT ( 'NONE',  ( 1.299122561414860044, 25.10000000000000142, -2.574840435059789989 ) ) ;
#6595 = DIRECTION ( 'NONE',  ( 0.0000000000000000000, 0.0000000000000000000, 1.000000000000000000 ) ) ;
#6596 = ORIENTED_EDGE ( 'NONE', *, *, #2927, .T. ) ;
#6597 = EDGE_LOOP ( 'NONE', ( #5184, #281, #4716, #2110 ) ) ;
#6598 = FACE_OUTER_BOUND ( 'NONE', #729, .T. ) ;
#6599 = CARTESIAN_POINT ( 'NONE',  ( 2.693785512919599778, 25.19999999999999929, -0.9804577442002441190 ) ) ;
#6600 = PLANE ( 'NONE',  #6090 ) ;
#6601 = FACE_OUTER_BOUND ( 'NONE', #81, .T. ) ;
#6602 = CARTESIAN_POINT ( 'NONE',  ( -2.049999999999999822, 4.099999999999999645, 7.499999852478500095 ) ) ;
#6603 = CARTESIAN_POINT ( 'NONE',  ( 2.506319829022829904, 25.30000000000000071, 1.258926716115120081 ) ) ;
#6604 = ORIENTED_EDGE ( 'NONE', *, *, #178, .F. ) ;
#6605 = AXIS2_PLACEMENT_3D ( 'NONE', #547, #1667, #578 ) ;
#6606 = ORIENTED_EDGE ( 'NONE', *, *, #560, .F. ) ;
#6607 = EDGE_CURVE ( 'NONE', #3360, #6774, #1539, .T. ) ;
#6608 = CARTESIAN_POINT ( 'NONE',  ( -2.424871130596430113, 25.30000000000000071, -1.399999999999999911 ) ) ;
#6609 = VECTOR ( 'NONE', #5864, 1000.000000000000000 ) ;
#6610 = CARTESIAN_POINT ( 'NONE',  ( -0.4000000434262409588, -2.899999999999999911, -6.999999919214420885 ) ) ;
#6611 = LINE ( 'NONE', #2087, #5100 ) ;
#6612 = PLANE ( 'NONE',  #6733 ) ;
#6613 = ADVANCED_FACE ( 'NONE', ( #2158 ), #5537, .T. ) ;
#6614 = ADVANCED_FACE ( 'NONE', ( #3824 ), #1082, .T. ) ;
#6615 = VERTEX_POINT ( 'NONE', #4429 ) ;
#6616 = VECTOR ( 'NONE', #611, 1000.000000000000000 ) ;
#6617 = ORIENTED_EDGE ( 'NONE', *, *, #5958, .F. ) ;
#6618 = FACE_OUTER_BOUND ( 'NONE', #4597, .T. ) ;
#6619 = CARTESIAN_POINT ( 'NONE',  ( 6.200000000000001066, 7.799999999999999822, -0.9999998973539250269 ) ) ;
#6620 = DIRECTION ( 'NONE',  ( -0.9587633535238186955, 0.0000000000000000000, 0.2842056156020869029 ) ) ;
#6621 = EDGE_CURVE ( 'NONE', #5310, #5364, #2911, .T. ) ;
#6622 = CARTESIAN_POINT ( 'NONE',  ( 2.785748544544360161, 25.30000000000000071, 0.3257922781012629887 ) ) ;
#6623 = VECTOR ( 'NONE', #7023, 1000.000000000000000 ) ;
#6624 = CARTESIAN_POINT ( 'NONE',  ( -1.799805307122310127, 25.30000000000000071, -2.144924440733130044 ) ) ;
#6625 = VECTOR ( 'NONE', #2908, 1000.000000000000000 ) ;
#6626 = VERTEX_POINT ( 'NONE', #7039 ) ;
#6627 = ORIENTED_EDGE ( 'NONE', *, *, #1434, .F. ) ;
#6628 = DIRECTION ( 'NONE',  ( 0.0000000000000000000, 1.000000000000000000, 2.220446049250310123E-16 ) ) ;
#6629 = CARTESIAN_POINT ( 'NONE',  ( 2.757461708434179926, 25.10000000000000142, -0.4862148974673989876 ) ) ;
#6630 = VECTOR ( 'NONE', #3555, 1000.000000000000114 ) ;
#6631 = DIRECTION ( 'NONE',  ( -0.7255109597715122538, 0.0000000000000000000, 0.6882106125681433095 ) ) ;
#6632 = LINE ( 'NONE', #2251, #941 ) ;
#6633 = B_SPLINE_SURFACE_WITH_KNOTS ( 'NONE', 3, 3, ( 
 ( #2984, #5792, #5182, #235 ),
 ( #1395, #3604, #5109, #5645 ),
 ( #1901, #3494, #2441, #5682 ),
 ( #4103, #6785, #759, #863 ) ),
 .UNSPECIFIED., .F., .F., .F.,
 ( 4, 4 ),
 ( 4, 4 ),
 ( 0.0000000000000000000, 1.000000000000000000 ),
 ( 0.0000000000000000000, 1.000000000000000000 ),
 .UNSPECIFIED. ) ;
#6634 = CARTESIAN_POINT ( 'NONE',  ( 2.778000426408699930, 25.00000000000000000, 0.6661634083039450482 ) ) ;
#6635 = ORIENTED_EDGE ( 'NONE', *, *, #4595, .T. ) ;
#6636 = VECTOR ( 'NONE', #1869, 1000.000000000000000 ) ;
#6637 = VERTEX_POINT ( 'NONE', #4892 ) ;
#6638 = ORIENTED_EDGE ( 'NONE', *, *, #5217, .T. ) ;
#6639 = CARTESIAN_POINT ( 'NONE',  ( -2.247063699815670557, 25.10000000000000142, -1.885510321747180029 ) ) ;
#6640 = AXIS2_PLACEMENT_3D ( 'NONE', #5862, #929, #3126 ) ;
#6641 = CARTESIAN_POINT ( 'NONE',  ( 4.200000000000000178, 7.700000000000000178, 5.200000000000001066 ) ) ;
#6642 = FACE_OUTER_BOUND ( 'NONE', #108, .T. ) ;
#6643 = DIRECTION ( 'NONE',  ( 1.000000000000000000, 0.0000000000000000000, -0.0000000000000000000 ) ) ;
#6644 = CARTESIAN_POINT ( 'NONE',  ( 2.050000129430554985, 4.099999999999999645, 7.349999852478499740 ) ) ;
#6645 = ORIENTED_EDGE ( 'NONE', *, *, #1015, .T. ) ;
#6646 = EDGE_LOOP ( 'NONE', ( #1977, #5894, #2637, #1206 ) ) ;
#6647 = DIRECTION ( 'NONE',  ( -0.9999999999999997780, 0.0000000000000000000, -1.756208234393599614E-08 ) ) ;
#6648 = EDGE_CURVE ( 'NONE', #3503, #376, #502, .T. ) ;
#6649 = CARTESIAN_POINT ( 'NONE',  ( 6.200000000000001066, 7.799999999999998934, 1.000000102646080080 ) ) ;
#6650 = DIRECTION ( 'NONE',  ( 0.0000000000000000000, 0.0000000000000000000, -1.000000000000000000 ) ) ;
#6651 = ORIENTED_EDGE ( 'NONE', *, *, #820, .T. ) ;
#6652 = CARTESIAN_POINT ( 'NONE',  ( 2.839715394650800029, 25.19999999999999929, 0.1626219526268219973 ) ) ;
#6653 = DIRECTION ( 'NONE',  ( 0.6882106125681433095, -1.610957944312460908E-16, 0.7255109597715122538 ) ) ;
#6654 = EDGE_CURVE ( 'NONE', #2379, #3503, #2229, .T. ) ;
#6655 = ORIENTED_EDGE ( 'NONE', *, *, #6916, .F. ) ;
#6656 = CARTESIAN_POINT ( 'NONE',  ( -3.599999904885356816, 0.7999998645500899785, -6.799999989462748751 ) ) ;
#6657 = EDGE_CURVE ( 'NONE', #3377, #2682, #3313, .T. ) ;
#6658 = DIRECTION ( 'NONE',  ( 1.756208303782529389E-08, 0.0000000000000000000, -0.9999999999999997780 ) ) ;
#6659 = CARTESIAN_POINT ( 'NONE',  ( 3.599999969026869806, 1.099999526143019990, -6.899999858226090410 ) ) ;
#6660 = VERTEX_POINT ( 'NONE', #4367 ) ;
#6661 = ORIENTED_EDGE ( 'NONE', *, *, #2449, .T. ) ;
#6662 = LINE ( 'NONE', #6161, #6472 ) ;
#6663 = B_SPLINE_CURVE_WITH_KNOTS ( 'NONE', 3,
 ( #205, #6821, #3572, #1903 ),
 .UNSPECIFIED., .F., .F.,
 ( 4, 4 ),
 ( 2.037030941935510878E-18, 0.0004885781678749870609 ),
 .UNSPECIFIED. ) ;
#6664 = FACE_OUTER_BOUND ( 'NONE', #4896, .T. ) ;
#6665 = EDGE_CURVE ( 'NONE', #3120, #3994, #537, .T. ) ;
#6666 = DIRECTION ( 'NONE',  ( -0.0000000000000000000, -1.000000000000000000, -0.0000000000000000000 ) ) ;
#6667 = FACE_OUTER_BOUND ( 'NONE', #7007, .T. ) ;
#6668 = PRESENTATION_STYLE_ASSIGNMENT (( #3881 ) ) ;
#6669 = VECTOR ( 'NONE', #1906, 1000.000000000000000 ) ;
#6670 = DIRECTION ( 'NONE',  ( 0.0000000000000000000, -2.379049338482480203E-16, 1.000000000000000000 ) ) ;
#6671 = EDGE_LOOP ( 'NONE', ( #6689, #2547, #5387, #4432 ) ) ;
#6672 = ORIENTED_EDGE ( 'NONE', *, *, #227, .F. ) ;
#6673 = VECTOR ( 'NONE', #5486, 1000.000000000000000 ) ;
#6674 = VERTEX_POINT ( 'NONE', #2734 ) ;
#6675 = CARTESIAN_POINT ( 'NONE',  ( -0.9576564013118730179, 25.00000000000000000, 2.631139338200549904 ) ) ;
#6676 = DIRECTION ( 'NONE',  ( -0.0000000000000000000, 0.0000000000000000000, 1.000000000000000000 ) ) ;
#6677 = CARTESIAN_POINT ( 'NONE',  ( 6.200000000000001066, 7.700000000000000178, -5.200000000000001066 ) ) ;
#6678 = LINE ( 'NONE', #1759, #5253 ) ;
#6679 = CARTESIAN_POINT ( 'NONE',  ( 0.1700647735003200101, 25.10000000000000142, 2.834318852738920036 ) ) ;
#6680 = ORIENTED_EDGE ( 'NONE', *, *, #1198, .F. ) ;
#6681 = ORIENTED_EDGE ( 'NONE', *, *, #5705, .F. ) ;
#6682 = CARTESIAN_POINT ( 'NONE',  ( 1.399999999999999911, 25.30000000000000071, -2.424871130596419899 ) ) ;
#6683 = DIRECTION ( 'NONE',  ( 0.0000000000000000000, 1.000000000000000000, 0.0000000000000000000 ) ) ;
#6684 = CARTESIAN_POINT ( 'NONE',  ( -1.466666666666669894, 25.10000000000000142, -2.540341184434350197 ) ) ;
#6685 = FACE_OUTER_BOUND ( 'NONE', #6646, .T. ) ;
#6686 = VERTEX_POINT ( 'NONE', #2697 ) ;
#6687 = CARTESIAN_POINT ( 'NONE',  ( -3.599999959447550246, 0.7999999128939571102, -6.999999989462749816 ) ) ;
#6688 = CARTESIAN_POINT ( 'NONE',  ( 6.750000000000000000, 7.799999999999999822, 1.000000102646080080 ) ) ;
#6689 = ORIENTED_EDGE ( 'NONE', *, *, #824, .F. ) ;
#6690 = B_SPLINE_SURFACE_WITH_KNOTS ( 'NONE', 3, 3, ( 
 ( #1949, #4541, #1913, #841 ),
 ( #4147, #2924, #6728, #2417 ),
 ( #6868, #5769, #4044, #3030 ),
 ( #5661, #1807, #5230, #3507 ) ),
 .UNSPECIFIED., .F., .F., .F.,
 ( 4, 4 ),
 ( 4, 4 ),
 ( 0.0000000000000000000, 1.000000000000000000 ),
 ( 0.0000000000000000000, 1.000000000000000000 ),
 .UNSPECIFIED. ) ;
#6691 = VECTOR ( 'NONE', #3036, 1000.000000000000000 ) ;
#6692 = EDGE_CURVE ( 'NONE', #3192, #5364, #6611, .T. ) ;
#6693 = CARTESIAN_POINT ( 'NONE',  ( 0.5209445330007911323, 18.00000000000000355, 2.954423259036630167 ) ) ;
#6694 = PLANE ( 'NONE',  #2731 ) ;
#6695 = VERTEX_POINT ( 'NONE', #4931 ) ;
#6696 = ADVANCED_FACE ( 'NONE', ( #2196 ), #4860, .T. ) ;
#6697 = EDGE_LOOP ( 'NONE', ( #1535, #5406, #4648, #5234 ) ) ;
#6698 = DIRECTION ( 'NONE',  ( 2.181325225308583414E-15, 1.000000000000000000, 0.0000000000000000000 ) ) ;
#6699 = ADVANCED_FACE ( 'NONE', ( #4326 ), #1690, .T. ) ;
#6700 = SURFACE_STYLE_FILL_AREA ( #75 ) ;
#6701 = DIRECTION ( 'NONE',  ( 0.0000000000000000000, -0.0000000000000000000, 1.000000000000000000 ) ) ;
#6702 = CARTESIAN_POINT ( 'NONE',  ( -0.9576564013118730179, 18.00000000000000355, 2.631139338200549904 ) ) ;
#6703 = EDGE_CURVE ( 'NONE', #1805, #2264, #6007, .T. ) ;
#6704 =( LENGTH_UNIT ( ) NAMED_UNIT ( * ) SI_UNIT ( .MILLI., .METRE. ) );
#6705 = DIRECTION ( 'NONE',  ( 0.0000000000000000000, 0.0000000000000000000, -1.000000000000000000 ) ) ;
#6706 = ORIENTED_EDGE ( 'NONE', *, *, #2796, .F. ) ;
#6707 = EDGE_CURVE ( 'NONE', #3658, #5263, #1115, .T. ) ;
#6708 = ORIENTED_EDGE ( 'NONE', *, *, #2931, .F. ) ;
#6709 = B_SPLINE_CURVE_WITH_KNOTS ( 'NONE', 3,
 ( #5695, #5158, #5805, #139 ),
 .UNSPECIFIED., .F., .F.,
 ( 4, 4 ),
 ( 0.0000000000000000000, 0.0004885781678749919399 ),
 .UNSPECIFIED. ) ;
#6710 = CARTESIAN_POINT ( 'NONE',  ( -0.5209445330007920205, 18.00000000000000355, 2.954423259036630167 ) ) ;
#6711 = CARTESIAN_POINT ( 'NONE',  ( 1.799805307122310127, 25.19999999999999929, -2.144924440733130044 ) ) ;
#6712 = CARTESIAN_POINT ( 'NONE',  ( -1.466666666666669894, 25.10000000000000142, -2.540341184434350197 ) ) ;
#6713 = DIRECTION ( 'NONE',  ( 0.0000000000000000000, 0.0000000000000000000, -1.000000000000000000 ) ) ;
#6714 = DIRECTION ( 'NONE',  ( 0.0000000000000000000, 1.000000000000000000, 0.0000000000000000000 ) ) ;
#6715 = DIRECTION ( 'NONE',  ( -0.0000000000000000000, -1.000000000000000000, 0.0000000000000000000 ) ) ;
#6716 = ORIENTED_EDGE ( 'NONE', *, *, #1377, .T. ) ;
#6717 = ORIENTED_EDGE ( 'NONE', *, *, #483, .T. ) ;
#6718 = AXIS2_PLACEMENT_3D ( 'NONE', #4145, #5766, #4185 ) ;
#6719 = FACE_OUTER_BOUND ( 'NONE', #3450, .T. ) ;
#6720 = CARTESIAN_POINT ( 'NONE',  ( 6.751617268858201015, -0.8999999798834320552, 1.000000102646080080 ) ) ;
#6721 = DIRECTION ( 'NONE',  ( 1.000000000000000000, 0.0000000000000000000, 0.0000000000000000000 ) ) ;
#6722 = LINE ( 'NONE', #1257, #4220 ) ;
#6723 =( GEOMETRIC_REPRESENTATION_CONTEXT ( 3 ) GLOBAL_UNCERTAINTY_ASSIGNED_CONTEXT ( ( #5023 ) ) GLOBAL_UNIT_ASSIGNED_CONTEXT ( ( #564, #5022, #4422 ) ) REPRESENTATION_CONTEXT ( 'NONE', 'WORKASPACE' ) );
#6724 = EDGE_LOOP ( 'NONE', ( #4407, #2658, #4925, #5552 ) ) ;
#6725 = CARTESIAN_POINT ( 'NONE',  ( -3.999999861099889920, 1.099999526143019990, -6.899999858226090410 ) ) ;
#6726 = CARTESIAN_POINT ( 'NONE',  ( -4.399999918336312099, 1.099999526143019990, -7.199999851520569649 ) ) ;
#6727 = VERTEX_POINT ( 'NONE', #6475 ) ;
#6728 = CARTESIAN_POINT ( 'NONE',  ( -0.1664808010194140098, 25.19999999999999929, 2.817155566939970157 ) ) ;
#6729 = AXIS2_PLACEMENT_3D ( 'NONE', #7117, #1768, #2337 ) ;
#6730 = FACE_OUTER_BOUND ( 'NONE', #1173, .T. ) ;
#6731 = FACE_OUTER_BOUND ( 'NONE', #6522, .T. ) ;
#6732 = EDGE_LOOP ( 'NONE', ( #181, #5833, #4655, #6827 ) ) ;
#6733 = AXIS2_PLACEMENT_3D ( 'NONE', #2295, #4462, #6643 ) ;
#6734 = ORIENTED_EDGE ( 'NONE', *, *, #318, .T. ) ;
#6735 = LINE ( 'NONE', #4012, #1078 ) ;
#6736 = EDGE_CURVE ( 'NONE', #4132, #4267, #5938, .T. ) ;
#6737 = CARTESIAN_POINT ( 'NONE',  ( 2.798539144383210164, 25.00000000000000000, -0.8461119191404670170 ) ) ;
#6738 = B_SPLINE_SURFACE_WITH_KNOTS ( 'NONE', 3, 3, ( 
 ( #5123, #3970, #177, #4544 ),
 ( #2926, #2387, #4587, #5699 ),
 ( #4046, #1266, #3398, #4512 ),
 ( #2857, #3549, #4654, #2964 ) ),
 .UNSPECIFIED., .F., .F., .F.,
 ( 4, 4 ),
 ( 4, 4 ),
 ( 0.0000000000000000000, 1.000000000000000000 ),
 ( 0.0000000000000000000, 1.000000000000000000 ),
 .UNSPECIFIED. ) ;
#6739 = ADVANCED_FACE ( 'NONE', ( #3491 ), #5104, .T. ) ;
#6740 = VECTOR ( 'NONE', #2972, 1000.000000000000000 ) ;
#6741 = DIRECTION ( 'NONE',  ( -0.0000000000000000000, 1.000000000000000000, 0.0000000000000000000 ) ) ;
#6742 = DIRECTION ( 'NONE',  ( -1.332507770790409803E-08, -0.0000000000000000000, 0.9999999999999998890 ) ) ;
#6743 = LINE ( 'NONE', #1784, #6959 ) ;
#6744 = VERTEX_POINT ( 'NONE', #5679 ) ;
#6745 = AXIS2_PLACEMENT_3D ( 'NONE', #1556, #6141, #1249 ) ;
#6746 = ORIENTED_EDGE ( 'NONE', *, *, #2393, .F. ) ;
#6747 = CARTESIAN_POINT ( 'NONE',  ( 2.819077862357727060, 18.00000000000000355, -1.026060429976998423 ) ) ;
#6748 = EDGE_CURVE ( 'NONE', #2985, #1779, #4026, .T. ) ;
#6749 = DIRECTION ( 'NONE',  ( 0.7071067811865474617, 0.7071067811865474617, 0.0000000000000000000 ) ) ;
#6750 = MECHANICAL_DESIGN_GEOMETRIC_PRESENTATION_REPRESENTATION (  '', ( #3548 ), #3082 ) ;
#6751 = DIRECTION ( 'NONE',  ( 0.0000000000000000000, -0.0000000000000000000, 1.000000000000000000 ) ) ;
#6752 = CARTESIAN_POINT ( 'NONE',  ( -2.799999999999999822, 25.30000000000000071, -0.1628973968527989979 ) ) ;
#6753 = CARTESIAN_POINT ( 'NONE',  ( 2.424871130596430113, 25.30000000000000071, -1.399999999999989919 ) ) ;
#6754 = ORIENTED_EDGE ( 'NONE', *, *, #6121, .T. ) ;
#6755 = VECTOR ( 'NONE', #6436, 1000.000000000000227 ) ;
#6756 = CARTESIAN_POINT ( 'NONE',  ( 2.424871130596431001, 25.00000000000000000, 1.400000000000000799 ) ) ;
#6757 = CARTESIAN_POINT ( 'NONE',  ( -0.4500000000000000666, 4.400000000000000355, 7.499999852478500095 ) ) ;
#6758 = ADVANCED_FACE ( 'NONE', ( #2367 ), #6246, .T. ) ;
#6759 = DIRECTION ( 'NONE',  ( -0.9935493710862515204, 2.517994358381888004E-17, -0.1134003845412969308 ) ) ;
#6760 = CARTESIAN_POINT ( 'NONE',  ( -2.819077862357723951, 18.00000000000000355, 1.026060429977012634 ) ) ;
#6761 = ORIENTED_EDGE ( 'NONE', *, *, #1489, .T. ) ;
#6762 = PLANE ( 'NONE',  #2359 ) ;
#6763 = ORIENTED_EDGE ( 'NONE', *, *, #518, .F. ) ;
#6764 = CARTESIAN_POINT ( 'NONE',  ( 4.200000000000000178, 7.700000000000000178, -5.200000000000001066 ) ) ;
#6765 = PLANE ( 'NONE',  #3481 ) ;
#6766 = CARTESIAN_POINT ( 'NONE',  ( -2.539624515647219916, 25.10000000000000142, 1.269879012229339965 ) ) ;
#6767 = EDGE_LOOP ( 'NONE', ( #6858, #3702, #6584, #1144 ) ) ;
#6768 = ORIENTED_EDGE ( 'NONE', *, *, #3742, .F. ) ;
#6769 = CARTESIAN_POINT ( 'NONE',  ( -6.199999861419199121, 7.799999999999999822, 1.026460751119010054E-07 ) ) ;
#6770 = CARTESIAN_POINT ( 'NONE',  ( 4.200000000000000178, 7.799999999999999822, -5.200000000000001066 ) ) ;
#6771 = CARTESIAN_POINT ( 'NONE',  ( -1.599935102374100193, 25.00000000000000000, 2.447025621146599939 ) ) ;
#6772 = DIRECTION ( 'NONE',  ( 0.0000000000000000000, 0.0000000000000000000, 1.000000000000000000 ) ) ;
#6773 = VECTOR ( 'NONE', #6093, 1000.000000000000000 ) ;
#6774 = VERTEX_POINT ( 'NONE', #6213 ) ;
#6775 = VERTEX_POINT ( 'NONE', #1286 ) ;
#6776 = EDGE_CURVE ( 'NONE', #6615, #4692, #199, .T. ) ;
#6777 = ORIENTED_EDGE ( 'NONE', *, *, #1092, .F. ) ;
#6778 = VECTOR ( 'NONE', #1256, 1000.000000000000000 ) ;
#6779 = CARTESIAN_POINT ( 'NONE',  ( -6.148959085117179590, -3.268807696858369916, -0.9999998973539259151 ) ) ;
#6780 = DIRECTION ( 'NONE',  ( 1.000000000000000000, 0.0000000000000000000, 0.0000000000000000000 ) ) ;
#6781 = DIRECTION ( 'NONE',  ( 0.0000000000000000000, 1.000000000000000000, 0.0000000000000000000 ) ) ;
#6782 = EDGE_CURVE ( 'NONE', #5068, #3805, #737, .T. ) ;
#6783 = CARTESIAN_POINT ( 'NONE',  ( -2.298133329356927046, 18.00000000000000355, -1.928362829059613315 ) ) ;
#6784 = CARTESIAN_POINT ( 'NONE',  ( 0.0000000000000000000, 18.00000000000000355, 2.264854970235320762E-15 ) ) ;
#6785 = CARTESIAN_POINT ( 'NONE',  ( 1.799805307122310127, 25.10000000000000142, 2.144924440733139814 ) ) ;
#6786 = EDGE_CURVE ( 'NONE', #2639, #2772, #4602, .T. ) ;
#6787 = EDGE_CURVE ( 'NONE', #840, #6160, #5641, .T. ) ;
#6788 = ORIENTED_EDGE ( 'NONE', *, *, #3643, .F. ) ;
#6789 = CARTESIAN_POINT ( 'NONE',  ( 1.799805307122310127, 25.30000000000000071, -2.144924440733130044 ) ) ;
#6790 = CARTESIAN_POINT ( 'NONE',  ( -1.600000039913819894, 0.7999998606303140303, -6.999999954338590236 ) ) ;
#6791 = VECTOR ( 'NONE', #696, 1000.000000000000114 ) ;
#6792 = CARTESIAN_POINT ( 'NONE',  ( 4.199999965354797027, 7.700000000000002842, -6.599999852478498852 ) ) ;
#6793 = EDGE_CURVE ( 'NONE', #4178, #5275, #4059, .T. ) ;
#6794 = ORIENTED_EDGE ( 'NONE', *, *, #4389, .T. ) ;
#6795 = LINE ( 'NONE', #4112, #4542 ) ;
#6796 = EDGE_CURVE ( 'NONE', #6305, #5852, #602, .T. ) ;
#6797 = ORIENTED_EDGE ( 'NONE', *, *, #1331, .F. ) ;
#6798 = FACE_OUTER_BOUND ( 'NONE', #3254, .T. ) ;
#6799 = FACE_OUTER_BOUND ( 'NONE', #4532, .T. ) ;
#6800 = CARTESIAN_POINT ( 'NONE',  ( -6.200000000000001066, 0.0000000000000000000, 5.199999874830250057 ) ) ;
#6801 = CARTESIAN_POINT ( 'NONE',  ( -2.556273374516860208, 25.00000000000000000, 1.275353476659010221 ) ) ;
#6802 = ORIENTED_EDGE ( 'NONE', *, *, #5261, .T. ) ;
#6803 = EDGE_LOOP ( 'NONE', ( #479, #1163, #5118, #4005 ) ) ;
#6804 = CARTESIAN_POINT ( 'NONE',  ( 4.200000000000000178, 7.700000000000000178, 5.200000000000001066 ) ) ;
#6805 = CARTESIAN_POINT ( 'NONE',  ( 0.0000000000000000000, 7.799999999999998934, 3.999999910593030616 ) ) ;
#6806 = LINE ( 'NONE', #1346, #1119 ) ;
#6807 = VECTOR ( 'NONE', #403, 1000.000000000000114 ) ;
#6808 = ORIENTED_EDGE ( 'NONE', *, *, #3767, .F. ) ;
#6809 = VERTEX_POINT ( 'NONE', #4998 ) ;
#6810 = VERTEX_POINT ( 'NONE', #54 ) ;
#6811 = VECTOR ( 'NONE', #160, 1000.000000000000000 ) ;
#6812 = LINE ( 'NONE', #5101, #4934 ) ;
#6813 = CARTESIAN_POINT ( 'NONE',  ( 1.799805307122310127, 25.00000000000000000, -2.144924440733130044 ) ) ;
#6814 = CARTESIAN_POINT ( 'NONE',  ( -4.099999999999999645, 7.700000000000000178, -4.549999999999998934 ) ) ;
#6815 = DIRECTION ( 'NONE',  ( -0.0000000000000000000, -1.000000000000000000, -0.0000000000000000000 ) ) ;
#6816 = LINE ( 'NONE', #4101, #5483 ) ;
#6817 = LINE ( 'NONE', #4604, #3884 ) ;
#6818 = DIRECTION ( 'NONE',  ( 0.9999999999999997780, 0.0000000000000000000, 1.756208373171469421E-08 ) ) ;
#6819 = EDGE_CURVE ( 'NONE', #126, #1909, #6139, .T. ) ;
#6820 = ORIENTED_EDGE ( 'NONE', *, *, #2760, .F. ) ;
#6821 = CARTESIAN_POINT ( 'NONE',  ( 2.575425147181571450, 25.29999999999999005, -1.110729883079680569 ) ) ;
#6822 = DIRECTION ( 'NONE',  ( 1.021793428552867908E-16, 1.000000000000000000, 6.760187480755030621E-17 ) ) ;
#6823 = DIRECTION ( 'NONE',  ( -0.8037388030040969467, -0.0000000000000000000, -0.5949822993548139483 ) ) ;
#6824 = EDGE_CURVE ( 'NONE', #402, #5563, #6175, .T. ) ;
#6825 = EDGE_CURVE ( 'NONE', #1515, #5322, #2871, .T. ) ;
#6826 = LINE ( 'NONE', #2413, #4555 ) ;
#6827 = ORIENTED_EDGE ( 'NONE', *, *, #5662, .F. ) ;
#6828 = FACE_OUTER_BOUND ( 'NONE', #4537, .T. ) ;
#6829 = ORIENTED_EDGE ( 'NONE', *, *, #4864, .F. ) ;
#6830 = ADVANCED_FACE ( 'NONE', ( #6642 ), #638, .T. ) ;
#6831 = CARTESIAN_POINT ( 'NONE',  ( 2.424871130596428781, 18.00000000000000355, -1.399999999999994360 ) ) ;
#6832 = CARTESIAN_POINT ( 'NONE',  ( -0.9576564013118716856, 18.00000000000000355, -2.631139338200539246 ) ) ;
#6833 = VECTOR ( 'NONE', #2252, 1000.000000000000000 ) ;
#6834 = EDGE_CURVE ( 'NONE', #5810, #4293, #1180, .T. ) ;
#6835 = DIRECTION ( 'NONE',  ( 0.0000000000000000000, -0.0000000000000000000, 1.000000000000000000 ) ) ;
#6836 = CARTESIAN_POINT ( 'NONE',  ( -2.612839617940180048, 25.19999999999999929, 1.124054515143789956 ) ) ;
#6837 = ORIENTED_EDGE ( 'NONE', *, *, #6127, .T. ) ;
#6838 = VERTEX_POINT ( 'NONE', #5065 ) ;
#6839 = PLANE ( 'NONE',  #4417 ) ;
#6840 = VECTOR ( 'NONE', #3322, 1000.000000000000000 ) ;
#6841 = SURFACE_SIDE_STYLE ('',( #2462 ) ) ;
#6842 = EDGE_CURVE ( 'NONE', #4882, #1497, #1887, .T. ) ;
#6843 = PRESENTATION_STYLE_ASSIGNMENT (( #6423 ) ) ;
#6844 = AXIS2_PLACEMENT_3D ( 'NONE', #4965, #3280, #1143 ) ;
#6845 = CARTESIAN_POINT ( 'NONE',  ( -3.599999870040590189, 1.099999526143019990, -7.199999886006114735 ) ) ;
#6846 = ORIENTED_EDGE ( 'NONE', *, *, #5407, .F. ) ;
#6847 = ORIENTED_EDGE ( 'NONE', *, *, #5617, .T. ) ;
#6848 = ORIENTED_EDGE ( 'NONE', *, *, #3071, .F. ) ;
#6849 = CIRCLE ( 'NONE', #4799, 3.000000000000000000 ) ;
#6850 = CARTESIAN_POINT ( 'NONE',  ( -2.298133329356930155, 18.00000000000000355, 1.928362829059620198 ) ) ;
#6851 = CARTESIAN_POINT ( 'NONE',  ( -2.757461708434179926, 25.10000000000000142, 0.4862148974674099788 ) ) ;
#6852 = DIRECTION ( 'NONE',  ( 0.0000000000000000000, 0.0000000000000000000, 1.000000000000000000 ) ) ;
#6853 = CARTESIAN_POINT ( 'NONE',  ( 0.0000000000000000000, 18.00000000000000355, 2.264854970235320368E-15 ) ) ;
#6854 = CARTESIAN_POINT ( 'NONE',  ( -6.199999861419200009, 7.799999999999999822, 0.9999999776482579872 ) ) ;
#6855 = CARTESIAN_POINT ( 'NONE',  ( 6.539485234502239841, -3.657716426510969843, -0.9999998973539252489 ) ) ;
#6856 = MECHANICAL_DESIGN_GEOMETRIC_PRESENTATION_REPRESENTATION (  '', ( #1926 ), #4354 ) ;
#6857 = LINE ( 'NONE', #796, #2332 ) ;
#6858 = ORIENTED_EDGE ( 'NONE', *, *, #3598, .T. ) ;
#6859 = CARTESIAN_POINT ( 'NONE',  ( -6.148959085117179590, -3.268807696858369916, 1.000000040147168923 ) ) ;
#6860 = LINE ( 'NONE', #1219, #3437 ) ;
#6861 = VECTOR ( 'NONE', #4272, 1000.000000000000114 ) ;
#6862 = CARTESIAN_POINT ( 'NONE',  ( -1.110729883079690561, 25.29999999999999005, -2.575425147181559904 ) ) ;
#6863 = FACE_OUTER_BOUND ( 'NONE', #3741, .T. ) ;
#6864 = ORIENTED_EDGE ( 'NONE', *, *, #3451, .F. ) ;
#6865 = DIRECTION ( 'NONE',  ( 0.0000000000000000000, 1.000000000000000000, 0.0000000000000000000 ) ) ;
#6866 = ORIENTED_EDGE ( 'NONE', *, *, #835, .T. ) ;
#6867 = ADVANCED_FACE ( 'NONE', ( #4494 ), #122, .T. ) ;
#6868 = CARTESIAN_POINT ( 'NONE',  ( -0.3472963553338609954, 25.00000000000000000, 2.902948839357760047 ) ) ;
#6869 = DIRECTION ( 'NONE',  ( 0.4249250029153157637, 0.8320502943378728089, 0.3565544132242346453 ) ) ;
#6870 = VECTOR ( 'NONE', #5676, 1000.000000000000000 ) ;
#6871 = DIRECTION ( 'NONE',  ( -1.000000000000000000, -0.0000000000000000000, 0.0000000000000000000 ) ) ;
#6872 = CARTESIAN_POINT ( 'NONE',  ( -6.199999902726939460, 7.700000000000000178, 0.9999999776482567659 ) ) ;
#6873 = ORIENTED_EDGE ( 'NONE', *, *, #965, .F. ) ;
#6874 = EDGE_CURVE ( 'NONE', #5286, #4243, #3990, .T. ) ;
#6875 = EDGE_LOOP ( 'NONE', ( #2322, #3605, #3631, #4894 ) ) ;
#6876 = ORIENTED_EDGE ( 'NONE', *, *, #4916, .T. ) ;
#6877 = DIRECTION ( 'NONE',  ( 0.0000000000000000000, 1.000000000000000000, 0.0000000000000000000 ) ) ;
#6878 = EDGE_CURVE ( 'NONE', #5976, #499, #2980, .T. ) ;
#6879 =( NAMED_UNIT ( * ) SI_UNIT ( $, .STERADIAN. ) SOLID_ANGLE_UNIT ( ) );
#6880 = DIRECTION ( 'NONE',  ( 1.000000000000000000, 0.0000000000000000000, 0.0000000000000000000 ) ) ;
#6881 = CARTESIAN_POINT ( 'NONE',  ( 7.931754456707185661E-16, 25.30000000000000071, 2.800000000000010036 ) ) ;
#6882 = ORIENTED_EDGE ( 'NONE', *, *, #6842, .F. ) ;
#6883 = ORIENTED_EDGE ( 'NONE', *, *, #3569, .T. ) ;
#6884 = ORIENTED_EDGE ( 'NONE', *, *, #3909, .T. ) ;
#6885 = EDGE_CURVE ( 'NONE', #2523, #1515, #746, .T. ) ;
#6886 = ORIENTED_EDGE ( 'NONE', *, *, #2982, .F. ) ;
#6887 = DIRECTION ( 'NONE',  ( 0.9171391875453948073, 0.0000000000000000000, 0.3985670717314378497 ) ) ;
#6888 = FACE_OUTER_BOUND ( 'NONE', #3740, .T. ) ;
#6889 = DIRECTION ( 'NONE',  ( 0.5212476811413397915, 0.8320502943378416116, -0.1897186406157478356 ) ) ;
#6890 = FACE_OUTER_BOUND ( 'NONE', #998, .T. ) ;
#6891 = DIRECTION ( 'NONE',  ( 0.8948457966222302939, -9.911524997358902431E-17, 0.4463754028477891489 ) ) ;
#6892 = CARTESIAN_POINT ( 'NONE',  ( 2.631139338200538802, 25.30000000000000071, 0.9576564013118761265 ) ) ;
#6893 = VECTOR ( 'NONE', #95, 1000.000000000000000 ) ;
#6894 = ORIENTED_EDGE ( 'NONE', *, *, #2268, .F. ) ;
#6895 = DIRECTION ( 'NONE',  ( 0.6882106125681438646, 1.610957944312459182E-16, -0.7255109597715119207 ) ) ;
#6896 = LINE ( 'NONE', #1979, #2397 ) ;
#6897 = DIRECTION ( 'NONE',  ( 0.0000000000000000000, 0.0000000000000000000, 1.000000000000000000 ) ) ;
#6898 = LINE ( 'NONE', #1982, #1453 ) ;
#6899 = VECTOR ( 'NONE', #3240, 1000.000000000000000 ) ;
#6900 = ORIENTED_EDGE ( 'NONE', *, *, #3974, .T. ) ;
#6901 = CARTESIAN_POINT ( 'NONE',  ( 5.599999852478511286, 7.700000000000000178, -5.200000000000001066 ) ) ;
#6902 = ORIENTED_EDGE ( 'NONE', *, *, #5700, .F. ) ;
#6903 =( GEOMETRIC_REPRESENTATION_CONTEXT ( 3 ) GLOBAL_UNCERTAINTY_ASSIGNED_CONTEXT ( ( #1073 ) ) GLOBAL_UNIT_ASSIGNED_CONTEXT ( ( #1169, #1575, #4421 ) ) REPRESENTATION_CONTEXT ( 'NONE', 'WORKASPACE' ) );
#6904 = FACE_OUTER_BOUND ( 'NONE', #3366, .T. ) ;
#6905 = LINE ( 'NONE', #5231, #6773 ) ;
#6906 = CARTESIAN_POINT ( 'NONE',  ( -3.599999959447550246, -2.899999912893960197, -6.999999989462749816 ) ) ;
#6907 = DIRECTION ( 'NONE',  ( 0.0000000000000000000, 0.0000000000000000000, 1.000000000000000000 ) ) ;
#6908 = DIRECTION ( 'NONE',  ( 0.0000000000000000000, 0.0000000000000000000, 1.000000000000000000 ) ) ;
#6909 = ORIENTED_EDGE ( 'NONE', *, *, #6885, .T. ) ;
#6910 = VECTOR ( 'NONE', #1265, 1000.000000000000000 ) ;
#6911 = CARTESIAN_POINT ( 'NONE',  ( -2.399999933503572436, 0.7999996933866668769, -6.599999864931620053 ) ) ;
#6912 = EDGE_LOOP ( 'NONE', ( #6150, #4588, #1422, #5731 ) ) ;
#6913 = CARTESIAN_POINT ( 'NONE',  ( 0.0000000000000000000, 18.00000000000000355, 2.264854970235319974E-15 ) ) ;
#6914 = ADVANCED_FACE ( 'NONE', ( #1466 ), #3088, .T. ) ;
#6915 = LINE ( 'NONE', #484, #6861 ) ;
#6916 = EDGE_CURVE ( 'NONE', #1559, #4882, #5717, .T. ) ;
#6917 = PLANE ( 'NONE',  #1339 ) ;
#6918 = EDGE_CURVE ( 'NONE', #5942, #3247, #1090, .T. ) ;
#6919 = VERTEX_POINT ( 'NONE', #4708 ) ;
#6920 = ORIENTED_EDGE ( 'NONE', *, *, #3011, .F. ) ;
#6921 = EDGE_LOOP ( 'NONE', ( #3934, #3040, #3008, #6708, #3623, #4278, #588, #5344, #5588, #3275, #3576, #3592 ) ) ;
#6922 = EDGE_CURVE ( 'NONE', #101, #1049, #933, .T. ) ;
#6923 = LINE ( 'NONE', #2009, #6190 ) ;
#6924 = AXIS2_PLACEMENT_3D ( 'NONE', #3278, #2122, #1548 ) ;
#6925 = CARTESIAN_POINT ( 'NONE',  ( -2.745447556050419902, 25.19999999999999929, -0.6531455139749710037 ) ) ;
#6926 = DIRECTION ( 'NONE',  ( 0.0000000000000000000, 1.000000000000000000, -0.0000000000000000000 ) ) ;
#6927 = DIRECTION ( 'NONE',  ( -0.0000000000000000000, -1.000000000000000000, -0.0000000000000000000 ) ) ;
#6928 = EDGE_CURVE ( 'NONE', #3971, #2523, #3637, .T. ) ;
#6929 = DIRECTION ( 'NONE',  ( 1.000000000000000000, -0.0000000000000000000, 0.0000000000000000000 ) ) ;
#6930 = CARTESIAN_POINT ( 'NONE',  ( 0.3999999600861749993, -2.900000000000001688, -6.999999919214420885 ) ) ;
#6931 = ORIENTED_EDGE ( 'NONE', *, *, #3149, .T. ) ;
#6932 = CARTESIAN_POINT ( 'NONE',  ( 2.144924440733139814, 25.30000000000000071, -1.799805307122300135 ) ) ;
#6933 = DIRECTION ( 'NONE',  ( -0.9587633535238182514, 0.0000000000000000000, -0.2842056156020881241 ) ) ;
#6934 = CARTESIAN_POINT ( 'NONE',  ( 1.714505518806289954E-16, 25.30000000000000071, -2.799999999999990052 ) ) ;
#6935 = ORIENTED_EDGE ( 'NONE', *, *, #5606, .F. ) ;
#6936 = DIRECTION ( 'NONE',  ( 0.0000000000000000000, 0.0000000000000000000, 1.000000000000000000 ) ) ;
#6937 = ORIENTED_EDGE ( 'NONE', *, *, #2839, .F. ) ;
#6938 = DIRECTION ( 'NONE',  ( 0.0000000000000000000, 0.0000000000000000000, 1.000000000000000000 ) ) ;
#6939 = CARTESIAN_POINT ( 'NONE',  ( 1.999999956573760063, 0.8000000000000019318, -6.799999891115089845 ) ) ;
#6940 = DIRECTION ( 'NONE',  ( 0.8037388030040977238, 0.0000000000000000000, -0.5949822993548128380 ) ) ;
#6941 = CLOSED_SHELL ( 'NONE', ( #3328, #6480, #5750, #6304, #3894, #3423, #5401, #1871 ) ) ;
#6942 = DIRECTION ( 'NONE',  ( 0.0000000000000000000, 0.0000000000000000000, 1.000000000000000000 ) ) ;
#6943 = ORIENTED_EDGE ( 'NONE', *, *, #1157, .F. ) ;
#6944 = CARTESIAN_POINT ( 'NONE',  ( 4.099999999999999645, 7.700000000000000178, -4.549999999999998934 ) ) ;
#6945 = ORIENTED_EDGE ( 'NONE', *, *, #96, .F. ) ;
#6946 = FACE_OUTER_BOUND ( 'NONE', #7025, .T. ) ;
#6947 = CARTESIAN_POINT ( 'NONE',  ( 2.040216012385970057, 25.30000000000000071, 1.924591952779949988 ) ) ;
#6948 = PRESENTATION_LAYER_ASSIGNMENT (  '', '', ( #4663 ) ) ;
#6949 =( LENGTH_UNIT ( ) NAMED_UNIT ( * ) SI_UNIT ( .MILLI., .METRE. ) );
#6950 = CYLINDRICAL_SURFACE ( 'NONE', #6280, 0.4708249680460303566 ) ;
#6951 = ORIENTED_EDGE ( 'NONE', *, *, #2927, .F. ) ;
#6952 = VECTOR ( 'NONE', #2744, 1000.000000000000000 ) ;
#6953 = VERTEX_POINT ( 'NONE', #6284 ) ;
#6954 = ORIENTED_EDGE ( 'NONE', *, *, #2402, .F. ) ;
#6955 = EDGE_LOOP ( 'NONE', ( #454, #3940, #3042, #3524 ) ) ;
#6956 = EDGE_CURVE ( 'NONE', #3764, #3756, #897, .T. ) ;
#6957 = ADVANCED_FACE ( 'NONE', ( #4636 ), #6318, .T. ) ;
#6958 = LINE ( 'NONE', #1538, #4370 ) ;
#6959 = VECTOR ( 'NONE', #5632, 1000.000000000000000 ) ;
#6960 = CARTESIAN_POINT ( 'NONE',  ( -2.757461708434179926, 25.00000000000000000, -0.4862148974674010415 ) ) ;
#6961 = CYLINDRICAL_SURFACE ( 'NONE', #34, 0.4708249680460303566 ) ;
#6962 = FACE_OUTER_BOUND ( 'NONE', #5285, .T. ) ;
#6963 = CARTESIAN_POINT ( 'NONE',  ( -6.199999930709600093, 7.799999999999999822, -6.258487728061369539E-08 ) ) ;
#6964 = CARTESIAN_POINT ( 'NONE',  ( 2.556273374516860208, 25.00000000000000000, -1.275353476659000007 ) ) ;
#6965 = EDGE_CURVE ( 'NONE', #1497, #4727, #3845, .T. ) ;
#6966 = CIRCLE ( 'NONE', #5260, 3.000000000000000000 ) ;
#6967 = VERTEX_POINT ( 'NONE', #3046 ) ;
#6968 = LINE ( 'NONE', #868, #1480 ) ;
#6969 = CARTESIAN_POINT ( 'NONE',  ( 0.0000000000000000000, 7.800000000000000711, -3.999999910593030616 ) ) ;
#6970 = VECTOR ( 'NONE', #5411, 1000.000000000000114 ) ;
#6971 = CARTESIAN_POINT ( 'NONE',  ( -4.342624135289520284E-08, 0.8000000000000019318, -6.799999926239250314 ) ) ;
#6972 = VERTEX_POINT ( 'NONE', #232 ) ;
#6973 = CARTESIAN_POINT ( 'NONE',  ( 2.757461708434179926, 25.30000000000000071, 0.4862148974674115887 ) ) ;
#6974 = B_SPLINE_SURFACE_WITH_KNOTS ( 'NONE', 3, 3, ( 
 ( #5561, #78, #3814, #2187 ),
 ( #2689, #2287, #6095, #495 ),
 ( #2792, #5528, #595, #2151 ),
 ( #2219, #4357, #4885, #1170 ) ),
 .UNSPECIFIED., .F., .F., .F.,
 ( 4, 4 ),
 ( 4, 4 ),
 ( 0.0000000000000000000, 1.000000000000000000 ),
 ( 0.0000000000000000000, 1.000000000000000000 ),
 .UNSPECIFIED. ) ;
#6975 = VERTEX_POINT ( 'NONE', #5249 ) ;
#6976 = AXIS2_PLACEMENT_3D ( 'NONE', #201, #5719, #829 ) ;
#6977 = CARTESIAN_POINT ( 'NONE',  ( 1.799805307122310127, 25.30000000000000071, 2.144924440733139814 ) ) ;
#6978 = LINE ( 'NONE', #3105, #2652 ) ;
#6979 = FACE_OUTER_BOUND ( 'NONE', #2666, .T. ) ;
#6980 = AXIS2_PLACEMENT_3D ( 'NONE', #184, #744, #4696 ) ;
#6981 = CARTESIAN_POINT ( 'NONE',  ( 0.0000000000000000000, 18.00000000000000355, 2.264854970235320762E-15 ) ) ;
#6982 = ORIENTED_EDGE ( 'NONE', *, *, #3333, .T. ) ;
#6983 = CARTESIAN_POINT ( 'NONE',  ( 4.200000000000000178, 7.700000000000000178, 5.200000000000001066 ) ) ;
#6984 = ORIENTED_EDGE ( 'NONE', *, *, #6825, .F. ) ;
#6985 = CARTESIAN_POINT ( 'NONE',  ( -4.099999999999999645, 7.700000000000000178, -5.649999999999999467 ) ) ;
#6986 = CARTESIAN_POINT ( 'NONE',  ( 2.040216012385970057, 25.30000000000000071, -1.924591952779939996 ) ) ;
#6987 = VECTOR ( 'NONE', #3023, 1000.000000000000000 ) ;
#6988 = CARTESIAN_POINT ( 'NONE',  ( 0.9576564013118720187, 18.00000000000000355, 2.631139338200549904 ) ) ;
#6989 = CARTESIAN_POINT ( 'NONE',  ( 0.9576564013118720187, 25.00000000000000000, 2.631139338200549904 ) ) ;
#6990 = ORIENTED_EDGE ( 'NONE', *, *, #3551, .T. ) ;
#6991 = ORIENTED_EDGE ( 'NONE', *, *, #5213, .F. ) ;
#6992 = ORIENTED_EDGE ( 'NONE', *, *, #5228, .T. ) ;
#6993 = ORIENTED_EDGE ( 'NONE', *, *, #4088, .F. ) ;
#6994 = DIRECTION ( 'NONE',  ( 1.000000000000000000, -0.0000000000000000000, 0.0000000000000000000 ) ) ;
#6995 = DIRECTION ( 'NONE',  ( -0.0000000000000000000, 1.000000000000000000, 0.0000000000000000000 ) ) ;
#6996 = LINE ( 'NONE', #1972, #1003 ) ;
#6997 = DIRECTION ( 'NONE',  ( 0.9999999999999976685, 0.0000000000000000000, -6.929039729652850461E-08 ) ) ;
#6998 = EDGE_CURVE ( 'NONE', #1532, #5490, #2118, .T. ) ;
#6999 = EDGE_LOOP ( 'NONE', ( #2730, #5025, #1877, #926 ) ) ;
#7000 = EDGE_CURVE ( 'NONE', #4054, #5976, #2551, .T. ) ;
#7001 = FACE_OUTER_BOUND ( 'NONE', #3265, .T. ) ;
#7002 = CARTESIAN_POINT ( 'NONE',  ( -4.099999999999999645, 7.700000000000000178, -5.099999999999999645 ) ) ;
#7003 = DIRECTION ( 'NONE',  ( -0.9587633535238182514, 0.0000000000000000000, -0.2842056156020881241 ) ) ;
#7004 = CARTESIAN_POINT ( 'NONE',  ( 0.1628973968528039939, 25.30000000000000071, -2.799999999999990052 ) ) ;
#7005 = ADVANCED_FACE ( 'NONE', ( #6890 ), #6961, .T. ) ;
#7006 = EDGE_CURVE ( 'NONE', #5804, #3550, #2512, .T. ) ;
#7007 = EDGE_LOOP ( 'NONE', ( #2109, #2155, #5683, #165 ) ) ;
#7008 = VECTOR ( 'NONE', #1680, 1000.000000000000000 ) ;
#7009 = ORIENTED_EDGE ( 'NONE', *, *, #6819, .F. ) ;
#7010 = CARTESIAN_POINT ( 'NONE',  ( -2.803265731477530220, 25.19999999999999929, 0.3252423468317760524 ) ) ;
#7011 = FACE_OUTER_BOUND ( 'NONE', #5099, .T. ) ;
#7012 = EDGE_CURVE ( 'NONE', #6727, #2965, #1971, .T. ) ;
#7013 = CARTESIAN_POINT ( 'NONE',  ( -0.3257922781012559943, 25.30000000000000071, -2.785748544544349947 ) ) ;
#7014 = CARTESIAN_POINT ( 'NONE',  ( -6.200000000000001066, 7.700000000000000178, 5.199999874830250057 ) ) ;
#7015 = EDGE_CURVE ( 'NONE', #5364, #1385, #7048, .T. ) ;
#7016 = ORIENTED_EDGE ( 'NONE', *, *, #1001, .F. ) ;
#7017 = ORIENTED_EDGE ( 'NONE', *, *, #2020, .T. ) ;
#7018 = ORIENTED_EDGE ( 'NONE', *, *, #3732, .F. ) ;
#7019 = CARTESIAN_POINT ( 'NONE',  ( -2.612839617940180048, 25.19999999999999929, -1.124054515143789956 ) ) ;
#7020 = PRESENTATION_STYLE_ASSIGNMENT (( #4844 ) ) ;
#7021 = DIRECTION ( 'NONE',  ( -0.0000000000000000000, -1.000000000000000000, -0.0000000000000000000 ) ) ;
#7022 = VECTOR ( 'NONE', #3425, 1000.000000000000114 ) ;
#7023 = DIRECTION ( 'NONE',  ( -0.0000000000000000000, 1.000000000000000000, 0.0000000000000000000 ) ) ;
#7024 = VERTEX_POINT ( 'NONE', #6359 ) ;
#7025 = EDGE_LOOP ( 'NONE', ( #3462, #1225, #2975 ) ) ;
#7026 = EDGE_LOOP ( 'NONE', ( #740, #1026, #4968, #5539 ) ) ;
#7027 = ORIENTED_EDGE ( 'NONE', *, *, #1819, .F. ) ;
#7028 = DIRECTION ( 'NONE',  ( 0.0000000000000000000, -1.000000000000000000, -0.0000000000000000000 ) ) ;
#7029 = CARTESIAN_POINT ( 'NONE',  ( -4.199999906122680038, 7.700000000000000178, 6.599999852478499740 ) ) ;
#7030 = CARTESIAN_POINT ( 'NONE',  ( -2.724079585030830142, 25.19999999999999929, -0.8184252174213569875 ) ) ;
#7031 =( LENGTH_UNIT ( ) NAMED_UNIT ( * ) SI_UNIT ( .MILLI., .METRE. ) );
#7032 = B_SPLINE_SURFACE_WITH_KNOTS ( 'NONE', 3, 3, ( 
 ( #2302, #648, #3926, #4502 ),
 ( #544, #6587, #1665, #5542 ),
 ( #5615, #3863, #574, #2808 ),
 ( #687, #6684, #6016, #2267 ) ),
 .UNSPECIFIED., .F., .F., .F.,
 ( 4, 4 ),
 ( 4, 4 ),
 ( 0.0000000000000000000, 1.000000000000000000 ),
 ( 0.0000000000000000000, 1.000000000000000000 ),
 .UNSPECIFIED. ) ;
#7033 = CARTESIAN_POINT ( 'NONE',  ( -4.099999999999999645, 7.700000000000000178, 5.570824968046030001 ) ) ;
#7034 = CARTESIAN_POINT ( 'NONE',  ( 4.099999999999999645, 8.000000000000000000, -5.099999999999999645 ) ) ;
#7035 = ORIENTED_EDGE ( 'NONE', *, *, #6299, .F. ) ;
#7036 = VECTOR ( 'NONE', #5201, 1000.000000000000000 ) ;
#7037 = DIRECTION ( 'NONE',  ( -0.9587633535238186955, -0.0000000000000000000, 0.2842056156020869029 ) ) ;
#7038 = DIRECTION ( 'NONE',  ( 0.0000000000000000000, 0.0000000000000000000, 1.000000000000000000 ) ) ;
#7039 = CARTESIAN_POINT ( 'NONE',  ( -6.537867814769780850, -3.657716426510969843, 1.000000071396624612 ) ) ;
#7040 = LINE ( 'NONE', #433, #1108 ) ;
#7041 = VECTOR ( 'NONE', #7121, 1000.000000000000000 ) ;
#7042 = ORIENTED_EDGE ( 'NONE', *, *, #5923, .T. ) ;
#7043 = ADVANCED_FACE ( 'NONE', ( #5827 ), #4923, .F. ) ;
#7044 = EDGE_LOOP ( 'NONE', ( #3705, #2828 ) ) ;
#7045 = CARTESIAN_POINT ( 'NONE',  ( -4.099999999999999645, 7.700000000000000178, 5.099999999999999645 ) ) ;
#7046 = EDGE_CURVE ( 'NONE', #3850, #3074, #2115, .T. ) ;
#7047 = ADVANCED_FACE ( 'NONE', ( #1577 ), #3782, .T. ) ;
#7048 = CIRCLE ( 'NONE', #4072, 3.000000000000000000 ) ;
#7049 = CARTESIAN_POINT ( 'NONE',  ( -2.950000000000000178, 4.099999999999999645, 7.499999852478500095 ) ) ;
#7050 = CARTESIAN_POINT ( 'NONE',  ( 1.249000902703299925E-15, 25.00000000000000000, -2.799999999999990052 ) ) ;
#7051 = CARTESIAN_POINT ( 'NONE',  ( 0.1664808010194140098, 25.19999999999999929, 2.817155566939970157 ) ) ;
#7052 = ORIENTED_EDGE ( 'NONE', *, *, #4169, .F. ) ;
#7053 = CARTESIAN_POINT ( 'NONE',  ( 2.820790618689620111, 25.10000000000000142, 0.3246931962477630496 ) ) ;
#7054 = ORIENTED_EDGE ( 'NONE', *, *, #4953, .F. ) ;
#7055 = CARTESIAN_POINT ( 'NONE',  ( -2.424871130596430113, 25.14999999999999858, -1.399999999999999911 ) ) ;
#7056 = DIRECTION ( 'NONE',  ( 0.0000000000000000000, 1.000000000000000000, 0.0000000000000000000 ) ) ;
#7057 = EDGE_CURVE ( 'NONE', #5534, #567, #3306, .T. ) ;
#7058 = DIRECTION ( 'NONE',  ( -0.0000000000000000000, -1.000000000000000000, -2.220446049250310123E-16 ) ) ;
#7059 = FACE_OUTER_BOUND ( 'NONE', #4914, .T. ) ;
#7060 = ORIENTED_EDGE ( 'NONE', *, *, #174, .T. ) ;
#7061 = ORIENTED_EDGE ( 'NONE', *, *, #4780, .F. ) ;
#7063 = VERTEX_POINT ( 'NONE', #5900 ) ;
#7062 = CLOSED_SHELL ( 'NONE', ( #1732, #5888, #1619, #1736, #3857, #1613 ) ) ;
#7064 = ORIENTED_EDGE ( 'NONE', *, *, #2057, .T. ) ;
#7065 = CARTESIAN_POINT ( 'NONE',  ( 2.050000194145833010, 4.400000000000000355, 6.599999852478499740 ) ) ;
#7066 = FACE_OUTER_BOUND ( 'NONE', #321, .T. ) ;
#7067 = CARTESIAN_POINT ( 'NONE',  ( 2.310132557860530067, 25.10000000000000142, 1.726502319925699913 ) ) ;
#7068 = FILL_AREA_STYLE_COLOUR ( '', #2364 ) ;
#7069 = PRESENTATION_STYLE_ASSIGNMENT (( #4886 ) ) ;
#7070 = STYLED_ITEM ( 'NONE', ( #3747 ), #426 ) ;
#7071 = DIRECTION ( 'NONE',  ( 0.0000000000000000000, 1.000000000000000000, 0.0000000000000000000 ) ) ;
#7072 = CARTESIAN_POINT ( 'NONE',  ( -1.600000039913819894, -2.899999860630311677, -6.999999954338590236 ) ) ;
#7073 = ORIENTED_EDGE ( 'NONE', *, *, #1331, .T. ) ;
#7074 = AXIS2_PLACEMENT_3D ( 'NONE', #4536, #1730, #1801 ) ;
#7075 = CARTESIAN_POINT ( 'NONE',  ( -2.369559742146900128, 25.10000000000000142, -1.564439840509580071 ) ) ;
#7076 = CARTESIAN_POINT ( 'NONE',  ( -1.999999905803369948, 1.099999526143019990, -7.199999851520569649 ) ) ;
#7077 = DIRECTION ( 'NONE',  ( -0.0000000000000000000, 1.000000000000000000, 2.220446049250310123E-16 ) ) ;
#7078 = PLANE ( 'NONE',  #3299 ) ;
#7079 = AXIS2_PLACEMENT_3D ( 'NONE', #3233, #6360, #1431 ) ;
#7080 = ORIENTED_EDGE ( 'NONE', *, *, #3689, .T. ) ;
#7081 = EDGE_LOOP ( 'NONE', ( #4233, #4322, #1875, #3224 ) ) ;
#7082 = PLANE ( 'NONE',  #6534 ) ;
#7083 = AXIS2_PLACEMENT_3D ( 'NONE', #2066, #5273, #399 ) ;
#7084 = DIRECTION ( 'NONE',  ( 0.0000000000000000000, 1.000000000000000000, 0.0000000000000000000 ) ) ;
#7085 = EDGE_CURVE ( 'NONE', #5886, #4814, #422, .T. ) ;
#7086 = CARTESIAN_POINT ( 'NONE',  ( 2.819077862357719955, 18.00000000000000355, 1.026060429977009969 ) ) ;
#7087 = CARTESIAN_POINT ( 'NONE',  ( -0.9576564013118730179, 18.00000000000000355, -2.631139338200540134 ) ) ;
#7088 = ORIENTED_EDGE ( 'NONE', *, *, #2268, .T. ) ;
#7089 = CARTESIAN_POINT ( 'NONE',  ( 2.919153902811390200, 25.00000000000000000, 0.1620716324891409987 ) ) ;
#7090 = VECTOR ( 'NONE', #2032, 1000.000000000000000 ) ;
#7091 = DIRECTION ( 'NONE',  ( -0.9999999999999998890, 0.0000000000000000000, -1.756208373171469752E-08 ) ) ;
#7092 = EDGE_CURVE ( 'NONE', #2543, #2422, #4957, .T. ) ;
#7093 = CARTESIAN_POINT ( 'NONE',  ( 0.0000000000000000000, 7.700000000000000178, 5.200000000000001066 ) ) ;
#7094 = EDGE_CURVE ( 'NONE', #5853, #2191, #4922, .T. ) ;
#7095 = CARTESIAN_POINT ( 'NONE',  ( 3.999999960086180639, 0.7999995261430199456, -6.899999858226090410 ) ) ;
#7096 = CARTESIAN_POINT ( 'NONE',  ( 3.000000000000001776, 25.00000000000000000, 5.955462402736584813E-15 ) ) ;
#7097 = EDGE_LOOP ( 'NONE', ( #2694, #2199, #1403, #6441 ) ) ;
#7098 = EDGE_LOOP ( 'NONE', ( #4279, #854, #4514, #5599 ) ) ;
#7099 = LINE ( 'NONE', #6930, #3725 ) ;
#7100 = VECTOR ( 'NONE', #4713, 1000.000000000000227 ) ;
#7101 = LINE ( 'NONE', #5391, #5892 ) ;
#7102 = DIRECTION ( 'NONE',  ( 0.0000000000000000000, -0.0000000000000000000, 1.000000000000000000 ) ) ;
#7103 = EDGE_CURVE ( 'NONE', #7063, #2379, #4310, .T. ) ;
#7104 = DIRECTION ( 'NONE',  ( 0.0000000000000000000, 1.000000000000000000, -0.0000000000000000000 ) ) ;
#7105 = VECTOR ( 'NONE', #7037, 1000.000000000000114 ) ;
#7106 = DIRECTION ( 'NONE',  ( 0.0000000000000000000, -1.000000000000000000, -0.0000000000000000000 ) ) ;
#7107 = ORIENTED_EDGE ( 'NONE', *, *, #3947, .T. ) ;
#7108 = ORIENTED_EDGE ( 'NONE', *, *, #5493, .T. ) ;
#7109 = LINE ( 'NONE', #19, #1601 ) ;
#7110 = LINE ( 'NONE', #5504, #5304 ) ;
#7111 = DIRECTION ( 'NONE',  ( -0.0000000000000000000, -0.0000000000000000000, 1.000000000000000000 ) ) ;
#7112 = DIRECTION ( 'NONE',  ( 0.0000000000000000000, 1.000000000000000000, 0.0000000000000000000 ) ) ;
#7113 = ORIENTED_EDGE ( 'NONE', *, *, #2270, .F. ) ;
#7114 = ORIENTED_EDGE ( 'NONE', *, *, #2431, .F. ) ;
#7115 = CARTESIAN_POINT ( 'NONE',  ( 3.999999963598539932, -1.050000000000000044, -7.199999855990919961 ) ) ;
#7116 = DIRECTION ( 'NONE',  ( 0.0000000000000000000, 1.000000000000000000, 0.0000000000000000000 ) ) ;
#7117 = CARTESIAN_POINT ( 'NONE',  ( 0.0000000000000000000, 16.39999999999999858, 1.909583602355269960E-15 ) ) ;
#7118 = VECTOR ( 'NONE', #4852, 1000.000000000000000 ) ;
#7119 = ORIENTED_EDGE ( 'NONE', *, *, #6928, .F. ) ;
#7120 = CARTESIAN_POINT ( 'NONE',  ( 2.879438508160590438, 25.10000000000000142, 0.1623470767151289906 ) ) ;
#7121 = DIRECTION ( 'NONE',  ( -0.0000000000000000000, -1.000000000000000000, -0.0000000000000000000 ) ) ;
ENDSEC;
END-ISO-10303-21;
